ST_CASE,VEH_NO,PER_NO,YEAR,P1,P2,P3,P4,P5,P6,P7,P8,P9,P10
10887,1,1,1998,0,0,23,0,0,0,0,0,0,0
10888,1,1,1998,0,10,0,14,0,23,22,0,0,8
10888,2,1,1998,0,0,0,0,0,0,0,0,0,0
10889,1,1,1998,0,0,0,0,0,0,0,0,0,0
10889,2,1,1998,0,0,0,0,0,0,0,0,0,0
10889,3,1,1998,0,0,0,0,0,0,0,0,0,0
10890,1,1,1998,18,63,28,14,20,21,30,20,23,30
10891,1,1,1998,8,8,8,8,8,8,8,8,8,8
10892,1,1,1998,0,0,0,0,0,0,0,0,0,0
10893,1,1,1998,23,12,25,26,8,9,19,9,11,23
10894,1,1,1998,0,0,0,0,0,0,0,0,0,0
10894,2,1,1998,0,0,0,0,0,0,0,0,0,0
10895,1,1,1998,0,0,0,0,0,5,0,0,0,0
10896,1,1,1998,0,0,0,0,0,0,0,0,0,0
10896,2,1,1998,0,0,0,0,0,0,0,0,0,0
10896,3,1,1998,0,0,0,0,0,0,0,0,0,0
10897,1,1,1998,15,15,15,15,15,15,15,15,15,15
10897,2,1,1998,0,0,0,0,0,0,0,0,0,0
10898,1,1,1998,0,0,0,0,0,0,0,0,0,0
10898,2,1,1998,0,0,0,0,0,0,0,0,14,0
10899,1,1,1998,23,0,21,0,0,0,11,24,0,21
10900,1,1,1998,0,0,0,0,0,0,0,0,0,0
10900,2,1,1998,0,0,0,0,0,0,0,0,0,0
10900,3,1,1998,0,0,0,0,0,0,0,0,0,0
10900,4,1,1998,0,0,0,0,0,0,0,0,0,0
10900,5,1,1998,0,0,0,0,0,0,0,0,0,0
10901,1,1,1998,0,0,0,0,0,0,0,0,0,0
10902,1,1,1998,0,0,0,0,0,0,0,0,0,0
10903,1,1,1998,0,0,0,0,0,0,0,0,0,0
10903,2,1,1998,0,0,0,0,0,0,0,0,0,0
10903,3,1,1998,0,0,0,0,0,0,0,0,0,0
10903,4,1,1998,0,0,0,0,0,0,0,0,0,0
10903,5,1,1998,0,0,0,0,0,0,0,0,0,0
10904,1,1,1998,12,12,0,0,16,0,0,0,0,0
10905,1,1,1998,0,0,0,0,0,0,0,0,12,0
10905,2,1,1998,0,0,0,0,0,0,0,0,0,0
10905,3,1,1998,0,0,0,0,0,0,0,0,0,7
10906,1,1,1998,0,0,0,0,0,21,0,0,26,0
10907,0,1,1998,21,21,21,21,21,21,21,21,21,21
10907,1,1,1998,0,0,0,0,0,0,0,0,0,0
10908,1,1,1998,0,0,0,0,0,0,7,0,0,0
10908,2,1,1998,0,0,0,0,0,0,0,0,0,0
10909,1,1,1998,12,20,22,15,22,8,18,0,27,13
10910,1,1,1998,0,0,0,0,0,0,13,0,0,0
10910,2,1,1998,0,0,0,0,0,0,0,0,0,0
10911,0,1,1998,0,9,0,0,0,0,0,0,0,0
10911,0,2,1998,0,0,0,0,0,0,0,0,0,0
10911,1,1,1998,0,0,0,5,0,0,0,0,0,4
10912,1,1,1998,0,0,0,0,0,0,0,0,0,7
10912,2,1,1998,0,0,0,0,0,0,0,0,0,0
10913,0,1,1998,0,0,0,0,0,0,0,0,0,0
10913,1,1,1998,0,0,0,0,0,0,0,0,0,0
10914,0,1,1998,0,0,0,0,0,0,0,0,0,0
10914,1,1,1998,0,0,0,0,0,0,0,0,0,0
10915,1,1,1998,16,16,16,16,16,16,16,16,16,16
10916,1,1,1998,8,28,29,0,40,17,29,0,0,11
10917,1,1,1998,0,0,32,0,0,0,0,0,0,14
10917,2,1,1998,0,0,0,0,0,0,0,0,0,0
10918,1,1,1998,0,0,0,0,0,0,0,0,0,0
10918,2,1,1998,0,0,0,0,0,13,0,0,0,0
10919,1,1,1998,7,12,17,0,22,11,13,17,16,0
10919,2,1,1998,0,0,0,0,0,0,0,0,0,0
10920,1,1,1998,0,20,0,11,4,0,17,8,0,0
10921,1,1,1998,0,0,0,0,0,0,0,0,0,0
10922,1,1,1998,0,0,0,0,0,0,0,0,0,0
10922,2,1,1998,0,0,0,0,0,0,0,0,0,0
10923,1,1,1998,0,0,0,0,0,0,0,0,0,0
10923,2,1,1998,0,0,0,0,0,0,0,0,0,0
10924,1,1,1998,0,0,0,0,0,0,0,0,0,0
10924,2,1,1998,0,0,0,0,0,0,0,0,0,5
10925,1,1,1998,15,7,0,8,0,0,0,0,0,16
10925,2,1,1998,0,0,0,0,0,0,0,0,0,0
10926,1,1,1998,0,0,0,0,0,0,0,0,0,14
10926,2,1,1998,0,0,0,0,0,0,0,0,0,0
10926,3,1,1998,0,0,0,0,0,0,0,0,0,0
10927,0,1,1998,0,0,0,44,13,0,13,26,0,0
10927,1,1,1998,37,11,0,0,9,0,20,17,0,0
10928,1,1,1998,0,0,0,0,0,0,0,0,0,0
10929,0,1,1998,0,0,0,0,0,0,0,8,0,0
10929,1,1,1998,0,0,0,0,0,0,0,0,0,0
10930,1,1,1998,0,0,0,17,0,0,0,0,0,0
10930,2,1,1998,0,0,0,0,0,0,0,0,0,0
10930,3,1,1998,0,0,0,0,0,14,0,0,0,0
10931,0,1,1998,0,0,0,0,0,0,0,0,0,0
10931,1,1,1998,0,0,0,0,0,0,0,0,0,0
10932,1,1,1998,0,0,0,0,0,0,0,0,0,0
10932,2,1,1998,0,0,0,0,29,10,0,0,12,19
10933,1,1,1998,0,0,0,0,0,0,0,0,0,0
10933,2,1,1998,0,0,0,0,0,0,0,0,0,0
10934,1,1,1998,0,0,0,0,0,0,0,0,0,0
10934,2,1,1998,0,0,0,0,0,0,0,0,0,0
10935,0,1,1998,24,24,24,24,24,24,24,24,24,24
10935,1,1,1998,0,0,0,0,0,0,0,0,0,0
10935,2,1,1998,0,0,0,0,0,0,0,0,0,0
10936,1,1,1998,0,0,0,0,0,0,0,0,0,0
10936,2,1,1998,0,0,2,0,0,0,0,0,0,0
10937,1,1,1998,40,40,40,40,40,40,40,40,40,40
10938,1,1,1998,0,0,0,0,0,0,0,0,0,0
10938,2,1,1998,0,0,0,0,0,0,0,0,0,0
10939,1,1,1998,20,11,0,5,17,3,27,0,16,13
10940,1,1,1998,0,0,0,0,0,0,0,0,0,0
10940,2,1,1998,0,0,0,0,0,0,0,0,0,0
10940,3,1,1998,0,0,0,0,0,0,0,0,16,0
10941,0,1,1998,0,0,0,0,0,0,0,7,0,0
10941,1,1,1998,0,0,0,0,0,0,0,0,0,0
10942,1,1,1998,0,0,0,14,0,0,0,0,0,0
10942,2,1,1998,0,0,0,0,0,0,0,0,0,0
10942,3,1,1998,0,0,0,0,0,0,0,0,0,0
10943,1,1,1998,0,0,21,0,0,22,0,0,7,12
10944,1,1,1998,0,0,0,6,0,13,0,0,0,0
10945,1,2,1998,17,14,31,6,28,12,4,17,7,12
10946,0,1,1998,0,0,0,0,0,0,0,0,0,0
10946,1,1,1998,0,0,0,0,0,0,0,0,0,0
10947,1,1,1998,0,0,0,21,0,0,0,0,0,0
10947,2,1,1998,0,0,0,0,0,0,0,0,0,0
10948,1,1,1998,0,16,18,26,0,13,23,23,22,12
10949,1,1,1998,0,0,0,0,0,0,0,0,0,0
10949,2,1,1998,0,0,0,0,0,0,0,0,0,0
10950,1,1,1998,0,26,29,0,12,25,16,36,0,50
10950,2,1,1998,0,0,0,0,22,16,18,0,42,0
10951,1,1,1998,0,0,0,0,0,0,0,0,0,0
10951,2,1,1998,0,0,0,0,0,0,0,0,0,0
10952,1,1,1998,0,0,8,0,11,0,41,16,0,7
10953,1,1,1998,0,0,0,0,0,9,0,11,0,3
10953,2,1,1998,0,0,0,0,0,0,0,0,0,0
10954,1,1,1998,15,19,0,0,17,31,10,17,11,0
10955,1,1,1998,36,40,16,13,30,38,20,27,18,26
10956,1,1,1998,32,32,32,32,32,32,32,32,32,32
10956,2,1,1998,0,0,0,0,0,0,0,0,24,0
10956,3,1,1998,0,0,0,0,0,0,0,0,0,0
10956,4,1,1998,0,0,0,0,0,0,0,0,0,0
10956,5,1,1998,0,0,0,0,0,0,0,0,17,0
10957,1,1,1998,7,13,26,9,19,27,9,18,28,12
10958,1,1,1998,0,15,22,20,14,16,0,16,17,15
10958,2,1,1998,0,0,0,0,0,0,0,0,8,0
20001,1,1,1998,20,20,20,20,20,20,20,20,20,20
20002,0,1,1998,26,26,26,26,26,26,26,26,26,26
20002,1,1,1998,0,0,0,0,0,0,0,0,0,0
20004,1,1,1998,22,22,22,22,22,22,22,22,22,22
20004,2,1,1998,0,0,0,0,0,0,0,0,0,0
20005,1,1,1998,0,0,0,0,0,0,0,0,0,0
20005,2,1,1998,0,0,0,0,15,0,14,0,0,0
20006,1,1,1998,14,14,14,14,14,14,14,14,14,14
20007,1,1,1998,22,22,22,22,22,22,22,22,22,22
20008,1,1,1998,0,0,0,0,0,0,0,0,0,0
20008,2,1,1998,0,0,0,0,0,0,0,0,0,0
20009,1,1,1998,0,0,0,0,0,0,0,0,0,0
20009,2,1,1998,0,0,0,0,0,0,0,0,0,0
20011,0,1,1998,0,0,0,0,0,0,0,0,0,0
20011,1,1,1998,0,0,0,0,0,0,0,0,0,0
20012,1,1,1998,0,12,0,15,0,0,8,0,0,0
20013,1,1,1998,0,0,0,0,0,0,0,0,0,0
20014,1,1,1998,0,0,0,0,0,0,0,0,0,0
20015,1,1,1998,0,0,0,0,0,0,0,0,0,0
20015,2,1,1998,0,0,0,0,0,0,0,0,0,0
20016,1,1,1998,3,3,3,3,3,3,3,3,3,3
20018,1,1,1998,15,15,15,15,15,15,15,15,15,15
20019,1,1,1998,0,6,0,0,0,0,0,0,5,0
20019,2,1,1998,0,0,0,0,0,0,0,0,0,0
20020,0,1,1998,0,0,0,0,0,0,0,0,0,0
20020,1,1,1998,0,0,0,0,0,0,0,0,0,0
20021,1,1,1998,0,0,0,0,0,0,0,0,0,17
20022,1,1,1998,0,0,0,0,0,0,0,0,0,0
20022,2,1,1998,0,0,0,0,0,0,0,0,0,0
20023,1,1,1998,0,0,0,0,0,0,0,0,0,0
20024,1,1,1998,11,14,37,20,17,0,16,8,13,13
20025,1,1,1998,11,11,11,11,11,11,11,11,11,11
20026,1,1,1998,0,0,0,0,0,0,0,0,0,0
20026,2,1,1998,0,0,0,0,0,0,0,0,0,0
20027,1,1,1998,0,0,0,0,0,0,0,0,0,0
20027,2,1,1998,0,0,0,0,0,0,0,0,0,0
20028,1,1,1998,0,0,0,0,0,0,0,0,0,0
20028,2,1,1998,0,0,0,0,0,0,0,0,0,0
20029,1,1,1998,0,24,13,0,24,0,12,0,18,13
20030,1,1,1998,11,17,28,28,19,22,29,14,11,18
20031,1,1,1998,12,12,12,12,12,12,12,12,12,12
20032,1,1,1998,0,0,0,0,0,0,0,0,0,0
20033,1,1,1998,0,0,0,0,0,0,0,0,0,0
20034,1,1,1998,0,0,0,0,0,0,0,0,0,0
20035,1,1,1998,0,0,0,0,0,5,0,9,6,0
20036,0,1,1998,21,21,21,21,21,21,21,21,21,21
20036,1,1,1998,0,0,0,0,0,0,0,0,0,0
20037,0,1,1998,0,0,0,0,0,0,0,0,0,0
20037,1,1,1998,0,0,0,0,0,0,0,0,0,0
20038,1,1,1998,11,28,0,0,39,7,18,0,0,0
20039,0,1,1998,28,28,28,28,28,28,28,28,28,28
20039,1,1,1998,7,8,27,13,0,11,17,20,32,31
20041,1,1,1998,20,0,20,0,18,19,33,0,34,7
20042,1,1,1998,0,0,0,0,0,0,0,0,0,0
20043,1,1,1998,16,16,16,16,16,16,16,16,16,16
20043,2,1,1998,0,0,0,0,0,0,0,0,0,0
20044,1,1,1998,19,27,23,0,0,25,11,15,26,25
20045,0,1,1998,25,25,25,25,25,25,25,25,25,25
20045,1,1,1998,0,0,0,3,0,0,0,0,0,0
20046,1,1,1998,0,0,0,0,0,0,0,0,0,0
20046,2,1,1998,0,0,0,0,0,0,0,0,0,0
20047,1,1,1998,9,15,18,12,23,15,19,11,23,21
20048,1,1,1998,22,22,22,22,22,22,22,22,22,22
20049,1,1,1998,0,0,0,0,0,0,0,0,0,0
20050,1,1,1998,25,25,25,25,25,25,25,25,25,25
20050,2,1,1998,14,14,14,14,14,14,14,14,14,14
20051,0,1,1998,0,0,0,0,0,0,0,0,0,0
20051,1,1,1998,0,0,0,0,0,0,0,0,0,0
20052,1,1,1998,0,0,0,0,0,0,0,0,0,0
20052,2,1,1998,0,0,0,0,0,0,0,0,0,0
20053,1,1,1998,18,18,18,18,18,18,18,18,18,18
20054,1,1,1998,0,0,0,0,0,0,0,0,0,0
20054,2,1,1998,0,0,0,0,0,0,0,0,0,0
20055,0,1,1998,3,0,0,7,21,26,32,0,32,0
20055,1,1,1998,16,4,16,11,13,13,11,0,19,16
20056,1,1,1998,0,0,0,0,0,0,0,0,0,0
20056,2,1,1998,0,0,0,0,0,0,0,0,0,0
20057,1,1,1998,10,0,6,0,0,0,8,12,5,6
20058,1,1,1998,0,0,0,0,0,0,0,0,0,0
20058,2,1,1998,0,31,25,0,36,0,0,13,0,0
20059,1,1,1998,15,15,15,15,15,15,15,15,15,15
20060,1,1,1998,0,0,0,0,0,0,0,0,0,0
20061,1,1,1998,12,0,16,0,14,0,0,0,0,0
20061,2,1,1998,0,0,0,18,14,22,0,0,0,0
20061,3,1,1998,0,0,0,0,0,0,0,0,0,0
20062,1,1,1998,0,0,0,0,0,0,0,0,0,0
20062,2,1,1998,0,0,0,0,0,4,14,0,0,0
20063,0,1,1998,0,0,0,0,0,0,0,0,0,0
20063,0,2,1998,0,0,39,0,0,0,0,0,0,0
20063,1,1,1998,0,0,15,20,8,3,15,31,45,35
20064,1,1,1998,21,0,0,0,0,0,0,0,0,0
20064,2,1,1998,11,0,0,0,0,13,0,26,0,0
20065,1,1,1998,6,6,6,6,6,6,6,6,6,6
20065,2,1,1998,5,5,5,5,5,5,5,5,5,5
20066,1,1,1998,0,0,0,0,0,0,0,0,0,0
20066,2,1,1998,0,0,0,0,0,0,0,0,0,0
20067,1,1,1998,0,19,14,16,12,16,13,0,0,0
40001,1,1,1998,22,22,22,22,22,22,22,22,22,22
40002,1,1,1998,33,24,14,22,33,20,14,22,35,16
40003,0,1,1998,11,6,0,0,7,17,0,33,29,8
40003,1,1,1998,10,10,9,3,25,9,22,12,2,17
40004,1,1,1998,0,0,0,0,0,0,0,0,0,0
40004,2,1,1998,0,0,0,0,0,0,0,0,0,0
40005,1,1,1998,0,0,0,0,0,0,0,0,0,0
40005,2,1,1998,0,0,0,0,0,0,0,0,8,0
40006,1,1,1998,0,0,0,0,0,0,0,0,0,0
40007,0,1,1998,0,0,0,0,0,0,0,0,0,0
40007,1,1,1998,0,0,0,0,0,0,0,0,0,0
40008,1,1,1998,0,0,0,0,0,0,0,0,0,0
40008,2,1,1998,0,0,0,0,0,0,0,0,0,0
40009,0,1,1998,0,0,0,0,0,0,0,0,0,0
40009,1,1,1998,0,0,0,0,0,0,0,0,0,0
40010,1,1,1998,20,28,25,0,0,13,0,21,30,16
40010,2,1,1998,0,0,0,0,0,0,0,0,0,0
40011,1,1,1998,0,0,0,0,0,0,0,0,0,0
40011,2,1,1998,0,0,0,0,0,0,0,0,0,0
40012,1,1,1998,6,6,6,6,6,6,6,6,6,6
40012,2,1,1998,0,0,0,0,0,0,0,0,0,0
40013,0,1,1998,0,0,0,0,0,0,0,0,0,0
40013,1,1,1998,0,0,0,0,0,0,0,0,0,0
40014,0,1,1998,0,0,0,0,0,0,0,0,10,0
40014,1,1,1998,0,0,0,0,0,0,0,0,0,0
40014,2,1,1998,0,0,0,0,0,0,0,0,0,0
40015,0,1,1998,0,0,0,0,0,0,0,0,0,0
40015,1,1,1998,0,0,0,0,0,0,0,0,0,0
40016,1,1,1998,0,0,0,0,0,0,0,0,0,0
40016,2,1,1998,0,0,0,0,0,0,0,0,0,0
40016,3,1,1998,0,0,0,0,0,0,0,0,0,0
40017,1,1,1998,0,0,0,0,0,0,0,0,0,0
40017,2,1,1998,0,0,0,0,0,0,0,0,0,0
40018,1,1,1998,0,0,0,0,0,0,0,0,0,0
40018,2,1,1998,0,0,0,0,0,0,0,0,0,0
40019,1,1,1998,17,17,17,17,17,17,17,17,17,17
40020,1,1,1998,0,0,0,0,0,0,0,0,0,0
40021,1,1,1998,6,0,0,0,0,0,0,0,0,0
40022,0,1,1998,0,0,0,0,0,0,0,0,0,0
40022,1,1,1998,4,0,0,0,0,0,0,0,0,0
40023,1,1,1998,0,0,0,0,0,0,0,0,0,0
40024,0,1,1998,28,28,28,28,28,28,28,28,28,28
40024,1,1,1998,0,0,0,0,0,0,0,0,0,0
40025,1,1,1998,0,0,0,0,0,0,0,0,0,12
40025,2,1,1998,0,0,0,0,0,0,0,0,0,0
40026,1,1,1998,9,21,19,0,17,15,17,29,12,15
40027,1,1,1998,0,14,0,18,0,0,0,0,0,0
40027,2,1,1998,0,0,0,0,0,0,0,0,0,0
40028,1,1,1998,17,0,11,29,0,9,9,9,0,0
40029,1,1,1998,0,0,0,0,0,0,0,0,0,0
40029,2,1,1998,32,15,24,0,0,11,0,0,0,0
40030,1,1,1998,6,6,6,6,6,6,6,6,6,6
40030,2,1,1998,0,4,0,0,0,0,0,0,0,3
40031,1,1,1998,0,0,0,0,0,0,0,0,0,0
40031,2,1,1998,0,0,0,0,0,0,0,0,0,0
40031,3,1,1998,0,8,6,0,0,0,0,0,0,0
40032,1,1,1998,15,19,7,26,11,0,17,10,9,20
40033,1,1,1998,13,11,19,19,5,5,13,16,21,4
40034,1,1,1998,0,0,0,0,0,0,0,7,0,0
40034,2,1,1998,0,0,0,0,0,0,0,0,0,0
40035,1,1,1998,0,0,0,0,0,0,0,0,0,0
40035,2,1,1998,0,0,0,0,0,0,0,0,0,0
40036,1,1,1998,0,0,0,0,0,0,0,0,0,0
40036,2,1,1998,0,0,0,0,0,0,0,0,0,0
40037,0,1,1998,0,0,0,0,0,0,0,0,0,0
40037,1,1,1998,0,0,0,0,0,0,0,0,0,0
40038,0,1,1998,28,18,0,0,0,0,0,0,0,0
40038,1,1,1998,0,0,0,0,0,0,0,0,0,0
40039,1,1,1998,0,3,25,0,11,11,0,10,0,0
40040,0,1,1998,0,0,0,0,0,0,0,0,0,0
40040,1,1,1998,0,0,0,0,0,0,0,0,0,0
40041,1,1,1998,0,0,0,0,0,0,0,0,0,0
40041,2,1,1998,0,0,0,0,0,0,0,0,0,0
40042,1,1,1998,10,17,16,0,18,0,14,0,9,19
40043,1,1,1998,12,20,4,15,0,10,6,15,16,7
40044,1,1,1998,8,0,10,6,23,0,5,6,0,5
40045,1,1,1998,0,15,0,35,21,0,0,0,4,0
40046,1,1,1998,0,0,0,0,0,0,0,0,0,0
40046,2,1,1998,0,0,0,0,0,0,0,0,0,0
40047,1,1,1998,0,0,0,0,0,0,0,0,0,0
40048,1,1,1998,15,14,11,0,31,18,12,15,13,25
40048,2,1,1998,0,0,0,0,0,0,0,0,0,0
40049,0,1,1998,0,0,0,0,0,0,0,0,0,0
40049,1,1,1998,0,0,0,0,0,0,0,0,0,0
40050,1,1,1998,0,0,0,0,0,0,0,0,0,0
40050,2,1,1998,0,0,0,0,0,0,0,0,0,0
40051,0,1,1998,3,0,9,24,16,0,0,0,0,0
40051,1,1,1998,0,0,0,0,18,0,0,0,0,14
40052,1,1,1998,20,11,0,17,0,9,18,8,0,0
40053,0,1,1998,17,17,17,17,17,17,17,17,17,17
40053,1,1,1998,6,19,1,13,25,21,16,21,4,3
40054,1,1,1998,0,0,0,0,0,0,0,0,0,0
40054,2,1,1998,0,0,0,0,0,0,0,0,0,0
40055,1,1,1998,13,0,7,20,11,7,13,24,25,14
40055,2,1,1998,0,0,0,0,0,0,0,0,0,0
40056,1,1,1998,25,19,17,27,23,9,18,22,14,11
40056,2,1,1998,0,0,0,11,0,0,0,0,0,0
40057,1,1,1998,24,18,0,14,9,24,28,15,13,18
40058,1,1,1998,13,20,16,13,4,7,10,5,29,14
40059,1,1,1998,0,0,0,0,0,0,0,0,10,0
40060,0,1,1998,0,0,0,0,10,0,0,0,0,0
40060,1,1,1998,0,0,0,0,0,0,0,0,0,0
40060,2,1,1998,0,0,0,0,0,0,0,0,0,0
40061,1,1,1998,0,0,0,0,0,0,0,0,0,0
40061,2,1,1998,0,0,0,0,0,4,0,0,0,0
40062,1,1,1998,2,0,0,0,26,12,0,0,24,0
40062,2,1,1998,0,0,0,0,0,0,19,0,0,0
40063,1,1,1998,0,0,0,0,0,0,0,0,0,0
40063,2,1,1998,0,0,0,0,0,25,0,24,0,0
40064,1,1,1998,35,0,0,0,0,0,0,0,0,0
40064,2,1,1998,0,0,0,0,0,0,0,0,0,0
40065,1,1,1998,0,0,0,0,0,0,0,0,0,0
40065,2,1,1998,0,0,0,0,0,0,0,0,0,0
40065,3,1,1998,0,0,0,0,0,0,0,0,0,0
40065,4,1,1998,0,0,0,0,0,0,0,0,0,0
40066,1,1,1998,0,0,0,0,0,0,0,0,0,0
40066,2,1,1998,0,0,0,0,0,0,0,0,0,0
40067,1,1,1998,5,7,10,9,13,11,20,12,5,10
40068,1,1,1998,0,0,0,0,0,0,0,0,0,0
40068,2,1,1998,0,0,0,0,0,0,0,0,0,0
40069,0,1,1998,0,0,0,0,0,0,0,0,0,0
40069,1,1,1998,0,0,0,0,0,0,0,0,0,0
40070,1,1,1998,0,0,0,0,9,0,0,0,0,0
40070,2,1,1998,0,8,0,15,16,0,0,12,0,0
40070,3,1,1998,0,0,0,0,0,0,0,0,0,0
40071,1,1,1998,0,0,0,0,0,0,0,14,0,0
40071,2,1,1998,0,0,0,0,0,0,0,0,0,0
40072,1,1,1998,0,10,12,17,7,23,0,7,21,17
40072,2,1,1998,0,0,0,0,0,0,0,0,0,0
40073,1,1,1998,0,0,0,0,0,0,0,0,0,0
40074,0,1,1998,10,23,0,22,27,14,29,20,3,14
40074,0,2,1998,0,0,14,0,0,0,3,0,37,13
40074,1,1,1998,11,19,34,26,13,0,8,27,15,12
40075,1,1,1998,0,0,0,0,0,0,25,17,0,17
40076,1,1,1998,0,0,11,0,7,0,0,0,0,0
40077,1,1,1998,15,15,15,15,15,15,15,15,15,15
40078,0,1,1998,21,11,18,6,8,11,12,28,16,17
40078,1,1,1998,14,14,14,11,7,8,0,26,13,23
40079,1,1,1998,0,0,0,0,0,0,0,0,0,0
40080,1,1,1998,0,0,0,0,0,0,0,0,0,0
40080,2,1,1998,0,0,0,0,0,17,0,0,0,6
40081,0,1,1998,0,0,0,0,0,0,0,0,0,0
40081,1,1,1998,0,0,0,0,0,0,0,0,0,0
40082,0,1,1998,0,0,0,0,0,0,0,0,0,0
40082,1,1,1998,0,0,0,0,0,0,0,0,0,0
40083,1,1,1998,0,0,0,0,0,0,0,0,0,0
40084,1,1,1998,0,0,0,0,0,0,0,0,0,0
40084,2,1,1998,0,0,0,0,0,19,0,0,5,0
40085,1,1,1998,30,30,30,30,30,30,30,30,30,30
40086,1,1,1998,13,16,2,25,5,3,17,0,21,10
40087,1,1,1998,0,0,20,0,0,0,0,0,0,0
40088,0,1,1998,0,23,11,21,20,10,37,19,0,0
40088,1,1,1998,0,0,0,0,0,0,0,0,0,0
40089,0,1,1998,13,0,27,8,19,0,0,0,18,25
40089,1,1,1998,0,0,9,10,0,0,5,16,11,0
40090,1,1,1998,0,0,0,0,0,0,0,0,14,0
40091,1,1,1998,0,0,28,0,0,0,0,10,0,21
40092,1,1,1998,0,0,9,0,0,0,0,0,0,0
40093,1,1,1998,9,9,16,0,22,3,0,6,12,9
40094,0,1,1998,25,25,25,25,25,25,25,25,25,25
40094,1,1,1998,0,0,0,0,0,0,0,0,0,0
40095,1,1,1998,13,36,3,6,2,9,0,18,8,15
40095,2,1,1998,13,33,16,15,15,7,11,14,15,10
40096,1,1,1998,0,0,0,0,0,0,0,0,0,0
40096,2,1,1998,0,0,0,0,0,0,0,0,0,0
40097,1,1,1998,0,0,0,0,0,0,0,0,0,0
40097,2,1,1998,0,0,0,0,0,0,0,0,0,0
40097,3,1,1998,0,0,0,0,0,0,0,0,0,0
40097,4,1,1998,0,0,0,0,0,0,0,0,0,0
40098,0,1,1998,21,21,21,21,21,21,21,21,21,21
40098,1,1,1998,0,0,0,10,0,0,0,0,0,27
40099,1,1,1998,0,0,0,0,0,0,0,5,10,0
40100,1,1,1998,0,0,0,0,0,0,0,0,0,0
40100,2,1,1998,0,0,0,6,0,0,0,0,0,0
40101,1,1,1998,0,0,0,0,0,0,0,0,0,0
40102,1,1,1998,3,3,3,3,3,3,3,3,3,3
40102,2,1,1998,0,0,0,0,0,0,0,0,0,0
40103,1,1,1998,16,16,16,16,16,16,16,16,16,16
40104,1,1,1998,0,0,0,0,0,0,0,0,0,0
40104,2,1,1998,17,17,17,17,17,17,17,17,17,17
40105,1,1,1998,0,0,0,3,12,0,0,14,0,0
40106,1,1,1998,0,0,0,0,0,0,0,0,0,0
40106,2,1,1998,0,0,0,0,0,0,0,0,0,0
40106,3,1,1998,0,0,0,0,0,0,0,0,0,0
40107,1,1,1998,22,17,25,32,17,0,0,23,0,0
40108,0,1,1998,8,59,11,34,22,13,20,17,21,0
40108,1,1,1998,0,17,0,0,23,23,0,19,0,0
40109,0,1,1998,0,0,0,0,0,0,0,0,0,0
40109,0,2,1998,0,4,8,0,0,0,0,11,0,0
40109,1,1,1998,0,0,0,0,0,0,0,0,0,0
40110,1,1,1998,0,9,18,0,6,0,0,0,8,0
40111,1,1,1998,16,16,16,16,16,16,16,16,16,16
40112,1,1,1998,0,0,0,0,0,0,0,0,0,0
40112,2,1,1998,0,0,0,0,0,0,0,0,0,0
40113,1,1,1998,0,21,0,0,15,23,0,0,0,0
40113,2,1,1998,0,0,0,0,0,0,0,0,0,0
40114,1,1,1998,0,0,0,0,0,0,0,0,0,0
40114,2,1,1998,0,0,0,0,0,0,0,0,0,0
40115,1,1,1998,0,0,0,0,0,0,0,0,0,0
40116,0,1,1998,23,23,23,23,23,23,23,23,23,23
40116,1,1,1998,0,0,0,0,0,0,0,0,0,0
40117,1,1,1998,0,0,0,0,0,0,0,0,0,0
40118,1,1,1998,0,0,0,0,0,0,0,0,0,0
40118,2,1,1998,0,0,0,0,0,0,6,0,0,0
40118,3,1,1998,0,0,0,0,0,0,0,0,0,0
40118,4,1,1998,0,0,0,0,0,0,0,0,0,0
40118,5,1,1998,0,0,0,0,0,0,0,0,0,0
40119,1,1,1998,0,0,0,0,0,0,0,0,0,0
40119,2,1,1998,0,0,0,0,0,0,0,0,0,0
40120,1,1,1998,0,0,0,0,0,0,0,0,0,0
40120,2,1,1998,0,0,0,0,0,0,0,0,0,0
40121,1,1,1998,0,0,0,0,0,0,0,0,0,0
40121,2,1,1998,0,0,0,0,0,0,0,0,0,0
40122,1,1,1998,0,0,0,0,0,0,0,0,0,0
40122,2,1,1998,0,0,0,0,0,0,0,0,0,0
40124,0,1,1998,26,8,21,17,0,18,34,17,38,21
40124,1,1,1998,0,0,0,0,0,0,0,0,0,0
40125,1,1,1998,0,0,0,0,0,11,0,0,0,0
40126,1,1,1998,0,0,5,19,0,4,6,16,0,6
40127,0,1,1998,3,3,3,3,3,3,3,3,3,3
40127,1,1,1998,0,0,0,0,0,0,0,0,0,0
40128,1,1,1998,19,6,11,8,14,11,12,21,0,15
40129,1,1,1998,0,0,0,0,0,0,0,0,0,0
40129,2,1,1998,0,0,0,0,0,0,0,0,0,0
40130,0,1,1998,0,0,0,0,0,0,0,0,0,0
40130,1,1,1998,0,10,0,0,0,0,0,0,0,0
40131,1,1,1998,28,23,12,14,12,20,16,18,25,17
40132,1,1,1998,0,0,0,0,0,0,0,0,0,0
40133,0,1,1998,0,22,0,0,0,0,0,0,0,0
40133,1,1,1998,0,0,0,0,0,0,0,0,0,0
40134,1,1,1998,0,0,0,0,0,0,0,0,0,0
40135,1,1,1998,27,8,0,0,0,22,17,0,0,15
40136,0,1,1998,29,0,24,8,27,14,26,9,29,14
40136,1,1,1998,0,0,0,0,0,0,6,0,0,0
40137,0,1,1998,0,0,0,0,0,0,0,0,0,0
40137,1,1,1998,13,9,15,19,13,13,13,26,24,23
40138,1,1,1998,0,0,0,7,34,0,0,18,0,0
40139,0,1,1998,0,0,2,8,13,0,0,0,0,0
40139,1,1,1998,0,0,0,0,0,0,0,0,0,0
40140,1,1,1998,20,0,0,0,0,0,0,0,0,0
40140,2,1,1998,0,0,0,0,0,0,0,0,0,0
40140,3,1,1998,0,0,0,0,0,0,0,0,0,0
40141,1,1,1998,0,0,0,0,0,0,0,0,0,0
40142,1,1,1998,0,0,0,0,0,0,0,0,0,0