ST_CASE,VEH_NO,PER_NO,YEAR,P1,P2,P3,P4,P5,P6,P7,P8,P9,P10
40143,1,1,1998,0,0,0,0,0,0,0,0,0,0
40143,2,1,1998,0,0,0,0,4,0,0,0,0,0
40144,1,1,1998,25,25,25,25,25,25,25,25,25,25
40145,0,1,1998,20,0,18,0,10,0,0,0,6,13
40145,1,1,1998,4,14,6,12,12,19,0,14,15,0
40146,1,1,1998,8,7,5,14,4,13,10,27,15,7
40146,2,1,1998,0,0,0,0,0,0,0,0,0,0
40147,1,1,1998,0,0,0,0,0,0,0,0,0,0
40147,2,1,1998,0,0,0,0,0,0,0,0,0,0
40148,1,1,1998,0,0,0,0,0,0,0,0,0,0
40148,2,1,1998,8,12,31,14,12,13,4,27,16,17
40149,1,1,1998,12,0,0,0,0,0,0,0,0,0
40149,2,1,1998,0,0,0,0,0,0,0,0,0,0
40150,1,1,1998,10,0,4,0,0,0,11,0,4,0
40151,1,1,1998,17,17,9,0,13,21,27,18,4,8
40152,0,1,1998,0,0,0,0,0,0,22,0,0,0
40152,1,1,1998,0,3,0,0,0,0,11,0,0,0
40153,1,1,1998,0,0,0,0,0,0,0,0,0,0
40153,2,1,1998,0,0,0,0,0,0,0,0,0,0
40154,0,1,1998,0,2,15,0,7,13,31,12,0,0
40154,1,1,1998,3,3,3,3,3,3,3,3,3,3
40155,1,1,1998,14,14,14,14,14,14,14,14,14,14
40155,2,1,1998,27,0,0,27,42,23,27,38,9,0
40156,1,1,1998,0,0,0,0,0,0,0,0,0,0
40156,2,1,1998,0,0,0,0,0,0,0,0,0,0
40157,1,1,1998,0,0,0,0,0,0,0,0,0,10
40157,2,1,1998,0,0,0,0,0,0,0,0,0,0
40158,0,1,1998,13,0,13,13,16,0,0,0,21,23
40158,1,1,1998,0,0,0,0,0,0,0,0,0,0
40159,1,1,1998,0,0,0,0,0,0,0,0,0,17
40160,1,1,1998,0,0,0,0,0,0,0,0,0,0
40160,2,1,1998,0,0,0,0,0,0,0,0,0,0
40161,0,1,1998,0,0,0,21,0,0,8,0,26,0
40161,1,1,1998,0,9,0,0,0,0,0,0,0,0
40162,1,1,1998,0,0,0,0,0,0,0,0,0,0
40163,1,1,1998,0,0,0,0,0,0,0,0,0,0
40164,1,1,1998,18,18,18,18,18,18,18,18,18,18
40164,2,1,1998,0,0,0,0,0,0,0,0,0,0
40164,3,1,1998,0,0,0,0,0,0,0,0,0,0
40165,1,1,1998,20,21,13,15,6,10,4,6,24,23
40166,1,1,1998,0,0,0,0,0,0,0,0,0,0
40166,2,1,1998,0,0,0,0,0,0,0,0,0,0
40167,1,1,1998,0,0,0,0,0,0,0,0,0,0
40167,2,1,1998,0,0,0,0,0,0,0,0,0,0
40168,1,1,1998,0,0,0,0,0,0,0,0,0,0
40169,1,1,1998,14,23,32,33,0,0,0,0,0,28
40170,0,1,1998,18,18,18,18,18,18,18,18,18,18
40170,1,1,1998,0,0,0,0,0,0,0,0,0,0
40170,2,1,1998,0,0,0,0,0,0,0,0,0,0
40171,1,1,1998,0,0,0,0,0,0,0,0,0,0
40172,0,1,1998,0,0,0,0,0,0,0,0,0,0
40172,1,1,1998,0,0,0,0,0,0,0,0,0,0
40173,0,1,1998,0,0,0,0,0,0,0,0,0,0
40173,1,1,1998,0,0,0,0,0,0,0,0,20,37
40175,1,1,1998,18,30,21,15,16,26,18,35,31,26
40176,1,1,1998,0,0,13,29,19,18,0,31,21,0
40177,1,1,1998,18,18,18,18,18,18,18,18,18,18
40178,1,1,1998,0,0,0,0,0,0,0,0,0,0
40179,1,1,1998,0,0,0,0,0,0,0,0,0,0
40179,2,1,1998,0,0,0,0,0,0,0,0,0,0
40180,0,1,1998,0,0,0,0,0,0,0,0,0,0
40180,1,1,1998,3,21,27,7,16,7,5,13,15,28
40181,1,1,1998,0,0,0,0,0,0,0,0,0,0
40181,2,1,1998,0,0,0,0,0,0,0,0,0,0
40181,3,1,1998,0,0,0,0,0,0,0,0,0,0
40182,1,1,1998,0,0,0,0,0,0,0,0,0,0
40182,2,1,1998,0,0,0,0,0,0,0,0,0,0
40183,1,1,1998,0,0,0,23,0,8,17,21,30,26
40184,1,1,1998,0,0,0,0,0,0,0,0,0,0
40184,2,1,1998,0,0,0,0,0,0,0,0,0,0
40185,0,1,1998,0,13,0,31,4,0,0,29,0,4
40185,0,2,1998,5,0,19,20,0,0,25,0,11,0
40185,1,1,1998,0,0,0,0,0,0,0,0,0,10
40186,0,1,1998,10,8,5,10,38,22,25,0,34,20
40186,1,1,1998,0,0,0,0,0,0,15,0,0,0
40187,1,1,1998,20,17,23,17,35,27,15,7,23,7
40188,0,1,1998,0,0,0,0,0,0,0,0,0,0
40188,1,1,1998,0,0,0,0,0,0,0,0,0,0
40189,1,1,1998,0,0,0,0,0,0,0,0,0,0
40189,2,1,1998,0,0,0,0,0,0,0,0,0,0
40190,1,1,1998,0,0,0,0,0,0,12,0,0,0
40191,1,1,1998,8,0,0,0,0,0,0,0,0,0
40191,2,1,1998,17,0,8,0,0,18,0,20,0,26
40191,3,1,1998,0,0,0,0,0,0,0,0,0,0
40192,0,1,1998,0,0,0,0,0,0,0,0,0,0
40192,1,1,1998,13,8,8,0,8,0,0,7,7,10
40192,2,1,1998,0,0,0,0,0,0,0,0,0,0
40193,1,1,1998,0,0,0,0,0,0,0,0,0,0
40193,2,1,1998,4,4,4,4,4,4,4,4,4,4
40194,1,1,1998,0,0,0,0,0,0,0,0,0,0
40194,2,1,1998,0,0,0,0,0,0,0,0,0,0
40195,1,1,1998,0,0,0,0,0,0,0,0,0,0
40195,2,1,1998,0,0,0,0,0,0,0,0,0,0
40196,0,1,1998,0,0,0,0,0,0,0,0,0,0
40196,1,1,1998,0,0,11,0,0,0,0,0,0,0
40197,1,1,1998,8,8,8,8,8,8,8,8,8,8
40198,1,1,1998,0,0,9,0,0,0,0,0,0,0
40199,1,1,1998,0,0,0,0,0,0,0,0,0,0
40200,1,1,1998,0,0,0,0,0,0,0,0,0,0
40200,2,1,1998,0,0,0,0,0,0,0,0,0,0
40201,1,1,1998,15,0,14,17,22,0,17,17,0,0
40202,1,1,1998,0,0,0,0,0,0,0,0,0,0
40203,0,1,1998,24,0,7,0,18,15,17,31,0,28
40203,1,1,1998,2,2,2,2,2,2,2,2,2,2
40204,1,1,1998,0,0,0,0,0,0,0,0,0,0
40205,1,1,1998,0,0,0,0,0,0,0,0,0,0
40205,2,1,1998,0,0,0,0,0,0,0,0,0,0
40206,1,1,1998,0,0,0,0,0,0,0,0,0,0
40206,2,1,1998,0,0,0,0,0,0,0,0,0,0
40206,3,1,1998,0,0,0,0,0,0,0,0,0,0
40207,1,1,1998,0,0,9,0,0,0,0,0,0,0
40208,1,1,1998,0,0,0,0,0,0,0,0,0,0
40209,1,1,1998,0,0,0,0,0,0,0,0,0,0
40209,2,1,1998,0,0,0,0,0,0,0,0,0,0
40210,0,1,1998,33,20,31,41,53,18,21,9,32,42
40210,1,1,1998,0,0,0,0,0,0,0,0,0,0
40211,1,1,1998,12,6,0,6,33,13,22,15,0,22
40212,1,1,1998,0,6,14,0,23,22,0,14,0,0
40212,2,1,1998,0,0,0,0,7,0,0,0,4,0
40213,1,1,1998,0,0,19,0,0,0,0,0,0,0
40213,2,1,1998,0,0,0,0,0,0,0,0,0,0
40214,1,1,1998,0,0,0,0,0,0,0,0,0,0
40214,2,1,1998,0,0,0,0,0,0,0,0,0,0
40215,1,1,1998,24,24,24,24,24,24,24,24,24,24
40216,1,1,1998,0,4,0,0,0,19,0,22,0,0
40218,1,1,1998,9,14,13,29,0,0,0,0,0,13
40218,2,1,1998,0,0,0,0,0,0,0,0,0,0
40219,1,1,1998,16,16,16,16,16,16,16,16,16,16
40220,1,1,1998,22,29,11,22,34,25,11,10,11,34
40221,1,1,1998,20,20,20,20,20,20,20,20,20,20
40222,1,1,1998,17,17,17,17,17,17,17,17,17,17
40222,2,1,1998,0,0,0,0,0,0,0,0,0,0
40223,1,1,1998,12,12,12,12,12,12,12,12,12,12
40224,0,1,1998,0,0,0,0,0,0,0,0,0,0
40224,1,1,1998,0,0,0,0,0,0,0,0,0,0
40225,1,1,1998,0,0,0,0,0,0,0,0,0,0
40225,2,1,1998,0,0,0,0,0,0,0,0,0,0
40226,1,1,1998,0,0,0,0,0,0,0,0,0,0
40226,2,1,1998,0,0,0,0,0,0,0,0,0,0
40227,1,1,1998,0,0,0,0,0,0,0,0,0,0
40227,2,1,1998,10,10,10,10,10,10,10,10,10,10
40228,1,1,1998,20,20,20,20,20,20,20,20,20,20
40229,1,1,1998,0,15,0,0,0,0,0,0,0,0
40229,2,1,1998,0,0,0,0,0,0,0,0,0,0
40230,1,1,1998,11,11,12,10,9,16,9,6,20,19
40230,2,1,1998,0,0,0,0,0,0,0,0,0,5
40231,1,1,1998,20,23,4,38,18,40,14,27,19,40
40232,1,1,1998,1,1,1,1,1,1,1,1,1,1
40233,1,1,1998,0,0,0,0,0,0,0,0,0,0
40233,2,1,1998,0,0,0,0,0,0,0,0,0,0
40233,3,1,1998,0,0,0,0,0,0,0,0,0,0
40234,1,3,1998,0,17,0,13,17,0,0,0,0,9
40235,1,1,1998,0,0,0,3,0,11,0,0,0,0
40235,2,1,1998,0,0,0,0,0,0,0,0,0,0
40236,1,1,1998,0,15,0,10,7,0,0,0,0,0
40236,2,1,1998,0,0,13,0,0,0,0,0,0,0
40237,1,1,1998,19,19,19,19,19,19,19,19,19,19
40237,2,1,1998,0,0,0,0,0,0,0,0,0,0
40237,3,1,1998,0,0,0,0,0,0,0,0,0,0
40238,1,2,1998,12,11,0,13,0,0,0,18,0,5
40239,1,1,1998,0,0,0,0,0,0,0,0,0,0
40239,2,1,1998,0,0,0,0,0,0,0,0,0,0
40239,3,1,1998,9,0,0,0,0,32,0,3,0,17
40240,1,1,1998,0,0,0,0,0,0,0,0,0,0
40240,2,1,1998,0,0,0,0,0,0,0,0,0,0
40241,0,1,1998,0,0,0,0,0,0,0,0,0,0
40241,0,2,1998,0,0,13,0,0,0,0,0,0,0
40241,1,1,1998,0,0,0,0,0,0,0,0,0,0
40242,0,1,1998,16,15,20,19,0,18,0,28,0,0
40242,1,1,1998,17,18,19,28,12,13,0,32,24,0
40243,0,1,1998,0,0,0,0,0,0,10,0,0,0
40243,1,1,1998,0,0,0,0,16,0,0,0,0,0
40244,1,1,1998,18,9,0,0,0,7,0,0,0,0
40245,1,1,1998,0,0,0,0,0,0,0,17,0,0
40246,1,1,1998,6,4,16,11,25,10,12,11,7,24
40246,2,1,1998,0,0,0,0,0,0,0,0,0,0
40246,3,1,1998,30,6,14,11,8,6,0,0,8,12
40247,1,1,1998,23,23,23,23,23,23,23,23,23,23
40247,2,1,1998,0,0,0,0,0,0,0,0,0,0
40248,1,1,1998,6,15,14,6,22,37,16,25,0,22
40249,1,1,1998,0,0,0,0,0,0,0,0,0,0
40249,2,1,1998,0,0,0,0,0,0,0,0,0,0
40250,1,1,1998,0,0,0,0,0,0,0,0,0,0
40251,1,1,1998,0,10,0,0,3,0,0,0,0,0
40252,1,1,1998,19,19,19,19,19,19,19,19,19,19
40253,1,1,1998,4,5,7,16,11,9,16,10,21,5
40253,2,1,1998,0,0,0,0,0,0,0,0,0,0
40254,1,1,1998,27,27,27,27,27,27,27,27,27,27
40255,1,1,1998,22,14,22,0,26,4,11,15,7,16
40256,1,1,1998,11,0,11,0,0,10,17,0,0,17
40257,1,1,1998,0,28,20,33,20,0,0,36,0,0
40258,1,1,1998,27,14,12,38,12,21,17,14,8,13
40259,1,1,1998,0,0,0,0,0,0,0,0,0,0
40259,2,1,1998,0,0,0,0,0,0,0,0,0,0
40259,3,1,1998,0,0,0,0,0,0,0,0,0,0
40260,1,1,1998,0,0,0,0,0,0,0,0,0,16
40261,1,1,1998,0,0,0,0,0,0,0,0,0,0
40262,1,1,1998,0,0,0,0,0,0,0,0,0,0
40262,2,1,1998,2,0,0,0,0,0,0,0,0,0
40263,1,1,1998,18,0,0,0,0,0,0,0,0,0
40264,1,1,1998,0,0,0,0,0,0,0,0,0,0
40264,2,1,1998,0,0,0,0,0,0,0,0,0,0
40265,1,1,1998,0,0,0,0,0,0,7,0,9,8
40265,2,1,1998,0,0,0,0,0,0,0,0,0,0
40266,1,1,1998,0,0,0,0,0,0,0,0,0,0
40266,2,1,1998,0,0,0,0,0,0,0,0,0,0
40267,1,1,1998,7,7,7,7,7,7,7,7,7,7
40268,1,1,1998,16,12,23,20,0,10,19,0,0,7
40268,2,1,1998,0,0,0,0,0,0,0,0,0,0
40269,1,1,1998,22,22,22,22,22,22,22,22,22,22
40269,2,1,1998,0,0,0,0,0,0,0,0,0,0
40270,0,1,1998,0,0,0,0,0,0,0,0,0,0
40270,1,1,1998,0,26,0,0,0,0,0,7,0,0
40271,1,1,1998,22,20,36,43,21,22,17,11,14,34
40272,1,1,1998,0,0,0,0,0,0,0,8,0,0
40273,1,1,1998,23,0,9,16,0,15,11,0,0,0
40273,2,1,1998,19,0,0,0,0,0,0,0,0,0
40274,0,1,1998,0,0,0,0,0,0,0,0,0,0
40274,0,2,1998,0,0,0,0,0,0,0,0,0,0
40274,0,3,1998,0,0,0,0,0,0,0,0,0,0
40274,1,1,1998,0,0,0,0,0,0,0,0,0,0
40275,0,1,1998,0,0,0,0,0,0,0,0,0,0
40275,1,1,1998,0,0,0,0,0,0,0,0,0,17
40276,1,1,1998,0,0,0,0,0,0,0,0,0,0
40277,1,1,1998,0,0,0,0,0,0,0,0,0,0
40277,2,1,1998,5,0,0,0,0,0,0,0,0,0
40277,3,1,1998,0,0,0,0,0,0,0,0,0,0
40278,1,1,1998,3,15,6,15,13,26,0,19,12,12
40279,1,1,1998,0,0,0,0,0,0,0,0,0,0
40279,2,1,1998,0,0,0,0,0,0,0,0,0,0
40280,0,1,1998,22,0,7,0,15,0,0,0,0,0
40280,1,1,1998,0,0,0,0,0,0,0,0,0,0
40281,0,1,1998,0,0,12,17,0,26,11,10,0,14
40281,1,1,1998,0,0,0,0,0,0,0,0,0,0
40282,1,1,1998,34,10,24,4,11,26,13,23,24,16
40283,1,1,1998,21,15,16,21,7,23,12,21,8,18
40283,2,1,1998,0,0,0,0,0,0,0,0,0,0
40283,3,1,1998,0,0,0,0,0,0,0,0,0,0
40284,1,1,1998,12,12,16,19,24,14,29,22,27,19
40285,1,1,1998,0,0,0,0,0,0,0,0,21,0
40285,2,1,1998,0,0,0,0,0,0,0,0,0,0
40286,1,1,1998,16,16,16,16,16,16,16,16,16,16
40287,0,1,1998,26,26,26,26,26,26,26,26,26,26
40287,1,1,1998,0,0,0,0,0,0,0,0,0,0
40287,2,1,1998,0,0,0,0,0,0,0,0,0,0
40287,3,1,1998,0,0,0,0,0,5,0,0,14,0
40288,1,1,1998,1,1,1,1,1,1,1,1,1,1
40289,1,1,1998,8,25,0,0,0,0,14,0,0,0
40289,2,1,1998,0,0,0,0,0,0,0,0,0,0
40290,1,1,1998,0,0,7,0,0,0,0,0,0,0
40290,2,1,1998,0,0,0,0,0,0,0,0,0,0
40291,0,1,1998,0,0,20,0,31,0,0,0,0,0
40291,1,1,1998,0,0,0,0,0,0,0,0,0,0
40292,1,1,1998,22,14,3,18,17,37,16,15,47,22
40293,1,1,1998,29,29,29,29,29,29,29,29,29,29
40294,1,1,1998,0,35,14,25,0,17,0,0,24,15
40294,2,1,1998,0,0,0,0,0,0,0,0,0,0
40295,0,1,1998,0,0,0,0,0,0,0,0,0,0
40295,1,1,1998,10,22,15,16,12,5,13,18,24,26
40296,1,1,1998,32,23,20,26,27,18,14,17,14,19
40296,2,1,1998,0,11,0,15,0,6,0,12,45,0
40297,0,1,1998,0,0,0,0,0,0,15,0,21,0
40297,1,1,1998,0,0,0,0,0,0,0,0,0,0
40298,1,1,1998,0,0,0,0,0,0,0,0,0,0
40298,2,1,1998,0,0,0,0,0,0,0,0,0,0
40299,1,1,1998,19,19,19,19,19,19,19,19,19,19
40300,1,1,1998,0,0,0,0,0,0,0,0,0,0
40301,1,1,1998,0,0,0,0,0,0,0,0,0,0
40301,2,1,1998,0,0,0,0,0,0,0,0,0,0
40301,3,1,1998,0,0,0,0,0,0,0,0,0,0
40302,0,1,1998,0,0,0,0,0,0,0,0,0,0
40302,1,1,1998,0,0,0,0,0,0,0,0,0,0
40304,1,1,1998,0,0,0,0,0,0,0,0,0,0
40304,2,1,1998,0,0,0,0,0,0,0,0,0,0
40305,0,1,1998,1,1,1,1,1,1,1,1,1,1
40305,1,1,1998,0,0,0,0,0,0,0,0,0,0
40306,1,1,1998,0,10,0,7,0,0,0,17,0,0
40306,2,1,1998,0,0,0,0,0,0,0,0,14,0
40307,1,1,1998,0,13,0,0,0,0,0,0,0,0
40308,1,1,1998,0,0,0,0,0,0,0,0,0,0
40308,2,1,1998,0,0,0,0,0,0,0,0,0,0
40309,1,1,1998,0,0,0,0,0,0,0,0,0,0
40310,1,1,1998,0,0,0,0,0,0,0,0,0,0
40310,2,1,1998,0,0,0,0,0,0,0,0,0,0
40311,1,1,1998,24,24,24,24,24,24,24,24,24,24
40311,2,1,1998,0,0,0,0,0,0,0,0,0,0
40312,1,1,1998,0,0,0,0,0,0,0,0,0,0
40313,0,1,1998,0,0,0,0,0,0,0,0,0,0
40313,1,1,1998,0,0,0,0,0,0,0,0,0,0
40314,1,1,1998,0,0,0,0,0,0,0,0,0,0
40315,1,1,1998,4,9,0,10,16,28,20,8,14,8
40315,2,1,1998,0,0,0,0,0,0,0,0,0,0
40316,1,1,1998,0,0,0,0,0,0,0,0,0,0
40316,2,1,1998,0,0,0,0,0,0,0,0,0,0
40316,3,1,1998,0,0,0,0,0,0,0,0,0,0
40317,1,1,1998,18,18,18,18,18,18,18,18,18,18
40317,2,1,1998,0,0,0,0,0,0,0,0,0,0
40318,1,1,1998,25,25,25,25,25,25,25,25,25,25
40318,2,1,1998,0,0,0,0,0,0,0,0,0,0
40319,1,1,1998,0,0,0,0,0,0,0,0,0,0
40319,2,1,1998,0,0,0,0,0,0,0,0,0,0
40320,1,1,1998,20,28,0,0,10,0,19,0,15,19
40321,1,1,1998,24,21,19,21,28,25,27,31,28,13
40322,1,1,1998,0,0,0,0,0,0,0,0,0,0
40323,1,1,1998,37,9,0,0,14,0,26,0,0,0
40324,1,1,1998,5,0,9,19,4,2,10,7,3,12
40324,2,1,1998,22,12,0,10,0,0,0,0,0,0
40325,1,1,1998,18,19,10,11,22,8,0,5,10,20
40326,0,1,1998,0,0,0,0,0,0,0,0,0,0
40326,0,3,1998,0,0,0,0,0,0,0,0,0,12
40326,1,1,1998,0,0,0,0,0,0,0,0,0,0
40327,0,1,1998,0,0,0,0,0,10,0,0,0,0
40327,1,1,1998,5,0,0,15,0,0,0,0,0,0
40328,1,1,1998,3,0,0,13,0,0,9,15,0,0
40328,2,1,1998,8,8,8,8,8,8,8,8,8,8
40329,1,1,1998,0,0,0,0,0,0,0,0,0,0
40330,0,1,1998,0,0,13,15,0,0,16,0,0,0
40331,1,1,1998,0,0,0,0,0,0,0,0,0,0
40331,2,1,1998,0,0,0,0,0,0,0,0,0,0
40332,1,1,1998,14,12,22,8,20,11,8,12,16,9
40332,2,1,1998,0,0,0,0,16,4,0,0,0,0
40333,1,1,1998,22,22,22,22,22,22,22,22,22,22
40334,1,1,1998,0,0,0,17,0,0,0,0,0,0
40334,2,1,1998,0,0,0,0,0,0,0,11,0,0
40334,3,1,1998,0,0,0,0,0,0,0,0,0,0
40335,1,1,1998,5,26,22,6,18,19,12,7,15,22
40336,0,1,1998,12,0,0,0,0,0,0,0,10,0
40336,1,1,1998,0,0,0,0,0,0,0,0,0,0
40337,1,1,1998,0,0,0,0,0,0,0,0,0,0
40337,2,1,1998,0,0,0,0,0,0,0,0,0,0
40337,3,1,1998,0,0,0,0,0,0,0,0,0,0
40338,1,1,1998,24,24,24,24,24,24,24,24,24,24
40338,2,1,1998,0,0,0,0,0,0,0,0,0,0
40339,1,1,1998,0,0,0,3,0,0,0,0,0,0
40340,1,1,1998,10,10,10,10,10,10,10,10,10,10
40341,1,1,1998,17,18,21,25,16,15,15,12,8,0
40342,0,1,1998,0,0,15,0,0,0,14,23,0,0
40343,1,1,1998,0,0,0,0,0,0,0,0,0,0
40343,2,1,1998,0,0,0,0,0,0,0,0,0,0
40344,1,1,1998,31,31,31,31,31,31,31,31,31,31
40345,0,1,1998,20,29,18,9,33,17,16,24,17,0
40345,1,1,1998,0,0,0,0,0,0,0,0,0,0
40346,0,1,1998,13,34,0,0,16,14,0,0,0,0
40346,1,1,1998,1,1,1,1,1,1,1,1,1,1
40347,1,1,1998,0,0,0,0,0,0,0,0,0,0
40347,2,1,1998,0,0,0,0,0,0,0,0,0,0
40348,0,1,1998,0,0,48,10,18,24,20,10,40,0
40348,1,1,1998,12,0,0,12,19,28,23,15,19,21
40349,0,1,1998,0,0,0,0,0,0,0,0,0,0
40349,1,1,1998,0,0,0,0,0,0,0,0,0,0
40350,1,1,1998,0,0,0,0,0,0,0,0,0,0
40350,2,1,1998,2,2,2,2,2,2,2,2,2,2
40351,1,1,1998,0,0,0,0,0,0,0,0,0,0
40351,2,1,1998,0,0,0,0,0,0,0,0,0,0
40352,1,1,1998,0,0,0,0,0,0,0,0,0,0
40353,1,1,1998,19,15,16,7,9,0,15,14,9,22
40353,2,1,1998,0,0,0,0,0,0,0,27,0,0
40354,0,1,1998,0,0,0,0,0,0,0,0,0,0
40354,1,1,1998,0,0,0,0,0,0,0,0,7,0
40355,1,1,1998,0,0,0,11,0,0,0,0,0,0
40355,2,1,1998,0,0,0,0,0,0,0,0,0,0
40356,1,1,1998,24,0,0,0,19,18,14,0,14,22
40357,1,1,1998,0,0,0,0,0,0,0,0,0,0
40358,1,1,1998,0,0,0,0,0,0,0,0,0,0
40359,1,1,1998,0,0,0,0,0,0,0,0,0,0
40359,2,1,1998,0,0,0,0,0,0,0,0,0,0
40360,0,1,1998,0,0,2,0,0,0,0,0,0,0
40360,1,1,1998,0,0,0,0,0,0,0,0,0,0
40361,1,1,1998,11,21,21,20,25,11,0,25,5,5
40361,2,1,1998,28,19,11,17,16,35,17,9,19,8
40362,0,1,1998,0,8,0,0,0,0,0,0,36,0
40362,1,1,1998,18,0,9,11,18,0,17,10,18,20
40363,0,1,1998,35,22,18,22,8,19,7,15,26,29
40363,1,1,1998,0,0,0,0,0,0,0,0,0,0
40364,1,1,1998,0,0,0,0,0,0,0,7,0,16
40365,1,1,1998,15,15,15,15,15,15,15,15,15,15
40366,1,1,1998,7,19,0,14,0,0,0,12,9,0
40366,2,1,1998,0,0,0,0,0,0,0,0,13,14
40367,1,1,1998,0,0,0,0,0,0,0,0,0,0
40367,2,1,1998,0,0,0,0,0,0,0,0,0,0
40368,1,1,1998,5,13,27,0,0,0,5,0,0,15
40368,2,1,1998,0,0,0,0,0,0,0,0,0,0
40369,1,1,1998,0,0,0,0,0,0,28,0,0,0
40369,2,1,1998,0,0,0,23,0,0,0,0,0,0
40370,0,1,1998,25,25,25,25,25,25,25,25,25,25
40370,1,1,1998,0,0,0,0,0,0,0,0,0,0
40371,1,1,1998,10,25,11,14,13,1,8,4,19,19
40371,2,1,1998,0,0,0,0,0,0,0,0,0,0
40371,3,1,1998,0,13,0,0,16,2,12,0,0,10
40372,1,1,1998,21,9,24,0,14,17,0,22,12,0
40372,2,1,1998,0,0,0,0,0,0,0,0,0,0
40373,1,1,1998,0,0,8,7,10,0,0,0,0,14
40374,1,1,1998,0,0,0,0,0,0,0,0,0,0
40375,1,1,1998,0,0,0,0,0,0,0,0,0,0
40375,2,1,1998,0,0,0,0,0,0,0,0,0,0
40376,0,1,1998,20,18,39,0,24,21,11,32,12,15
40376,1,1,1998,6,0,0,0,0,0,0,0,0,12
40377,1,1,1998,10,10,10,0,0,0,0,0,18,7
40378,1,1,1998,0,0,0,0,0,0,0,0,0,0
40378,2,1,1998,0,0,0,0,0,0,0,0,0,0
40379,0,1,1998,0,0,0,0,0,0,0,0,0,0
40379,1,1,1998,0,0,0,0,0,0,0,0,0,0
40380,1,1,1998,0,0,0,0,0,0,0,0,0,0
40380,2,1,1998,0,0,0,0,0,0,0,0,0,0
40381,1,1,1998,0,0,0,0,0,0,0,0,0,0
40381,2,1,1998,0,0,0,0,0,0,0,0,0,0
40381,3,1,1998,0,0,0,0,0,0,0,0,0,0
40382,1,1,1998,16,16,16,16,16,16,16,16,16,16
40383,0,1,1998,24,0,10,23,0,18,33,32,19,0
40383,1,1,1998,9,0,16,29,28,22,0,15,19,0
40384,1,1,1998,13,15,9,19,28,16,17,19,7,11
40384,2,1,1998,0,0,0,0,0,0,0,0,0,0
40384,3,1,1998,0,0,0,0,0,0,0,0,0,0
40385,1,1,1998,0,0,0,0,0,0,8,35,0,0
40386,1,1,1998,0,0,15,0,19,0,0,25,0,26
40387,0,1,1998,11,11,11,11,11,11,11,11,11,11
40387,1,1,1998,0,0,0,0,0,0,0,0,0,0
40388,1,1,1998,5,16,12,29,25,10,10,19,5,22
40389,1,1,1998,0,0,0,0,0,0,0,0,0,0
40389,2,1,1998,0,0,0,0,0,0,0,0,0,0
40389,3,1,1998,0,0,0,0,0,0,0,0,0,0
40390,0,1,1998,0,0,0,0,0,0,0,0,0,0
40390,1,1,1998,18,18,18,18,18,18,18,18,18,18
40391,1,1,1998,0,0,0,0,0,0,0,0,0,0
40391,2,1,1998,0,0,0,0,0,0,0,0,0,0
40392,1,1,1998,21,21,21,21,21,21,21,21,21,21
40393,1,1,1998,16,16,16,16,16,16,16,16,16,16
40394,1,1,1998,0,0,0,0,17,0,14,0,0,0
40395,1,1,1998,0,25,0,0,0,0,0,21,0,0
40396,1,1,1998,16,0,0,0,0,0,0,0,3,0
40396,2,1,1998,0,0,0,0,0,0,0,0,0,0
40397,1,1,1998,0,0,0,0,0,0,0,0,0,0
40398,1,1,1998,0,0,22,0,0,0,0,0,0,0
40399,1,1,1998,0,0,0,0,0,0,0,0,0,0
40400,0,1,1998,16,20,21,20,21,49,26,45,23,42
40400,1,1,1998,0,0,0,0,0,0,0,0,0,0
40401,1,1,1998,0,0,0,0,0,0,0,0,0,22
40401,2,1,1998,0,0,0,0,0,0,0,0,0,12
40402,1,1,1998,0,0,0,0,0,0,0,0,0,0
40402,2,1,1998,0,0,0,0,0,0,0,0,0,0
40402,3,1,1998,0,0,0,0,0,0,0,0,0,0
40402,4,1,1998,0,0,0,0,0,0,0,0,0,0
40402,5,1,1998,0,0,0,0,0,0,0,0,0,0
40402,6,1,1998,0,0,0,0,0,0,0,0,0,0
40403,0,1,1998,0,0,0,0,0,0,0,0,0,0
40403,0,2,1998,0,0,0,0,0,0,0,0,0,0
40403,1,1,1998,0,0,0,0,0,0,0,0,0,23
40403,3,1,1998,0,0,0,0,0,0,0,0,0,0
40403,4,1,1998,0,0,0,0,0,0,0,0,0,0
40403,5,1,1998,0,0,0,0,0,0,0,0,0,0
40403,6,1,1998,0,0,0,0,0,0,0,0,0,8
40403,7,1,1998,0,0,0,0,0,0,0,0,0,0
40403,9,1,1998,0,0,0,0,0,0,0,0,0,0
40403,10,1,1998,0,0,0,0,0,0,0,0,0,0
40404,1,1,1998,0,0,0,0,0,0,0,0,2,0
40405,1,1,1998,0,0,0,0,0,0,0,0,0,0
40405,2,1,1998,0,0,0,0,0,0,0,0,0,0
40405,3,1,1998,0,0,0,0,0,0,0,0,0,0
40406,1,1,1998,0,0,0,0,0,0,0,0,0,0
40407,1,1,1998,0,0,0,0,25,0,0,0,21,0
40408,1,1,1998,13,0,19,28,0,7,0,17,27,0
40409,1,1,1998,11,9,20,15,21,30,7,4,15,25
40409,2,1,1998,0,0,0,0,0,0,0,0,9,0
40410,0,1,1998,0,0,0,0,0,0,0,22,12,15
40410,1,1,1998,0,0,0,0,1,0,0,0,16,5
40411,1,1,1998,0,0,0,0,0,0,0,0,0,0
40412,1,1,1998,13,10,13,15,23,18,20,17,24,32
40413,1,1,1998,0,0,0,0,0,0,0,0,0,0
40413,2,1,1998,0,0,0,0,0,0,0,0,0,0
40414,1,1,1998,23,0,0,6,8,0,0,0,0,0
40415,1,1,1998,11,14,11,15,14,18,8,0,15,16
40416,1,1,1998,0,0,0,0,0,0,0,0,0,0
40416,2,1,1998,0,0,0,0,0,0,0,0,0,0
40417,1,1,1998,0,0,0,0,0,0,0,0,0,0