ST_CASE,VEH_NO,PER_NO,YEAR,P1,P2,P3,P4,P5,P6,P7,P8,P9,P10
40417,2,1,1998,0,0,0,0,0,0,0,0,0,0
40418,0,1,1998,18,18,18,18,18,18,18,18,18,18
40418,1,1,1998,0,0,0,0,1,0,0,0,0,0
40419,1,1,1998,0,0,0,0,0,0,0,0,0,0
40419,2,1,1998,0,0,0,0,0,0,0,0,0,0
40420,0,1,1998,12,24,20,4,8,0,38,23,0,3
40420,1,1,1998,0,0,0,0,0,0,0,0,0,0
40421,1,1,1998,0,13,14,11,15,13,8,25,13,10
40421,2,1,1998,0,0,0,0,0,0,0,0,0,0
40422,1,1,1998,16,22,0,27,18,13,19,8,24,18
40423,1,1,1998,0,0,0,0,0,0,0,0,0,0
40423,2,1,1998,0,0,0,0,0,0,0,0,0,0
40424,1,1,1998,9,14,42,27,8,0,13,26,22,0
40424,2,1,1998,0,15,0,16,0,0,0,0,0,0
40425,1,1,1998,24,10,0,27,7,20,20,20,7,21
40425,2,1,1998,0,0,0,0,0,0,0,0,0,0
40426,1,1,1998,0,0,0,0,0,17,0,0,7,0
40427,1,1,1998,0,0,0,0,0,0,0,0,17,0
40428,1,1,1998,0,0,0,0,0,0,0,0,18,0
40428,2,1,1998,0,0,0,0,0,0,0,0,0,0
40429,0,1,1998,34,30,39,21,15,4,18,33,31,42
40429,1,1,1998,0,0,0,0,0,0,18,0,0,0
40430,1,1,1998,0,24,0,18,14,18,0,0,27,8
40431,1,1,1998,0,0,0,0,0,0,0,0,0,0
40431,2,1,1998,0,0,0,0,0,0,0,0,0,0
40432,0,1,1998,0,0,0,0,0,0,0,0,0,0
40432,1,1,1998,0,0,0,0,0,0,0,0,0,0
40433,1,1,1998,0,0,0,0,13,0,0,0,0,0
40433,2,1,1998,0,0,0,0,0,0,0,0,0,0
40433,3,1,1998,0,0,0,0,0,0,0,0,0,0
40434,0,1,1998,0,0,0,0,0,0,0,0,0,0
40434,1,1,1998,0,0,0,0,0,0,0,0,0,0
40435,0,1,1998,10,0,17,11,10,0,23,15,0,0
40435,1,1,1998,7,0,0,0,0,0,0,0,0,0
40436,1,1,1998,0,0,0,14,0,0,0,0,0,0
40437,1,1,1998,16,16,16,16,16,16,16,16,16,16
40438,1,1,1998,0,0,0,0,0,0,13,0,0,0
40438,2,1,1998,0,0,0,0,0,0,0,0,0,0
40439,0,1,1998,27,27,27,27,27,27,27,27,27,27
40439,1,1,1998,2,0,13,0,0,8,17,12,17,29
40440,1,1,1998,24,35,30,16,16,10,14,6,17,20
40441,1,1,1998,0,0,0,0,0,0,0,0,0,0
40441,2,1,1998,0,0,0,0,0,0,0,0,0,0
40442,1,1,1998,3,0,0,0,0,0,0,0,0,12
40442,2,1,1998,0,0,0,0,0,0,8,0,0,0
40443,0,1,1998,0,0,0,25,0,21,13,0,38,0
40443,1,1,1998,12,10,7,20,9,14,8,27,12,0
40444,1,1,1998,0,10,0,0,0,0,0,0,0,0
40445,1,1,1998,4,4,4,4,4,4,4,4,4,4
40446,1,1,1998,0,0,0,0,0,0,0,0,0,0
40446,2,1,1998,0,0,0,0,0,0,0,0,0,0
40446,3,1,1998,0,0,0,0,0,0,0,0,0,0
40447,0,1,1998,12,4,0,28,0,27,8,8,0,7
40447,1,1,1998,0,0,0,0,0,5,23,0,0,0
40448,1,1,1998,0,0,0,0,0,0,0,0,0,0
40448,2,1,1998,0,0,0,0,0,0,0,0,0,0
40449,1,1,1998,0,0,0,0,0,0,19,28,0,0
40450,1,1,1998,13,0,28,13,8,14,23,17,14,12
40451,0,1,1998,0,0,0,0,0,0,0,0,0,0
40451,1,1,1998,4,4,4,4,4,4,4,4,4,4
40452,1,1,1998,22,22,22,22,22,22,22,22,22,22
40453,1,1,1998,19,7,6,11,0,0,5,0,6,14
40454,1,1,1998,0,8,8,0,0,0,0,0,0,0
40454,2,1,1998,0,0,0,0,0,0,0,0,0,0
40455,1,1,1998,0,0,0,0,0,0,0,0,0,0
40456,1,1,1998,22,6,14,11,18,0,13,12,14,23
40456,2,1,1998,0,0,0,0,0,0,0,0,0,0
40457,0,1,1998,28,28,28,28,28,28,28,28,28,28
40457,1,1,1998,0,0,0,0,0,14,0,15,0,4
40458,1,1,1998,4,17,30,48,15,3,7,7,29,0
40459,1,1,1998,0,0,0,0,10,32,0,0,0,0
40460,1,3,1998,0,0,0,0,0,0,0,0,0,0
40461,1,1,1998,16,0,20,24,7,21,23,28,26,8
40462,1,1,1998,0,0,21,0,0,20,12,0,10,0
40463,1,2,1998,0,14,0,17,0,0,0,24,0,0
40464,1,1,1998,15,0,15,13,17,14,14,22,4,4
40464,2,1,1998,0,0,0,0,0,0,0,0,0,0
40465,1,1,1998,0,0,0,0,0,0,0,9,0,0
40466,1,1,1998,0,0,0,0,0,0,0,0,0,0
40467,1,1,1998,0,0,0,27,0,0,0,11,13,0
40468,1,1,1998,0,12,0,0,0,0,0,0,0,0
40468,2,1,1998,0,0,0,0,0,0,0,0,0,0
40469,1,1,1998,0,0,0,0,10,0,0,0,0,12
40471,1,1,1998,0,0,0,0,0,0,0,0,0,0
40471,2,1,1998,0,0,0,0,0,0,0,0,0,0
40472,1,1,1998,0,0,0,0,0,20,0,0,0,0
40472,2,1,1998,0,0,0,0,0,0,0,0,0,5
40473,1,1,1998,0,0,0,0,0,0,0,0,0,0
40473,2,1,1998,0,0,0,0,0,0,0,0,0,0
40474,1,1,1998,0,0,0,0,0,0,0,0,0,0
40474,2,1,1998,0,0,0,0,0,0,0,0,0,0
40475,1,1,1998,28,28,28,28,28,28,28,28,28,28
40476,1,1,1998,0,0,0,0,0,0,0,0,0,0
40476,2,1,1998,0,0,0,0,0,0,0,0,0,0
40476,3,1,1998,0,0,0,0,0,0,0,0,0,0
40477,1,1,1998,12,23,33,20,18,21,7,27,19,18
40478,1,1,1998,0,0,0,0,0,0,0,0,0,0
40478,2,1,1998,0,0,0,0,0,0,0,0,0,0
40479,0,1,1998,0,0,11,0,0,0,0,0,0,0
40479,1,1,1998,0,0,0,0,0,0,0,0,0,0
40480,1,1,1998,0,8,4,0,0,0,0,16,9,0
40481,1,1,1998,23,9,36,19,19,11,15,25,27,5
40481,2,1,1998,0,0,0,0,0,0,0,0,0,0
40482,1,1,1998,14,14,14,14,14,14,14,14,14,14
40482,2,1,1998,0,0,0,0,0,0,0,0,0,0
40483,1,1,1998,0,0,0,0,0,0,0,0,0,0
40483,2,1,1998,0,0,0,0,0,0,0,0,0,0
40484,0,1,1998,16,0,0,0,0,9,0,0,0,16
40484,1,1,1998,0,0,0,0,0,0,0,0,0,0
40485,1,1,1998,0,0,0,0,0,0,0,0,0,0
40486,1,1,1998,0,0,0,0,0,0,0,0,0,0
40487,0,1,1998,0,0,0,0,0,0,0,0,0,0
40487,1,1,1998,0,0,0,0,0,0,0,0,0,0
40488,1,1,1998,20,15,12,27,17,26,21,11,24,16
40489,1,1,1998,0,0,0,0,6,0,0,0,0,0
40490,1,1,1998,19,19,19,19,19,19,19,19,19,19
40490,2,1,1998,7,0,0,0,0,0,0,0,0,0
40490,3,1,1998,0,0,0,0,0,0,0,0,0,0
40491,1,1,1998,6,6,6,6,6,6,6,6,6,6
40492,1,1,1998,41,20,9,19,12,28,0,0,16,11
40493,1,1,1998,0,0,0,0,0,0,0,0,0,0
40493,2,1,1998,0,0,11,0,0,0,0,0,0,0
40493,3,1,1998,0,0,0,0,0,0,0,0,0,0
40494,1,1,1998,0,0,0,0,0,0,0,20,0,0
40494,2,1,1998,0,0,0,0,0,0,0,0,0,0
40495,1,1,1998,0,0,0,0,0,0,0,0,0,0
40495,2,1,1998,0,0,0,0,0,0,0,0,0,0
40495,3,1,1998,0,0,0,0,0,0,0,0,0,0
40496,1,1,1998,0,0,0,0,0,0,13,0,13,0
40496,2,1,1998,0,0,0,0,0,0,0,0,0,0
40496,3,1,1998,0,0,0,0,0,0,0,0,0,0
40496,4,1,1998,0,0,0,0,0,0,0,0,0,0
40497,0,1,1998,0,0,0,0,0,0,0,0,0,0
40497,1,1,1998,0,0,0,0,0,0,0,0,0,0
40498,1,1,1998,17,15,41,17,31,28,11,16,28,18
40499,0,1,1998,7,7,7,7,7,7,7,7,7,7
40499,1,1,1998,0,0,0,0,0,0,0,0,0,0
40500,0,1,1998,39,18,17,15,32,28,21,34,20,0
40500,0,2,1998,21,35,31,0,25,20,29,0,13,18
40500,0,3,1998,0,21,19,38,10,25,18,0,22,38
40500,1,1,1998,15,23,21,13,23,23,9,8,16,9
40501,1,1,1998,13,13,13,13,13,13,13,13,13,13
40502,1,1,1998,0,0,0,0,0,0,0,0,0,14
40503,1,1,1998,0,0,0,0,0,0,0,0,0,0
40503,2,1,1998,0,0,0,0,0,0,0,0,0,0
40504,1,1,1998,0,10,10,18,17,0,0,13,19,0
40505,1,1,1998,16,18,7,5,4,2,18,19,7,10
40506,1,1,1998,0,0,0,0,0,0,0,0,0,11
40507,0,1,1998,6,4,0,0,0,0,0,0,0,0
40507,1,1,1998,0,0,0,0,0,0,0,0,0,0
40508,1,1,1998,0,0,0,0,0,14,0,3,0,0
40509,1,1,1998,0,0,0,21,0,0,0,0,0,10
40510,1,1,1998,0,14,0,0,0,0,0,0,0,0
40510,2,1,1998,0,0,0,0,0,0,0,0,0,0
40510,3,1,1998,0,0,0,0,0,0,0,0,0,0
40511,1,1,1998,11,11,11,11,11,11,11,11,11,11
40512,1,1,1998,0,0,0,0,0,0,0,0,19,0
40512,2,1,1998,0,0,0,0,0,0,0,0,0,0
40513,1,1,1998,30,30,30,30,30,30,30,30,30,30
40513,2,1,1998,0,0,0,0,0,0,0,0,0,0
40514,1,1,1998,16,16,16,16,16,16,16,16,16,16
40514,2,1,1998,0,0,0,0,0,0,0,0,0,0
40515,1,1,1998,0,0,0,0,0,0,13,0,0,0
40515,2,1,1998,0,0,0,0,0,0,0,0,0,0
40515,3,1,1998,0,0,0,0,16,0,0,0,0,16
40516,1,1,1998,0,0,0,0,0,0,0,0,0,0
40517,1,1,1998,2,2,2,2,2,2,2,2,2,2
40517,2,1,1998,0,0,0,0,0,0,0,0,0,0
40518,1,1,1998,0,0,0,0,0,0,0,0,0,0
40518,2,1,1998,0,0,0,0,0,0,0,0,0,0
40519,1,1,1998,0,0,0,0,0,0,0,0,0,0
40519,2,1,1998,0,0,0,0,0,0,0,0,0,0
40520,0,1,1998,8,8,8,8,8,8,8,8,8,8
40520,1,1,1998,0,0,0,0,0,0,0,0,0,0
40521,1,1,1998,10,23,0,0,0,12,0,0,22,28
40522,1,1,1998,24,3,6,11,20,8,13,11,18,23
40523,1,1,1998,0,0,22,22,0,0,16,26,14,13
40524,1,1,1998,0,0,0,0,13,0,0,19,0,0
40525,1,1,1998,0,0,20,0,0,0,15,0,8,0
40526,1,2,1998,0,9,0,24,0,13,0,3,0,18
40527,1,1,1998,0,0,0,0,0,0,0,0,0,0
40528,1,1,1998,19,19,19,19,19,19,19,19,19,19
40529,1,1,1998,0,0,0,0,0,0,0,0,0,0
40530,0,1,1998,0,0,0,0,0,0,0,0,0,0
40530,1,1,1998,0,0,0,0,0,0,0,0,0,0
40531,1,1,1998,0,0,0,0,0,0,0,0,0,0
40532,1,1,1998,0,0,0,0,0,0,0,6,9,17
40532,2,1,1998,0,21,0,14,22,19,0,0,0,15
40532,3,1,1998,0,0,0,0,0,0,0,0,0,0
40533,1,1,1998,0,0,0,0,0,0,0,0,0,0
40534,1,1,1998,0,0,0,0,0,0,0,0,0,0
40534,2,1,1998,0,0,0,0,0,0,0,0,0,0
40535,1,1,1998,0,0,0,0,0,0,0,0,0,0
40535,2,1,1998,0,0,0,0,0,0,0,0,0,0
40535,3,1,1998,0,0,0,0,0,0,21,0,0,0
40536,0,1,1998,44,0,10,13,8,30,22,22,27,25
40536,1,1,1998,0,0,0,0,19,0,0,0,0,0
40537,1,1,1998,0,12,0,0,12,0,0,12,0,21
40538,0,1,1998,8,19,27,26,19,19,23,10,14,14
40538,1,1,1998,9,0,0,0,8,14,6,11,4,12
40539,1,1,1998,20,23,16,8,11,18,7,13,10,21
40540,1,1,1998,0,0,0,0,0,0,0,0,0,0
40540,2,1,1998,0,0,0,0,0,0,0,0,0,0
40541,0,1,1998,1,1,1,1,1,1,1,1,1,1
40541,1,1,1998,0,0,0,0,0,0,0,0,0,0
40542,1,1,1998,0,0,0,0,0,0,0,0,0,0
40542,2,1,1998,0,0,0,0,0,0,0,0,0,0
40543,1,1,1998,0,8,20,4,6,10,7,4,13,0
40543,2,1,1998,17,17,17,17,17,17,17,17,17,17
40544,0,1,1998,29,29,29,29,29,29,29,29,29,29
40544,1,1,1998,0,0,16,0,0,0,0,0,0,0
40545,1,1,1998,18,15,19,0,26,15,2,26,0,13
40546,1,1,1998,0,21,0,0,20,0,28,0,0,0
40546,2,1,1998,0,0,0,0,0,0,0,0,0,0
40547,1,1,1998,0,0,0,0,0,0,0,0,0,0
40547,2,1,1998,0,0,0,0,0,0,0,0,0,0
40548,1,1,1998,18,7,21,19,39,17,0,4,4,17
40549,0,1,1998,16,16,16,16,16,16,16,16,16,16
40549,1,1,1998,0,0,0,0,0,4,8,0,0,0
40550,0,1,1998,0,0,0,0,0,0,0,0,0,0
40550,1,1,1998,0,0,0,0,0,0,0,0,0,0
40551,1,1,1998,0,0,0,0,0,0,0,0,0,0
40551,2,1,1998,0,0,0,0,0,0,0,0,0,0
40551,3,1,1998,0,0,0,0,0,0,0,0,0,0
40552,1,1,1998,0,0,0,0,0,0,0,0,0,0
40552,2,1,1998,2,2,2,2,2,2,2,2,2,2
40553,1,1,1998,14,15,16,15,21,12,23,26,11,20
40554,1,1,1998,0,0,0,0,0,0,0,0,0,0
40555,1,1,1998,0,0,0,0,0,0,0,0,0,0
40556,1,1,1998,0,0,0,0,0,0,0,6,0,0
40556,2,1,1998,28,23,0,0,0,0,0,0,0,0
40557,1,1,1998,0,0,0,0,0,0,0,0,0,0
40557,2,1,1998,0,0,0,0,0,0,0,0,0,0
40557,3,1,1998,0,0,0,0,0,0,0,0,0,0
40558,1,1,1998,0,0,0,0,0,0,0,0,0,0
40558,2,1,1998,0,0,0,0,0,0,0,0,0,0
40559,1,1,1998,0,0,0,0,22,0,0,0,0,0
40559,2,1,1998,0,0,0,0,0,0,0,0,0,0
40560,1,1,1998,12,16,30,10,21,11,16,9,13,10
40561,1,1,1998,17,17,17,17,17,17,17,17,17,17
40562,1,1,1998,0,0,0,0,0,0,0,0,0,0
40563,1,1,1998,12,5,34,22,6,0,20,0,6,37
40564,1,1,1998,0,15,18,6,16,13,14,9,8,23
40564,2,1,1998,0,0,0,0,0,0,0,0,0,0
40564,3,1,1998,0,0,0,0,0,0,0,0,0,0
40565,2,1,1998,0,0,0,0,0,0,0,0,0,0
40566,1,1,1998,0,0,0,0,0,0,0,0,0,0
40566,2,1,1998,0,0,0,0,0,0,0,0,5,0
40567,1,1,1998,12,30,24,11,20,10,21,13,26,3
40568,1,1,1998,0,0,0,0,0,0,0,0,0,0
40569,1,1,1998,0,0,0,0,0,0,0,0,0,15
40569,2,1,1998,0,41,0,0,0,0,0,0,0,0
40569,3,1,1998,0,0,0,10,0,0,0,3,17,0
40570,1,1,1998,32,0,4,9,15,0,0,0,0,0
40571,0,1,1998,0,0,0,0,0,0,0,0,0,0
40571,1,1,1998,0,0,0,0,0,0,0,0,0,0
40572,1,1,1998,0,0,0,0,0,0,0,0,0,0
40572,2,1,1998,0,0,0,0,0,0,0,0,0,0
40573,1,1,1998,0,0,0,0,0,0,0,0,0,0
40573,2,1,1998,0,0,0,0,0,0,0,0,0,0
40574,1,1,1998,0,0,0,0,0,0,0,0,0,0
40574,2,1,1998,0,0,0,0,0,0,0,0,0,0
40575,0,1,1998,0,0,0,0,0,0,0,0,0,0
40575,0,2,1998,0,17,0,22,0,13,0,10,0,0
40575,0,3,1998,0,0,17,0,20,4,22,0,0,0
40575,1,1,1998,0,0,0,0,0,0,0,0,0,0
40576,1,1,1998,4,9,0,8,13,0,23,12,0,0
40577,1,1,1998,0,0,0,0,0,0,0,0,0,0
40577,2,1,1998,0,0,0,11,0,0,0,0,0,0
40578,1,1,1998,0,0,0,0,0,3,0,0,0,0
40579,0,1,1998,25,0,20,0,24,7,21,11,5,8
40579,1,1,1998,0,0,0,0,0,0,0,0,0,0
40580,1,1,1998,0,0,0,0,0,0,0,0,0,0
40581,1,1,1998,0,0,0,0,0,0,0,0,0,0
40582,1,1,1998,6,18,22,19,0,15,13,18,3,24
40582,2,1,1998,16,17,16,24,10,15,16,20,21,21
40583,1,1,1998,0,0,0,0,0,0,0,0,0,0
40583,2,1,1998,0,0,0,0,0,0,0,0,0,0
40584,1,1,1998,0,0,0,0,0,0,0,0,0,0
40584,2,1,1998,0,0,0,0,0,0,0,0,0,0
40585,1,1,1998,32,15,37,6,0,14,5,7,24,16
40586,1,1,1998,15,15,15,15,15,15,15,15,15,15
40587,0,1,1998,0,0,0,0,0,0,0,0,0,0
40587,1,1,1998,0,0,0,0,0,0,0,0,0,0
40588,1,1,1998,0,9,0,0,0,0,0,0,0,0
40589,1,1,1998,0,0,0,0,0,0,7,24,0,0
40590,1,2,1998,0,10,12,27,2,13,0,18,17,0
40591,1,1,1998,0,0,0,0,0,0,0,0,0,0
40591,2,1,1998,0,0,0,0,0,0,0,0,0,0
40592,1,1,1998,0,0,0,0,0,0,0,0,0,0
40592,2,1,1998,0,0,0,0,0,0,0,0,0,0
40593,1,1,1998,0,0,0,0,0,0,0,0,0,0
40593,2,1,1998,0,0,0,0,0,0,0,0,0,0
40594,1,1,1998,0,0,0,0,0,0,0,0,0,0
40594,2,1,1998,3,3,3,3,3,3,3,3,3,3
40595,1,1,1998,18,18,18,18,18,18,18,18,18,18
40596,1,1,1998,0,0,0,0,0,0,0,0,0,0
40596,2,1,1998,0,17,0,0,0,0,0,0,20,0
40597,1,1,1998,0,0,0,0,0,0,0,0,0,0
40598,1,1,1998,0,0,0,0,0,0,0,0,0,0
40598,2,1,1998,0,0,0,0,0,0,0,0,0,0
40599,1,1,1998,0,0,0,0,0,0,0,0,0,0
40599,2,1,1998,0,0,0,0,0,0,0,0,0,0
40600,1,1,1998,0,0,0,0,0,0,0,0,0,0
40600,2,1,1998,22,22,22,22,22,22,22,22,22,22
40601,0,1,1998,25,25,25,25,25,25,25,25,25,25
40601,1,1,1998,0,0,7,0,0,0,0,0,0,10
40602,0,1,1998,0,0,0,0,0,0,0,0,0,0
40602,1,1,1998,0,0,0,0,0,0,0,0,0,0
40603,1,1,1998,26,27,31,26,12,10,17,0,22,22
40603,2,1,1998,0,0,0,0,0,0,0,0,0,0
40604,1,1,1998,0,0,0,0,0,0,0,0,0,0
40605,1,1,1998,17,17,17,17,17,17,17,17,17,17
40605,2,1,1998,0,0,0,0,0,0,0,0,0,0
40606,1,1,1998,0,0,0,0,6,0,0,0,0,0
40606,2,1,1998,0,0,0,0,0,0,0,0,0,0
40606,3,1,1998,0,0,0,0,0,0,0,0,0,0
40607,1,1,1998,10,0,18,0,0,0,0,0,0,0
40607,2,1,1998,0,0,0,0,0,0,0,0,0,0
40608,0,1,1998,15,15,15,15,15,15,15,15,15,15
40608,1,1,1998,12,16,7,0,28,16,0,16,0,14
40609,0,1,1998,25,25,25,25,25,25,25,25,25,25
40609,1,1,1998,11,8,3,9,21,25,16,7,16,0
40610,1,1,1998,8,10,15,23,0,17,37,12,27,27
40610,2,1,1998,0,0,0,0,0,0,0,0,0,0
40611,1,1,1998,0,0,0,0,0,0,0,0,0,0
40611,2,1,1998,0,0,0,0,0,26,0,0,0,0
40611,3,1,1998,0,0,0,0,0,0,0,0,0,25
40612,1,1,1998,14,14,14,14,14,14,14,14,14,14
40612,2,1,1998,0,0,0,0,0,0,0,0,0,0
40612,3,1,1998,0,0,9,0,0,0,0,20,0,0
40613,1,1,1998,22,22,22,22,22,22,22,22,22,22
40613,2,1,1998,0,0,0,21,0,0,0,13,0,14
40614,1,1,1998,0,0,0,0,0,0,0,0,0,0
40614,2,1,1998,0,0,0,0,0,0,0,0,0,0
40614,3,1,1998,0,0,0,0,0,0,0,0,0,0
40615,0,1,1998,11,0,13,25,0,15,23,0,10,8
40615,1,1,1998,0,0,0,0,5,0,0,15,0,3
40616,1,1,1998,2,2,2,2,2,2,2,2,2,2
40617,1,1,1998,0,0,0,0,0,11,0,6,0,0
40618,0,1,1998,0,0,0,0,0,0,0,0,0,0
40618,1,1,1998,0,0,0,0,0,0,0,0,0,0
40619,0,1,1998,0,0,0,0,0,0,0,0,0,0
40619,1,1,1998,0,0,0,0,0,0,0,0,10,13
40620,1,1,1998,14,0,24,28,36,28,22,30,10,13
40621,0,1,1998,18,15,29,26,12,24,20,8,8,29
40621,1,1,1998,11,22,14,5,12,21,3,27,23,16
40622,1,1,1998,17,18,19,11,0,7,22,23,24,0
40622,2,1,1998,0,8,0,0,0,0,0,0,0,0
40623,0,1,1998,34,34,34,34,34,34,34,34,34,34
40623,1,1,1998,0,0,0,0,7,0,0,15,0,0
40623,2,1,1998,0,13,0,8,16,31,0,0,0,0
40624,0,1,1998,9,9,9,9,9,9,9,9,9,9
40624,1,1,1998,35,16,20,8,0,27,32,16,0,23
40625,1,1,1998,0,0,0,0,0,0,0,0,0,0
40626,1,1,1998,0,0,0,0,0,0,0,0,0,0
40626,2,1,1998,0,0,0,0,0,0,0,0,0,0
40626,3,1,1998,0,0,0,0,0,0,0,0,0,0
40627,0,1,1998,0,0,0,0,0,0,0,0,0,0
40627,1,1,1998,0,0,0,0,0,0,0,0,0,0
40628,0,1,1998,0,0,0,0,0,0,0,0,0,0
40628,1,1,1998,9,6,8,8,2,11,22,8,26,10
40629,1,1,1998,0,0,0,0,0,0,0,0,0,0
40630,0,1,1998,12,12,12,12,12,12,12,12,12,12
40630,1,1,1998,0,0,0,0,0,0,0,0,0,0
40631,0,1,1998,0,0,0,0,0,0,0,0,0,0
40631,0,2,1998,0,22,15,0,0,0,17,0,4,25
40631,1,1,1998,5,19,23,15,18,25,8,5,9,5
40632,1,1,1998,11,0,0,0,0,0,0,0,0,3
40632,2,1,1998,0,7,0,0,0,0,0,0,0,0
40633,1,1,1998,0,0,0,0,0,0,0,0,0,0
40633,2,1,1998,0,0,0,0,0,2,0,0,0,0
40634,1,1,1998,20,25,12,10,26,23,14,29,23,17
40634,2,1,1998,0,0,0,0,0,0,0,0,0,0
40635,1,1,1998,0,0,0,0,0,0,0,0,0,0
40636,1,1,1998,0,0,8,0,0,0,3,0,0,0
40637,1,1,1998,0,0,0,0,0,0,0,0,0,0
40637,2,1,1998,0,0,0,0,0,0,0,0,0,0
40638,1,1,1998,0,0,0,0,0,0,0,0,0,0
40639,0,1,1998,0,0,0,0,0,0,0,0,0,0
40639,0,2,1998,0,0,0,15,0,0,0,0,0,0
40639,1,1,1998,0,0,0,18,0,0,0,0,0,0
40639,2,1,1998,0,0,0,0,0,0,0,0,0,0
40640,1,1,1998,0,0,0,0,0,0,0,0,0,0
40640,2,1,1998,0,0,0,0,0,0,0,0,0,0
40641,1,1,1998,0,0,0,0,0,0,0,0,0,0
40641,2,1,1998,0,0,0,0,0,0,0,0,0,0
40641,3,1,1998,0,0,0,0,0,0,0,0,0,0
40641,4,1,1998,0,0,0,0,0,0,0,0,0,0
40642,1,1,1998,0,0,0,0,0,0,0,0,0,0
40642,2,1,1998,10,10,10,10,10,10,10,10,10,10
40643,1,1,1998,7,15,17,18,15,24,12,23,22,17
40643,2,1,1998,0,0,0,0,0,0,0,0,0,0
40644,1,1,1998,34,14,13,24,11,33,21,15,24,24
40644,2,1,1998,53,31,2,33,20,19,40,15,11,24
40645,1,1,1998,10,7,0,0,0,0,0,23,0,7
40646,0,1,1998,0,0,0,0,0,0,0,0,0,0
40646,0,2,1998,0,0,0,0,6,0,0,0,0,0
40646,1,1,1998,0,0,0,0,0,0,0,0,0,0
40646,2,1,1998,0,0,27,0,0,0,0,0,0,0
40647,1,1,1998,9,0,5,18,0,0,0,13,15,17
40648,1,1,1998,0,0,0,0,0,0,0,0,0,0
40648,2,1,1998,0,0,0,0,0,0,0,0,0,0
40649,1,1,1998,19,19,19,19,19,19,19,19,19,19
40650,1,1,1998,0,0,0,0,2,0,0,0,0,0
40651,0,1,1998,59,32,5,28,33,11,19,18,27,33
40651,1,1,1998,0,0,0,0,0,0,0,0,0,0
40652,1,1,1998,0,0,0,0,0,0,0,0,0,0
40652,2,1,1998,15,0,0,0,0,0,0,0,0,0
40653,0,1,1998,0,27,13,0,0,29,0,0,34,21
40653,1,1,1998,0,0,0,0,0,0,0,0,0,0
40654,1,1,1998,0,0,0,0,0,0,0,0,0,0
40654,2,1,1998,0,0,0,0,0,0,0,0,0,0
40655,1,1,1998,0,17,0,0,0,4,19,0,0,0
40655,2,1,1998,0,0,0,0,0,0,0,0,0,0
40656,1,1,1998,0,0,0,0,0,0,0,0,0,0
40656,2,1,1998,7,7,7,7,7,7,7,7,7,7
40657,0,1,1998,0,0,17,0,0,0,0,0,0,0
40657,1,1,1998,0,0,0,0,0,0,0,0,0,0
40658,1,1,1998,0,0,0,0,0,0,0,0,0,22
40658,2,1,1998,0,0,0,0,0,0,0,0,0,0
40659,1,1,1998,0,0,13,0,0,0,3,0,0,0
40660,1,1,1998,0,0,0,0,0,0,7,0,0,0
40660,2,1,1998,9,6,15,26,9,7,10,0,4,19
40661,0,1,1998,0,17,0,0,13,0,0,0,0,0
40661,1,1,1998,0,0,0,0,0,9,0,0,0,0
40662,0,1,1998,0,0,0,0,0,0,0,0,0,0
40662,1,1,1998,0,0,0,0,0,0,11,0,10,0
40663,1,1,1998,0,0,0,0,0,0,0,0,0,0
40663,2,1,1998,0,0,0,0,0,0,0,0,0,0
40664,1,1,1998,0,0,0,0,0,0,0,0,0,0
40665,0,1,1998,25,25,25,25,25,25,25,25,25,25
40665,1,1,1998,0,0,0,0,0,0,0,0,0,0
40666,1,1,1998,0,0,0,0,0,0,0,0,0,0
40666,2,1,1998,0,0,0,10,0,0,12,16,13,0
40666,3,1,1998,0,0,0,0,0,0,0,0,0,0
40667,2,1,1998,2,2,2,2,2,2,2,2,2,2
40668,1,1,1998,5,4,5,9,8,4,16,20,13,6
40668,2,1,1998,0,0,0,0,0,0,0,0,0,0
40669,1,1,1998,0,0,0,0,0,0,0,0,0,0
40670,0,1,1998,29,29,29,29,29,29,29,29,29,29
40670,1,1,1998,0,7,0,9,0,0,0,0,0,24
40671,1,1,1998,0,0,0,0,0,0,0,0,0,0
40672,0,1,1998,0,0,0,0,0,0,0,0,0,0
40672,1,1,1998,0,0,0,0,0,0,0,0,0,0
40673,1,1,1998,22,20,25,5,11,16,16,10,0,15
40673,2,1,1998,0,0,0,0,0,0,0,0,0,0
40674,1,1,1998,0,0,0,0,0,0,0,0,0,0
40675,1,1,1998,17,24,26,21,0,0,8,19,0,0
40676,1,1,1998,0,0,15,0,0,0,0,0,0,0
40677,1,1,1998,26,26,26,26,26,26,26,26,26,26
40677,2,1,1998,0,0,0,0,0,0,0,0,0,0
40678,0,1,1998,0,0,0,46,0,23,0,27,0,31
40678,1,1,1998,0,0,0,0,0,0,0,0,0,0
40679,0,1,1998,11,11,11,11,11,11,11,11,11,11
40679,1,1,1998,15,0,14,5,18,0,11,7,15,13
40680,1,1,1998,0,0,0,0,0,0,0,0,0,0
40681,1,1,1998,0,0,0,0,0,0,0,0,0,0
40681,2,1,1998,17,0,0,0,0,0,0,0,0,0
40682,0,1,1998,0,0,0,35,0,9,24,0,0,8
40682,1,1,1998,0,0,0,0,0,0,0,0,0,0
40682,2,1,1998,0,0,0,0,0,0,0,0,0,0
40683,1,1,1998,0,0,0,0,0,0,0,0,0,0
40684,1,1,1998,0,0,0,0,0,0,0,0,0,0
40685,1,1,1998,16,12,26,9,10,26,16,18,11,8
40686,0,1,1998,21,21,21,21,21,21,21,21,21,21
40686,1,1,1998,0,0,0,0,0,0,0,0,0,0
40687,1,1,1998,19,13,16,26,25,28,14,22,8,0
40687,2,1,1998,0,0,0,0,0,0,0,0,0,0
40687,3,1,1998,0,0,0,0,0,0,0,0,0,0
40687,4,1,1998,0,0,0,0,0,0,0,0,0,0
40688,1,1,1998,17,11,14,17,15,8,0,7,21,3
40688,2,1,1998,0,0,0,0,0,0,0,0,0,0
40688,3,1,1998,0,0,0,0,0,0,0,0,0,0