ST_CASE,VEH_NO,PER_NO,YEAR,P1,P2,P3,P4,P5,P6,P7,P8,P9,P10
40689,1,1,1998,22,8,17,25,0,14,9,15,0,18
40689,2,1,1998,17,17,17,17,17,17,17,17,17,17
40690,1,1,1998,2,2,2,2,2,2,2,2,2,2
40691,1,1,1998,0,0,0,0,0,0,0,0,0,0
40692,0,1,1998,0,18,0,0,13,12,30,0,29,31
40692,0,2,1998,0,8,10,7,0,0,14,0,32,0
40692,1,1,1998,23,23,23,23,23,23,23,23,23,23
40693,0,1,1998,0,0,0,0,0,0,0,0,0,0
40693,1,1,1998,0,0,0,0,0,0,7,0,0,0
40694,1,1,1998,0,0,0,0,0,0,0,0,0,0
40694,2,1,1998,0,0,0,0,0,0,0,0,0,0
40695,1,1,1998,0,0,0,0,0,0,0,0,0,0
40695,2,1,1998,0,0,0,0,0,0,9,0,0,0
40696,1,1,1998,30,30,30,30,30,30,30,30,30,30
40697,1,1,1998,6,0,17,0,15,3,0,16,13,5
40697,2,1,1998,34,12,27,32,24,10,28,16,18,0
40698,1,1,1998,0,0,0,0,0,0,0,0,0,0
40698,2,1,1998,1,1,1,1,1,1,1,1,1,1
40699,0,1,1998,31,14,0,13,0,7,26,16,0,0
40699,1,1,1998,0,0,0,0,0,0,0,0,0,0
40700,0,1,1998,22,22,22,22,22,22,22,22,22,22
40700,1,1,1998,0,0,0,0,13,0,8,0,0,0
40701,1,1,1998,0,0,0,0,0,0,0,0,0,0
40701,2,1,1998,0,0,0,0,0,0,0,0,0,0
40702,1,1,1998,22,22,22,22,22,22,22,22,22,22
40703,0,1,1998,16,16,16,16,16,16,16,16,16,16
40703,1,1,1998,0,21,29,23,13,11,19,5,3,18
40704,1,1,1998,0,0,0,0,0,0,0,0,0,0
40704,2,1,1998,0,0,0,0,0,0,0,0,0,0
40705,1,1,1998,0,0,0,0,0,0,0,0,0,0
40706,0,1,1998,0,0,0,0,0,0,0,0,0,0
40706,1,1,1998,0,0,0,0,0,0,0,0,0,0
40707,1,1,1998,0,0,0,0,0,0,0,0,0,0
40708,1,1,1998,25,14,12,9,0,35,4,13,5,6
40708,2,1,1998,0,0,0,0,0,0,0,0,0,0
40709,1,1,1998,9,29,4,19,24,0,3,10,31,26
40710,1,1,1998,16,16,16,16,16,16,16,16,16,16
40710,2,1,1998,24,0,0,9,0,0,5,0,0,0
40710,3,1,1998,0,0,0,0,0,0,0,0,0,0
40711,1,1,1998,0,0,0,0,0,0,0,0,0,0
40712,1,1,1998,32,32,32,32,32,32,32,32,32,32
40712,2,1,1998,0,0,0,0,0,0,0,0,0,0
40713,1,1,1998,0,0,0,0,21,0,6,0,0,0
40714,0,1,1998,0,0,0,0,0,0,0,0,0,28
40714,1,1,1998,0,0,0,0,0,0,0,0,0,0
40715,1,1,1998,0,0,0,0,0,0,0,0,0,0
40716,0,1,1998,0,0,0,27,0,25,0,0,0,0
40716,1,1,1998,0,0,0,0,0,0,0,0,0,0
40717,1,1,1998,0,0,0,0,0,0,0,0,0,0
40718,1,1,1998,4,4,4,4,4,4,4,4,4,4
40718,2,1,1998,0,0,0,0,0,0,0,0,0,0
40719,1,1,1998,0,0,0,0,0,0,0,0,0,0
40720,1,1,1998,0,0,0,0,0,0,0,0,0,0
40721,1,1,1998,18,24,0,10,0,3,9,5,14,15
40722,1,1,1998,0,0,0,0,0,0,0,22,0,9
40723,1,1,1998,0,0,0,0,20,0,0,0,0,0
40723,2,1,1998,0,0,0,0,0,0,0,0,0,0
40724,1,1,1998,0,0,0,0,0,0,0,0,0,0
40724,2,1,1998,0,0,0,0,0,0,0,0,0,0
40724,3,1,1998,0,0,0,0,0,0,0,0,0,0
40724,4,1,1998,0,0,0,0,0,0,0,0,0,0
40725,1,1,1998,22,11,8,27,14,10,33,15,31,13
40725,2,1,1998,12,0,0,0,0,0,0,0,0,0
40726,1,1,1998,0,0,0,0,0,0,0,0,0,0
40727,1,1,1998,0,21,13,6,0,15,31,16,12,0
40727,2,1,1998,0,2,0,0,9,8,0,0,0,0
40728,1,1,1998,0,0,0,0,0,0,0,9,0,0
40729,1,1,1998,0,0,0,0,0,0,0,0,0,0
40729,2,1,1998,0,0,0,0,0,0,0,0,0,0
40730,1,1,1998,0,0,0,0,0,0,0,0,14,16
40730,2,1,1998,0,0,0,0,0,0,0,18,0,0
40731,1,1,1998,0,0,0,0,0,0,0,0,0,0
40731,2,1,1998,0,0,0,0,0,0,0,0,0,0
40731,3,1,1998,0,0,0,0,0,0,0,0,0,0
40732,1,1,1998,0,0,0,0,16,18,0,5,20,8
40732,2,1,1998,0,0,0,0,0,0,0,0,0,0
40733,1,1,1998,0,0,0,0,0,0,0,0,0,0
40733,2,1,1998,0,0,0,0,0,0,8,0,0,0
40734,1,1,1998,0,0,0,0,0,0,0,0,0,0
40734,2,1,1998,0,0,9,0,0,0,0,16,0,0
40734,3,1,1998,0,0,0,0,0,0,0,0,0,0
40735,1,1,1998,10,11,3,23,21,7,10,23,22,11
40735,2,1,1998,0,0,0,0,0,0,0,0,0,0
40736,0,1,1998,0,0,0,0,0,0,0,0,0,0
40736,2,1,1998,0,0,0,0,0,0,0,0,0,0
40737,1,1,1998,15,0,0,14,0,0,0,0,0,0
40738,0,1,1998,0,0,0,0,0,0,5,0,9,0
40738,1,1,1998,0,0,0,0,0,0,0,0,0,0
40739,1,1,1998,0,0,0,0,0,0,0,0,0,0
40740,0,1,1998,21,21,21,21,21,21,21,21,21,21
40740,1,1,1998,0,0,0,0,0,0,0,0,0,0
40741,1,1,1998,0,12,0,0,0,27,9,20,19,0
40742,0,1,1998,34,34,34,34,34,34,34,34,34,34
40742,1,1,1998,0,0,0,0,0,0,0,0,0,0
40743,1,1,1998,0,0,0,0,0,0,0,0,0,0
40743,2,1,1998,0,0,0,0,0,0,0,0,0,0
40743,3,1,1998,0,0,0,0,0,0,0,0,0,0
40744,1,1,1998,0,0,0,0,0,0,0,0,0,0
40744,2,1,1998,0,0,0,0,0,0,0,0,0,0
40745,0,2,1998,0,0,0,0,6,0,0,17,27,14
40745,0,3,1998,0,19,0,0,0,0,13,10,0,0
40745,1,1,1998,16,16,16,16,16,16,16,16,16,16
40746,1,1,1998,0,0,0,0,0,0,0,0,0,0
40747,1,1,1998,21,26,32,12,0,12,25,0,23,14
40748,1,1,1998,9,20,0,13,6,13,21,6,12,15
40748,2,1,1998,0,0,16,0,0,0,18,0,0,8
40749,0,1,1998,11,11,11,11,11,11,11,11,11,11
40749,1,1,1998,0,0,0,0,0,0,0,0,23,0
40750,1,1,1998,0,0,0,0,0,0,0,20,0,0
40751,1,1,1998,0,0,0,0,0,0,0,0,0,0
40751,2,1,1998,0,0,0,0,0,0,0,25,0,0
40752,1,1,1998,0,0,0,0,0,0,0,0,0,0
40752,2,1,1998,0,12,0,0,0,0,0,0,0,0
40752,3,1,1998,0,0,7,11,0,0,0,0,0,0
40753,1,1,1998,18,18,18,18,18,18,18,18,18,18
40754,1,1,1998,0,0,0,0,9,8,35,0,0,0
40754,2,1,1998,0,0,0,0,0,0,0,0,0,0
40755,0,1,1998,25,25,25,25,25,25,25,25,25,25
40755,1,1,1998,23,0,0,0,0,0,0,0,0,0
40756,0,1,1998,20,21,8,18,17,15,21,28,29,24
40756,1,1,1998,0,0,0,0,0,0,0,0,0,0
40757,1,1,1998,0,0,0,0,0,0,0,0,0,0
40757,2,1,1998,0,0,0,0,0,0,0,0,0,0
40758,1,1,1998,0,0,17,0,0,0,0,0,0,0
40759,1,1,1998,0,0,0,0,0,0,0,0,0,1
40759,2,1,1998,0,0,0,0,0,0,0,0,0,0
40760,0,1,1998,0,0,0,0,0,0,0,0,0,0
40760,1,1,1998,0,0,0,0,0,0,0,0,0,0
40761,1,1,1998,9,10,13,15,9,16,10,11,22,26
40762,1,1,1998,0,0,0,0,0,0,0,0,0,0
40763,0,1,1998,0,0,0,0,0,0,0,0,0,0
40763,1,1,1998,0,0,0,0,0,0,0,0,0,0
40764,1,1,1998,0,0,0,0,0,0,0,0,0,0
40764,2,1,1998,0,0,0,0,0,0,0,0,0,0
40765,1,1,1998,0,11,16,13,17,25,13,30,14,19
40765,2,1,1998,0,0,0,0,0,0,0,0,0,0
40766,1,1,1998,0,0,0,5,0,0,0,0,0,0
40767,1,1,1998,0,0,0,0,0,0,0,0,0,0
40767,2,1,1998,0,0,0,0,0,0,0,0,0,0
40768,1,1,1998,24,20,20,11,18,22,12,9,13,25
40769,1,1,1998,0,11,0,0,0,0,0,0,0,15
40769,2,1,1998,3,9,10,16,22,6,9,25,7,27
40769,3,1,1998,0,0,0,0,0,0,0,0,0,0
40770,1,1,1998,0,0,0,0,0,0,0,0,0,0
40771,1,1,1998,0,0,0,0,0,0,0,0,0,0
40771,2,1,1998,0,0,0,0,0,0,0,0,0,0
40772,0,1,1998,23,0,23,14,16,24,15,16,17,33
40772,1,1,1998,15,20,22,10,37,18,16,12,17,15
40773,1,1,1998,0,0,0,0,0,0,0,0,0,0
40773,2,1,1998,0,0,0,6,0,4,0,0,0,0
40773,3,1,1998,0,0,0,0,0,0,0,0,0,0
40773,4,1,1998,0,0,0,17,0,0,0,0,0,14
40774,1,1,1998,0,0,0,0,0,0,0,0,0,0
40775,1,1,1998,0,0,0,0,0,0,0,0,0,0
40775,2,1,1998,0,0,0,0,0,0,0,0,0,0
40776,1,1,1998,0,0,0,0,0,0,0,0,0,0
40777,1,1,1998,9,11,10,10,4,18,6,17,10,10
40777,2,1,1998,0,0,0,0,0,0,0,0,0,0
40778,1,1,1998,7,5,26,24,8,0,4,0,0,15
40778,2,1,1998,0,0,0,0,0,0,0,0,0,0
40779,1,1,1998,0,0,0,0,0,0,0,0,0,0
40780,1,1,1998,0,0,0,0,0,0,0,0,0,0
40781,0,1,1998,0,0,0,0,0,0,0,0,0,0
40781,1,1,1998,23,23,23,23,23,23,23,23,23,23
40782,1,1,1998,19,0,22,17,21,18,19,23,22,14
40783,0,1,1998,1,1,1,1,1,1,1,1,1,1
40783,1,1,1998,7,16,7,3,0,13,11,24,13,4
40784,1,1,1998,12,12,12,12,12,12,12,12,12,12
40784,2,1,1998,0,0,0,0,0,0,0,0,0,0
40785,1,1,1998,0,4,0,0,0,11,0,26,14,3
40785,2,1,1998,0,0,0,0,0,5,0,0,0,0
40786,1,1,1998,12,8,7,10,9,12,22,16,10,10
40787,1,2,1998,0,0,0,0,4,7,5,17,5,12
40788,1,2,1998,0,0,28,0,0,11,14,0,0,4
40789,1,1,1998,0,12,0,4,22,14,15,15,0,7
40790,1,1,1998,32,22,25,14,25,19,17,14,28,1
40790,2,1,1998,0,0,0,0,0,0,0,0,0,0
40791,1,1,1998,0,0,0,0,0,0,0,0,0,0
40791,2,1,1998,0,0,0,0,0,0,0,0,0,0
40792,1,1,1998,19,19,19,19,19,19,19,19,19,19
40792,2,1,1998,0,0,0,0,0,0,0,0,0,0
40793,1,1,1998,0,0,0,0,0,0,0,0,0,0
40794,1,1,1998,0,0,0,0,0,0,0,0,0,0
40794,2,1,1998,0,0,0,10,0,0,0,0,0,0
40795,1,1,1998,0,0,0,0,0,0,0,0,0,0
40795,2,1,1998,24,14,27,44,10,21,0,11,23,18
40796,1,1,1998,18,20,18,39,16,0,18,23,17,29
40798,1,1,1998,0,0,0,0,0,0,0,0,0,0
40798,2,1,1998,0,0,0,0,0,0,0,0,0,0
40800,1,1,1998,12,12,12,12,12,12,12,12,12,12
40801,1,1,1998,10,10,10,10,10,10,10,10,10,10
40802,0,1,1998,22,22,22,22,22,22,22,22,22,22
40802,1,1,1998,0,0,0,0,0,0,0,0,0,0
40803,0,1,1998,14,14,14,14,14,14,14,14,14,14
40803,1,1,1998,20,0,0,8,0,0,0,0,0,0
40804,1,1,1998,0,0,0,0,0,0,0,0,0,0
40805,1,1,1998,0,14,9,9,0,12,8,5,6,11
40806,1,1,1998,13,13,13,13,13,13,13,13,13,13
40806,2,1,1998,0,0,0,0,0,0,0,0,0,0
40807,1,1,1998,17,0,17,10,10,0,26,18,23,5
40807,2,1,1998,0,0,0,0,0,0,0,0,0,0
40808,1,1,1998,5,0,0,9,22,0,0,0,0,3
40809,1,1,1998,3,0,0,0,0,0,0,0,0,0
40809,2,1,1998,7,7,7,7,7,7,7,7,7,7
40810,1,1,1998,0,0,0,0,0,0,0,0,0,0
40810,2,1,1998,13,13,13,13,13,13,13,13,13,13
40811,0,1,1998,0,26,0,13,25,37,10,15,16,0
40811,0,2,1998,10,0,22,0,41,21,33,0,0,0
40811,1,1,1998,0,0,0,0,0,0,0,0,0,0
40812,1,1,1998,15,15,15,15,15,15,15,15,15,15
40813,1,1,1998,0,0,0,0,0,0,0,0,0,0
40814,1,1,1998,0,0,13,18,10,0,0,11,35,13
40815,0,1,1998,0,0,0,0,0,0,0,0,0,0
40815,1,1,1998,21,17,25,23,16,0,0,9,0,0
40816,1,1,1998,0,0,0,0,0,0,0,0,0,0
40816,2,1,1998,0,0,0,0,0,0,3,0,0,4
40817,0,1,1998,0,0,15,0,20,0,0,0,10,0
40817,1,1,1998,0,0,0,0,0,0,0,0,0,0
40818,1,1,1998,0,0,0,0,0,0,0,0,0,0
40819,1,1,1998,0,0,0,0,0,0,0,0,0,0
40819,2,1,1998,0,0,0,0,0,0,0,0,0,0
40820,0,1,1998,0,0,0,0,0,0,0,0,0,0
40820,1,1,1998,0,0,0,0,0,0,0,0,0,0
40821,1,1,1998,17,17,17,17,17,17,17,17,17,17
40822,1,1,1998,33,0,9,27,15,0,11,11,48,11
40823,1,2,1998,0,28,0,33,0,19,0,27,0,0
40824,1,1,1998,8,11,0,6,23,19,21,28,15,18
40825,1,1,1998,0,0,0,0,26,26,17,0,0,0
40826,1,1,1998,0,0,0,0,0,0,0,0,0,0
40827,1,1,1998,0,0,0,34,0,0,0,0,0,0
40827,2,1,1998,0,0,0,0,0,0,0,0,0,0
40827,3,1,1998,0,0,0,0,0,0,0,0,0,0
40828,1,1,1998,0,0,0,0,0,0,0,0,0,0
40828,2,1,1998,0,0,0,0,0,0,0,0,0,0
40829,1,1,1998,0,0,0,0,7,0,0,33,0,0
40830,1,1,1998,0,0,0,0,0,0,0,0,0,0
40831,1,1,1998,0,0,0,0,0,0,0,0,0,0
40832,1,1,1998,0,12,0,10,0,0,0,0,51,0
40833,1,1,1998,0,0,0,1,0,0,9,0,0,0
40833,2,1,1998,0,0,0,0,0,0,0,0,0,0
40834,1,1,1998,21,0,0,0,0,0,0,0,0,0
40834,2,1,1998,0,0,0,0,0,0,0,0,0,0
40835,0,1,1998,0,0,0,0,0,0,0,0,0,0
40835,1,1,1998,0,0,0,0,0,0,0,0,0,0
40836,0,1,1998,20,20,20,20,20,20,20,20,20,20
40836,1,1,1998,19,6,20,12,3,10,22,0,20,30
40837,1,1,1998,10,20,35,6,16,21,11,17,5,0
40837,2,1,1998,0,0,0,0,0,0,0,0,0,0
40838,1,1,1998,5,12,6,14,3,17,0,0,0,15
40839,0,1,1998,0,0,0,0,0,0,12,12,16,0
40839,1,1,1998,16,0,0,0,12,0,0,2,9,7
40840,1,1,1998,0,26,0,0,11,15,0,0,0,0
40841,0,1,1998,29,0,13,0,18,0,40,0,15,0
40841,1,1,1998,3,0,0,11,26,14,12,0,5,19
40842,1,1,1998,0,10,12,0,13,0,0,0,6,0
40843,0,1,1998,0,8,13,11,0,0,0,20,0,0
40843,0,2,1998,24,24,24,24,24,24,24,24,24,24
40843,1,1,1998,0,0,0,0,0,0,0,0,0,0
40844,1,1,1998,26,26,16,22,32,10,22,12,19,10
40845,1,1,1998,28,0,0,23,0,0,0,0,18,21
40846,1,1,1998,10,4,17,4,8,19,6,16,9,23
40847,1,1,1998,19,19,19,19,19,19,19,19,19,19
40848,1,1,1998,19,26,19,21,21,13,16,0,13,7
40849,1,1,1998,0,7,14,0,8,0,13,0,0,12
40850,1,1,1998,0,0,16,5,0,0,0,16,0,0
40851,0,1,1998,21,0,20,0,12,0,26,20,24,0
40851,1,1,1998,0,6,0,24,9,0,39,0,0,0
40852,0,1,1998,15,15,15,15,15,15,15,15,15,15
40852,1,1,1998,17,8,15,7,19,12,10,6,12,6
40853,1,1,1998,0,0,0,0,0,0,0,0,0,0
40854,1,1,1998,0,0,0,0,0,0,0,0,0,0
40854,2,1,1998,0,0,0,0,0,0,0,0,0,0
40855,0,1,1998,9,19,23,30,32,39,11,18,19,20
40855,1,1,1998,0,0,0,7,0,0,0,0,0,0
40856,1,1,1998,0,0,0,0,0,0,0,0,10,0
40856,2,1,1998,0,0,0,0,0,0,0,0,0,0
40857,0,1,1998,22,22,22,22,22,22,22,22,22,22
40857,1,1,1998,0,0,0,0,0,0,0,0,0,0
40858,1,1,1998,0,0,0,0,0,0,0,0,0,0
40859,0,1,1998,0,0,0,0,46,0,22,34,0,0
40859,1,1,1998,0,0,0,0,0,0,0,0,0,0
40860,1,1,1998,0,0,0,0,0,0,0,0,0,0
40861,1,1,1998,0,0,0,0,0,0,0,0,0,0
40861,2,1,1998,0,0,0,0,0,0,0,0,0,0
40862,1,1,1998,0,0,0,0,0,0,0,0,0,0
40862,2,1,1998,0,0,0,0,0,0,0,0,0,0
40863,1,1,1998,7,0,12,0,0,5,0,0,0,21
40864,1,1,1998,22,8,21,9,14,17,11,17,13,0
40865,1,1,1998,20,21,21,8,32,38,20,31,17,11
40865,2,1,1998,0,0,0,0,0,0,0,0,0,0
50001,1,1,1998,0,0,0,0,0,0,0,0,0,0
50001,2,1,1998,0,0,0,0,0,0,0,0,0,0
50002,1,1,1998,0,0,0,0,0,0,0,0,0,0
50002,2,1,1998,0,0,0,0,0,0,0,0,0,0
50003,1,1,1998,0,0,17,0,0,0,0,0,14,0
50004,1,1,1998,0,0,0,0,0,0,0,0,0,0
50004,2,1,1998,0,0,0,0,0,0,0,0,0,0
50005,1,1,1998,30,0,26,0,0,0,20,46,0,0
50006,1,1,1998,0,0,0,0,0,0,0,0,0,0
50007,1,1,1998,0,0,0,0,0,0,0,0,0,0
50007,2,1,1998,0,0,0,0,0,0,0,0,0,0
50008,1,1,1998,0,0,0,0,0,0,0,0,0,0
50008,2,1,1998,0,0,0,0,0,0,0,0,0,0
50009,1,1,1998,0,0,0,0,0,0,0,0,9,0
50010,1,1,1998,0,0,0,0,0,0,0,0,0,0
50010,2,1,1998,0,0,0,0,0,0,0,0,0,0
50011,1,1,1998,14,0,0,9,0,0,0,0,0,0
50011,2,1,1998,0,0,0,0,0,0,0,0,0,0
50012,1,1,1998,0,0,0,0,0,0,0,0,0,0
50012,2,1,1998,0,0,0,0,0,0,0,0,0,0
50012,3,1,1998,0,0,0,0,0,0,0,0,0,0
50013,1,1,1998,0,18,0,0,0,0,0,0,0,0
50014,1,1,1998,0,0,0,0,11,0,0,16,0,0
50015,1,1,1998,29,29,29,29,29,29,29,29,29,29
50016,1,1,1998,0,0,0,0,0,0,0,0,0,0
50016,2,1,1998,16,16,16,16,16,16,16,16,16,16
50017,1,1,1998,0,0,0,0,0,0,0,0,0,0
50018,1,1,1998,16,16,16,16,16,16,16,16,16,16
50019,1,1,1998,0,0,0,0,0,0,0,0,0,0
50019,2,1,1998,0,0,0,0,0,0,0,0,0,0
50020,1,1,1998,0,0,0,0,0,0,0,0,0,0
50020,2,1,1998,0,0,0,0,0,0,0,0,0,0
50020,3,1,1998,0,0,0,0,0,0,0,0,0,0
50021,1,1,1998,0,5,0,0,4,14,0,6,9,13
50022,1,1,1998,0,0,0,14,0,0,0,0,0,0
50023,1,1,1998,16,16,16,16,16,16,16,16,16,16
50024,1,1,1998,0,0,0,0,0,0,0,0,0,0
50024,2,1,1998,0,0,0,0,0,0,14,0,0,0
50025,1,1,1998,0,0,0,0,0,0,0,0,0,0
50025,2,1,1998,0,0,0,0,0,0,0,0,0,0
50026,1,1,1998,0,0,0,0,0,0,0,0,0,0
50026,2,1,1998,0,0,0,0,0,0,0,0,0,0
50027,1,1,1998,0,0,0,0,0,0,0,0,0,0
50028,1,1,1998,0,0,0,0,0,0,0,0,0,0
50029,1,1,1998,17,17,17,17,17,17,17,17,17,17
50030,0,1,1998,0,0,0,0,0,0,0,0,0,0
50030,0,2,1998,0,0,0,0,0,0,0,0,0,0
50030,1,1,1998,0,0,0,0,0,0,0,0,0,0
50030,2,1,1998,0,0,0,0,0,0,0,0,0,0
50031,1,1,1998,0,0,0,0,0,0,0,0,0,0
50031,2,1,1998,0,0,0,0,0,0,0,0,0,0
50032,1,1,1998,12,12,12,12,12,12,12,12,12,12
50033,0,1,1998,0,0,0,0,0,0,0,6,0,0
50033,1,1,1998,0,0,0,0,0,0,0,0,0,0
50034,1,1,1998,13,13,13,13,13,13,13,13,13,13
50035,1,1,1998,0,0,0,0,0,0,0,0,0,0
50035,2,1,1998,0,0,0,0,0,0,0,0,0,0
50036,1,1,1998,29,29,29,29,29,29,29,29,29,29
50037,1,1,1998,0,0,0,0,0,0,0,0,0,0
50037,2,1,1998,0,0,0,0,0,0,0,0,0,0
50038,1,1,1998,0,0,0,0,0,0,0,0,0,0
50038,2,1,1998,0,0,0,0,0,0,0,0,0,0
50039,1,1,1998,0,0,0,0,0,0,0,0,0,0
50039,2,1,1998,0,0,0,0,0,0,0,0,0,0
50040,1,1,1998,0,0,0,0,0,0,0,0,0,0
50040,2,1,1998,0,0,0,0,0,0,0,0,0,0
50041,1,1,1998,0,0,0,0,0,0,0,0,0,0
50041,2,1,1998,0,0,0,0,0,0,0,0,0,0
50041,3,1,1998,0,0,0,0,0,0,0,0,0,0
50042,0,1,1998,9,9,9,9,9,9,9,9,9,9
50042,1,1,1998,0,0,0,0,0,0,0,0,0,0
50043,0,1,1998,0,0,0,0,0,0,0,0,0,0
50043,1,1,1998,0,0,0,0,0,0,0,0,0,0
50044,1,1,1998,0,0,0,0,0,0,0,0,0,0
50044,2,1,1998,8,8,8,8,8,8,8,8,8,8
50045,1,1,1998,0,0,0,0,0,0,0,0,0,0
50045,2,1,1998,8,8,8,8,8,8,8,8,8,8
50046,1,1,1998,14,14,14,14,14,14,14,14,14,14
50047,1,1,1998,2,2,2,2,2,2,2,2,2,2
50047,2,1,1998,0,0,0,0,0,0,0,0,0,0
50048,1,1,1998,23,23,23,23,23,23,23,23,23,23
50049,1,1,1998,0,0,0,0,0,0,0,0,0,0
50049,2,1,1998,0,0,0,0,0,0,0,0,0,0
50050,1,1,1998,0,0,0,0,0,0,0,0,0,0
50050,2,1,1998,0,0,0,0,0,0,0,0,0,0
50051,1,1,1998,5,5,5,5,5,5,5,5,5,5
50052,1,1,1998,0,0,0,13,14,0,0,15,0,4
50053,1,1,1998,28,28,28,28,28,28,28,28,28,28
50054,1,1,1998,0,0,0,0,0,0,0,0,0,0
50054,2,1,1998,0,0,0,0,0,0,0,0,0,0
50055,1,1,1998,0,0,0,0,0,0,0,0,0,0
50055,2,1,1998,0,0,0,0,0,0,0,0,0,0
50056,1,1,1998,0,0,0,0,0,0,0,0,0,0
50057,1,1,1998,0,0,0,0,0,0,0,0,0,0
50058,1,1,1998,0,0,0,0,0,0,0,0,0,0
50059,0,1,1998,31,31,31,31,31,31,31,31,31,31
50059,1,1,1998,0,0,0,0,0,0,0,0,0,0
50060,1,1,1998,0,0,0,0,0,0,0,0,0,0
50060,2,1,1998,0,0,0,0,0,0,0,0,0,0
50061,1,1,1998,18,18,18,18,18,18,18,18,18,18
50062,0,1,1998,0,0,0,0,0,0,0,0,0,0
50062,1,1,1998,0,0,0,0,0,0,0,0,0,0
50063,1,1,1998,0,0,0,0,0,0,0,0,0,0
50063,2,1,1998,0,0,0,0,0,0,0,0,0,0
50064,1,1,1998,0,0,0,0,0,0,0,0,0,0
50064,2,1,1998,0,0,0,0,0,0,0,0,0,0
50065,0,1,1998,0,0,0,0,0,0,0,0,0,0
50065,1,1,1998,0,0,0,0,0,0,0,0,0,0
50066,1,1,1998,4,4,4,4,4,4,4,4,4,4
50067,1,1,1998,20,20,20,20,20,20,20,20,20,20
50068,0,1,1998,0,19,0,0,12,0,0,13,0,0
50068,1,1,1998,0,0,0,0,0,0,0,0,0,0
50069,1,1,1998,30,30,30,30,30,30,30,30,30,30
50069,2,1,1998,0,0,0,0,0,0,0,0,0,0
50070,1,1,1998,0,0,0,0,0,0,0,0,0,0
50070,2,1,1998,0,0,0,0,25,0,0,0,0,0
50071,1,1,1998,0,0,0,0,0,0,0,0,0,0
50071,2,1,1998,0,0,0,0,0,0,0,0,0,0
50072,1,1,1998,0,0,0,0,0,0,0,0,0,0
50072,2,1,1998,0,0,8,0,0,20,0,0,0,0
50072,3,1,1998,0,0,0,0,0,0,0,0,6,0
50072,4,1,1998,0,0,0,0,0,0,10,13,5,0
50073,1,1,1998,0,0,0,0,0,0,0,0,0,0
50073,2,1,1998,0,0,0,0,0,0,0,0,0,0
50074,1,1,1998,0,0,0,0,0,0,0,0,0,0
50074,2,1,1998,0,0,0,0,0,0,0,0,0,0
50075,1,1,1998,11,11,11,11,11,11,11,11,11,11
50075,2,1,1998,0,0,0,0,0,0,0,0,0,0
50076,1,1,1998,0,0,0,0,0,0,0,0,0,0
50077,1,1,1998,0,0,0,0,0,0,0,0,0,0
50077,2,1,1998,24,24,24,24,24,24,24,24,24,24
50078,1,1,1998,0,0,0,0,0,0,0,0,0,0
50078,2,1,1998,0,0,0,0,0,0,0,0,0,0
50078,3,1,1998,0,0,0,9,0,0,0,0,0,0
50079,1,1,1998,11,11,11,11,11,11,11,11,11,11
50080,1,1,1998,27,27,27,27,27,27,27,27,27,27
50080,2,1,1998,0,0,0,0,0,0,0,0,0,0
50081,1,1,1998,0,0,0,0,0,0,0,0,0,0
50082,1,1,1998,0,0,0,0,0,0,0,0,0,0
50083,1,1,1998,0,0,0,0,0,0,0,0,0,0
50084,1,1,1998,0,0,0,0,0,0,0,0,0,0
50084,2,1,1998,6,6,6,6,6,6,6,6,6,6
50085,1,1,1998,21,21,21,21,21,21,21,21,21,21
50086,1,1,1998,2,2,2,2,2,2,2,2,2,2
50086,2,1,1998,0,0,0,0,0,0,0,0,0,0
50087,1,1,1998,0,0,0,0,0,0,0,0,0,0
50087,2,1,1998,1,1,1,1,1,1,1,1,1,1
50088,1,1,1998,0,0,0,0,0,0,0,0,0,0
50088,2,1,1998,0,0,0,0,0,0,0,0,0,0
50089,1,1,1998,0,7,0,0,0,0,9,0,0,0
50090,1,1,1998,0,0,0,0,0,0,19,0,0,0
50090,2,1,1998,0,0,0,0,0,0,0,0,0,0
50091,0,1,1998,33,33,33,33,33,33,33,33,33,33
50091,1,1,1998,0,0,0,0,0,0,0,0,0,0
50092,1,1,1998,0,15,0,0,0,0,0,0,0,0
50093,0,1,1998,10,13,0,0,0,0,14,20,0,23
50093,1,1,1998,0,0,0,0,0,0,0,0,0,0
50093,2,1,1998,11,11,11,11,11,11,11,11,11,11
50094,1,1,1998,0,0,0,0,0,20,0,0,0,0
50095,1,1,1998,0,0,0,0,0,0,0,0,0,0
50095,2,1,1998,0,18,0,0,0,0,0,0,0,0
50096,0,1,1998,0,0,0,0,0,0,0,0,0,11
50096,1,1,1998,0,0,0,0,0,0,0,0,0,0
50097,1,1,1998,0,0,0,0,0,0,0,0,0,0
50098,1,1,1998,0,0,0,0,0,0,0,0,0,0
50099,1,1,1998,0,0,0,0,0,0,0,0,0,0
50100,1,1,1998,19,19,19,19,19,19,19,19,19,19
50100,2,1,1998,0,0,0,0,0,0,0,0,0,0
50101,1,1,1998,0,0,0,0,0,0,0,0,0,0
50102,1,1,1998,18,18,18,18,18,18,18,18,18,18
50103,1,1,1998,0,0,0,0,0,0,0,0,0,0
50103,2,1,1998,0,0,0,0,0,0,0,0,0,0
50104,1,1,1998,0,0,0,0,0,0,0,0,0,0
50105,1,1,1998,0,0,0,6,0,0,0,0,0,0
50106,1,1,1998,29,0,15,33,0,13,18,20,31,29
50107,1,1,1998,0,0,0,0,0,0,0,0,0,0
50107,2,1,1998,0,0,0,0,0,0,0,0,0,0
50108,1,1,1998,17,17,17,17,17,17,17,17,17,17
50109,1,1,1998,12,20,0,0,11,0,8,0,9,16
50109,2,1,1998,0,0,0,0,0,0,0,0,0,0
50110,1,1,1998,0,0,0,0,0,0,0,0,0,0
50111,1,1,1998,4,4,4,4,4,4,4,4,4,4
50112,1,1,1998,0,0,12,0,0,17,0,4,0,0
50113,1,1,1998,19,19,19,19,19,19,19,19,19,19