ST_CASE,VEH_NO,PER_NO,YEAR,P1,P2,P3,P4,P5,P6,P7,P8,P9,P10
50114,1,1,1998,25,25,25,25,25,25,25,25,25,25
50115,1,1,1998,0,0,0,0,0,0,0,0,0,0
50115,2,1,1998,0,0,0,0,0,0,0,0,0,0
50116,1,1,1998,0,0,0,0,0,0,0,0,0,0
50117,1,1,1998,0,0,0,0,0,0,0,0,0,0
50117,2,1,1998,0,0,0,0,0,0,0,0,0,0
50118,1,1,1998,23,23,23,23,23,23,23,23,23,23
50118,2,1,1998,0,0,0,0,0,0,0,0,0,0
50119,1,1,1998,0,0,0,0,0,0,0,0,0,0
50119,2,1,1998,0,0,0,0,0,0,0,0,0,0
50120,1,1,1998,0,0,0,0,0,0,0,0,0,0
50121,1,1,1998,17,17,17,17,17,17,17,17,17,17
50122,1,1,1998,0,0,0,0,5,0,0,0,0,0
50122,2,1,1998,0,0,0,0,0,0,0,0,0,0
50123,1,1,1998,0,0,0,0,0,0,0,0,0,0
50124,1,1,1998,0,0,0,0,0,0,0,0,0,0
50124,2,1,1998,0,0,0,0,0,0,0,0,0,0
50124,3,1,1998,0,0,0,0,0,0,0,0,0,0
50125,1,1,1998,0,0,0,0,0,0,0,0,0,0
50125,2,1,1998,0,0,0,0,0,0,0,10,0,0
50126,1,1,1998,0,0,0,0,0,0,0,0,0,0
50127,1,1,1998,0,0,0,0,0,0,0,14,0,16
50127,2,1,1998,0,0,0,0,0,0,0,0,0,0
50128,1,1,1998,0,0,0,0,0,0,0,0,0,0
50128,2,1,1998,0,0,0,0,0,0,0,0,0,0
50129,1,1,1998,0,0,0,0,0,0,0,0,0,0
50130,0,1,1998,0,0,0,0,0,0,0,0,0,0
50130,1,1,1998,0,0,0,0,0,0,0,0,0,0
50131,1,1,1998,0,0,0,0,0,0,0,0,9,0
50132,1,1,1998,16,16,16,16,16,16,16,16,16,16
50133,1,1,1998,0,0,0,0,0,0,0,0,0,0
50133,2,1,1998,0,0,0,0,0,0,0,0,0,0
50134,1,1,1998,0,0,0,0,0,0,0,0,0,0
50135,1,1,1998,0,0,0,0,0,5,0,0,0,0
50136,0,1,1998,0,0,0,0,0,0,0,0,0,0
50136,1,1,1998,2,2,2,2,2,2,2,2,2,2
50137,1,1,1998,0,0,0,0,0,0,0,0,0,0
50137,2,1,1998,0,0,0,0,0,0,0,0,0,0
50138,1,1,1998,0,0,0,0,0,0,0,0,0,0
50138,2,1,1998,0,0,0,0,0,0,0,0,0,0
50139,1,1,1998,0,0,0,0,0,0,0,0,0,0
50139,2,1,1998,0,0,0,0,0,0,0,0,0,0
50140,1,1,1998,0,0,4,0,0,0,0,0,0,0
50140,2,1,1998,0,0,0,0,0,0,0,0,0,0
50141,1,1,1998,0,17,14,0,0,14,0,24,0,0
50142,1,1,1998,0,0,0,0,0,0,12,0,0,0
50142,2,1,1998,0,0,0,0,0,0,0,0,0,0
50143,1,1,1998,0,0,0,0,0,0,0,0,0,0
50143,2,1,1998,0,0,0,0,0,0,0,0,0,0
50144,1,1,1998,28,28,28,28,28,28,28,28,28,28
50145,1,1,1998,0,0,0,0,0,0,0,0,0,0
50145,2,1,1998,0,10,0,0,0,0,0,0,0,0
50145,3,1,1998,5,0,0,0,13,0,0,0,0,0
50146,0,1,1998,0,0,0,0,0,0,0,0,0,0
50146,1,1,1998,0,0,10,0,0,0,0,0,0,25
50148,1,1,1998,0,0,0,0,0,0,0,0,0,0
50148,2,1,1998,0,0,0,0,0,0,0,0,0,0
50149,1,1,1998,0,0,0,0,0,0,0,0,0,0
50150,1,1,1998,0,0,0,0,0,0,0,0,0,0
50151,0,1,1998,0,0,0,0,0,0,0,0,0,0
50151,1,1,1998,0,0,0,0,0,0,0,0,0,0
50152,1,1,1998,0,0,0,0,0,0,0,0,0,0
50152,2,1,1998,0,0,0,0,0,0,19,0,0,35
50153,1,1,1998,0,0,0,0,0,0,0,0,0,0
50153,2,1,1998,14,14,14,14,14,14,14,14,14,14
50154,1,1,1998,0,0,0,0,0,0,0,0,0,0
50154,2,1,1998,0,0,0,7,12,0,0,0,0,0
50155,1,1,1998,0,0,0,0,0,0,0,0,0,0
50156,1,1,1998,18,18,18,18,18,18,18,18,18,18
50157,1,1,1998,0,0,0,0,0,0,0,0,0,0
50157,2,1,1998,0,0,0,0,0,0,0,0,0,0
50157,3,1,1998,0,0,0,0,0,0,0,0,0,0
50158,1,1,1998,0,0,0,0,0,0,0,0,0,0
50159,1,1,1998,0,0,0,0,0,0,0,0,0,0
50160,1,1,1998,0,0,0,0,0,0,0,0,0,0
50160,2,1,1998,15,15,15,15,15,15,15,15,15,15
50161,1,1,1998,0,0,0,0,0,0,0,0,0,0
50161,2,1,1998,1,1,1,1,1,1,1,1,1,1
50162,1,1,1998,0,0,0,0,0,0,0,0,0,0
50162,2,1,1998,0,0,0,0,0,0,0,0,0,1
50163,1,1,1998,0,0,0,0,0,0,0,0,0,0
50164,1,1,1998,0,0,0,0,0,0,0,0,0,0
50165,1,1,1998,0,0,0,0,0,0,0,0,0,7
50165,2,1,1998,0,0,0,0,0,0,0,0,0,0
50165,3,1,1998,0,0,0,0,0,0,0,0,0,0
50166,1,1,1998,0,0,0,0,0,0,0,11,0,0
50167,1,1,1998,0,0,0,0,0,0,0,0,0,0
50167,2,1,1998,0,0,0,0,0,0,0,0,0,0
50168,1,1,1998,0,0,0,0,0,0,0,0,0,0
50168,2,1,1998,0,0,0,0,0,0,0,0,0,0
50169,1,1,1998,3,3,3,3,3,3,3,3,3,3
50169,2,1,1998,0,12,0,52,2,0,0,0,0,14
50169,3,1,1998,0,0,0,0,0,0,0,0,0,0
50170,1,1,1998,19,19,19,19,19,19,19,19,19,19
50171,1,1,1998,0,0,0,0,0,0,0,0,0,0
50171,2,1,1998,0,0,0,0,0,0,0,0,0,0
50172,1,1,1998,8,8,8,8,8,8,8,8,8,8
50173,0,1,1998,0,3,0,2,0,0,0,8,0,0
50173,1,1,1998,0,0,0,0,0,0,0,0,0,0
50174,1,1,1998,9,9,9,9,9,9,9,9,9,9
50175,1,1,1998,0,0,0,0,0,0,0,0,0,0
50175,2,1,1998,0,0,0,0,0,0,0,0,0,0
50176,0,1,1998,8,8,8,8,8,8,8,8,8,8
50176,1,1,1998,5,0,2,0,0,0,0,0,0,0
50177,1,1,1998,0,0,0,0,0,0,0,0,0,0
50177,2,1,1998,0,0,0,0,0,0,0,0,0,0
50178,1,1,1998,16,16,16,16,16,16,16,16,16,16
50178,2,1,1998,10,10,10,10,10,10,10,10,10,10
50179,1,1,1998,0,0,0,0,0,0,0,0,0,0
50180,1,1,1998,0,0,0,0,0,0,0,0,0,0
50180,2,1,1998,0,0,0,0,0,0,0,0,0,0
50180,3,1,1998,0,0,0,0,0,0,0,0,0,0
50181,1,1,1998,0,0,0,0,0,0,0,0,0,0
50182,1,1,1998,26,26,26,26,26,26,26,26,26,26
50182,2,1,1998,0,0,0,0,0,0,0,0,0,0
50183,1,1,1998,18,18,18,18,18,18,18,18,18,18
50184,1,1,1998,0,0,0,0,0,0,0,0,0,0
50185,1,1,1998,9,9,9,9,9,9,9,9,9,9
50186,1,1,1998,0,0,0,0,0,0,10,6,0,4
50187,1,1,1998,0,0,0,0,0,0,0,0,0,0
50188,1,1,1998,0,0,0,0,0,0,0,0,0,0
50188,2,1,1998,4,4,4,4,4,4,4,4,4,4
50189,1,1,1998,12,12,12,12,12,12,12,12,12,12
50190,1,1,1998,0,0,0,0,0,0,0,0,0,0
50190,2,1,1998,0,0,0,0,0,0,0,0,0,0
50191,1,1,1998,21,21,21,21,21,21,21,21,21,21
50192,1,1,1998,0,0,0,0,0,0,0,0,0,0
50193,1,1,1998,0,0,0,0,0,0,0,0,0,0
50193,2,1,1998,0,0,0,0,0,0,0,0,0,0
50194,1,1,1998,0,0,0,0,0,0,0,0,0,0
50194,2,1,1998,0,0,0,0,0,0,0,0,0,0
50195,1,1,1998,0,0,0,0,0,0,0,0,0,0
50196,1,1,1998,0,0,0,0,0,0,0,0,0,0
50196,2,1,1998,0,0,0,0,0,0,0,0,0,0
50197,1,1,1998,0,0,0,0,0,0,0,0,0,0
50197,2,1,1998,14,14,14,14,14,14,14,14,14,14
50198,1,1,1998,0,0,0,0,0,0,0,0,0,0
50199,1,1,1998,0,0,0,0,0,0,0,0,0,0
50199,2,1,1998,0,0,0,0,0,0,0,0,0,0
50200,1,1,1998,0,0,0,0,0,0,0,0,0,0
50200,2,1,1998,0,0,0,0,0,0,0,0,0,0
50201,1,1,1998,0,0,0,0,0,0,0,0,0,0
50201,2,1,1998,0,0,0,0,0,0,0,0,0,0
50201,3,1,1998,0,0,0,0,0,0,0,0,0,0
50202,1,1,1998,0,0,18,0,0,0,0,0,0,0
50203,1,1,1998,22,22,22,22,22,22,22,22,22,22
50203,2,1,1998,0,0,0,0,0,0,0,0,0,0
50204,1,1,1998,0,0,0,0,0,0,0,0,0,0
50204,2,1,1998,0,0,0,0,0,0,0,0,0,0
50205,0,1,1998,0,0,9,0,0,0,0,0,0,0
50205,1,1,1998,0,0,0,0,0,0,0,15,0,0
50206,1,1,1998,29,29,29,29,29,29,29,29,29,29
50207,1,1,1998,16,16,16,16,16,16,16,16,16,16
50207,2,1,1998,0,0,0,0,0,0,0,0,0,0
50208,1,1,1998,0,0,0,0,0,0,0,0,0,0
50208,2,1,1998,0,0,0,0,0,0,0,14,0,0
50209,1,1,1998,21,21,21,21,21,21,21,21,21,21
50209,2,1,1998,0,0,0,0,0,0,0,0,0,0
50210,1,1,1998,18,18,18,18,18,18,18,18,18,18
50211,1,1,1998,0,0,0,0,0,0,0,0,0,0
50211,2,1,1998,0,0,0,0,0,0,0,0,0,0
50212,0,1,1998,4,0,20,0,9,0,21,0,0,13
50212,1,1,1998,0,0,0,0,0,0,0,17,26,0
50213,1,1,1998,7,7,7,7,7,7,7,7,7,7
50214,1,1,1998,0,0,0,0,0,0,0,0,0,0
50215,1,1,1998,0,0,0,0,0,0,0,0,0,0
50215,2,1,1998,0,0,0,0,0,0,0,0,0,0
50216,1,1,1998,0,0,0,0,0,0,0,0,0,0
50216,2,1,1998,0,0,0,0,0,0,0,0,0,0
50217,1,1,1998,3,3,3,3,3,3,3,3,3,3
50218,1,1,1998,27,27,27,27,27,27,27,27,27,27
50219,1,1,1998,12,12,12,12,12,12,12,12,12,12
50219,2,1,1998,0,0,0,0,0,0,0,0,0,0
50220,1,1,1998,0,0,0,0,0,0,0,0,0,0
50220,2,1,1998,0,0,0,0,0,0,0,0,0,0
50221,1,1,1998,0,0,0,0,0,0,0,0,0,0
50221,2,1,1998,0,0,0,0,0,0,0,0,0,0
50222,1,1,1998,0,0,0,0,0,0,0,0,0,0
50222,2,1,1998,0,0,0,0,0,0,29,0,0,0
50223,1,1,1998,12,12,12,12,12,12,12,12,12,12
50224,1,1,1998,0,0,0,0,0,0,0,0,0,0
50224,2,1,1998,0,0,0,0,0,0,0,0,0,0
50225,1,1,1998,0,0,0,0,0,0,0,0,0,0
50226,1,1,1998,0,0,0,0,0,0,0,0,0,0
50227,1,1,1998,27,27,27,27,27,27,27,27,27,27
50228,1,1,1998,0,0,0,0,0,0,0,0,0,0
50229,1,1,1998,0,0,0,0,0,0,0,0,0,0
50230,0,1,1998,0,0,0,0,0,0,0,0,0,0
50230,0,2,1998,0,0,0,0,0,0,0,0,0,0
50230,2,1,1998,0,0,0,0,0,0,0,0,0,0
50230,3,1,1998,0,0,0,0,0,0,0,0,0,0
50230,4,1,1998,0,0,0,0,0,0,0,0,0,0
50230,5,1,1998,0,0,0,0,0,0,0,0,0,0
50230,6,1,1998,0,0,0,0,0,0,0,0,0,0
50230,7,1,1998,0,0,0,0,0,0,0,0,0,0
50230,8,1,1998,0,0,0,0,0,0,0,0,0,0
50231,1,1,1998,17,17,17,17,17,17,17,17,17,17
50232,1,1,1998,0,0,0,0,0,0,0,0,0,0
50233,1,1,1998,0,0,0,0,0,0,0,0,0,0
50233,2,1,1998,0,0,0,0,0,0,0,0,0,0
50234,1,1,1998,30,30,30,30,30,30,30,30,30,30
50235,1,1,1998,29,29,29,29,29,29,29,29,29,29
50236,1,1,1998,14,14,14,14,14,14,14,14,14,14
50237,1,1,1998,18,20,0,0,20,38,0,16,28,34
50238,1,1,1998,28,28,28,28,28,28,28,28,28,28
50239,1,1,1998,15,15,15,15,15,15,15,15,15,15
50240,1,1,1998,0,9,0,0,0,0,0,0,0,0
50240,2,1,1998,0,0,0,0,0,0,0,0,0,0
50241,1,1,1998,18,18,18,18,18,18,18,18,18,18
50242,1,1,1998,8,8,8,8,8,8,8,8,8,8
50242,2,1,1998,0,0,0,0,0,0,0,0,0,0
50243,1,1,1998,3,3,3,3,3,3,3,3,3,3
50244,1,1,1998,8,8,8,8,8,8,8,8,8,8
50245,1,1,1998,0,0,0,0,0,0,0,0,0,0
50246,1,1,1998,0,0,0,0,0,0,0,0,12,0
50247,1,1,1998,19,19,19,19,19,19,19,19,19,19
50247,2,1,1998,0,0,0,0,0,0,0,0,0,0
50248,1,1,1998,0,0,0,0,0,0,0,0,0,0
50248,2,1,1998,0,0,0,0,0,0,0,0,0,0
50249,1,1,1998,0,0,0,0,0,0,0,0,0,0
50249,2,1,1998,0,0,0,0,0,0,0,0,0,0
50250,1,1,1998,0,0,17,4,11,0,0,8,0,0
50251,1,1,1998,0,0,0,0,0,0,0,0,0,0
50251,2,1,1998,0,0,0,0,0,0,0,0,0,0
50252,1,1,1998,0,0,0,0,0,0,0,0,0,0
50252,2,1,1998,0,0,0,0,0,0,0,0,0,0
50253,1,1,1998,23,23,23,23,23,23,23,23,23,23
50254,1,1,1998,35,35,35,35,35,35,35,35,35,35
50254,2,1,1998,0,0,0,0,0,0,0,0,0,0
50255,1,1,1998,0,0,0,0,0,0,0,0,0,25
50255,2,1,1998,0,0,8,0,0,0,0,0,0,0
50256,1,1,1998,5,5,5,5,5,5,5,5,5,5
50257,1,1,1998,0,0,0,0,0,0,0,0,0,0
50257,2,1,1998,1,1,1,1,1,1,1,1,1,1
50258,1,1,1998,0,14,0,0,0,0,0,0,0,0
50258,2,1,1998,0,0,0,0,0,16,0,0,0,0
50259,0,1,1998,0,0,0,0,0,0,0,0,0,0
50259,1,1,1998,0,0,0,0,0,0,0,0,0,0
50260,1,1,1998,0,0,0,0,18,0,0,0,14,13
50261,1,1,1998,0,0,0,0,0,0,0,0,0,0
50262,1,1,1998,0,0,0,0,0,0,15,0,0,0
50263,0,1,1998,0,0,0,0,0,0,0,0,0,0
50263,1,1,1998,0,0,0,0,0,0,0,0,0,0
50264,0,1,1998,0,0,0,31,0,0,0,0,12,0
50264,0,2,1998,0,0,0,0,16,0,0,0,0,0
50264,1,1,1998,37,37,37,37,37,37,37,37,37,37
50265,1,1,1998,17,17,17,17,17,17,17,17,17,17
50266,1,1,1998,0,0,0,0,0,0,13,0,0,0
50267,1,1,1998,12,12,12,12,12,12,12,12,12,12
50268,1,1,1998,0,0,0,0,0,0,0,0,0,0
50269,1,1,1998,0,0,0,0,0,0,0,0,0,0
50269,2,1,1998,21,21,21,21,21,21,21,21,21,21
50270,0,1,1998,16,16,16,16,16,16,16,16,16,16
50270,1,1,1998,18,18,18,18,18,18,18,18,18,18
50270,2,1,1998,0,0,0,0,0,0,0,0,0,0
50271,1,1,1998,0,0,0,0,0,0,0,0,0,0
50272,1,1,1998,0,0,0,0,0,0,0,0,0,0
50273,1,1,1998,0,0,0,0,0,0,0,0,0,0
50274,1,1,1998,0,0,0,0,0,0,0,0,0,0
50274,2,1,1998,22,0,0,0,0,0,0,0,0,0
50274,3,1,1998,0,0,0,0,0,0,0,0,0,0
50275,1,1,1998,0,0,0,0,0,0,0,0,0,0
50276,1,1,1998,0,0,0,0,0,0,0,0,0,0
50276,2,1,1998,0,0,0,0,0,0,0,0,0,0
50277,0,1,1998,0,0,0,0,0,0,0,0,0,0
50277,1,1,1998,0,0,0,0,0,0,0,0,0,0
50278,1,1,1998,0,0,0,0,0,0,0,0,0,0
50278,2,1,1998,2,2,2,2,2,2,2,2,2,2
50279,1,1,1998,25,25,25,25,25,25,25,25,25,25
50280,1,1,1998,2,2,2,2,2,2,2,2,2,2
50281,1,1,1998,0,0,0,0,0,0,0,0,0,0
50281,2,1,1998,0,0,0,0,0,0,0,0,0,0
50282,1,1,1998,0,0,0,0,0,0,0,0,0,0
50282,2,1,1998,0,0,0,0,0,0,0,0,0,0
50283,1,1,1998,10,10,10,10,10,10,10,10,10,10
50284,1,1,1998,0,0,0,0,0,0,0,0,0,0
50285,1,1,1998,0,0,0,0,0,0,0,0,0,0
50285,2,1,1998,0,0,0,13,0,0,0,0,0,0
50286,1,1,1998,0,0,0,0,0,0,0,10,0,0
50286,2,1,1998,0,0,0,0,0,0,0,0,0,0
50287,1,1,1998,3,0,0,0,0,0,0,0,0,5
50287,2,1,1998,0,0,0,0,0,0,0,0,0,0
50288,1,1,1998,0,0,0,0,0,0,0,0,0,0
50288,2,1,1998,0,0,0,0,0,0,0,0,0,0
50289,1,1,1998,0,0,0,0,0,0,0,0,0,0
50290,1,1,1998,0,0,0,0,0,0,0,0,0,0
50291,1,1,1998,0,0,0,0,0,0,0,0,0,0
50292,0,1,1998,0,0,0,0,0,0,0,0,0,0
50292,1,1,1998,0,0,0,0,5,0,0,0,0,0
50293,0,1,1998,27,27,27,27,27,27,27,27,27,27
50293,1,1,1998,5,5,5,5,5,5,5,5,5,5
50294,1,1,1998,0,0,0,0,0,0,0,0,0,0
50294,2,1,1998,0,0,0,0,0,0,0,0,0,0
50295,1,1,1998,4,4,4,4,4,4,4,4,4,4
50296,1,1,1998,0,0,0,0,0,0,0,0,0,0
50297,1,1,1998,13,13,13,13,13,13,13,13,13,13
50298,1,1,1998,0,0,0,0,0,0,0,0,0,0
50298,2,1,1998,16,16,16,16,16,16,16,16,16,16
50299,1,1,1998,15,15,15,15,15,15,15,15,15,15
50300,1,1,1998,13,13,13,13,13,13,13,13,13,13
50301,1,1,1998,8,8,8,8,8,8,8,8,8,8
50301,2,1,1998,7,7,7,7,7,7,7,7,7,7
50302,1,1,1998,4,4,4,4,4,4,4,4,4,4
50302,2,1,1998,1,1,1,1,1,1,1,1,1,1
50303,0,1,1998,0,0,5,0,0,5,5,0,0,0
50303,1,1,1998,0,0,0,0,0,0,0,0,0,0
50303,2,1,1998,0,0,0,0,0,0,0,0,0,0
50304,0,1,1998,0,0,0,0,0,0,0,0,0,0
50304,1,1,1998,0,0,13,0,0,0,0,0,0,0
50305,1,1,1998,0,0,0,0,0,0,0,0,0,0
50305,2,1,1998,0,0,0,0,0,0,0,0,0,0
50306,1,1,1998,0,0,0,0,0,0,0,8,0,20
50307,1,1,1998,0,0,0,0,0,0,0,0,0,0
50307,2,1,1998,0,0,0,0,0,0,0,0,0,0
50308,1,1,1998,14,14,14,14,14,14,14,14,14,14
50308,2,1,1998,0,0,0,0,0,0,0,0,0,0
50309,1,1,1998,0,0,0,0,0,0,0,0,0,0
50310,1,1,1998,0,0,0,0,0,0,0,0,0,0
50310,2,1,1998,0,0,0,0,0,0,0,0,0,0
50311,1,1,1998,0,0,0,0,0,0,0,0,0,0
50312,1,1,1998,0,0,0,0,0,0,0,0,0,0
50313,1,1,1998,9,9,9,9,9,9,9,9,9,9
50314,1,1,1998,15,15,15,15,15,15,15,15,15,15
50316,1,1,1998,33,33,33,33,33,33,33,33,33,33
50317,1,1,1998,25,25,25,25,25,25,25,25,25,25
50318,1,1,1998,0,0,0,0,0,0,0,0,0,0
50318,2,1,1998,0,0,0,0,0,0,0,0,0,0
50319,1,1,1998,15,15,15,15,15,15,15,15,15,15
50319,2,1,1998,0,0,0,0,6,0,0,0,14,0
50320,1,1,1998,0,0,0,0,0,0,0,0,0,0
50320,2,1,1998,0,0,0,0,0,0,0,0,0,0
50321,1,1,1998,0,0,0,0,0,0,0,0,0,0
50321,2,1,1998,0,0,0,0,0,0,0,0,0,0
50322,1,1,1998,0,0,0,0,0,0,0,0,0,0
50322,2,1,1998,0,0,0,0,0,0,0,0,0,0
50323,0,1,1998,0,0,0,0,0,0,0,0,0,0
50323,1,1,1998,0,0,0,0,0,0,0,0,0,0
50324,0,1,1998,0,0,0,0,0,0,0,0,0,0
50324,1,1,1998,0,0,0,0,0,0,0,0,0,0
50325,1,1,1998,0,0,0,0,0,0,0,0,0,0
50325,2,1,1998,0,0,0,0,0,0,0,0,0,0
50326,1,1,1998,0,0,0,0,0,0,0,0,0,0
50326,2,1,1998,0,0,0,0,0,0,0,0,0,0
50327,1,1,1998,10,10,10,10,10,10,10,10,10,10
50328,1,1,1998,32,32,32,32,32,32,32,32,32,32
50329,1,1,1998,0,0,0,0,0,0,0,0,0,0
50329,2,1,1998,12,12,12,12,12,12,12,12,12,12
50330,1,1,1998,0,34,16,0,0,0,4,0,7,12
50331,1,1,1998,0,0,0,0,0,0,0,0,0,0
50332,1,1,1998,0,0,0,0,18,0,13,20,0,0
50332,2,1,1998,0,0,0,0,0,0,0,0,0,0
50332,3,1,1998,0,9,0,2,0,0,0,0,9,6
50333,1,1,1998,0,0,0,0,0,0,0,0,0,0
50333,2,1,1998,0,0,0,0,0,0,0,0,0,0
50333,3,1,1998,0,0,0,0,0,0,0,0,0,0
50334,1,1,1998,13,13,13,13,13,13,13,13,13,13
50335,1,1,1998,0,0,0,0,0,19,0,0,0,0
50335,2,1,1998,0,0,0,0,0,0,0,0,0,0
50336,1,1,1998,0,20,0,0,0,0,0,0,0,0
50336,2,1,1998,0,0,0,0,0,0,20,0,0,0
50337,1,1,1998,0,0,0,0,0,0,24,0,0,0
50338,1,1,1998,0,0,0,0,0,0,0,0,0,0
50338,2,1,1998,0,0,0,0,0,0,0,0,0,0
50339,1,1,1998,0,7,0,0,0,0,17,0,4,0
50340,1,1,1998,0,0,0,0,0,0,0,0,0,0
50341,1,1,1998,0,0,0,0,0,0,0,0,0,0
50341,2,1,1998,0,0,0,0,0,0,0,0,0,0
50342,1,1,1998,0,0,0,0,0,0,0,0,0,0
50342,2,1,1998,0,0,0,0,0,0,0,0,0,0
50342,3,1,1998,0,0,0,0,0,0,0,0,0,0
50343,1,1,1998,0,0,0,0,0,0,0,0,0,0
50344,1,1,1998,0,0,0,0,0,0,0,0,0,0
50344,2,1,1998,0,0,0,0,0,0,0,0,0,0
50345,1,1,1998,0,0,0,0,0,0,0,0,0,0
50346,1,1,1998,11,11,11,11,11,11,11,11,11,11
50347,1,1,1998,0,0,0,0,0,0,0,0,0,0
50348,0,1,1998,25,0,0,0,0,0,0,0,0,0
50348,1,1,1998,0,0,0,0,0,0,0,0,0,0
50349,1,1,1998,21,21,21,21,21,21,21,21,21,21
50349,2,1,1998,0,0,0,0,0,0,0,0,0,0
50350,0,1,1998,0,0,0,0,0,0,0,0,0,0
50350,1,1,1998,0,0,0,0,0,0,0,0,0,0
50351,1,1,1998,2,2,2,2,2,2,2,2,2,2
50352,0,1,1998,0,0,0,9,24,0,10,0,18,0
50352,1,1,1998,28,28,28,28,28,28,28,28,28,28
50353,0,1,1998,0,0,0,0,0,0,0,0,0,0
50353,1,1,1998,0,0,0,0,0,0,0,0,0,0
50354,1,1,1998,0,0,0,0,0,0,0,0,0,0
50355,0,1,1998,0,0,0,0,0,0,0,0,0,0
50355,1,1,1998,0,0,0,0,0,0,0,0,0,0
50356,1,1,1998,24,24,24,24,24,24,24,24,24,24
50357,1,1,1998,27,27,27,27,27,27,27,27,27,27
50358,0,1,1998,14,14,14,14,14,14,14,14,14,14
50358,1,1,1998,0,0,0,0,0,0,0,0,0,0
50359,1,1,1998,0,0,0,0,0,0,0,0,0,0
50360,1,1,1998,0,0,0,0,0,0,0,0,0,0
50360,2,1,1998,0,0,0,0,0,0,0,0,0,0
50361,1,1,1998,0,0,28,17,0,18,0,23,0,14
50362,1,1,1998,0,0,0,0,0,0,0,0,0,0
50362,2,1,1998,0,0,0,0,0,0,0,0,0,0
50363,1,1,1998,0,13,42,0,0,0,0,0,14,23
50364,1,1,1998,0,0,0,0,0,0,0,0,0,0
50365,1,1,1998,0,0,0,0,0,0,0,0,0,0
50365,2,1,1998,0,0,0,0,0,0,0,0,0,0
50366,1,1,1998,31,31,31,31,31,31,31,31,31,31
50367,1,1,1998,0,0,13,0,6,0,14,0,27,0
50368,1,1,1998,0,26,8,8,12,0,0,45,0,0
50369,1,1,1998,0,0,0,0,0,0,0,0,0,0
50369,2,1,1998,0,0,0,0,0,0,0,0,0,0
50370,1,1,1998,13,13,13,13,13,13,13,13,13,13
50371,1,1,1998,0,0,0,0,0,0,0,13,0,0
50372,0,1,1998,0,32,0,0,0,0,0,0,0,0
50372,0,2,1998,0,17,0,0,0,0,0,0,13,0
50372,1,1,1998,0,0,0,0,0,0,0,0,0,0
50373,1,1,1998,0,0,0,0,0,0,0,0,0,0
50373,2,1,1998,0,0,0,0,0,0,0,0,0,0
50374,1,1,1998,0,0,0,0,0,11,0,0,0,0
50374,2,1,1998,0,0,0,0,0,0,0,11,0,0
50374,3,1,1998,0,0,0,0,0,0,0,0,0,0
50375,1,1,1998,0,0,0,0,0,0,0,0,0,0
50375,2,1,1998,0,0,0,0,0,0,0,0,0,0
50375,3,1,1998,0,0,0,0,0,0,0,0,0,0
50376,1,1,1998,0,0,0,0,0,0,0,0,0,0
50377,1,1,1998,17,17,17,17,17,17,17,17,17,17
50377,2,1,1998,0,0,0,0,0,0,0,0,0,0
50378,1,1,1998,17,17,17,17,17,17,17,17,17,17
50379,1,1,1998,0,0,0,0,0,0,0,0,0,0
50379,2,1,1998,0,0,0,0,0,0,0,0,0,0
50380,1,1,1998,0,0,0,0,0,0,0,0,0,0
50380,2,1,1998,0,0,0,0,0,0,0,0,0,0
50381,1,1,1998,0,0,0,0,0,0,0,0,0,0
50382,1,1,1998,0,0,0,0,0,0,0,0,0,0
50382,2,1,1998,0,0,0,0,0,0,0,0,0,0
50382,3,1,1998,0,0,0,0,0,0,0,0,0,0
50382,4,1,1998,8,0,0,0,0,0,0,0,0,0
50382,5,1,1998,0,0,0,0,0,0,0,0,0,0
50383,1,1,1998,0,0,0,0,0,0,0,0,0,0
50383,2,1,1998,0,0,0,0,0,0,0,0,0,0
50383,3,1,1998,0,0,0,0,0,0,0,0,0,0
50384,1,1,1998,0,0,0,0,0,0,0,0,0,0
50385,1,1,1998,0,0,0,0,0,0,0,0,0,0
50385,2,1,1998,0,0,0,0,0,0,0,0,0,0
50386,1,1,1998,22,22,22,22,22,22,22,22,22,22
50387,1,1,1998,14,14,14,14,14,14,14,14,14,14
50388,1,1,1998,0,14,0,0,0,23,0,0,0,0
50389,1,1,1998,0,0,14,0,0,0,0,0,0,0
50389,2,1,1998,0,0,0,0,0,0,0,0,0,0
50389,3,1,1998,0,0,0,0,0,0,0,0,0,0
50390,1,1,1998,10,10,10,10,10,10,10,10,10,10
50391,0,1,1998,0,0,0,0,0,0,0,0,0,0
50391,1,1,1998,0,0,0,0,0,0,0,0,0,0
50392,0,1,1998,27,27,27,27,27,27,27,27,27,27
50392,1,1,1998,0,0,0,0,0,0,0,0,0,0
50393,1,1,1998,0,0,0,24,0,0,0,0,0,13
50394,1,1,1998,0,0,0,0,0,0,0,0,0,0
50394,2,1,1998,0,0,0,0,0,0,0,0,0,0
50395,1,1,1998,12,12,12,12,12,12,12,12,12,12
50396,1,1,1998,0,0,0,0,0,0,0,0,0,0
50396,2,1,1998,0,0,0,0,0,0,0,0,0,0
50397,1,1,1998,14,18,20,28,22,21,19,11,13,0
50398,1,1,1998,11,0,0,0,26,0,0,0,0,0
50399,1,1,1998,0,0,0,0,0,0,0,0,0,0
50400,1,1,1998,13,13,13,13,13,13,13,13,13,13
50401,1,1,1998,0,0,0,0,0,0,0,0,0,0
50402,1,1,1998,0,0,0,0,0,0,7,0,0,0
50403,1,1,1998,0,0,0,0,0,0,0,0,0,0
50403,2,1,1998,0,0,0,0,0,0,0,0,0,0
50404,1,1,1998,0,0,17,22,20,28,0,0,0,17
50405,1,1,1998,12,12,12,12,12,12,12,12,12,12
50406,1,1,1998,0,0,0,0,0,0,0,0,0,0
50406,2,1,1998,0,0,0,0,0,0,0,0,0,0
50407,1,1,1998,0,0,0,0,0,0,0,0,0,0
50408,1,1,1998,0,0,0,0,0,0,0,0,0,0
50408,2,1,1998,0,0,0,0,0,0,0,0,0,0
50408,3,1,1998,0,0,0,0,0,0,0,0,0,0
50408,4,1,1998,0,0,0,0,0,0,0,0,0,0
50409,1,1,1998,21,21,21,21,21,21,21,21,21,21
50410,1,1,1998,3,3,3,3,3,3,3,3,3,3