ST_CASE,VEH_NO,PER_NO,YEAR,P1,P2,P3,P4,P5,P6,P7,P8,P9,P10
80153,1,1,1998,11,26,15,3,6,17,14,18,13,8
80154,1,1,1998,13,13,13,13,13,13,13,13,13,13
80154,2,1,1998,0,0,0,0,0,0,0,0,0,0
80155,1,1,1998,0,0,0,0,0,0,0,0,0,0
80156,1,1,1998,0,0,0,0,0,0,0,0,0,0
80156,2,1,1998,0,0,0,0,0,0,0,0,0,0
80156,3,1,1998,0,0,0,0,0,0,0,0,0,0
80156,4,1,1998,0,0,0,0,0,0,0,0,0,0
80157,1,1,1998,0,0,0,0,0,0,0,0,0,0
80158,1,1,1998,20,20,20,20,20,20,20,20,20,20
80159,1,1,1998,0,0,0,0,0,0,0,0,0,0
80159,2,1,1998,0,0,0,0,0,0,0,0,0,0
80160,1,1,1998,0,0,0,0,0,0,0,0,0,0
80161,1,1,1998,2,2,2,2,2,2,2,2,2,2
80161,2,1,1998,0,0,0,0,0,0,0,0,0,0
80161,3,1,1998,0,0,0,0,0,0,0,0,0,0
80162,1,1,1998,26,26,26,26,26,26,26,26,26,26
80162,2,1,1998,0,0,0,0,0,0,0,0,0,0
80163,1,1,1998,5,5,5,5,5,5,5,5,5,5
80164,1,1,1998,0,0,0,9,0,0,0,0,0,0
80165,1,1,1998,25,25,25,25,25,25,25,25,25,25
80166,1,1,1998,23,20,16,15,23,8,10,10,15,14
80167,1,1,1998,0,0,0,0,0,0,0,0,0,0
80168,1,1,1998,11,11,11,11,11,11,11,11,11,11
80169,1,1,1998,0,0,0,0,9,0,0,0,0,0
80170,1,1,1998,0,0,0,0,0,0,0,0,0,0
80170,2,1,1998,0,0,0,0,0,0,0,0,0,0
80171,1,1,1998,0,0,0,0,0,0,0,0,0,0
80172,1,1,1998,0,0,0,0,0,0,0,0,0,0
80172,2,1,1998,0,0,0,0,0,0,0,0,0,0
80173,1,1,1998,0,0,0,0,0,0,0,0,0,0
80174,1,1,1998,0,0,0,0,0,0,0,0,0,0
80174,2,1,1998,0,0,0,0,0,0,0,0,0,0
80175,1,1,1998,0,0,0,0,0,0,0,0,0,0
80175,2,1,1998,0,0,0,0,0,0,0,0,0,0
80175,3,1,1998,0,0,0,0,0,0,0,0,0,0
80175,4,1,1998,0,0,0,0,0,0,0,0,0,0
80176,1,1,1998,0,0,0,0,0,0,0,0,0,0
80176,2,1,1998,0,0,0,0,0,0,0,0,0,0
80177,1,1,1998,22,22,22,22,22,22,22,22,22,22
80177,2,1,1998,0,0,0,0,0,0,0,0,0,0
80178,1,1,1998,0,0,0,0,0,0,0,0,0,0
80178,2,1,1998,0,0,0,0,0,0,0,0,0,0
80179,1,1,1998,0,0,0,0,0,0,0,0,0,0
80180,1,1,1998,0,0,0,0,0,0,0,0,0,0
80180,2,1,1998,0,0,0,0,0,0,0,0,0,0
80181,0,1,1998,0,0,0,0,0,0,0,0,0,0
80181,1,1,1998,0,0,0,18,0,0,0,5,0,4
80182,1,1,1998,0,0,0,0,0,0,0,0,0,0
80183,1,1,1998,22,22,22,22,22,22,22,22,22,22
80184,1,1,1998,0,0,0,0,0,0,0,0,0,0
80185,1,1,1998,0,0,0,0,0,0,0,0,0,0
80185,2,1,1998,0,0,0,0,0,0,0,0,0,0
80186,0,1,1998,13,41,22,34,20,30,25,19,13,25
80186,1,1,1998,0,0,0,0,0,0,0,0,0,0
80187,1,1,1998,32,32,32,32,32,32,32,32,32,32
80188,1,1,1998,0,0,0,0,0,0,0,0,0,0
80189,1,1,1998,0,0,0,0,0,0,0,0,0,0
80189,2,1,1998,0,0,0,0,0,0,0,0,0,0
80190,1,1,1998,0,0,0,0,0,0,0,0,0,0
80191,1,1,1998,0,0,0,0,0,0,0,0,0,0
80191,2,1,1998,0,0,0,0,0,0,0,0,0,0
80191,3,1,1998,0,0,0,0,0,0,0,0,0,0
80191,4,1,1998,0,0,0,0,0,0,0,0,0,0
80191,5,1,1998,0,0,0,0,0,0,0,0,0,0
80192,1,1,1998,20,20,20,20,20,20,20,20,20,20
80193,1,1,1998,21,21,21,21,21,21,21,21,21,21
80194,1,1,1998,0,0,0,0,0,0,0,0,0,0
80194,2,1,1998,0,0,0,0,0,0,0,0,0,0
80195,1,1,1998,0,0,0,0,0,0,0,0,0,0
80196,1,1,1998,0,5,10,18,0,2,0,0,9,14
80197,1,1,1998,26,26,26,26,26,26,26,26,26,26
80198,1,1,1998,23,23,23,23,23,23,23,23,23,23
80199,1,1,1998,18,18,18,18,18,18,18,18,18,18
80199,2,1,1998,0,0,0,0,0,0,0,0,0,0
80200,1,1,1998,17,17,17,17,17,17,17,17,17,17
80201,1,1,1998,0,0,23,0,0,27,6,11,0,11
80201,2,1,1998,0,14,0,0,0,0,0,0,0,0
80202,1,1,1998,0,0,0,0,0,0,0,0,0,0
80202,2,1,1998,0,0,0,0,0,0,0,0,0,0
80203,1,1,1998,0,0,0,0,0,0,0,0,0,0
80204,1,1,1998,0,0,0,0,0,0,0,0,0,0
80204,2,1,1998,0,0,0,0,0,0,0,0,0,0
80204,3,1,1998,0,0,0,0,0,0,0,0,0,0
80205,1,1,1998,18,18,18,18,18,18,18,18,18,18
80206,1,1,1998,15,15,15,15,15,15,15,15,15,15
80207,1,1,1998,27,27,27,27,27,27,27,27,27,27
80207,2,1,1998,0,0,0,0,0,0,0,0,0,0
80208,0,1,1998,12,12,12,12,12,12,12,12,12,12
80208,1,1,1998,0,0,0,0,0,0,0,0,0,0
80209,1,1,1998,16,16,16,16,16,16,16,16,16,16
80209,2,1,1998,20,20,20,20,20,20,20,20,20,20
80210,1,1,1998,0,0,0,0,0,0,0,0,0,0
80211,1,1,1998,0,0,0,0,0,0,0,0,0,0
80211,2,1,1998,0,0,0,0,0,0,0,0,0,0
80212,1,1,1998,7,0,0,0,0,6,0,0,0,2
80213,1,1,1998,0,0,0,0,0,0,0,0,0,0
80214,1,1,1998,0,0,0,0,0,0,0,0,0,0
80215,0,1,1998,38,38,38,38,38,38,38,38,38,38
80215,1,1,1998,0,0,0,0,0,7,0,0,0,0
80216,1,1,1998,0,0,0,0,0,0,0,0,0,0
80217,0,1,1998,20,20,20,20,20,20,20,20,20,20
80217,1,1,1998,0,0,0,0,0,0,0,0,0,0
80218,0,1,1998,14,14,14,14,14,14,14,14,14,14
80218,1,1,1998,0,0,0,0,0,0,0,0,0,0
80219,1,1,1998,0,0,0,0,0,0,0,0,0,0
80220,1,1,1998,0,0,0,0,0,0,0,0,0,0
80220,2,1,1998,0,0,0,0,0,0,0,0,0,0
80221,1,1,1998,24,24,24,24,24,24,24,24,24,24
80222,1,1,1998,0,0,0,0,0,0,0,0,0,0
80223,1,1,1998,0,0,0,0,0,0,0,0,0,0
80223,2,1,1998,0,0,0,0,0,0,0,0,0,0
80224,1,1,1998,29,29,29,29,29,29,29,29,29,29
80224,2,1,1998,0,0,0,0,0,0,0,0,0,0
80225,0,1,1998,25,25,25,25,25,25,25,25,25,25
80225,1,1,1998,0,18,0,0,17,9,0,9,0,0
80226,1,1,1998,27,27,27,27,27,27,27,27,27,27
80227,1,1,1998,0,0,0,0,0,0,0,0,0,0
80228,1,1,1998,0,0,0,0,0,0,0,0,0,0
80228,2,1,1998,0,0,0,0,0,0,0,0,0,0
80229,1,1,1998,2,2,2,2,2,2,2,2,2,2
80229,2,1,1998,0,0,15,0,0,0,0,0,0,0
80229,3,1,1998,12,12,12,12,12,12,12,12,12,12
80230,0,1,1998,0,0,0,0,0,0,0,0,0,0
80230,1,1,1998,0,0,0,0,0,0,0,0,0,0
80231,1,1,1998,16,19,14,16,26,17,7,16,34,0
80231,2,1,1998,0,0,0,0,0,0,0,0,0,0
80232,0,1,1998,0,0,0,0,0,0,0,0,0,0
80232,1,1,1998,0,0,0,0,0,0,0,0,0,0
80233,1,1,1998,21,21,21,21,21,21,21,21,21,21
80233,2,1,1998,14,0,0,0,0,0,0,0,0,0
80234,1,1,1998,9,9,9,9,9,9,9,9,9,9
80234,2,1,1998,0,0,0,0,0,0,0,0,0,0
80235,0,1,1998,5,5,5,5,5,5,5,5,5,5
80235,1,1,1998,15,15,15,15,15,15,15,15,15,15
80236,1,1,1998,0,0,0,0,0,0,0,0,0,0
80237,0,1,1998,0,0,0,8,0,4,0,0,0,0
80237,1,1,1998,18,18,18,18,18,18,18,18,18,18
80238,1,1,1998,0,0,0,0,0,0,0,0,0,0
80239,1,1,1998,0,0,0,0,0,0,0,0,0,0
80239,2,1,1998,0,0,0,0,0,0,0,0,0,0
80239,3,1,1998,0,0,0,0,0,0,0,0,0,10
80240,0,1,1998,17,17,17,17,17,17,17,17,17,17
80240,1,1,1998,0,0,0,0,0,0,0,0,0,0
80241,1,1,1998,6,6,6,6,6,6,6,6,6,6
80242,1,1,1998,0,0,0,2,0,0,0,0,0,0
80243,1,1,1998,0,0,0,0,0,0,0,0,0,0
80243,2,1,1998,0,0,0,0,0,0,0,0,0,0
80243,3,1,1998,0,0,0,0,0,0,0,0,0,0
80244,1,1,1998,0,0,0,0,0,0,0,0,0,0
80244,2,1,1998,0,0,0,0,0,0,0,0,0,0
80244,3,1,1998,0,0,0,0,0,0,0,0,0,0
80245,0,1,1998,0,0,0,0,0,0,0,0,0,0
80245,1,1,1998,0,0,0,0,0,0,0,0,0,0
80246,1,1,1998,15,15,15,15,15,15,15,15,15,15
80247,1,1,1998,0,0,0,0,0,0,0,0,0,0
80248,1,1,1998,0,0,0,0,0,0,0,0,0,0
80249,1,1,1998,0,0,17,0,0,0,0,0,0,0
80249,2,1,1998,0,0,0,0,0,0,14,0,0,19
80250,1,1,1998,0,0,0,0,0,0,0,0,0,0
80250,2,1,1998,0,0,0,0,0,0,0,0,0,0
80250,3,1,1998,0,0,0,0,0,0,0,0,0,0
80251,0,1,1998,27,27,27,27,27,27,27,27,27,27
80251,1,1,1998,17,17,17,17,17,17,17,17,17,17
80251,2,1,1998,0,0,0,0,0,0,0,0,0,0
80252,1,1,1998,0,0,0,0,0,0,0,0,0,0
80253,1,1,1998,0,0,0,0,0,0,0,0,0,0
80253,2,1,1998,0,0,0,0,0,0,0,0,0,0
80254,1,1,1998,0,0,0,0,0,0,0,0,0,0
80255,1,1,1998,0,0,17,0,0,0,0,0,0,0
80255,2,1,1998,0,0,0,0,0,15,0,0,0,10
80256,1,1,1998,0,0,0,0,0,0,0,8,0,0
80256,2,1,1998,0,0,0,0,0,0,0,0,0,0
80257,1,1,1998,0,0,0,8,0,4,0,0,0,0
80258,1,1,1998,0,0,0,0,0,0,0,0,0,0
80258,2,1,1998,0,0,0,0,0,0,0,0,0,0
80259,1,1,1998,11,11,11,11,11,11,11,11,11,11
80260,1,1,1998,0,0,0,0,0,0,0,0,0,0
80260,2,1,1998,0,0,0,0,0,0,0,0,0,0
80261,1,1,1998,0,0,0,0,0,0,0,0,0,0
80261,2,1,1998,0,0,0,0,0,0,0,0,0,0
80262,1,1,1998,0,0,0,0,0,0,0,0,0,0
80262,2,1,1998,0,0,0,0,0,0,0,0,0,0
80262,3,1,1998,0,0,0,0,0,0,0,0,0,0
80263,1,1,1998,25,25,25,25,25,25,25,25,25,25
80264,1,1,1998,15,15,15,15,15,15,15,15,15,15
80264,2,1,1998,10,10,10,10,10,10,10,10,10,10
80265,1,1,1998,0,0,0,0,0,0,0,0,0,0
80265,2,1,1998,0,0,0,0,0,0,0,0,0,0
80266,1,1,1998,23,23,23,23,23,23,23,23,23,23
80267,1,1,1998,0,0,0,0,0,0,0,0,0,0
80268,1,1,1998,27,27,27,27,27,27,27,27,27,27
80269,1,1,1998,0,0,0,0,0,0,0,0,0,0
80270,1,1,1998,6,6,6,6,6,6,6,6,6,6
80270,2,1,1998,0,0,0,0,0,0,0,0,0,0
80271,1,1,1998,0,0,0,0,0,0,0,0,0,0
80271,2,1,1998,0,0,0,0,0,0,0,0,0,0
80272,1,1,1998,0,0,0,0,13,28,13,0,0,8
80273,1,1,1998,0,0,0,0,0,0,0,0,0,0
80273,2,1,1998,0,0,0,0,0,0,0,0,0,0
80274,1,1,1998,0,0,0,0,0,0,0,0,0,13
80274,2,1,1998,0,0,0,0,0,0,0,0,0,0
80275,0,1,1998,0,0,0,0,0,0,0,0,0,0
80275,1,1,1998,0,0,0,0,0,0,0,0,0,0
80276,1,1,1998,2,2,2,2,2,2,2,2,2,2
80276,2,1,1998,0,0,0,0,0,0,0,0,0,0
80277,1,1,1998,16,16,16,16,16,16,16,16,16,16
80278,1,1,1998,0,0,0,0,0,0,0,0,0,0
80278,2,1,1998,0,0,0,0,0,0,0,0,0,0
80279,1,1,1998,0,0,0,0,0,0,0,7,0,0
80279,2,1,1998,0,12,0,0,0,0,0,0,0,0
80280,1,1,1998,0,0,0,0,0,0,0,0,0,0
80281,1,1,1998,0,0,0,0,0,0,0,0,0,0
80281,2,1,1998,0,0,0,0,0,0,0,0,0,0
80282,1,1,1998,34,34,34,34,34,34,34,34,34,34
80283,1,1,1998,0,0,0,0,0,0,0,0,0,0
80284,1,1,1998,14,14,14,14,14,14,14,14,14,14
80285,1,1,1998,0,0,0,0,0,0,0,27,0,0
80286,1,1,1998,6,6,6,6,6,6,6,6,6,6
80287,1,1,1998,0,0,0,0,0,0,0,0,0,0
80288,1,1,1998,0,0,0,0,0,0,0,0,0,0
80288,2,1,1998,0,0,0,0,0,0,0,0,0,0
80288,3,1,1998,0,0,0,0,0,5,0,0,0,0
80288,4,1,1998,0,0,0,0,0,0,0,0,0,0
80289,1,1,1998,0,0,0,0,0,0,0,0,0,0
80290,0,1,1998,47,47,47,47,47,47,47,47,47,47
80290,1,1,1998,0,16,0,16,9,16,9,18,11,0
80291,1,1,1998,23,23,23,23,23,23,23,23,23,23
80292,1,1,1998,0,0,0,0,0,0,0,0,0,0
80292,2,1,1998,0,0,0,0,0,0,0,0,0,0
80293,1,1,1998,0,0,0,0,0,0,0,0,0,0
80294,1,1,1998,17,17,17,17,17,17,17,17,17,17
80295,1,1,1998,0,0,0,0,0,0,0,0,0,0
80296,1,1,1998,18,18,18,18,18,18,18,18,18,18
80296,2,1,1998,0,0,0,0,0,0,0,0,0,0
80297,1,1,1998,0,0,0,0,0,0,0,0,0,0
80297,2,1,1998,0,0,0,0,0,0,0,0,0,0
80298,1,1,1998,0,0,0,0,0,0,0,0,0,0
80298,2,1,1998,0,0,0,0,0,0,0,0,0,0
80298,3,1,1998,0,0,0,0,0,0,0,0,0,0
80298,4,1,1998,0,0,0,0,0,0,0,0,0,0
80299,1,1,1998,8,8,8,8,8,8,8,8,8,8
80300,1,1,1998,0,0,0,0,0,0,0,0,0,0
80300,2,1,1998,0,0,0,0,0,0,0,0,0,0
80301,1,1,1998,0,0,0,0,0,0,0,0,0,0
80302,1,1,1998,0,18,0,0,12,0,0,0,0,0
80302,2,1,1998,0,0,0,0,0,0,0,0,0,0
80303,1,1,1998,0,0,0,0,0,0,0,0,0,0
80304,1,1,1998,16,16,16,16,16,16,16,16,16,16
80305,0,1,1998,21,21,21,21,21,21,21,21,21,21
80305,1,1,1998,17,17,17,17,17,17,17,17,17,17
80306,1,1,1998,0,0,0,0,0,0,0,0,0,0
80307,1,1,1998,17,17,17,17,17,17,17,17,17,17
80307,2,1,1998,0,0,0,0,0,0,0,0,0,0
80308,1,1,1998,25,25,25,25,25,25,25,25,25,25
80309,1,1,1998,9,9,9,9,9,9,9,9,9,9
80310,1,1,1998,0,0,0,0,0,0,0,0,0,0
80310,2,1,1998,0,0,0,0,0,0,0,0,0,0
80311,0,1,1998,0,0,0,0,0,0,0,0,0,0
80311,1,1,1998,0,0,0,0,0,0,0,0,0,0
80312,1,1,1998,5,0,0,0,0,0,0,0,0,0
80312,2,1,1998,0,0,0,0,0,0,0,0,0,0
80313,1,1,1998,0,0,0,0,0,0,0,0,0,0
80313,2,1,1998,0,0,0,0,9,0,0,0,0,0
80314,1,1,1998,25,25,25,25,25,25,25,25,25,25
80315,1,1,1998,0,0,0,0,0,0,0,0,0,0
80315,2,1,1998,0,0,0,0,0,0,0,0,10,0
80316,1,1,1998,0,0,0,0,0,0,0,0,0,0
80317,0,1,1998,41,41,41,41,41,41,41,41,41,41
80317,1,1,1998,19,19,19,19,19,19,19,19,19,19
80318,1,1,1998,14,14,14,14,14,14,14,14,14,14
80319,0,1,1998,15,15,15,15,15,15,15,15,15,15
80319,1,1,1998,0,0,0,0,0,0,0,0,0,0
80320,1,1,1998,0,0,0,0,0,0,0,0,0,0
80321,0,1,1998,0,0,0,0,0,0,0,0,0,0
80321,1,1,1998,0,0,0,0,0,0,0,0,0,0
80322,0,1,1998,0,0,0,0,0,0,0,0,0,0
80322,1,1,1998,16,16,16,16,16,16,16,16,16,16
80323,1,1,1998,0,0,0,0,0,0,0,0,0,0
80323,2,1,1998,0,0,0,0,0,0,0,0,0,0
80324,1,1,1998,0,0,0,0,0,14,0,0,0,0
80324,2,1,1998,0,0,0,0,0,0,0,0,0,0
80324,3,1,1998,0,0,0,0,0,0,0,0,0,0
80325,1,1,1998,0,0,0,0,0,0,0,0,0,0
80325,2,1,1998,0,0,0,0,0,0,0,0,0,0
80326,0,1,1998,0,0,0,0,0,0,0,0,0,0
80326,1,1,1998,0,0,0,0,0,0,0,14,0,13
80327,1,1,1998,0,0,0,0,0,0,0,0,0,0
80328,1,1,1998,0,0,0,0,0,0,0,0,0,0
80328,2,1,1998,0,0,0,0,0,0,0,0,0,0
80329,0,1,1998,18,18,18,18,18,18,18,18,18,18
80329,1,1,1998,7,7,7,7,7,7,7,7,7,7
80330,1,1,1998,29,29,29,29,29,29,29,29,29,29
80331,1,1,1998,0,0,0,0,0,0,0,0,0,0
80332,1,1,1998,0,0,0,0,0,0,0,0,0,0
80332,2,1,1998,0,0,0,0,0,0,0,0,0,0
80332,3,1,1998,0,0,0,0,0,0,0,0,0,0
80333,1,1,1998,16,16,16,16,16,16,16,16,16,16
80334,1,1,1998,0,0,0,0,0,0,0,0,0,0
80334,2,1,1998,0,0,0,0,0,0,0,0,0,0
80335,0,1,1998,0,0,0,0,0,0,0,0,0,0
80335,1,1,1998,0,0,0,0,0,0,0,0,0,0
80336,1,1,1998,20,20,20,20,20,20,20,20,20,20
80337,0,1,1998,0,0,0,0,0,0,0,0,0,0
80337,1,1,1998,15,15,15,15,15,15,15,15,15,15
80338,1,1,1998,0,0,0,0,0,0,0,0,0,0
80339,1,1,1998,0,0,0,0,0,0,0,0,0,0
80339,2,1,1998,0,0,0,0,0,0,0,0,0,0
80340,1,1,1998,0,0,0,0,0,0,0,0,0,0
80341,1,1,1998,11,0,0,0,0,0,0,0,0,0
80341,2,1,1998,16,31,12,19,18,8,25,24,13,14
80342,1,1,1998,0,0,0,0,0,0,0,0,0,0
80342,2,1,1998,0,0,0,0,0,0,0,0,0,0
80343,0,1,1998,20,3,36,21,13,13,9,16,15,12
80343,1,1,1998,0,0,0,0,0,0,0,0,0,0
80344,1,1,1998,0,0,0,0,0,0,0,0,0,0
80344,2,1,1998,0,0,0,0,0,0,0,0,0,0
80344,3,1,1998,0,0,0,0,0,0,0,0,0,0
80345,1,1,1998,17,17,17,17,17,17,17,17,17,17
80346,1,1,1998,0,0,0,0,0,0,0,0,0,0
80346,2,1,1998,0,0,0,9,0,0,0,0,0,0
80347,1,1,1998,12,12,12,12,12,12,12,12,12,12
80348,1,1,1998,20,20,20,20,20,20,20,20,20,20
80349,1,1,1998,0,3,0,18,0,0,0,0,0,0
80350,1,1,1998,13,13,13,13,13,13,13,13,13,13
80350,2,1,1998,0,0,0,0,0,0,0,0,0,0
80351,1,1,1998,22,22,22,22,22,22,22,22,22,22
80352,1,1,1998,4,4,4,4,4,4,4,4,4,4
80352,2,1,1998,0,0,0,0,0,0,0,0,0,0
80353,1,1,1998,0,0,0,0,0,0,0,0,0,0
80353,2,1,1998,0,0,0,0,0,0,0,0,0,0
80354,0,1,1998,0,0,0,0,0,0,0,0,0,0
80354,1,1,1998,10,23,8,9,17,14,11,6,11,22
80355,1,1,1998,0,0,0,0,0,0,0,0,0,0
80355,2,1,1998,9,9,9,9,9,9,9,9,9,9
80356,0,1,1998,27,27,27,27,27,27,27,27,27,27
80356,1,1,1998,0,0,0,0,0,0,0,0,0,0
80357,1,1,1998,16,16,16,16,16,16,16,16,16,16
80358,1,1,1998,0,0,0,0,0,0,0,0,0,0
80358,2,1,1998,0,0,0,0,0,0,0,0,0,0
80359,1,1,1998,19,19,19,19,19,19,19,19,19,19
80359,2,1,1998,0,0,0,0,0,0,0,0,0,0
80360,1,1,1998,0,0,0,0,0,0,0,0,0,0
80360,2,1,1998,0,0,0,0,0,0,0,0,0,0
80361,1,1,1998,0,0,0,0,0,0,0,0,0,0
80362,0,1,1998,0,0,0,0,0,0,0,0,0,0
80362,1,1,1998,0,0,0,0,0,0,0,0,0,0
80363,0,1,1998,24,24,24,24,24,24,24,24,24,24
80363,1,1,1998,0,0,0,0,6,0,0,0,0,2
80364,0,1,1998,21,21,21,21,21,21,21,21,21,21
80364,1,1,1998,0,0,0,0,0,0,0,0,0,0
80365,1,1,1998,15,15,15,15,15,15,15,15,15,15
80366,1,1,1998,23,23,23,23,23,23,23,23,23,23
80367,1,1,1998,4,4,4,4,4,4,4,4,4,4
80368,1,1,1998,0,0,0,0,0,0,0,0,0,0
80369,1,1,1998,0,0,0,0,0,0,0,0,0,0
80369,2,1,1998,0,0,0,0,0,0,0,0,0,0
80370,1,1,1998,0,0,0,0,0,0,0,0,0,0
80370,2,1,1998,0,0,0,0,0,0,0,0,0,0
80371,0,1,1998,20,20,20,20,20,20,20,20,20,20
80371,1,1,1998,0,0,0,0,0,0,0,0,0,0
80372,1,1,1998,40,23,18,12,25,17,21,0,10,14
80373,1,1,1998,0,0,0,0,0,0,0,0,0,0
80373,2,1,1998,0,0,0,0,0,0,0,0,0,0
80374,0,1,1998,0,0,0,0,0,0,0,0,0,0
80374,1,1,1998,0,0,0,0,0,0,0,0,0,0
80375,1,1,1998,31,31,31,31,31,31,31,31,31,31
80375,2,1,1998,0,0,0,0,0,0,0,0,0,0
80376,1,1,1998,0,0,0,0,0,0,0,0,0,0
80377,1,1,1998,18,18,18,18,18,18,18,18,18,18
80378,1,1,1998,24,24,24,24,24,24,24,24,24,24
80379,0,1,1998,20,20,20,20,20,20,20,20,20,20
80379,1,1,1998,0,0,0,0,0,11,0,0,0,6
80380,1,1,1998,0,0,0,0,0,0,0,0,0,0
80380,2,1,1998,0,0,0,0,0,0,0,0,0,0
80381,0,1,1998,12,12,12,12,12,12,12,12,12,12
80381,1,1,1998,0,0,0,0,0,0,0,0,0,0
80382,1,1,1998,0,0,0,0,0,0,0,0,0,0
80383,1,1,1998,13,13,13,13,13,13,13,13,13,13
80384,1,1,1998,0,0,0,0,0,0,0,0,0,0
80385,1,1,1998,0,0,0,0,0,0,0,0,0,0
80385,2,1,1998,0,0,0,0,0,0,0,0,0,0
80385,3,1,1998,0,0,0,0,0,0,0,0,0,0
80386,1,1,1998,0,0,0,0,0,0,0,0,0,0
80387,1,1,1998,0,0,0,0,0,0,0,0,0,0
80388,1,1,1998,19,19,19,19,19,19,19,19,19,19
80388,2,1,1998,0,0,0,0,0,0,0,0,0,0
80389,1,1,1998,11,19,0,0,17,0,19,17,11,18
80389,2,1,1998,0,0,0,0,0,0,0,0,0,0
80390,1,1,1998,0,19,0,0,27,0,0,0,0,0
80391,1,1,1998,0,0,0,0,0,0,0,0,0,0
80391,2,1,1998,0,0,0,0,0,0,0,0,0,0
80392,1,1,1998,0,0,0,0,0,0,0,0,0,0
80392,2,1,1998,0,0,0,0,0,0,0,0,0,0
80393,0,1,1998,0,0,0,0,0,0,0,0,0,0
80393,1,1,1998,0,0,0,0,0,0,0,0,0,0
80393,2,1,1998,0,0,0,0,0,0,0,0,0,0
80394,1,1,1998,8,8,8,8,8,8,8,8,8,8
80394,2,1,1998,12,12,12,12,12,12,12,12,12,12
80395,1,1,1998,0,0,0,0,0,0,0,0,0,0
80395,2,1,1998,0,0,0,0,0,0,0,0,0,0
80396,1,1,1998,0,0,0,0,0,0,0,0,0,0
80396,2,1,1998,0,0,0,0,0,0,0,0,0,0
80396,3,1,1998,0,0,0,0,0,0,0,0,0,0
80397,1,1,1998,9,24,9,12,10,33,9,5,21,15
80398,1,1,1998,13,13,13,13,13,13,13,13,13,13
80399,1,1,1998,21,21,21,21,21,21,21,21,21,21
80400,1,1,1998,0,21,0,22,0,0,0,0,0,0
80401,1,1,1998,0,0,0,0,0,0,0,0,0,0
80401,2,1,1998,0,0,0,0,0,0,0,0,0,0
80401,3,1,1998,0,0,0,0,0,0,0,0,0,0
80402,1,1,1998,0,0,0,0,0,0,0,0,0,0
80403,1,1,1998,24,24,24,24,24,24,24,24,24,24
80404,1,1,1998,0,0,0,0,0,0,0,0,0,0
80404,2,1,1998,0,0,0,0,0,0,0,0,0,0
80405,0,1,1998,18,18,18,18,18,18,18,18,18,18
80405,1,1,1998,6,6,6,6,6,6,6,6,6,6
80406,1,1,1998,0,0,0,0,0,0,0,0,0,0
80407,1,1,1998,9,9,9,9,9,9,9,9,9,9
80407,2,1,1998,0,0,0,0,0,0,0,0,0,0
80408,1,1,1998,0,0,0,0,0,0,0,0,0,0
80408,2,1,1998,0,0,0,0,0,0,0,0,0,0
80409,1,1,1998,0,0,0,0,0,0,0,0,0,0
80410,1,1,1998,0,0,0,0,0,0,0,0,0,0
80410,2,1,1998,0,0,0,0,0,0,0,0,0,0
80411,1,1,1998,9,9,9,9,9,9,9,9,9,9
80411,2,1,1998,0,0,0,0,0,0,0,0,0,0
80412,1,1,1998,14,14,14,14,14,14,14,14,14,14
80412,2,1,1998,0,0,0,0,0,0,0,0,0,0
80413,0,1,1998,0,6,0,0,0,0,0,0,0,0
80413,0,2,1998,0,0,0,0,0,0,0,0,0,0
80413,1,1,1998,0,0,0,0,0,0,0,0,0,0
80414,1,1,1998,0,0,0,0,0,0,0,0,0,0
80414,2,1,1998,0,0,0,0,0,0,0,0,0,0
80415,1,1,1998,0,0,0,0,0,0,0,0,0,0
80415,2,1,1998,0,0,0,0,0,0,0,0,0,0
80416,1,2,1998,28,28,28,28,28,28,28,28,28,28
80417,0,1,1998,0,0,0,0,0,0,0,0,0,0
80417,1,1,1998,0,0,0,0,0,0,0,0,0,0
80418,0,1,1998,28,28,28,28,28,28,28,28,28,28
80418,1,1,1998,0,0,15,7,11,0,8,6,0,0
80419,1,1,1998,0,0,0,0,0,0,0,0,0,0
80419,2,1,1998,0,0,0,0,0,0,0,0,0,0
80420,1,1,1998,0,0,0,0,0,0,0,0,0,0
80421,1,1,1998,0,0,0,0,0,0,0,0,0,0
80421,2,1,1998,0,0,0,0,0,0,0,0,0,0
80422,1,1,1998,3,7,13,0,8,0,0,0,0,4
80423,1,1,1998,0,0,0,0,0,0,0,0,0,0
80423,2,1,1998,0,0,0,0,0,0,0,0,0,0
80424,0,1,1998,0,0,0,0,0,0,0,0,0,0
80424,1,1,1998,0,0,0,0,0,0,0,0,0,0
80425,1,1,1998,0,0,0,0,0,0,0,0,0,0
80426,1,1,1998,2,2,2,2,2,2,2,2,2,2
80427,1,1,1998,27,27,27,27,27,27,27,27,27,27
80428,1,1,1998,0,0,0,0,0,0,0,0,0,0
80429,1,1,1998,17,17,17,17,17,17,17,17,17,17
80430,0,1,1998,0,0,0,0,0,0,0,0,0,0
80430,1,1,1998,0,0,0,0,0,0,0,0,0,0
80430,2,1,1998,0,0,0,0,0,0,0,0,0,0
80431,1,1,1998,16,16,16,16,16,16,16,16,16,16
80432,1,1,1998,0,0,0,0,0,0,0,0,0,0
80433,1,1,1998,0,0,0,0,0,0,0,0,0,0
80433,2,1,1998,0,0,0,0,0,0,0,0,0,0
80434,1,1,1998,0,0,0,0,0,0,0,0,0,0
80434,2,1,1998,0,0,0,0,0,0,0,0,0,0
80435,1,1,1998,3,3,3,3,3,3,3,3,3,3
80436,1,1,1998,14,14,14,14,14,14,14,14,14,14
80437,1,1,1998,11,11,11,11,11,11,11,11,11,11
80437,2,1,1998,0,0,0,0,0,0,0,0,0,0
80438,1,1,1998,22,22,22,22,22,22,22,22,22,22
80439,1,1,1998,21,21,21,21,21,21,21,21,21,21
80440,1,1,1998,0,0,0,0,0,0,0,0,0,0