ST_CASE,VEH_NO,PER_NO,YEAR,P1,P2,P3,P4,P5,P6,P7,P8,P9,P10
80441,1,1,1998,22,12,26,0,0,0,0,0,21,0
80442,0,1,1998,18,29,8,19,4,49,0,4,8,24
80442,1,1,1998,21,20,11,9,20,0,14,11,15,21
80443,1,1,1998,0,0,0,0,0,0,0,0,0,0
80444,0,1,1998,0,0,0,0,0,0,0,0,0,0
80444,1,1,1998,0,0,0,0,0,0,0,0,0,0
80445,0,1,1998,27,27,27,27,27,27,27,27,27,27
80445,1,1,1998,0,0,0,10,22,26,27,26,20,0
80446,1,1,1998,0,0,0,0,0,0,0,0,0,0
80447,1,1,1998,0,0,0,0,0,0,0,0,0,0
80448,1,1,1998,0,0,0,0,0,0,10,0,0,0
80449,0,1,1998,0,0,0,0,0,0,0,0,0,0
80449,1,1,1998,5,5,5,5,5,5,5,5,5,5
80450,1,1,1998,0,0,0,0,0,0,0,0,0,0
80450,2,1,1998,0,0,0,0,0,0,0,0,0,0
80451,0,1,1998,0,0,0,0,0,0,0,0,0,0
80451,1,1,1998,0,0,0,0,0,0,0,0,0,0
80452,1,1,1998,0,0,0,0,0,0,0,0,0,0
80453,1,1,1998,0,0,0,11,0,0,7,0,0,0
80453,2,1,1998,0,0,0,0,0,0,0,0,0,0
80454,1,1,1998,11,11,11,11,11,11,11,11,11,11
80455,1,1,1998,0,0,0,0,0,0,0,0,0,0
80455,2,1,1998,0,0,0,0,0,0,0,0,0,0
80456,1,1,1998,12,12,12,12,12,12,12,12,12,12
80456,2,1,1998,0,0,0,0,0,0,0,0,0,0
80457,1,1,1998,0,0,0,0,0,0,0,0,0,0
80457,2,1,1998,0,0,0,0,0,0,0,0,0,0
80458,1,1,1998,0,0,0,0,0,0,0,0,0,0
80458,2,1,1998,0,0,0,0,0,0,0,0,0,10
80459,1,1,1998,19,19,19,19,19,19,19,19,19,19
80459,2,1,1998,0,0,0,0,0,0,0,0,0,0
80460,0,1,1998,10,10,10,10,10,10,10,10,10,10
80460,1,1,1998,0,0,0,0,0,0,0,8,0,0
80461,1,1,1998,13,0,22,33,22,23,20,19,26,28
80462,1,1,1998,0,0,0,0,0,0,0,0,0,0
80462,2,1,1998,0,0,0,0,0,0,0,0,0,0
80463,1,1,1998,0,0,0,0,0,0,0,0,0,0
80463,2,1,1998,0,0,0,0,0,0,0,0,0,0
80464,0,1,1998,11,11,11,11,11,11,11,11,11,11
80464,1,1,1998,0,0,0,0,5,0,0,0,0,0
80465,1,1,1998,0,0,0,0,0,0,0,0,0,0
80466,1,1,1998,31,31,31,31,31,31,31,31,31,31
80467,1,1,1998,0,0,0,0,0,0,0,0,0,0
80467,2,1,1998,0,0,0,16,0,0,0,0,0,0
80468,1,1,1998,0,0,0,0,0,0,0,0,0,0
80469,1,1,1998,25,25,25,25,25,25,25,25,25,25
80470,1,1,1998,0,0,0,0,0,0,0,0,0,0
80471,1,1,1998,0,0,0,0,0,0,0,0,0,0
80472,1,1,1998,22,22,22,22,22,22,22,22,22,22
80473,1,1,1998,0,0,0,0,0,0,0,0,0,0
80474,1,1,1998,15,15,15,15,15,15,15,15,15,15
80475,1,1,1998,7,7,7,7,7,7,7,7,7,7
80476,1,1,1998,14,14,14,14,14,14,14,14,14,14
80477,1,1,1998,0,0,0,0,0,0,0,0,0,0
80477,2,1,1998,0,0,0,0,0,0,0,0,0,0
80478,1,1,1998,0,0,0,0,0,0,0,0,0,0
80479,1,1,1998,8,8,8,8,8,8,8,8,8,8
80480,0,1,1998,0,0,0,0,0,0,0,0,0,0
80480,1,1,1998,0,0,0,0,0,0,0,0,0,0
80481,1,1,1998,25,25,25,25,25,25,25,25,25,25
80482,1,1,1998,27,27,27,27,27,27,27,27,27,27
80483,0,1,1998,0,0,0,0,0,0,0,0,0,0
80483,1,1,1998,0,0,0,0,0,0,0,5,0,7
80484,1,1,1998,24,24,24,24,24,24,24,24,24,24
80485,1,1,1998,0,0,0,0,0,0,0,0,0,0
80486,1,1,1998,0,0,0,0,0,0,0,0,0,0
80487,1,1,1998,0,0,0,0,0,0,0,0,0,0
80488,1,1,1998,29,29,29,29,29,29,29,29,29,29
80489,1,1,1998,0,0,0,0,0,0,0,0,0,0
80490,1,1,1998,0,0,0,0,0,0,0,0,0,0
80491,1,1,1998,0,0,0,0,0,0,0,0,0,0
80492,1,1,1998,12,12,12,12,12,12,12,12,12,12
80493,1,1,1998,0,0,0,0,0,0,0,0,0,0
80494,1,1,1998,1,1,1,1,1,1,1,1,1,1
80495,1,1,1998,0,0,0,0,0,0,0,0,0,0
80495,2,1,1998,0,0,0,0,0,0,0,0,0,0
80496,1,1,1998,0,0,0,0,0,0,0,0,0,0
80496,2,1,1998,0,0,0,0,0,0,0,0,0,0
80496,3,1,1998,0,0,0,0,0,0,0,0,0,0
80496,4,1,1998,0,0,0,0,0,0,0,0,0,0
80497,1,1,1998,25,25,25,25,25,25,25,25,25,25
80497,2,1,1998,0,0,0,0,0,0,0,0,0,0
80497,3,1,1998,0,0,0,0,0,0,0,0,0,0
80498,0,1,1998,26,26,26,26,26,26,26,26,26,26
80498,1,1,1998,0,0,0,0,0,0,0,0,0,0
80499,0,1,1998,0,0,0,0,0,10,0,0,0,0
80499,1,1,1998,0,0,0,0,0,0,0,0,0,0
80500,1,1,1998,0,0,0,0,0,0,0,0,0,0
80500,2,1,1998,0,0,0,0,0,0,0,0,0,0
80501,0,1,1998,0,0,0,0,0,0,0,0,0,0
80501,1,1,1998,0,0,0,0,0,0,0,0,0,0
80502,1,1,1998,0,0,0,0,0,0,0,0,0,0
80502,2,1,1998,0,0,0,0,0,0,0,0,0,0
80502,3,1,1998,0,0,0,0,0,0,0,0,0,0
80502,4,1,1998,0,0,0,0,0,0,0,0,0,0
80503,0,1,1998,21,21,21,21,21,21,21,21,21,21
80503,1,1,1998,0,0,0,0,0,0,0,0,0,0
80504,1,1,1998,0,0,7,0,0,0,0,0,0,9
80504,2,1,1998,0,0,0,0,0,0,0,0,0,0
80505,0,1,1998,23,23,23,23,23,23,23,23,23,23
80505,1,1,1998,0,0,0,0,0,0,0,0,0,0
80506,1,1,1998,0,0,0,0,0,0,0,0,0,0
80506,2,1,1998,0,0,0,0,0,21,0,21,0,0
80507,0,1,1998,0,0,0,6,22,21,0,0,0,0
80507,1,1,1998,0,0,0,0,0,0,0,0,0,0
80508,1,1,1998,0,0,0,0,0,0,0,0,0,0
80508,2,1,1998,0,0,0,0,0,0,0,0,0,0
80509,1,1,1998,0,0,0,0,0,0,0,0,0,0
80509,2,1,1998,0,0,0,0,0,0,0,0,0,0
80510,1,1,1998,28,28,28,28,28,28,28,28,28,28
80510,2,1,1998,0,0,0,0,0,0,0,0,0,0
80511,1,1,1998,0,0,0,0,0,0,0,0,0,0
80511,2,1,1998,0,0,0,0,0,0,0,0,0,0
80512,1,1,1998,0,0,0,0,0,0,0,0,0,0
80512,2,1,1998,0,0,0,0,0,0,0,0,0,0
80513,1,1,1998,0,0,0,0,0,0,0,0,0,0
80514,1,1,1998,0,0,0,0,0,0,0,0,0,0
80514,2,1,1998,0,0,0,0,0,0,0,0,0,0
80515,1,1,1998,0,0,0,0,0,0,0,0,0,0
80515,2,1,1998,0,0,0,0,0,0,0,0,0,0
80516,1,1,1998,0,0,0,0,0,0,0,0,0,0
80516,2,1,1998,0,0,0,0,0,0,0,0,0,0
80516,3,1,1998,0,0,0,0,0,0,0,0,0,0
80516,4,1,1998,0,0,0,0,0,0,0,0,0,0
80516,5,1,1998,0,0,0,0,0,0,0,0,0,0
80517,1,1,1998,0,0,0,0,0,0,0,0,0,0
80517,2,1,1998,0,0,0,0,0,0,0,0,0,0
80517,3,1,1998,0,0,0,0,0,0,0,0,0,0
80517,4,1,1998,0,0,0,0,0,0,0,0,0,0
80517,5,1,1998,0,0,0,0,0,0,0,0,0,0
80517,6,1,1998,0,0,0,0,0,0,0,0,0,0
80517,7,1,1998,0,0,0,0,0,0,0,0,0,0
80517,8,1,1998,0,0,0,0,0,0,0,0,0,0
80517,9,1,1998,0,0,0,0,12,0,0,0,3,0
80517,10,1,1998,0,0,0,0,0,0,0,0,0,0
80517,11,1,1998,0,0,0,0,0,0,0,0,0,0
80517,12,1,1998,0,0,0,0,0,0,0,0,0,0
80517,13,1,1998,0,0,0,0,0,0,0,0,0,0
80517,14,1,1998,0,0,0,0,9,0,0,0,0,0
80517,15,1,1998,0,0,0,0,0,0,0,0,0,0
80517,16,1,1998,0,0,0,0,0,0,0,0,0,0
80517,17,1,1998,0,0,0,0,0,0,0,0,0,0
80517,18,1,1998,0,0,0,0,0,0,0,0,0,0
80517,19,1,1998,0,0,0,0,0,0,0,0,0,0
80518,1,1,1998,0,0,0,0,0,0,0,0,0,0
80519,1,1,1998,0,0,0,5,0,0,0,0,0,4
80520,1,1,1998,0,0,0,0,0,0,0,0,0,0
80520,2,1,1998,0,0,0,0,0,0,0,0,0,0
80521,1,1,1998,0,0,0,0,0,0,0,0,0,0
80521,2,1,1998,0,0,0,0,0,0,0,0,0,0
80522,1,1,1998,0,0,0,0,0,0,0,0,0,0
80522,2,1,1998,0,0,0,0,0,0,0,0,0,0
80523,1,1,1998,0,0,0,0,0,0,0,0,0,0
80523,2,1,1998,0,0,0,0,0,0,0,0,0,0
80524,1,1,1998,0,0,0,0,0,0,0,0,0,0
80524,2,1,1998,0,0,0,0,0,0,0,0,0,0
80524,3,1,1998,0,0,0,0,0,0,0,0,0,0
80524,4,1,1998,0,0,0,0,0,0,0,0,0,0
80525,1,1,1998,12,12,12,12,12,12,12,12,12,12
80526,1,1,1998,15,15,15,15,15,15,15,15,15,15
80527,1,1,1998,0,0,0,0,0,0,0,0,0,0
80527,2,1,1998,0,0,0,0,0,0,0,0,0,0
80527,3,1,1998,0,0,0,0,0,0,0,0,0,0
80528,1,1,1998,37,37,37,37,37,37,37,37,37,37
80529,1,1,1998,0,0,0,0,0,0,0,0,0,0
80529,2,1,1998,0,0,0,0,0,0,0,0,0,0
80530,0,1,1998,0,0,0,0,0,0,0,0,0,0
80530,1,1,1998,21,21,21,21,21,21,21,21,21,21
80531,1,1,1998,0,0,0,0,0,0,0,0,0,0
80531,2,1,1998,0,0,0,0,0,0,0,0,0,0
80532,1,1,1998,0,0,0,0,0,0,0,0,0,0
80532,2,1,1998,8,8,8,8,8,8,8,8,8,8
80533,1,1,1998,0,0,0,0,0,0,0,0,0,0
80533,2,1,1998,0,0,0,0,0,0,0,0,0,0
80534,1,1,1998,1,1,1,1,1,1,1,1,1,1
80534,2,1,1998,0,0,0,0,0,0,0,0,0,0
80535,1,1,1998,12,12,12,12,12,12,12,12,12,12
80535,2,1,1998,0,0,0,0,0,0,0,0,0,0
80535,3,1,1998,21,21,21,21,21,21,21,21,21,21
80536,1,1,1998,0,0,0,0,0,0,0,0,0,0
80537,1,1,1998,0,0,0,0,0,0,0,0,0,0
80537,2,1,1998,0,0,0,0,0,0,0,0,0,0
80538,0,1,1998,30,30,30,30,30,30,30,30,30,30
80538,1,1,1998,0,0,0,0,0,0,0,0,0,5
80539,1,1,1998,15,15,15,15,15,15,15,15,15,15
80540,1,1,1998,0,0,0,0,0,0,0,0,0,0
80540,2,1,1998,0,0,0,0,0,0,0,0,0,0
80541,1,1,1998,0,0,0,0,0,0,0,0,0,0
80541,2,1,1998,0,0,0,0,0,0,0,0,0,0
80542,1,1,1998,0,0,0,0,0,0,0,0,0,0
80543,1,1,1998,0,0,0,0,0,0,0,0,0,0
80544,1,1,1998,0,20,14,0,0,0,0,0,0,0
80545,1,1,1998,23,23,23,23,23,23,23,23,23,23
80545,2,1,1998,0,0,0,0,0,0,0,0,0,0
80546,1,1,1998,13,13,13,13,13,13,13,13,13,13
80546,2,1,1998,15,0,0,0,0,0,0,7,15,0
80547,1,1,1998,0,0,0,0,0,0,0,0,0,0
80547,2,1,1998,0,0,0,0,0,0,0,0,0,0
80547,3,1,1998,0,0,0,0,0,0,0,0,0,0
80548,0,1,1998,0,0,0,0,0,0,0,0,0,0
80548,1,1,1998,0,0,0,0,0,0,0,0,0,0
80549,0,1,1998,0,0,0,14,26,0,0,0,16,0
80549,1,1,1998,0,0,0,0,0,0,0,0,0,0
80550,1,1,1998,17,17,17,17,17,17,17,17,17,17
80551,1,1,1998,23,23,23,23,23,23,23,23,23,23
80551,2,1,1998,0,0,0,0,0,0,0,0,0,0
80551,3,1,1998,0,0,0,18,0,0,0,0,0,0
90001,1,1,1998,0,17,0,0,0,0,0,0,0,0
90002,0,1,1998,0,0,0,0,0,0,0,0,0,0
90002,1,1,1998,0,5,4,5,10,4,4,16,10,0
90003,0,1,1998,0,0,0,0,0,0,0,0,0,0
90003,1,1,1998,12,0,23,12,15,9,0,0,22,0
90004,1,1,1998,0,0,0,0,0,0,0,0,0,0
90005,0,1,1998,0,0,6,0,4,0,0,42,0,23
90005,1,1,1998,12,0,0,0,0,0,10,0,0,0
90006,1,1,1998,5,0,0,0,0,0,0,0,0,8
90006,2,1,1998,0,0,0,0,14,0,0,0,7,0
90007,1,1,1998,0,0,0,0,0,0,20,0,0,0
90007,2,1,1998,0,0,0,0,0,0,0,0,0,0
90008,1,1,1998,0,0,0,0,0,0,0,0,0,0
90008,2,1,1998,0,0,0,0,0,0,0,0,0,0
90009,1,1,1998,0,0,0,0,0,0,0,0,0,0
90010,1,1,1998,0,0,0,0,0,0,0,0,0,0
90010,2,1,1998,0,0,0,0,0,0,0,0,0,0
90011,0,1,1998,28,28,28,28,28,28,28,28,28,28
90011,1,1,1998,0,0,0,0,0,0,0,0,0,0
90012,1,1,1998,0,12,0,16,0,0,0,0,0,0
90013,1,1,1998,27,27,27,27,27,27,27,27,27,27
90014,1,1,1998,0,0,0,0,0,0,0,0,0,0
90015,1,1,1998,0,0,0,0,0,0,0,0,0,0
90015,2,1,1998,0,0,0,0,0,0,0,0,0,0
90016,1,1,1998,38,38,38,38,38,38,38,38,38,38
90017,1,1,1998,9,9,9,9,9,9,9,9,9,9
90018,1,1,1998,0,0,9,0,0,0,0,0,0,0
90019,1,1,1998,0,0,0,0,0,0,0,0,0,0
90020,1,1,1998,0,0,0,0,0,0,0,0,0,0
90020,2,1,1998,14,14,14,14,14,14,14,14,14,14
90021,1,1,1998,0,0,0,0,0,0,0,0,0,0
90022,1,1,1998,0,0,0,0,0,0,0,0,0,0
90022,2,1,1998,0,0,5,0,0,0,0,0,0,0
90023,1,1,1998,0,0,0,0,0,0,0,0,0,0
90024,0,1,1998,0,0,0,0,0,0,0,0,0,0
90024,1,1,1998,0,0,0,0,0,0,0,0,0,6
90025,1,1,1998,0,0,0,0,0,0,0,0,0,0
90026,0,1,1998,0,0,0,0,0,0,0,0,0,0
90026,1,1,1998,14,14,14,14,14,14,14,14,14,14
90027,1,1,1998,20,20,20,20,20,20,20,20,20,20
90028,1,1,1998,0,0,0,0,0,0,0,0,0,0
90029,1,1,1998,17,17,17,17,17,17,17,17,17,17
90030,0,1,1998,0,0,0,0,0,0,0,0,0,0
90030,0,2,1998,0,0,0,0,0,0,0,0,0,0
90030,1,1,1998,0,0,0,0,0,0,0,0,0,0
90031,1,1,1998,10,10,10,10,10,10,10,10,10,10
90032,0,1,1998,12,12,12,12,12,12,12,12,12,12
90032,0,2,1998,20,20,20,20,20,20,20,20,20,20
90032,1,1,1998,11,23,24,10,17,14,17,9,20,33
90033,1,1,1998,0,0,0,0,0,0,0,0,0,0
90034,1,1,1998,8,8,8,8,8,8,8,8,8,8
90035,1,1,1998,0,0,0,0,0,0,0,0,0,0
90035,2,1,1998,0,0,0,0,0,0,2,0,0,0
90036,1,1,1998,11,11,11,11,11,11,11,11,11,11
90036,2,1,1998,0,0,0,0,0,0,4,8,0,0
90037,1,1,1998,0,0,0,0,0,0,0,0,0,0
90038,1,1,1998,0,0,0,0,0,0,0,0,0,0
90038,2,1,1998,0,0,0,0,0,0,0,0,0,0
90039,1,1,1998,0,0,0,0,0,0,0,0,0,0
90039,2,1,1998,0,0,0,0,0,0,0,0,0,0
90040,1,1,1998,0,0,0,0,0,0,0,0,0,0
90041,1,1,1998,0,0,0,0,0,0,0,0,0,0
90042,1,1,1998,0,0,0,0,0,0,0,0,0,0
90042,2,1,1998,0,0,0,0,0,0,0,0,0,0
90043,1,1,1998,0,0,0,0,0,0,0,0,0,0
90044,1,1,1998,0,0,0,0,0,0,0,0,0,0
90045,1,1,1998,0,0,0,0,0,0,0,0,0,0
90045,2,1,1998,0,0,0,0,0,0,0,0,0,4
90045,3,1,1998,0,0,0,0,0,0,0,0,0,0
90046,0,1,1998,0,0,0,0,0,0,0,0,0,0
90046,1,1,1998,0,0,0,0,0,0,0,0,16,0
90047,1,1,1998,5,25,0,29,15,0,8,13,0,23
90047,2,1,1998,0,0,0,0,0,0,0,0,0,0
90048,1,1,1998,0,0,0,0,0,0,0,19,0,0
90049,1,1,1998,0,0,0,0,0,0,0,0,0,0
90050,1,1,1998,0,0,0,0,0,0,0,0,0,0
90050,2,1,1998,0,0,0,0,0,0,0,0,0,0
90051,1,1,1998,9,9,9,9,9,9,9,9,9,9
90052,0,1,1998,0,0,0,0,0,0,0,0,0,0
90052,1,1,1998,0,0,0,10,21,16,0,12,18,0
90053,1,1,1998,0,0,0,0,0,0,0,0,0,0
90054,0,1,1998,5,0,0,0,0,0,0,0,0,5
90054,1,1,1998,0,7,0,12,0,0,0,0,0,0
90054,2,1,1998,0,0,0,0,0,0,0,3,0,0
90055,1,1,1998,0,0,0,0,0,0,0,0,0,0
90055,2,1,1998,0,0,0,0,0,0,0,0,0,0
90056,1,1,1998,0,0,0,0,0,0,0,0,0,0
90057,1,1,1998,0,0,0,0,0,0,0,0,0,0
90057,2,1,1998,0,0,0,0,0,0,0,0,0,0
90058,1,1,1998,0,0,0,0,0,0,0,0,0,0
90059,1,1,1998,0,0,0,0,0,0,0,0,0,0
90060,1,1,1998,10,10,10,10,10,10,10,10,10,10
90061,1,1,1998,0,0,0,0,0,0,0,0,0,0
90061,2,1,1998,0,0,0,0,0,0,0,0,0,0
90061,3,1,1998,0,0,0,0,0,0,0,0,0,0
90062,0,1,1998,5,5,5,5,5,5,5,5,5,5
90062,1,1,1998,0,0,0,0,0,0,0,0,0,0
90063,1,1,1998,0,0,0,0,0,0,0,0,0,0
90063,2,1,1998,0,0,0,0,0,0,0,0,0,0
90065,1,1,1998,0,0,0,0,0,0,0,0,0,0
90065,2,1,1998,0,0,0,0,0,0,0,0,0,0
90066,1,1,1998,9,9,9,9,9,9,9,9,9,9
90067,1,1,1998,16,16,16,16,16,16,16,16,16,16
90068,1,1,1998,0,0,0,0,0,0,0,0,0,0
90068,2,1,1998,0,0,0,0,0,0,0,0,0,0
90069,1,1,1998,6,6,6,6,6,6,6,6,6,6
90070,1,1,1998,12,12,12,12,12,12,12,12,12,12
90070,2,1,1998,0,0,5,0,0,0,0,0,0,0
90071,0,1,1998,17,17,17,17,17,17,17,17,17,17
90071,1,1,1998,0,0,0,0,0,0,0,0,0,0
90072,1,1,1998,23,23,23,23,23,23,23,23,23,23
90072,2,1,1998,7,0,18,19,12,0,14,21,23,14
90073,1,1,1998,0,0,0,0,0,0,0,0,0,0
90073,2,1,1998,10,0,0,0,0,0,0,0,0,0
90074,1,1,1998,24,24,24,24,24,24,24,24,24,24
90075,1,1,1998,0,0,0,0,0,0,0,0,0,0
90075,2,1,1998,23,22,15,23,5,12,13,21,9,12
90076,0,1,1998,0,0,0,0,0,0,0,0,0,0
90076,1,1,1998,2,0,13,8,0,0,0,0,0,24
90077,1,1,1998,21,21,21,21,21,21,21,21,21,21
90077,2,1,1998,0,0,0,0,0,0,0,0,0,0
90078,1,1,1998,0,0,0,0,0,0,0,0,0,0
90079,1,1,1998,0,0,0,0,11,0,0,0,0,0
90079,2,1,1998,0,0,0,0,0,0,0,0,0,0
90080,1,1,1998,0,0,0,0,0,0,0,0,0,0
90080,2,1,1998,0,0,0,0,0,0,0,0,0,0
90081,0,1,1998,0,0,0,0,0,0,0,0,0,0
90081,1,1,1998,0,0,0,0,0,0,0,0,0,0
90081,2,1,1998,0,0,0,0,0,0,0,0,0,0
90081,3,1,1998,0,0,0,0,0,0,0,0,0,0
90082,1,1,1998,17,13,12,0,12,0,0,8,13,0
90082,2,1,1998,0,0,0,0,0,0,0,0,0,0
90083,1,1,1998,20,20,20,20,20,20,20,20,20,20
90083,2,1,1998,0,0,0,0,0,0,4,0,0,0
90084,0,1,1998,0,0,0,0,0,0,0,0,0,0
90084,0,2,1998,26,0,0,40,13,13,15,8,13,0
90084,1,1,1998,20,20,20,20,20,20,20,20,20,20
90085,0,1,1998,0,0,0,6,0,0,0,0,0,0
90085,1,1,1998,0,0,0,0,0,0,0,0,0,0
90086,1,1,1998,0,0,0,0,0,0,0,0,0,0
90087,1,1,1998,0,0,0,0,0,0,0,0,0,0
90087,2,1,1998,0,0,0,0,0,0,0,0,0,0
90088,1,1,1998,0,0,0,0,0,0,0,0,0,0
90088,2,1,1998,0,0,0,0,0,0,0,0,0,0
90089,1,1,1998,0,0,0,0,0,0,0,0,0,0
90089,2,1,1998,14,21,22,0,10,20,2,25,25,8
90090,1,1,1998,0,0,0,0,0,0,0,0,0,0
90090,2,1,1998,0,0,0,0,0,0,0,0,0,0
90091,1,1,1998,18,18,18,18,18,18,18,18,18,18
90092,1,1,1998,3,3,3,3,3,3,3,3,3,3
90093,1,1,1998,0,0,0,0,0,0,0,0,0,0
90094,0,1,1998,0,0,12,0,0,8,17,0,0,16
90094,1,1,1998,0,0,0,0,28,0,0,0,15,0
90095,1,1,1998,0,0,0,0,0,0,0,0,0,0
90096,1,1,1998,0,0,0,0,0,0,0,0,0,0
90097,1,1,1998,0,0,0,0,0,0,0,0,0,0
90097,2,1,1998,0,0,0,0,0,0,0,0,0,0
90097,3,1,1998,0,0,0,0,0,0,0,0,8,0
90097,4,1,1998,0,0,0,0,0,0,0,0,9,0
90098,1,1,1998,0,0,0,0,0,0,0,0,0,0
90098,2,1,1998,0,0,0,0,0,0,0,0,0,0
90099,1,1,1998,13,17,24,13,16,15,25,20,14,15
90100,1,1,1998,0,0,0,0,0,0,0,0,0,0
90100,2,1,1998,0,0,0,0,0,0,0,0,0,0
90101,1,1,1998,0,0,0,0,0,0,0,0,0,0
90101,2,1,1998,0,0,0,0,0,0,0,0,0,0
90101,3,1,1998,0,0,0,0,0,0,0,0,0,0
90102,0,1,1998,0,0,0,0,0,0,0,0,0,0
90102,1,1,1998,0,0,0,0,0,0,0,0,0,0
90103,1,1,1998,26,26,26,26,26,26,26,26,26,26
90104,1,1,1998,20,20,20,20,20,20,20,20,20,20
90105,1,1,1998,0,0,10,0,0,0,0,0,0,0
90105,2,1,1998,0,0,0,0,0,0,0,0,0,0
90106,1,1,1998,19,19,19,19,19,19,19,19,19,19
90107,1,1,1998,0,0,0,0,0,0,0,0,0,0
90107,2,1,1998,0,0,0,0,0,0,0,0,0,0
90108,1,1,1998,0,18,4,0,0,10,7,0,0,5
90109,1,1,1998,0,0,0,0,0,0,0,0,0,0
90109,2,1,1998,18,18,18,18,18,18,18,18,18,18
90110,1,1,1998,10,10,10,10,10,10,10,10,10,10
90111,1,1,1998,0,0,0,0,0,0,0,0,0,0
90111,2,1,1998,15,15,15,15,15,15,15,15,15,15
90112,1,1,1998,0,0,0,0,0,0,0,0,0,0
90112,2,1,1998,20,20,20,20,20,20,20,20,20,20
90113,1,1,1998,0,0,0,0,0,0,0,0,0,0
90113,2,1,1998,0,0,0,0,0,0,0,0,0,0
90114,1,1,1998,0,0,0,0,0,0,0,0,0,0
90114,2,1,1998,0,0,0,0,0,0,0,0,0,0
90115,1,1,1998,0,0,0,0,0,0,0,0,0,0
90116,1,1,1998,21,21,21,21,21,21,21,21,21,21
90117,1,1,1998,12,12,12,12,12,12,12,12,12,12
90118,1,1,1998,0,0,0,0,0,21,0,0,0,9
90119,1,1,1998,0,0,0,0,0,0,0,0,0,0
90119,2,1,1998,0,0,0,0,0,0,0,0,0,0
90120,1,1,1998,10,21,8,10,23,18,13,15,8,1
90121,0,1,1998,0,0,0,0,0,0,0,0,0,0
90121,1,1,1998,0,0,0,0,6,0,0,0,0,0
90122,1,1,1998,0,0,0,0,0,0,0,0,0,0
90123,1,1,1998,0,0,0,0,0,0,0,0,0,0
90124,1,1,1998,16,11,16,8,20,19,11,27,11,17
90125,1,1,1998,23,23,23,23,23,23,23,23,23,23
90126,1,1,1998,12,12,12,12,12,12,12,12,12,12
90127,1,1,1998,0,0,0,0,0,0,0,0,0,0
90127,2,1,1998,0,9,0,0,0,0,0,0,10,0
90128,1,1,1998,0,0,0,0,0,0,0,0,0,0
90128,2,1,1998,0,0,0,0,0,0,0,0,0,0
90129,1,1,1998,31,31,31,31,31,31,31,31,31,31
90130,1,1,1998,15,14,0,0,16,15,0,0,0,0
90130,2,1,1998,0,0,0,9,0,0,0,0,15,0
90131,0,1,1998,0,0,0,0,0,0,0,0,0,0
90131,1,1,1998,0,0,0,0,0,0,0,0,0,0
90132,1,1,1998,0,0,0,0,0,0,0,0,0,17
90132,2,1,1998,35,35,35,35,35,35,35,35,35,35
90133,0,1,1998,0,0,0,0,0,0,0,0,0,0
90133,1,1,1998,0,0,0,0,0,0,0,0,0,0
90134,1,1,1998,0,0,15,0,0,0,0,0,0,0
90134,2,1,1998,0,0,0,0,0,0,0,0,0,0
90135,1,1,1998,0,0,0,0,0,0,0,0,0,0
90135,2,1,1998,0,0,0,0,0,0,0,0,0,0
90135,3,1,1998,0,0,0,0,0,0,0,0,0,0
90136,1,1,1998,13,13,13,13,13,13,13,13,13,13
90137,1,1,1998,24,24,24,24,24,24,24,24,24,24
90137,2,1,1998,0,0,0,0,0,0,0,0,0,12
90137,3,1,1998,4,0,0,0,0,10,0,5,0,0
90138,1,1,1998,0,0,0,0,0,0,0,0,0,0
90138,2,1,1998,0,0,0,0,0,0,0,0,0,0
90138,3,1,1998,0,0,0,0,0,0,0,0,0,0
90139,0,1,1998,0,0,0,0,0,0,0,0,0,0
90139,1,1,1998,0,0,0,0,0,0,0,0,0,0
90140,1,1,1998,0,0,0,0,0,0,0,0,0,0
90140,2,1,1998,0,0,0,0,0,0,0,32,0,22
90140,3,1,1998,0,0,0,4,0,0,0,19,0,0
90141,0,1,1998,0,0,0,0,0,0,0,0,0,0
90141,1,1,1998,0,0,0,0,0,0,0,0,0,0
90142,1,1,1998,0,0,0,0,15,6,0,5,5,10
90143,1,1,1998,0,0,0,0,0,0,0,0,0,0
90144,1,1,1998,0,0,0,0,0,0,0,0,0,0
90145,1,1,1998,0,0,0,0,0,0,0,0,0,0
90145,2,1,1998,0,0,0,0,0,0,0,0,0,0
90146,1,1,1998,18,18,18,18,18,18,18,18,18,18
90147,1,1,1998,9,17,30,20,0,7,21,17,0,16
90148,1,1,1998,29,29,29,29,29,29,29,29,29,29
90149,1,1,1998,0,0,0,0,0,0,0,0,0,0
90149,2,1,1998,0,0,12,16,0,0,9,0,0,21
90150,1,1,1998,19,19,19,19,19,19,19,19,19,19
90151,1,1,1998,23,23,23,23,23,23,23,23,23,23
90152,1,1,1998,0,0,0,0,0,0,0,0,0,0
90152,2,1,1998,16,16,16,16,16,16,16,16,16,16
90153,1,1,1998,0,0,0,0,0,0,0,0,7,14
90154,1,1,1998,0,0,4,0,0,0,0,0,0,0
90154,2,1,1998,0,0,0,19,0,0,0,0,0,0
90154,3,1,1998,0,0,0,0,0,0,0,0,0,0
90155,1,1,1998,0,0,0,0,0,0,0,0,0,0
90156,1,1,1998,0,0,0,0,0,0,0,0,0,0
90157,1,1,1998,0,0,0,0,0,0,0,0,0,0
90158,1,1,1998,0,0,15,0,18,0,0,0,0,13
90159,1,1,1998,0,0,0,0,0,0,0,0,0,0
90160,1,1,1998,0,0,0,0,0,0,0,0,0,0
90160,2,1,1998,18,18,18,18,18,18,18,18,18,18
90161,1,1,1998,0,0,0,19,0,0,17,0,0,0
90162,1,1,1998,0,0,0,0,0,0,0,0,0,0
90163,1,1,1998,5,5,5,5,5,5,5,5,5,5
90163,2,1,1998,0,0,0,0,18,0,0,0,0,0
90164,1,1,1998,0,0,0,0,0,0,0,0,0,0
90165,1,1,1998,0,0,0,16,0,20,13,21,16,0
90165,2,1,1998,0,0,0,0,0,0,0,0,0,0
90165,3,1,1998,0,8,0,0,0,0,8,0,7,0
90166,1,1,1998,0,0,0,0,0,0,0,0,0,0
90166,2,1,1998,0,0,0,8,0,0,0,0,0,0