ST_CASE,VEH_NO,PER_NO,YEAR,P1,P2,P3,P4,P5,P6,P7,P8,P9,P10
90167,1,1,1998,0,0,0,0,0,0,0,0,0,0
90167,2,1,1998,6,6,6,6,6,6,6,6,6,6
90168,1,1,1998,18,18,18,18,18,18,18,18,18,18
90168,2,1,1998,10,0,0,0,0,0,0,0,0,0
90168,3,1,1998,0,0,0,0,0,0,0,0,0,0
90169,1,1,1998,25,25,25,25,25,25,25,25,25,25
90169,2,1,1998,0,0,0,0,0,0,0,0,0,0
90170,1,1,1998,3,3,3,3,3,3,3,3,3,3
90170,2,1,1998,3,3,3,3,3,3,3,3,3,3
90171,1,1,1998,13,0,0,0,0,0,0,0,0,0
90171,2,1,1998,13,13,13,13,13,13,13,13,13,13
90172,0,1,1998,0,0,0,0,0,0,0,0,0,0
90172,1,1,1998,0,19,0,0,0,0,0,0,0,0
90173,1,1,1998,23,23,23,23,23,23,23,23,23,23
90174,1,1,1998,16,16,16,16,16,16,16,16,16,16
90175,1,1,1998,0,0,0,0,0,0,0,0,0,0
90176,1,1,1998,0,0,0,0,0,0,0,0,0,0
90176,2,1,1998,0,0,0,0,0,0,0,0,0,0
90177,1,1,1998,21,0,0,13,20,18,0,23,20,13
90177,2,1,1998,0,0,0,0,0,0,0,0,0,0
90178,1,1,1998,0,0,0,0,0,0,0,0,0,0
90179,0,1,1998,0,0,0,0,0,0,0,0,0,0
90179,1,1,1998,14,32,7,4,0,12,0,0,15,21
90180,0,1,1998,2,2,2,2,2,2,2,2,2,2
90180,1,1,1998,0,0,0,0,0,0,0,0,0,0
90181,1,1,1998,24,24,24,24,24,24,24,24,24,24
90182,1,1,1998,0,0,0,0,0,0,0,10,0,0
90182,2,1,1998,0,0,0,0,0,0,0,0,0,0
90183,1,1,1998,21,21,21,21,21,21,21,21,21,21
90184,1,1,1998,0,0,0,0,0,0,0,0,0,0
90185,1,1,1998,11,11,11,11,11,11,11,11,11,11
90186,0,1,1998,0,0,0,0,0,0,0,0,0,0
90186,0,2,1998,26,27,0,14,14,11,9,5,6,12
90186,1,1,1998,15,15,15,15,15,15,15,15,15,15
90187,1,1,1998,3,3,3,3,3,3,3,3,3,3
90187,2,1,1998,0,0,0,0,0,0,0,0,0,0
90188,1,1,1998,0,0,0,0,0,0,0,0,0,0
90188,2,1,1998,0,0,0,0,0,0,0,0,0,0
90189,0,1,1998,0,0,0,0,0,0,0,0,0,0
90189,0,2,1998,0,0,0,0,0,0,0,0,0,0
90189,1,1,1998,0,0,0,0,0,0,0,0,0,0
90190,1,1,1998,25,25,25,25,25,25,25,25,25,25
90191,1,1,1998,0,0,0,0,0,0,0,0,0,0
90192,1,1,1998,0,0,0,0,0,0,0,0,0,0
90192,2,1,1998,18,0,0,0,8,0,0,0,0,0
90193,1,1,1998,0,0,0,0,0,0,0,0,0,0
90193,2,1,1998,0,0,0,0,0,0,0,0,0,0
90194,1,1,1998,18,18,18,18,18,18,18,18,18,18
90195,1,1,1998,19,19,19,19,19,19,19,19,19,19
90196,0,1,1998,0,0,0,0,0,0,0,0,0,0
90196,1,1,1998,10,4,20,5,21,0,6,11,13,9
90197,1,1,1998,15,15,15,15,15,15,15,15,15,15
90197,2,1,1998,0,0,0,0,0,0,0,0,0,0
90197,3,1,1998,3,3,3,3,3,3,3,3,3,3
90198,1,1,1998,0,0,0,0,0,0,0,0,0,0
90199,1,1,1998,0,0,0,0,0,0,0,0,0,0
90200,1,1,1998,0,0,0,0,0,0,0,0,0,0
90201,1,1,1998,0,0,0,0,0,0,0,0,0,0
90201,2,1,1998,0,0,0,0,0,0,0,0,0,0
90202,1,1,1998,0,0,0,0,0,0,0,0,0,0
90203,1,1,1998,0,0,0,0,0,0,0,0,0,0
90203,2,1,1998,0,0,0,0,0,0,0,0,0,0
90204,1,1,1998,0,0,0,0,0,0,0,0,0,0
90205,0,1,1998,0,0,0,0,0,0,0,0,0,0
90205,1,1,1998,23,23,23,23,23,23,23,23,23,23
90206,1,1,1998,0,0,0,0,0,0,0,0,0,0
90206,2,1,1998,0,16,0,0,0,0,0,0,0,0
90207,1,1,1998,0,0,0,0,0,0,0,0,0,0
90207,2,1,1998,0,0,0,0,0,0,0,0,0,0
90207,3,1,1998,0,0,0,0,0,0,0,0,0,0
90208,1,1,1998,0,0,0,0,0,0,0,0,0,0
90208,2,1,1998,0,0,0,0,0,0,0,0,0,0
90209,1,1,1998,0,0,0,0,0,0,0,0,0,0
90209,2,1,1998,20,0,9,4,20,0,0,0,0,0
90210,0,1,1998,11,11,11,11,11,11,11,11,11,11
90210,1,1,1998,0,0,0,0,0,0,0,0,0,0
90211,1,1,1998,34,34,34,34,34,34,34,34,34,34
90212,0,1,1998,0,0,0,0,0,0,0,0,0,0
90212,1,1,1998,0,0,0,0,0,0,0,0,0,0
90213,0,1,1998,0,0,22,0,6,0,0,0,0,40
90213,1,1,1998,0,0,0,0,0,0,0,0,0,0
90214,1,1,1998,0,0,0,0,0,0,0,0,0,0
90214,2,1,1998,0,0,0,0,0,0,0,0,0,0
90215,1,1,1998,0,0,0,0,0,0,0,0,0,0
90215,2,1,1998,0,0,0,0,0,0,0,0,0,0
90216,0,1,1998,0,0,0,0,0,0,0,0,0,0
90216,1,1,1998,0,0,0,0,0,0,0,0,0,0
90217,1,1,1998,8,8,8,8,8,8,8,8,8,8
90218,1,1,1998,14,14,14,14,14,14,14,14,14,14
90218,2,1,1998,4,4,4,4,4,4,4,4,4,4
90219,1,1,1998,13,13,13,13,13,13,13,13,13,13
90220,1,1,1998,12,12,12,12,12,12,12,12,12,12
90220,2,1,1998,0,0,0,0,0,0,0,0,0,0
90221,1,1,1998,0,0,5,0,0,0,13,0,0,0
90221,2,1,1998,16,16,16,16,16,16,16,16,16,16
90222,1,1,1998,0,0,0,0,0,0,0,0,0,0
90222,2,1,1998,0,0,0,0,0,0,0,0,0,0
90223,1,1,1998,17,17,17,17,17,17,17,17,17,17
90223,2,1,1998,0,0,0,0,0,0,0,0,0,0
90224,1,1,1998,0,0,0,0,0,0,0,0,0,0
90224,2,1,1998,0,0,0,0,0,0,0,0,21,0
90225,1,1,1998,0,0,27,0,0,0,0,0,0,0
90225,2,1,1998,0,0,0,0,0,0,0,0,0,0
90225,3,1,1998,0,0,0,0,0,0,0,0,0,0
90226,1,1,1998,0,0,0,0,0,0,0,0,0,0
90226,2,1,1998,18,18,18,18,18,18,18,18,18,18
90227,1,1,1998,0,0,0,0,0,0,0,0,0,0
90228,1,1,1998,22,22,22,22,22,22,22,22,22,22
90228,2,1,1998,0,0,0,0,0,0,0,0,0,0
90229,1,1,1998,3,11,9,22,20,0,8,32,21,19
90230,1,1,1998,0,0,0,0,0,0,0,0,0,0
90231,1,1,1998,9,9,9,9,9,9,9,9,9,9
90232,1,1,1998,29,29,29,29,29,29,29,29,29,29
90233,1,1,1998,18,18,18,18,18,18,18,18,18,18
90234,1,1,1998,0,0,0,0,0,0,0,0,0,0
90235,1,1,1998,0,0,0,0,0,0,0,0,0,0
90236,1,1,1998,0,0,0,0,0,0,0,0,0,0
90237,1,1,1998,22,22,22,22,22,22,22,22,22,22
90238,1,1,1998,0,0,0,0,0,0,0,0,0,0
90238,2,1,1998,0,0,0,0,0,0,0,0,0,0
90239,0,1,1998,36,36,36,36,36,36,36,36,36,36
90239,1,1,1998,0,0,0,0,0,0,0,0,0,0
90240,1,1,1998,0,0,0,0,0,0,9,0,0,0
90241,0,1,1998,0,0,0,0,0,0,0,0,0,0
90241,1,1,1998,0,0,0,0,0,0,0,0,0,0
90242,1,1,1998,15,15,15,15,15,15,15,15,15,15
90243,1,1,1998,8,8,8,8,8,8,8,8,8,8
90244,1,1,1998,13,4,10,12,11,10,6,8,8,19
90244,2,1,1998,0,0,0,0,0,0,0,0,0,0
90245,1,1,1998,19,19,19,19,19,19,19,19,19,19
90246,1,1,1998,0,0,0,0,0,0,0,0,0,0
90246,2,1,1998,0,0,0,0,0,0,0,0,0,0
90246,3,1,1998,0,0,0,0,0,0,0,0,0,0
90247,1,1,1998,12,12,12,12,12,12,12,12,12,12
90248,1,1,1998,31,31,31,31,31,31,31,31,31,31
90249,1,1,1998,0,0,0,0,0,0,0,0,0,0
90249,2,1,1998,0,0,0,0,0,0,0,0,0,0
90250,1,1,1998,13,13,13,13,13,13,13,13,13,13
90251,1,1,1998,0,0,0,0,0,0,0,0,0,0
90251,2,1,1998,0,7,0,0,0,0,0,17,0,0
90252,1,1,1998,23,23,23,23,23,23,23,23,23,23
90253,1,1,1998,0,0,0,0,0,0,0,0,0,0
90253,2,1,1998,22,0,11,22,17,11,0,0,5,11
90254,1,1,1998,0,0,0,0,0,0,0,0,0,0
90255,1,1,1998,0,0,0,0,0,0,0,0,0,0
90256,1,1,1998,10,10,10,10,10,10,10,10,10,10
90257,1,1,1998,17,17,17,17,17,17,17,17,17,17
90258,1,1,1998,0,0,0,0,0,0,0,0,0,0
90258,2,1,1998,0,0,0,0,0,0,20,0,0,0
90259,1,1,1998,0,0,0,0,0,0,0,0,0,0
90259,2,1,1998,0,0,0,0,0,0,0,0,0,0
90260,1,1,1998,23,23,23,23,23,23,23,23,23,23
90261,1,1,1998,0,0,0,0,0,0,0,0,0,0
90262,0,1,1998,0,0,0,0,0,0,0,0,0,0
90262,1,1,1998,0,0,0,0,0,0,0,0,10,0
90263,1,1,1998,0,0,0,0,0,0,0,0,0,0
90264,0,1,1998,25,25,25,25,25,25,25,25,25,25
90264,1,1,1998,0,0,0,0,0,0,0,0,0,0
90265,1,1,1998,12,12,12,12,12,12,12,12,12,12
90266,1,1,1998,0,0,0,0,0,0,0,0,0,0
90267,1,1,1998,0,0,0,0,0,0,0,0,0,0
90267,2,1,1998,12,12,12,12,12,12,12,12,12,12
90268,1,1,1998,18,18,18,18,18,18,18,18,18,18
90269,0,1,1998,0,0,0,0,0,0,0,0,0,0
90269,1,1,1998,0,0,0,0,0,0,0,0,0,0
90270,1,1,1998,0,0,0,0,0,0,0,0,0,0
90270,2,1,1998,0,0,0,0,0,0,0,0,0,0
90271,1,1,1998,0,0,0,0,0,0,0,0,0,0
90271,2,1,1998,0,0,0,0,0,0,0,0,0,0
90271,3,1,1998,0,0,0,0,0,0,18,0,0,0
90272,1,1,1998,0,0,0,0,0,0,0,0,0,0
90272,2,1,1998,0,0,0,0,0,0,0,0,0,0
90273,1,1,1998,0,0,0,0,0,0,0,0,0,0
90274,0,1,1998,0,0,0,0,0,0,0,0,0,0
90274,0,2,1998,0,0,0,0,0,0,0,0,21,0
90274,1,1,1998,0,0,0,0,0,0,0,0,0,0
90275,1,1,1998,0,0,0,0,0,0,0,0,0,0
90276,1,1,1998,0,0,0,0,0,0,0,0,0,0
90276,2,1,1998,0,0,0,0,0,0,0,0,0,0
90277,1,1,1998,0,0,0,0,0,0,0,13,0,0
90277,2,1,1998,0,0,0,0,0,0,0,0,0,0
90278,1,1,1998,15,15,15,15,15,15,15,15,15,15
90279,1,1,1998,14,14,14,14,14,14,14,14,14,14
90280,1,1,1998,30,30,30,30,30,30,30,30,30,30
90280,2,1,1998,0,0,0,0,0,0,0,0,0,0
90280,3,1,1998,0,0,0,0,0,0,0,0,0,0
90281,1,1,1998,21,21,21,21,21,21,21,21,21,21
90282,1,1,1998,0,0,0,0,0,0,0,0,0,0
90283,1,1,1998,0,0,0,0,0,0,0,0,0,0
90284,1,1,1998,0,0,0,0,0,0,0,0,0,0
90284,2,1,1998,0,0,14,0,0,0,0,0,0,0
90284,3,1,1998,0,0,0,0,0,0,0,0,0,0
90284,4,1,1998,0,0,0,0,0,0,0,0,0,0
90285,1,1,1998,0,0,0,0,0,0,0,0,0,0
90286,1,1,1998,0,0,0,0,0,0,0,0,0,0
90286,2,1,1998,0,0,0,8,0,0,0,0,0,0
90286,3,1,1998,0,0,4,0,0,26,0,0,12,0
90287,0,1,1998,0,0,0,0,0,0,0,0,0,0
90287,1,1,1998,0,0,11,0,0,0,0,0,0,0
90288,1,1,1998,0,0,0,0,0,0,0,0,0,0
90288,2,1,1998,0,0,0,0,0,0,0,0,0,0
90289,1,1,1998,0,0,0,0,0,27,15,0,13,0
90289,2,1,1998,17,0,16,0,0,0,0,0,0,0
90290,1,1,1998,12,12,12,12,12,12,12,12,12,12
90291,0,1,1998,0,0,0,0,0,0,0,0,0,0
90291,1,1,1998,0,0,0,0,0,0,0,0,0,0
90292,1,1,1998,0,0,0,0,0,0,0,0,0,0
90292,2,1,1998,0,0,0,0,0,0,0,0,0,0
90293,1,1,1998,0,0,0,0,0,0,0,0,0,0
90293,2,1,1998,0,0,0,0,0,0,0,0,0,0
90294,0,1,1998,0,0,0,0,0,0,0,0,0,0
90294,1,1,1998,10,10,10,10,10,10,10,10,10,10
90295,1,1,1998,19,19,19,19,19,19,19,19,19,19
90296,1,1,1998,12,12,12,12,12,12,12,12,12,12
90296,2,1,1998,0,0,0,0,0,0,0,0,0,0
90297,0,1,1998,7,7,7,7,7,7,7,7,7,7
90297,2,1,1998,0,0,0,0,0,0,0,0,0,0
90297,3,1,1998,0,0,0,0,0,0,0,0,0,0
90297,4,1,1998,20,0,0,0,5,0,0,0,0,0
90298,1,1,1998,0,0,0,6,0,0,0,0,0,0
90298,2,1,1998,0,0,0,14,0,0,2,0,0,0
90298,3,1,1998,0,0,0,0,0,0,0,0,20,0
90299,1,1,1998,0,0,0,0,0,0,0,0,0,0
90300,0,1,1998,0,9,0,0,0,0,37,0,0,0
90300,1,1,1998,0,0,0,0,0,0,0,0,0,0
90301,1,1,1998,0,0,0,0,0,37,0,0,0,0
90301,2,1,1998,0,0,0,0,0,0,15,0,0,0
90302,0,1,1998,0,0,0,0,0,0,0,0,0,0
90302,1,1,1998,0,0,0,0,0,0,0,0,0,0
90303,1,1,1998,0,0,0,0,0,0,0,0,0,0
90303,2,1,1998,0,10,0,0,0,0,0,0,0,0
90303,3,1,1998,0,0,0,0,0,0,0,0,0,0
90304,1,1,1998,14,14,14,14,14,14,14,14,14,14
90305,1,1,1998,9,9,9,9,9,9,9,9,9,9
90306,1,1,1998,25,25,25,25,25,25,25,25,25,25
90307,0,1,1998,38,27,31,15,38,31,0,23,4,0
90307,1,1,1998,0,0,0,0,0,0,0,0,0,0
90307,2,1,1998,0,0,0,0,0,0,0,0,0,0
100001,1,1,1998,0,0,0,0,0,0,0,0,0,0
100001,2,1,1998,0,0,0,0,0,0,0,0,0,0
100002,1,1,1998,0,0,0,0,0,0,0,0,0,0
100002,2,1,1998,0,0,0,0,0,0,0,0,0,0
100003,0,1,1998,23,23,23,23,23,23,23,23,23,23
100003,1,1,1998,0,0,0,0,0,0,0,23,0,0
100004,1,1,1998,20,20,20,20,20,20,20,20,20,20
100005,0,1,1998,49,49,49,49,49,49,49,49,49,49
100005,1,1,1998,0,0,0,0,0,0,0,0,0,0
100006,1,1,1998,0,0,0,0,0,0,0,0,0,0
100006,2,1,1998,0,0,0,0,0,0,0,0,0,0
100007,0,1,1998,0,0,0,0,0,0,0,0,0,0
100007,1,1,1998,20,31,0,32,22,21,0,0,13,27
100008,1,1,1998,1,1,1,1,1,1,1,1,1,1
100008,2,1,1998,0,0,0,0,0,0,0,0,0,0
100009,1,1,1998,0,0,0,0,0,0,0,0,0,0
100010,1,1,1998,24,24,24,24,24,24,24,24,24,24
100010,2,1,1998,0,0,0,0,0,0,0,0,0,0
100011,1,1,1998,0,0,0,0,0,0,0,0,0,0
100011,2,1,1998,0,0,0,0,0,0,0,0,0,0
100012,1,1,1998,0,0,0,0,0,0,0,0,0,0
100012,2,1,1998,0,0,0,0,0,0,0,0,0,0
100012,3,1,1998,0,0,0,0,0,0,0,0,0,0
100012,4,1,1998,0,0,0,0,0,0,0,0,0,0
100013,1,1,1998,25,25,25,25,25,25,25,25,25,25
100013,2,1,1998,0,0,0,0,0,0,0,0,0,0
100014,1,1,1998,0,0,0,0,0,0,0,0,0,0
100014,2,1,1998,0,0,0,0,0,0,0,0,0,0
100015,1,1,1998,0,0,0,0,0,0,0,0,0,0
100015,2,1,1998,0,0,0,0,0,0,0,0,0,0
100016,1,1,1998,1,1,1,1,1,1,1,1,1,1
100016,2,1,1998,0,0,0,0,0,0,0,0,0,0
100017,1,1,1998,0,0,0,0,0,0,0,0,5,0
100018,1,1,1998,46,46,46,46,46,46,46,46,46,46
100019,0,1,1998,0,0,0,0,0,0,0,0,0,0
100019,1,1,1998,0,0,0,0,0,0,0,0,0,0
100020,1,1,1998,0,0,0,0,0,0,0,0,0,0
100020,2,1,1998,0,0,0,0,0,0,0,0,0,0
100021,0,1,1998,0,0,0,0,0,0,0,0,0,0
100021,0,2,1998,0,0,0,0,0,0,0,0,0,0
100021,1,1,1998,0,0,0,0,0,0,0,0,0,0
100022,1,1,1998,0,0,0,0,0,0,0,0,0,0
100022,2,1,1998,20,20,20,20,20,20,20,20,20,20
100023,1,1,1998,9,9,9,9,9,9,9,9,9,9
100024,1,1,1998,26,26,26,26,26,26,26,26,26,26
100025,0,1,1998,1,1,1,1,1,1,1,1,1,1
100025,1,1,1998,23,23,23,23,23,23,23,23,23,23
100026,1,1,1998,0,0,0,0,0,0,0,0,0,0
100026,2,1,1998,0,0,0,0,0,0,0,0,0,0
100027,1,1,1998,17,17,17,17,17,17,17,17,17,17
100028,1,1,1998,0,0,0,0,0,0,0,0,0,0
100028,2,1,1998,0,0,0,0,0,0,0,0,0,0
100028,3,1,1998,0,0,0,0,7,0,0,0,0,0
100028,4,1,1998,0,0,17,0,0,0,0,0,0,0
100028,5,1,1998,0,0,0,0,0,16,0,0,0,0
100029,1,1,1998,0,0,0,0,0,0,0,0,0,0
100029,2,1,1998,0,0,0,0,0,0,0,0,0,0
100029,3,1,1998,0,0,0,0,0,14,0,0,0,6
100029,4,1,1998,0,0,0,0,0,0,0,0,0,0
100030,1,1,1998,0,0,0,0,0,0,0,0,0,0
100030,2,1,1998,0,0,0,0,0,0,0,0,0,0
100031,1,1,1998,17,17,17,17,17,17,17,17,17,17
100032,1,1,1998,0,0,0,0,0,0,0,0,0,0
100032,2,1,1998,0,0,0,0,0,0,0,0,0,0
100033,1,1,1998,0,0,0,0,0,0,0,0,0,0
100034,1,1,1998,14,14,14,14,14,14,14,14,14,14
100034,2,1,1998,0,0,0,0,0,0,0,0,0,0
100035,1,1,1998,0,0,0,0,0,0,0,0,0,0
100036,1,1,1998,0,0,0,0,0,0,0,0,0,0
100037,1,1,1998,0,0,0,0,0,0,0,0,0,0
100037,2,1,1998,0,0,0,0,0,0,0,0,0,0
100038,1,1,1998,13,13,13,13,13,13,13,13,13,13
100039,1,1,1998,0,0,0,0,0,0,0,0,0,0
100039,2,1,1998,0,0,0,0,0,0,0,0,0,0
100040,1,1,1998,15,15,15,15,15,15,15,15,15,15
100041,1,1,1998,4,4,4,4,4,4,4,4,4,4
100041,2,1,1998,8,8,8,8,8,8,8,8,8,8
100042,1,1,1998,0,0,0,0,0,0,0,0,0,0
100042,2,1,1998,24,24,24,24,24,24,24,24,24,24
100043,1,1,1998,0,0,0,0,0,0,8,0,0,0
100043,2,1,1998,0,0,0,0,0,0,0,0,0,0
100044,1,1,1998,0,0,0,0,0,0,0,0,0,0
100044,2,1,1998,0,0,0,0,0,0,0,0,0,0
100045,1,1,1998,0,0,0,0,0,0,0,0,0,0
100046,1,1,1998,0,0,0,0,0,0,7,0,0,0
100047,1,1,1998,0,0,0,0,0,0,0,0,0,0
100047,2,1,1998,0,0,0,0,0,0,0,0,0,0
100048,1,1,1998,24,24,24,24,24,24,24,24,24,24
100049,1,1,1998,0,0,0,0,0,0,0,0,0,0
100050,0,1,1998,0,0,0,0,0,0,0,0,0,0
100050,1,1,1998,0,0,0,0,0,0,0,0,0,0
100051,0,1,1998,0,0,0,0,0,0,0,0,0,0
100051,1,1,1998,6,0,0,0,0,0,0,0,0,0
100052,1,1,1998,0,0,0,0,0,0,0,0,0,0
100052,2,1,1998,0,0,0,0,0,0,0,0,0,0
100053,1,1,1998,0,0,0,0,0,0,0,0,0,0
100053,2,1,1998,4,0,0,0,0,0,0,0,0,0
100054,0,1,1998,39,39,39,39,39,39,39,39,39,39
100054,1,1,1998,0,0,0,0,0,0,0,0,0,0
100055,1,1,1998,0,0,0,0,0,0,0,0,0,0
100056,0,1,1998,0,0,0,0,0,0,0,0,0,0
100056,1,1,1998,10,0,0,0,0,18,0,10,9,11
100057,0,1,1998,16,16,16,16,16,16,16,16,16,16
100057,1,1,1998,0,0,0,0,0,0,0,0,0,0
100058,1,1,1998,0,0,0,0,0,0,0,0,0,0
100058,2,1,1998,0,0,0,0,0,0,0,19,0,0
100059,1,2,1998,0,0,0,0,0,0,0,0,0,0
100060,1,1,1998,0,0,0,0,0,0,0,0,0,0
100060,2,1,1998,0,0,0,0,0,0,0,0,0,0
100061,0,1,1998,27,27,27,27,27,27,27,27,27,27
100061,1,1,1998,0,0,0,0,0,0,0,0,0,0
100062,1,1,1998,0,0,0,0,0,0,0,0,0,0
100062,2,1,1998,24,24,24,24,24,24,24,24,24,24
100063,0,1,1998,37,37,37,37,37,37,37,37,37,37
100063,1,1,1998,0,0,0,0,0,0,0,0,0,0
100064,1,1,1998,10,10,10,10,10,10,10,10,10,10
100064,2,1,1998,0,0,0,0,0,0,0,0,0,0
100065,1,1,1998,0,0,0,0,0,0,0,0,0,0
100066,1,1,1998,0,0,0,0,0,0,0,0,0,0
100067,1,1,1998,0,0,0,0,0,0,0,0,0,0
100068,1,1,1998,0,0,0,0,0,0,0,0,0,0
100069,1,1,1998,0,0,0,0,0,0,0,0,0,0
100069,2,1,1998,0,0,0,0,0,0,0,0,0,0
100070,0,1,1998,23,23,23,23,23,23,23,23,23,23
100070,1,1,1998,0,0,12,0,0,9,0,0,0,0
100071,1,1,1998,0,0,0,0,0,0,0,0,0,0
100071,2,1,1998,0,0,0,0,0,0,0,0,0,0
100072,1,1,1998,14,14,14,14,14,14,14,14,14,14
100073,1,1,1998,0,0,0,0,0,0,0,0,0,0
100073,2,1,1998,0,0,0,0,0,0,0,0,0,0
100074,1,1,1998,16,16,16,16,16,16,16,16,16,16
100075,1,1,1998,0,0,0,0,0,0,0,0,0,0
100075,2,1,1998,0,0,8,0,0,0,0,0,0,0
100076,1,1,1998,6,6,6,6,6,6,6,6,6,6
100077,1,1,1998,0,0,7,0,0,0,0,0,0,0
100078,1,1,1998,0,0,0,0,0,0,0,0,0,0
100078,2,1,1998,0,0,0,0,0,0,0,0,9,0
100079,1,1,1998,28,28,28,28,28,28,28,28,28,28
100079,2,1,1998,0,0,0,0,0,0,0,0,0,0
100080,1,1,1998,0,0,0,0,0,0,0,0,0,0
100081,1,1,1998,0,0,0,0,0,0,0,0,0,0
100081,2,1,1998,19,7,0,12,7,24,9,13,20,18
100082,1,1,1998,18,18,18,18,18,18,18,18,18,18
100082,2,1,1998,1,1,1,1,1,1,1,1,1,1
100083,1,1,1998,0,0,0,0,0,0,0,0,0,0
100083,2,1,1998,0,0,0,0,0,0,0,0,0,0
100084,1,1,1998,0,0,0,0,0,0,0,0,0,0
100084,2,1,1998,0,0,0,0,0,0,0,0,0,0
100085,1,1,1998,0,0,0,0,0,0,0,0,0,0
100085,2,1,1998,0,0,0,0,0,0,0,0,0,0
100086,1,1,1998,18,18,18,18,18,18,18,18,18,18
100087,1,1,1998,0,0,0,0,0,0,0,0,0,0
100087,2,1,1998,0,0,0,0,0,0,0,0,0,0
100087,3,1,1998,0,0,0,0,0,0,0,0,0,0
100088,1,1,1998,0,0,0,0,0,0,0,0,0,0
100088,2,1,1998,0,0,0,0,0,0,0,0,0,0
100088,3,1,1998,0,0,0,0,0,0,0,0,0,0
100089,1,1,1998,0,0,0,0,0,0,0,0,0,0
100089,2,1,1998,0,0,0,0,0,0,0,0,0,0
100089,3,1,1998,0,0,0,0,0,0,0,0,0,0
100089,4,1,1998,0,0,0,0,0,0,0,0,0,0
100090,1,1,1998,0,0,0,0,0,0,0,0,0,0
100091,1,1,1998,0,0,0,0,0,0,0,0,0,0
100092,0,1,1998,0,0,0,0,0,0,0,0,0,0
100092,1,1,1998,0,0,0,0,0,0,0,0,0,0
100093,0,1,1998,27,27,27,27,27,27,27,27,27,27
100093,1,1,1998,0,0,0,0,0,0,0,0,0,0
100094,1,1,1998,0,0,0,0,0,0,0,0,0,0
100094,2,1,1998,0,0,0,0,0,0,0,0,0,0
100095,1,1,1998,0,0,0,0,0,0,0,0,0,0
100095,2,1,1998,0,0,0,0,0,0,0,0,0,0
100095,3,1,1998,0,0,0,0,0,0,0,0,0,0
100096,1,1,1998,0,0,0,0,0,0,0,0,0,0
100097,1,1,1998,2,2,2,2,2,2,2,2,2,2
100098,1,1,1998,0,0,0,0,0,0,0,0,0,0
100098,2,1,1998,0,0,0,0,0,0,0,0,0,0
100099,1,1,1998,0,0,0,0,0,0,0,0,0,0
100100,1,1,1998,0,0,0,0,0,8,11,0,0,0
100100,2,1,1998,24,24,24,24,24,24,24,24,24,24
100101,0,1,1998,33,33,33,33,33,33,33,33,33,33
100101,1,1,1998,0,0,0,0,0,0,0,0,0,0
100102,0,1,1998,0,0,0,0,0,0,0,0,0,0
100102,1,1,1998,27,16,21,17,25,12,10,13,0,0
100103,1,1,1998,0,0,0,0,0,0,0,0,0,0
100104,1,1,1998,0,0,0,0,0,0,0,0,0,0
100104,2,1,1998,0,0,0,0,0,0,0,0,0,0
100105,1,1,1998,14,14,14,14,14,14,14,14,14,14
100106,1,1,1998,0,0,0,0,0,0,0,0,0,0
100106,2,1,1998,0,0,0,0,0,0,0,0,0,0
110001,1,1,1998,0,0,6,0,0,0,0,7,0,0
110001,2,1,1998,0,4,0,0,0,0,0,0,0,0
110002,1,1,1998,6,16,9,21,12,12,5,30,3,15
110002,2,1,1998,7,9,4,5,2,14,4,21,40,8
110003,1,1,1998,17,17,17,17,17,17,17,17,17,17
110003,2,1,1998,13,0,20,0,0,26,0,0,35,0
110004,1,1,1998,0,0,0,0,0,4,0,0,0,0
110004,2,1,1998,0,0,0,27,0,0,0,0,0,0
110005,1,1,1998,0,0,0,0,0,0,0,0,0,0
110005,2,1,1998,0,0,0,0,0,0,0,0,0,0
110006,1,1,1998,0,0,0,0,9,13,0,19,14,0
110006,2,1,1998,0,0,0,0,0,0,0,8,8,0
110007,1,1,1998,0,18,0,0,17,15,0,0,11,0
110008,0,1,1998,0,0,0,0,0,0,0,0,0,0
110008,1,1,1998,0,0,0,0,0,0,8,0,0,0
110008,4,1,1998,0,0,0,0,0,0,0,0,0,0
110009,0,1,1998,0,0,0,0,0,0,0,18,0,0
110009,1,1,1998,12,12,12,12,12,12,12,12,12,12
110010,1,1,1998,11,20,45,16,16,19,21,19,28,28
110010,2,1,1998,0,0,0,0,0,0,11,0,0,0
110011,1,1,1998,0,0,0,0,0,0,0,0,15,0
110011,2,1,1998,0,0,0,0,0,0,0,0,0,7
110012,1,1,1998,0,13,0,0,0,11,0,11,11,0
110013,1,1,1998,3,3,3,3,3,3,3,3,3,3
110014,0,1,1998,0,0,0,0,0,0,0,0,0,0
110014,1,1,1998,0,0,0,0,0,0,0,0,0,0
110015,0,1,1998,0,28,10,0,15,0,0,12,28,17
110015,1,1,1998,0,0,0,0,0,0,0,0,0,0
110016,1,1,1998,0,0,15,0,21,0,7,12,0,0
110016,2,1,1998,0,0,0,23,0,6,0,15,0,0
110017,0,1,1998,0,0,0,0,0,0,0,0,0,0
110017,1,1,1998,9,0,0,0,0,0,0,16,0,0
110018,1,1,1998,0,42,19,20,6,26,29,12,39,33
110019,1,1,1998,0,0,0,0,0,0,0,0,0,0
110019,2,1,1998,0,0,0,0,0,0,0,0,28,0
110020,0,1,1998,26,0,0,22,14,14,0,0,0,31
110020,1,1,1998,0,0,0,0,0,0,0,0,0,0
110021,0,1,1998,21,18,20,16,16,12,18,29,8,28
110021,1,1,1998,10,4,0,16,0,7,0,6,0,9
110022,0,1,1998,0,0,0,0,0,0,0,0,0,0