ST_CASE,VEH_NO,PER_NO,YEAR,P1,P2,P3,P4,P5,P6,P7,P8,P9,P10
120225,2,1,1998,0,0,0,0,0,0,0,0,0,0
120225,3,1,1998,0,0,0,0,0,0,0,0,0,0
120226,1,1,1998,0,0,0,0,0,0,0,0,0,0
120226,2,1,1998,0,0,0,0,0,0,0,0,0,0
120227,1,1,1998,24,24,24,24,24,24,24,24,24,24
120228,1,1,1998,0,0,0,0,0,0,0,0,0,0
120229,1,1,1998,0,0,0,0,0,0,0,0,0,0
120230,1,1,1998,0,0,0,0,0,0,0,0,0,0
120230,2,1,1998,0,0,0,0,0,0,0,0,0,0
120231,1,1,1998,22,22,22,22,22,22,22,22,22,22
120232,1,1,1998,0,0,0,0,0,0,0,0,0,0
120232,2,1,1998,0,0,0,0,0,0,0,0,0,0
120232,3,1,1998,0,0,0,0,0,0,0,0,0,0
120233,1,1,1998,0,0,0,0,0,0,0,0,0,0
120233,2,1,1998,0,0,0,0,0,0,0,0,0,0
120234,1,1,1998,0,0,0,0,0,0,0,0,0,0
120234,2,1,1998,0,0,0,0,0,0,0,0,0,0
120234,3,1,1998,0,0,0,0,0,0,0,0,0,0
120234,4,1,1998,0,0,0,0,0,0,0,0,0,0
120235,1,1,1998,0,0,0,0,0,0,0,0,0,0
120235,2,1,1998,0,0,0,11,13,0,4,0,0,0
120236,1,1,1998,0,0,0,0,0,0,0,0,0,0
120236,2,1,1998,0,0,0,0,0,0,0,0,0,0
120237,0,1,1998,0,26,0,24,20,0,15,0,21,0
120237,1,1,1998,12,5,0,5,0,0,11,8,0,21
120237,2,1,1998,0,0,0,0,0,0,0,0,0,0
120238,1,1,1998,0,0,0,0,0,0,0,0,0,0
120238,2,1,1998,0,0,0,0,0,0,0,0,0,0
120239,1,1,1998,0,5,0,0,0,0,0,0,0,12
120240,1,1,1998,0,0,0,0,0,0,0,0,0,0
120240,2,1,1998,0,0,0,3,0,0,0,0,0,0
120240,3,1,1998,0,0,0,0,0,0,0,0,0,0
120241,1,1,1998,38,38,38,38,38,38,38,38,38,38
120242,1,1,1998,0,0,0,0,0,0,0,0,0,0
120242,2,1,1998,0,0,0,0,0,0,0,0,0,0
120243,1,1,1998,0,0,0,0,0,0,0,0,0,0
120244,1,1,1998,11,11,11,11,11,11,11,11,11,11
120245,1,1,1998,0,0,0,0,0,0,0,0,0,0
120246,1,1,1998,0,0,0,0,0,0,0,0,0,0
120246,2,1,1998,0,0,0,0,0,0,0,9,0,0
120247,1,1,1998,0,0,0,0,0,0,0,0,0,0
120247,2,1,1998,0,0,0,0,0,0,0,0,0,0
120248,0,1,1998,9,9,9,9,9,9,9,9,9,9
120248,1,1,1998,0,0,0,0,0,0,0,0,0,0
120249,1,1,1998,0,0,0,0,0,0,0,0,0,0
120250,0,1,1998,0,0,0,0,0,0,0,0,0,0
120250,2,1,1998,0,0,0,0,0,0,0,0,0,0
120251,0,1,1998,19,19,19,19,19,19,19,19,19,19
120251,1,1,1998,0,0,11,0,0,0,0,0,0,0
120251,2,1,1998,0,4,9,0,1,0,0,7,0,0
120252,1,1,1998,0,0,0,0,0,0,0,0,0,0
120252,2,1,1998,0,0,0,0,0,0,0,0,4,0
120253,1,1,1998,19,0,0,0,0,0,0,0,0,0
120253,2,1,1998,0,0,0,0,0,0,0,0,0,0
120253,3,1,1998,0,0,0,0,0,0,0,0,0,0
120254,1,1,1998,0,0,0,0,0,0,0,0,0,0
120255,1,1,1998,0,0,0,0,0,0,0,0,0,8
120255,2,1,1998,0,0,0,0,0,0,0,0,0,0
120256,1,1,1998,0,0,0,0,0,0,0,0,0,0
120256,2,1,1998,0,0,0,0,0,0,0,0,0,0
120257,1,1,1998,0,0,0,0,0,0,0,0,0,0
120257,2,1,1998,0,0,0,0,0,0,0,0,0,0
120258,1,1,1998,9,9,9,9,9,9,9,9,9,9
120259,1,1,1998,0,0,0,0,31,0,0,0,0,0
120259,2,1,1998,0,0,0,0,0,0,0,0,0,0
120260,0,1,1998,0,0,12,0,0,0,0,0,0,7
120260,1,1,1998,0,0,0,0,0,0,0,0,0,0
120261,1,1,1998,10,16,17,3,0,24,8,2,10,41
120261,2,1,1998,0,27,14,0,0,0,0,39,0,0
120262,1,1,1998,18,18,18,18,18,18,18,18,18,18
120263,0,1,1998,0,0,0,0,0,0,0,0,0,0
120263,1,1,1998,0,0,0,0,0,0,0,0,0,0
120264,1,1,1998,0,0,0,0,0,0,0,0,0,0
120264,2,1,1998,0,0,0,0,0,0,0,0,0,0
120265,0,1,1998,25,25,25,25,25,25,25,25,25,25
120265,1,1,1998,0,0,0,0,0,0,0,0,0,0
120266,1,1,1998,0,0,0,0,0,0,0,0,0,0
120267,0,1,1998,0,0,0,0,0,0,0,0,0,0
120267,1,1,1998,0,0,0,0,0,0,0,0,0,0
120268,1,1,1998,24,24,24,24,24,24,24,24,24,24
120269,1,1,1998,0,0,4,0,0,0,0,0,0,0
120269,2,1,1998,8,8,8,8,8,8,8,8,8,8
120270,1,1,1998,0,0,0,0,0,0,0,0,0,0
120271,1,1,1998,0,0,0,0,0,0,0,0,0,0
120271,2,1,1998,0,0,0,0,0,0,0,0,0,0
120272,1,1,1998,0,0,23,0,0,0,0,3,0,0
120273,1,1,1998,0,0,0,0,0,0,0,0,0,0
120273,2,1,1998,0,0,0,0,0,0,0,0,0,0
120274,1,1,1998,0,0,0,0,0,0,0,0,0,0
120274,2,1,1998,0,0,0,0,0,0,0,0,0,0
120274,3,1,1998,0,0,0,0,0,0,0,0,0,0
120275,0,1,1998,0,0,0,0,0,0,0,0,0,0
120275,1,1,1998,0,0,0,0,0,0,0,0,0,0
120276,1,1,1998,0,0,21,0,0,0,0,0,0,29
120277,1,1,1998,0,0,0,0,0,0,0,0,0,0
120278,1,1,1998,21,21,21,21,21,21,21,21,21,21
120279,1,1,1998,13,13,13,13,13,13,13,13,13,13
120280,0,1,1998,0,0,0,0,0,0,0,0,0,0
120280,1,1,1998,0,0,0,0,0,0,0,0,0,0
120281,0,1,1998,0,0,0,0,0,0,0,0,0,0
120281,1,1,1998,0,0,0,0,0,0,0,0,0,0
120282,1,1,1998,0,0,0,0,0,0,0,0,0,0
120282,2,1,1998,0,11,0,0,0,0,15,0,0,0
120283,1,1,1998,24,24,24,24,24,24,24,24,24,24
120283,2,1,1998,0,0,0,0,0,0,0,0,0,0
120284,1,1,1998,9,9,9,9,9,9,9,9,9,9
120284,2,1,1998,11,11,11,11,11,11,11,11,11,11
120285,1,1,1998,0,0,0,0,0,0,0,0,0,0
120285,2,1,1998,0,0,0,0,0,0,0,0,0,0
120286,1,1,1998,0,0,0,0,0,0,0,0,0,0
120286,2,1,1998,0,0,0,0,0,0,0,0,0,0
120287,1,1,1998,11,11,11,11,11,11,11,11,11,11
120287,2,1,1998,0,0,0,0,0,0,0,0,0,0
120288,1,1,1998,0,0,0,0,0,0,0,0,0,0
120289,1,1,1998,0,0,0,0,0,0,0,0,0,0
120289,2,1,1998,0,0,0,0,0,0,0,0,0,0
120290,1,1,1998,5,5,5,5,5,5,5,5,5,5
120290,2,1,1998,0,0,0,0,0,0,0,0,0,0
120291,0,1,1998,0,0,0,0,0,0,0,0,0,0
120291,1,1,1998,5,0,0,0,0,0,0,0,0,12
120292,1,1,1998,0,0,0,0,0,0,0,0,0,0
120292,2,1,1998,0,0,0,0,0,0,0,0,0,0
120293,1,1,1998,0,0,0,0,0,0,0,0,0,0
120293,2,1,1998,0,0,0,0,0,0,0,0,0,0
120294,1,1,1998,0,0,0,0,0,0,0,0,0,0
120294,2,1,1998,0,0,0,0,0,0,0,0,0,0
120296,1,1,1998,11,14,34,21,0,0,0,16,4,10
120297,0,1,1998,0,0,0,0,0,0,13,0,0,0
120297,1,1,1998,0,0,0,0,0,0,0,0,0,0
120298,1,1,1998,0,0,0,0,0,0,0,0,0,0
120298,2,1,1998,0,0,0,0,0,0,0,0,0,0
120299,1,1,1998,0,0,0,0,0,0,0,0,0,0
120299,2,1,1998,0,0,0,0,0,3,0,0,0,0
120300,1,1,1998,14,21,0,0,0,0,6,0,0,0
120301,1,1,1998,0,0,0,0,0,0,0,0,0,0
120302,0,1,1998,0,0,0,0,0,0,0,0,9,0
120302,1,1,1998,0,0,0,0,0,0,0,0,0,0
120303,1,1,1998,0,0,0,0,0,0,0,0,0,0
120303,2,1,1998,14,17,0,18,0,0,24,0,17,8
120304,1,1,1998,0,18,0,0,0,0,0,0,0,0
120305,0,1,1998,24,0,0,9,0,0,39,35,25,0
120305,1,1,1998,0,0,0,0,0,0,0,0,0,0
120306,1,1,1998,0,0,0,0,0,0,0,0,0,0
120307,1,1,1998,0,0,0,0,0,0,0,0,0,0
120308,1,1,1998,0,0,0,0,0,0,0,0,0,0
120308,2,1,1998,0,0,0,0,22,16,24,0,0,13
120309,1,1,1998,14,14,14,14,14,14,14,14,14,14
120310,0,1,1998,0,13,8,0,15,0,14,0,0,23
120310,1,1,1998,0,0,0,0,0,0,0,0,0,0
120311,1,1,1998,0,0,0,0,0,0,0,0,0,0
120312,1,1,1998,13,0,0,23,0,0,0,0,0,0
120313,1,1,1998,16,16,16,16,16,16,16,16,16,16
120313,2,1,1998,0,0,0,0,0,0,13,0,0,0
120314,1,1,1998,0,0,4,0,0,12,0,11,0,0
120314,2,1,1998,0,0,0,0,0,0,0,0,0,0
120315,1,1,1998,0,0,0,16,0,0,8,0,0,0
120315,2,1,1998,0,0,0,0,0,0,24,0,0,0
120316,1,1,1998,0,0,0,0,0,0,0,0,0,0
120317,1,1,1998,0,0,0,0,0,0,0,0,0,0
120317,2,1,1998,0,0,0,0,2,0,0,23,15,0
120318,0,1,1998,0,0,0,0,0,0,0,0,0,0
120318,1,1,1998,0,0,0,0,0,0,0,0,0,0
120319,1,2,1998,8,0,20,0,18,0,30,0,24,0
120319,2,1,1998,0,0,0,0,0,0,0,0,0,0
120319,3,1,1998,0,0,0,0,0,0,0,0,0,0
120320,1,1,1998,18,32,0,0,13,0,0,17,0,0
120321,0,1,1998,0,0,0,0,13,0,0,0,31,0
120321,1,1,1998,0,0,0,0,0,0,0,0,0,0
120322,1,1,1998,0,8,0,0,0,0,0,0,0,16
120322,2,1,1998,0,0,0,0,0,0,0,0,0,0
120323,0,1,1998,0,0,0,0,0,0,0,0,0,0
120323,1,1,1998,0,0,0,0,0,0,0,0,0,0
120323,2,1,1998,0,0,0,0,0,0,0,0,0,0
120324,0,1,1998,0,0,0,0,0,0,0,0,0,0
120324,1,1,1998,0,0,0,0,0,0,0,0,0,0
120325,0,1,1998,0,0,0,0,0,0,0,0,0,0
120325,0,2,1998,0,0,0,0,0,0,0,0,0,0
120325,1,1,1998,0,0,0,0,0,0,0,0,0,0
120326,1,1,1998,13,13,13,13,13,13,13,13,13,13
120327,1,1,1998,0,0,0,0,0,0,0,0,0,0
120327,2,1,1998,0,0,0,0,0,0,0,0,0,0
120328,1,1,1998,16,16,16,16,16,16,16,16,16,16
120328,2,1,1998,0,0,0,0,0,0,0,0,0,0
120330,1,1,1998,0,0,0,0,0,0,0,0,0,0
120331,1,1,1998,0,0,0,0,0,0,0,0,0,0
120331,2,1,1998,0,0,0,0,0,0,0,0,0,0
120332,1,1,1998,0,0,0,0,0,0,0,0,0,0
120332,2,1,1998,0,0,0,0,0,0,0,0,0,0
120333,0,1,1998,0,0,0,0,0,0,0,0,0,0
120333,1,1,1998,0,0,0,0,0,0,0,0,0,0
120334,1,1,1998,0,0,0,0,0,0,0,0,0,0
120335,1,1,1998,0,0,0,0,0,0,0,0,0,0
120335,2,1,1998,0,0,0,0,0,0,0,0,0,0
120336,1,1,1998,0,0,0,0,0,0,0,0,0,0
120336,2,1,1998,0,0,0,0,0,0,0,0,0,0
120337,1,1,1998,0,13,0,0,0,0,0,0,0,0
120338,1,1,1998,21,21,21,21,21,21,21,21,21,21
120339,1,1,1998,10,10,10,10,10,10,10,10,10,10
120340,1,1,1998,0,0,0,0,0,0,0,0,0,0
120340,2,1,1998,0,0,0,0,0,0,0,0,0,0
120341,0,1,1998,0,0,0,0,0,0,0,0,0,0
120341,1,1,1998,0,0,0,0,0,0,0,0,0,0
120342,0,1,1998,0,0,0,0,0,0,0,0,0,0
120342,1,1,1998,0,0,0,0,0,0,0,0,0,0
120343,1,1,1998,23,23,23,23,23,23,23,23,23,23
120344,1,1,1998,0,0,0,0,0,0,0,0,0,0
120345,2,1,1998,0,0,0,0,0,0,0,0,0,0
120346,1,1,1998,0,0,0,0,0,0,0,0,0,0
120346,2,1,1998,0,0,0,0,0,0,0,0,0,0
120346,3,1,1998,0,0,0,0,0,0,0,0,0,0
120346,4,1,1998,0,0,0,0,0,0,0,0,0,0
120346,5,1,1998,0,0,0,0,0,0,11,0,0,0
120347,1,1,1998,0,0,0,0,0,0,0,0,0,0
120348,0,1,1998,0,15,0,30,0,0,0,15,26,12
120348,1,1,1998,0,0,0,0,0,0,0,0,0,0
120349,1,1,1998,15,12,13,0,13,24,0,23,0,0
120350,1,1,1998,0,0,0,0,0,0,0,0,0,0
120350,2,1,1998,0,0,0,0,0,0,0,0,0,0
120351,1,1,1998,0,13,0,0,0,0,0,0,0,0
120351,2,1,1998,24,18,23,18,7,28,7,8,25,15
120352,1,1,1998,0,0,0,0,0,0,0,0,0,0
120352,2,1,1998,0,0,0,0,0,0,0,0,0,0
120353,1,1,1998,20,20,20,20,20,20,20,20,20,20
120354,1,1,1998,0,0,0,0,0,0,0,0,0,0
120354,2,1,1998,0,0,0,0,0,0,0,0,0,0
120354,3,1,1998,0,0,0,0,0,0,18,0,0,5
120354,4,1,1998,0,0,0,0,0,0,0,0,0,0
120354,5,1,1998,0,0,0,0,0,0,0,0,0,0
120355,1,1,1998,0,0,0,0,0,0,0,0,0,0
120355,2,1,1998,0,0,0,0,0,0,0,0,0,0
120355,3,1,1998,0,0,0,0,0,0,0,0,0,0
120356,1,1,1998,0,0,0,0,0,0,9,0,0,0
120356,2,1,1998,0,0,0,0,0,0,0,0,0,0
120356,3,1,1998,26,0,21,0,0,0,0,0,0,0
120357,1,1,1998,0,0,0,0,0,0,0,0,0,0
120357,2,1,1998,0,0,0,0,0,0,0,0,0,0
120358,1,1,1998,0,0,0,0,0,0,0,0,0,0
120358,2,1,1998,0,0,0,0,0,0,0,0,0,0
120359,1,1,1998,0,0,0,0,0,0,0,0,0,0
120359,2,1,1998,0,0,0,0,0,0,0,0,0,0
120360,1,1,1998,7,7,7,7,7,7,7,7,7,7
120360,2,1,1998,0,0,0,0,0,0,0,0,0,0
120360,3,1,1998,0,0,0,0,21,0,0,0,0,0
120361,0,1,1998,6,6,6,6,6,6,6,6,6,6
120361,1,1,1998,0,0,0,0,0,0,0,0,0,0
120362,0,1,1998,0,0,0,0,0,0,0,0,0,0
120362,1,1,1998,0,7,0,0,0,0,0,0,0,0
120363,0,1,1998,12,20,0,0,15,0,33,0,27,28
120363,1,1,1998,0,0,0,0,0,0,0,0,0,0
120364,1,1,1998,0,0,0,0,0,0,0,0,0,0
120364,2,1,1998,0,0,0,0,0,0,0,0,0,0
120365,0,1,1998,27,0,0,0,15,0,0,0,0,0
120365,1,1,1998,9,0,0,0,0,7,0,0,0,0
120366,1,1,1998,0,0,0,0,0,0,0,0,0,0
120366,2,1,1998,0,0,0,0,0,0,0,0,0,0
120367,1,1,1998,25,25,25,25,25,25,25,25,25,25
120368,1,1,1998,0,0,0,0,0,0,0,0,0,0
120368,2,1,1998,0,0,0,0,0,0,0,0,0,0
120368,3,1,1998,0,0,0,0,0,0,0,0,0,0
120369,0,1,1998,0,0,0,0,0,0,0,0,0,5
120369,1,1,1998,0,0,0,0,0,0,0,0,0,0
120370,1,1,1998,0,0,0,0,0,0,0,0,0,0
120370,2,1,1998,0,0,0,0,0,0,0,0,0,0
120371,0,1,1998,0,0,0,0,0,0,0,0,0,0
120371,1,1,1998,0,0,0,0,0,0,0,0,0,0
120372,1,1,1998,0,0,0,0,0,0,0,0,0,0
120372,2,1,1998,0,0,0,0,0,0,0,0,0,0
120372,3,1,1998,0,0,0,0,0,0,0,0,0,0
120373,1,1,1998,23,23,23,23,23,23,23,23,23,23
120373,2,1,1998,0,0,0,0,0,0,0,0,0,0
120374,0,1,1998,21,21,21,21,21,21,21,21,21,21
120374,1,1,1998,0,0,0,0,0,0,0,0,0,0
120375,1,1,1998,10,16,0,0,0,0,0,0,0,0
120375,2,1,1998,0,0,0,0,0,0,0,0,0,0
120376,1,1,1998,0,0,0,0,0,0,0,0,0,0
120377,1,1,1998,0,0,0,0,0,0,0,0,0,0
120377,2,1,1998,9,9,9,9,9,9,9,9,9,9
120377,3,1,1998,0,0,0,0,0,0,52,0,0,0
120378,1,1,1998,0,0,0,0,11,0,0,0,0,0
120378,2,1,1998,0,0,0,28,0,0,9,11,0,0
120379,1,1,1998,0,0,16,0,0,0,18,0,0,0
120380,1,1,1998,23,23,23,23,23,23,23,23,23,23
120380,2,1,1998,0,0,0,0,0,0,0,0,0,0
120381,1,1,1998,9,9,9,9,9,9,9,9,9,9
120381,2,1,1998,9,9,9,9,9,9,9,9,9,9
120382,1,1,1998,0,0,0,0,0,0,0,0,0,0
120383,1,1,1998,0,0,0,0,0,0,0,0,0,0
120383,2,1,1998,0,0,0,0,0,0,0,0,0,0
120384,1,1,1998,0,0,0,0,0,29,0,0,0,0
120385,1,1,1998,0,0,0,0,0,0,0,0,0,0
120385,2,1,1998,0,0,0,0,0,0,0,0,0,0
120386,1,1,1998,0,0,0,0,0,0,0,0,0,0
120386,2,1,1998,0,0,0,0,0,0,0,0,0,0
120387,1,1,1998,0,0,0,0,24,0,0,0,0,0
120387,2,1,1998,0,0,0,0,0,0,0,0,13,0
120388,0,1,1998,23,23,23,23,23,23,23,23,23,23
120388,1,1,1998,0,0,0,0,0,0,0,0,0,0
120389,0,1,1998,0,0,0,0,0,0,0,0,0,0
120389,1,1,1998,0,0,0,0,0,0,0,0,0,0
120390,0,1,1998,0,0,0,0,0,0,0,0,0,0
120390,1,1,1998,0,0,0,0,0,0,0,0,0,0
120391,1,1,1998,0,0,0,0,0,0,0,0,0,0
120392,1,1,1998,23,23,23,23,23,23,23,23,23,23
120392,2,1,1998,0,0,0,0,0,0,0,0,0,0
120393,1,1,1998,0,0,0,0,0,0,0,0,0,0
120393,2,1,1998,0,0,0,0,0,0,0,0,0,0
120394,1,1,1998,0,0,0,0,0,10,0,0,0,0
120395,0,1,1998,6,6,6,6,6,6,6,6,6,6
120395,1,1,1998,0,0,0,0,0,0,0,0,0,0
120396,1,1,1998,0,0,0,0,0,0,0,0,0,0
120396,2,1,1998,0,0,0,0,0,0,0,0,0,0
120397,1,1,1998,0,0,0,0,0,0,0,0,0,0
120397,2,1,1998,0,0,0,0,0,0,0,0,0,0
120398,0,1,1998,0,0,0,0,0,0,0,8,0,0
120398,1,1,1998,0,0,0,0,0,3,0,0,0,0
120399,1,1,1998,0,0,0,0,0,0,0,0,0,0
120399,2,1,1998,0,0,0,0,0,0,0,0,0,0
120400,1,1,1998,0,0,0,0,0,0,0,0,0,0
120400,2,1,1998,0,0,0,0,0,0,0,0,0,9
120401,1,1,1998,0,0,0,0,0,0,0,0,0,0
120401,2,1,1998,0,0,0,0,0,0,0,0,0,0
120402,1,1,1998,0,0,0,0,0,0,0,0,0,0
120402,2,1,1998,0,0,0,0,0,0,0,0,0,0
120403,1,1,1998,17,0,0,0,0,0,0,0,0,0
120404,1,1,1998,0,0,0,0,0,0,0,0,0,0
120404,2,1,1998,0,0,0,0,0,0,0,0,0,0
120404,3,1,1998,0,0,0,0,0,0,0,0,0,0
120405,1,1,1998,0,0,0,0,0,18,0,0,0,0
120406,1,1,1998,0,0,0,0,0,0,0,8,0,31
120407,1,1,1998,0,0,0,0,0,0,0,0,0,0
120407,2,1,1998,0,0,0,0,0,0,0,0,0,0
120408,1,1,1998,0,0,0,0,0,0,0,0,0,0
120408,2,1,1998,0,0,0,0,0,0,0,0,0,0
120409,1,1,1998,0,0,0,0,0,0,0,0,0,0
120409,2,1,1998,0,0,0,0,0,0,0,0,0,0
120410,1,1,1998,0,0,0,0,0,0,0,0,0,0
120410,2,1,1998,5,0,0,0,0,0,0,5,0,0
120411,1,1,1998,0,0,0,0,0,0,0,0,0,0
120411,2,1,1998,0,0,0,0,0,0,0,0,0,0
120412,0,1,1998,27,27,27,27,27,27,27,27,27,27
120412,1,1,1998,0,0,0,0,0,0,0,0,0,0
120413,1,1,1998,0,0,0,0,6,12,0,0,0,0
120413,2,1,1998,0,0,0,0,0,0,0,0,0,5
120413,3,1,1998,0,0,0,0,0,0,0,0,0,0
120414,1,1,1998,0,0,0,0,0,0,0,0,0,0
120414,2,1,1998,0,0,0,0,0,0,0,0,0,0
120415,1,1,1998,0,0,0,0,0,0,0,0,0,0
120415,2,1,1998,0,0,0,0,0,0,0,0,0,0
120416,1,1,1998,8,8,8,8,8,8,8,8,8,8
120416,2,1,1998,0,0,0,0,0,0,0,0,0,0
120416,3,1,1998,0,0,0,0,0,0,0,0,0,0
120417,1,1,1998,37,37,37,37,37,37,37,37,37,37
120418,1,1,1998,0,0,0,0,0,0,0,0,0,0
120418,2,1,1998,0,0,0,0,0,0,0,0,0,0
120419,1,1,1998,8,8,8,8,8,8,8,8,8,8
120420,1,1,1998,0,12,33,0,25,22,32,23,0,8
120420,2,1,1998,0,0,0,0,0,0,0,0,0,0
120421,1,1,1998,21,5,21,0,0,0,0,0,0,0
120421,2,1,1998,0,0,0,26,5,0,10,6,0,0
120422,1,1,1998,0,0,0,0,0,0,0,0,0,0
120422,2,1,1998,0,0,0,0,0,0,0,0,0,0
120422,3,1,1998,0,0,0,0,0,0,8,0,0,0
120422,4,1,1998,0,0,0,0,0,0,0,0,0,0
120423,1,1,1998,0,0,0,0,0,0,0,0,0,0
120423,2,1,1998,0,0,0,0,0,0,0,0,0,0
120424,1,1,1998,0,0,0,0,0,0,0,0,0,0
120425,1,1,1998,6,6,6,6,6,6,6,6,6,6
120426,0,1,1998,31,31,31,31,31,31,31,31,31,31
120426,1,1,1998,0,0,0,0,0,0,0,0,0,0
120427,1,1,1998,0,0,0,0,0,0,0,0,0,0
120427,2,1,1998,0,0,0,0,0,0,0,0,0,0
120428,1,1,1998,0,0,0,0,0,0,0,0,0,0
120428,2,1,1998,0,0,0,0,0,0,0,0,0,0
120429,1,1,1998,0,0,0,0,0,0,0,0,0,0
120430,1,1,1998,0,0,0,0,0,0,0,0,0,0
120430,2,1,1998,0,0,0,0,0,0,0,0,0,0
120431,0,1,1998,5,15,38,12,31,18,15,25,31,0
120431,1,1,1998,0,0,5,0,0,0,0,0,0,0
120432,1,1,1998,0,0,0,0,24,0,0,0,0,0
120432,2,1,1998,0,0,0,0,0,0,0,0,0,0
120433,1,1,1998,0,0,0,0,0,0,0,0,0,0
120433,2,1,1998,0,0,0,0,0,0,0,0,0,0
120434,1,1,1998,0,0,0,0,0,0,0,0,0,0
120435,1,1,1998,0,0,0,0,0,0,0,0,0,0
120436,1,1,1998,0,0,0,0,0,0,0,0,0,0
120436,2,1,1998,0,17,20,0,0,0,10,17,17,0
120437,1,1,1998,0,0,0,0,0,0,0,0,0,0
120438,1,1,1998,0,0,0,0,0,0,0,0,0,0
120438,2,1,1998,0,0,0,0,0,0,0,0,0,0
120439,1,1,1998,0,0,0,0,0,0,0,17,0,0
120439,2,1,1998,0,0,0,0,0,0,0,0,0,0
120439,3,1,1998,0,8,0,0,0,0,0,0,0,0
120440,1,1,1998,0,0,0,0,0,0,0,0,0,0
120440,2,1,1998,0,0,0,0,13,0,0,0,0,0
120440,3,1,1998,0,0,0,0,0,0,0,0,0,0
120440,4,1,1998,0,0,0,0,0,0,0,0,0,0
120440,5,1,1998,0,0,0,0,0,0,0,0,0,13
120440,6,1,1998,0,0,10,0,0,0,0,0,0,0
120441,1,1,1998,0,0,0,0,0,0,0,0,0,0
120441,2,1,1998,10,19,0,0,0,0,9,0,0,0
120442,1,1,1998,14,0,12,9,4,17,9,29,0,0
120443,1,1,1998,17,17,17,17,17,17,17,17,17,17
120444,0,1,1998,23,23,23,23,23,23,23,23,23,23
120444,1,1,1998,0,0,0,0,0,0,0,0,0,0
120445,1,1,1998,0,0,0,0,0,0,0,0,0,0
120445,2,1,1998,0,0,0,0,0,0,0,0,0,0
120446,1,1,1998,0,0,0,0,0,0,0,0,0,0
120446,2,1,1998,26,26,26,26,26,26,26,26,26,26
120447,1,1,1998,23,23,23,23,23,23,23,23,23,23
120447,2,1,1998,0,0,0,0,0,0,0,0,0,0
120448,1,1,1998,0,0,0,0,0,0,0,0,0,0
120448,2,1,1998,0,0,0,0,0,0,0,0,0,0
120449,1,1,1998,0,0,0,0,0,0,0,0,0,0
120449,2,1,1998,0,0,0,0,0,0,0,0,0,0
120450,0,1,1998,0,0,0,0,0,0,0,0,0,0
120450,0,2,1998,0,0,0,0,0,0,0,0,0,0
120450,1,1,1998,0,0,0,0,0,0,0,0,0,0
120451,1,1,1998,0,0,0,0,0,0,0,0,0,0
120451,2,1,1998,0,0,0,0,0,0,0,0,0,0
120452,0,1,1998,0,0,0,0,0,0,0,0,0,0
120452,0,2,1998,0,0,0,0,0,0,0,22,0,0
120452,1,1,1998,0,0,0,0,0,0,0,0,0,0
120453,1,1,1998,6,6,6,6,6,6,6,6,6,6
120453,2,1,1998,0,0,0,0,0,0,0,0,0,0
120454,1,1,1998,6,6,6,6,6,6,6,6,6,6
120454,2,1,1998,0,0,0,0,0,0,0,0,0,0
120454,3,1,1998,0,0,0,0,0,0,0,0,0,0
120454,4,1,1998,0,0,0,0,0,0,0,0,0,0
120454,5,1,1998,2,2,2,2,2,2,2,2,2,2
120454,6,1,1998,0,0,0,0,0,0,0,0,0,0
120455,1,1,1998,0,0,0,0,0,0,0,0,0,0
120455,2,1,1998,0,0,22,0,17,7,0,0,0,0
120456,1,1,1998,0,0,0,0,0,0,0,0,0,0
120457,1,1,1998,0,1,0,5,8,0,0,0,0,0
120458,1,1,1998,0,0,0,0,0,0,0,0,0,0
120458,2,1,1998,0,0,0,0,0,0,0,0,0,0
120459,1,1,1998,0,0,0,0,0,0,0,0,0,0
120459,2,1,1998,0,0,0,0,0,0,0,0,0,0
120460,1,1,1998,0,0,0,0,0,0,0,0,0,0
120460,2,1,1998,0,0,0,0,0,0,0,0,0,0
120461,1,1,1998,8,0,0,0,0,0,0,0,0,0
120462,1,1,1998,0,0,0,0,0,0,0,0,0,0
120462,2,1,1998,0,0,0,0,0,0,0,0,0,0
120463,1,1,1998,0,15,0,16,0,9,0,24,0,9
120464,1,1,1998,0,0,0,0,0,0,0,0,0,0
120464,2,1,1998,0,0,0,0,0,0,0,0,0,11
120465,1,1,1998,4,4,4,4,4,4,4,4,4,4
120465,2,1,1998,0,0,0,0,0,0,0,0,0,0
120466,1,1,1998,0,0,0,0,0,9,0,0,0,0
120466,2,1,1998,0,0,0,0,0,0,0,0,0,0
120468,0,1,1998,31,31,31,31,31,31,31,31,31,31
120468,1,1,1998,0,0,0,0,0,0,0,0,0,0
120469,1,1,1998,9,9,9,9,9,9,9,9,9,9
120470,1,1,1998,0,0,0,0,0,0,0,0,0,0
120471,0,1,1998,37,37,37,37,37,37,37,37,37,37
120471,1,1,1998,0,0,0,0,0,0,0,0,0,0
120471,2,1,1998,0,0,0,0,0,0,0,0,0,0
120472,1,1,1998,0,0,0,0,0,0,0,0,0,0
120472,2,1,1998,0,0,0,7,0,0,0,8,0,0
120473,1,1,1998,0,0,0,0,0,0,0,0,0,0
120473,2,1,1998,0,0,0,0,0,0,0,0,0,0
120474,1,1,1998,6,6,6,6,6,6,6,6,6,6
120474,2,1,1998,0,0,0,0,0,0,0,0,0,0
120475,1,1,1998,0,0,0,0,0,0,0,0,0,0
120476,1,1,1998,12,12,12,12,12,12,12,12,12,12
120477,1,1,1998,19,0,0,0,0,0,0,0,0,0
120478,0,1,1998,0,0,0,0,0,0,0,0,0,0
120478,1,1,1998,0,12,0,17,0,0,0,0,0,0
120479,0,1,1998,11,0,0,0,0,0,0,0,0,0
120479,1,1,1998,0,0,0,0,0,0,0,0,0,0
120480,0,1,1998,0,0,0,0,0,0,0,0,0,0
120480,1,1,1998,0,0,0,0,0,0,0,0,0,0
120481,1,1,1998,22,22,22,22,22,22,22,22,22,22
120481,2,1,1998,0,0,0,0,0,0,0,0,0,0