ST_CASE,VEH_NO,PER_NO,YEAR,P1,P2,P3,P4,P5,P6,P7,P8,P9,P10
120482,1,1,1998,24,24,24,24,24,24,24,24,24,24
120483,0,1,1998,27,2,0,0,0,0,0,0,0,0
120483,1,1,1998,0,0,0,0,0,0,0,0,0,0
120484,1,1,1998,12,12,12,12,12,12,12,12,12,12
120484,2,1,1998,0,0,0,0,0,0,0,0,0,0
120485,1,1,1998,0,0,0,0,0,0,0,0,0,0
120485,2,1,1998,0,0,0,0,0,0,0,0,0,0
120486,1,1,1998,4,4,4,4,4,4,4,4,4,4
120487,1,1,1998,0,0,0,0,0,0,0,0,0,0
120487,2,1,1998,0,0,0,0,0,0,0,0,0,0
120488,1,1,1998,0,0,0,0,0,0,0,0,0,0
120488,2,1,1998,0,0,0,0,0,0,0,0,0,0
120489,1,1,1998,0,0,0,0,0,0,10,0,0,0
120489,2,1,1998,0,11,0,0,0,0,0,0,0,0
120490,1,1,1998,0,0,0,0,0,0,0,0,0,0
120490,2,1,1998,0,0,0,0,0,0,0,0,0,0
120491,1,1,1998,0,0,0,0,9,0,0,0,0,0
120491,2,1,1998,0,0,0,0,0,0,0,0,0,0
120492,1,1,1998,8,8,8,8,8,8,8,8,8,8
120493,0,1,1998,18,18,18,18,18,18,18,18,18,18
120493,1,1,1998,6,6,6,6,6,6,6,6,6,6
120494,0,1,1998,0,0,0,0,0,0,0,0,0,0
120494,1,1,1998,0,0,0,8,0,0,0,0,0,0
120495,0,1,1998,0,0,0,4,7,23,44,25,0,45
120495,1,1,1998,0,0,0,0,0,0,0,0,0,0
120496,1,1,1998,0,0,0,0,0,0,0,0,0,0
120497,1,1,1998,23,23,23,23,23,23,23,23,23,23
120497,2,1,1998,0,0,0,0,0,0,0,0,0,0
120498,0,1,1998,23,0,0,0,0,0,0,0,0,0
120498,1,1,1998,0,0,0,0,0,0,0,0,0,0
120498,2,1,1998,0,0,0,0,0,0,0,0,0,0
120499,0,1,1998,0,0,0,0,0,0,0,0,0,0
120499,1,1,1998,0,0,0,0,0,0,0,0,6,0
120500,0,1,1998,0,0,0,0,0,0,0,0,0,0
120500,1,1,1998,18,18,18,18,18,18,18,18,18,18
120501,1,1,1998,0,0,0,0,0,0,0,0,0,0
120502,1,1,1998,14,25,16,17,17,0,20,16,30,12
120503,1,1,1998,13,13,13,13,13,13,13,13,13,13
120504,1,1,1998,0,0,0,0,0,0,0,0,0,0
120505,1,1,1998,6,6,6,6,6,6,6,6,6,6
120505,2,1,1998,0,0,0,0,0,0,0,0,0,0
120506,1,1,1998,20,20,20,20,20,20,20,20,20,20
120506,2,1,1998,0,0,0,0,0,0,0,0,0,0
120507,1,1,1998,0,0,0,0,0,0,0,0,0,0
120508,1,1,1998,21,21,21,21,21,21,21,21,21,21
120508,2,1,1998,0,0,0,0,0,0,0,0,0,0
120509,0,1,1998,0,0,0,0,0,0,0,0,0,0
120509,1,1,1998,0,0,0,0,0,0,0,0,0,25
120510,0,1,1998,0,22,14,18,0,0,3,13,16,0
120510,1,1,1998,21,21,21,21,21,21,21,21,21,21
120510,2,1,1998,0,0,0,0,0,0,0,0,0,0
120511,1,1,1998,22,0,5,0,0,0,0,0,0,0
120512,1,1,1998,9,9,9,9,9,9,9,9,9,9
120512,2,1,1998,11,8,0,0,0,0,0,0,0,0
120513,0,1,1998,0,0,0,0,0,0,0,0,0,0
120513,0,2,1998,5,35,4,0,8,0,10,20,0,0
120513,1,1,1998,0,0,12,0,0,0,0,0,0,0
120514,1,1,1998,4,4,4,4,4,4,4,4,4,4
120514,2,1,1998,0,0,0,0,0,0,0,0,0,0
120515,1,1,1998,22,15,0,17,0,5,0,7,0,0
120516,1,1,1998,25,25,25,25,25,25,25,25,25,25
120517,1,1,1998,0,0,0,0,0,0,0,6,0,0
120517,2,1,1998,0,0,0,0,0,0,0,0,0,0
120517,3,1,1998,0,0,0,0,0,0,0,0,0,0
120518,1,1,1998,0,0,0,0,0,0,0,0,0,0
120518,2,1,1998,0,0,0,0,0,0,0,0,0,0
120519,1,1,1998,0,22,16,16,30,0,0,3,0,12
120520,1,1,1998,0,0,0,0,0,0,0,0,0,0
120520,2,1,1998,0,0,0,0,0,0,0,0,0,0
120520,3,1,1998,0,0,0,0,0,0,0,0,0,0
120521,1,1,1998,0,0,0,0,0,0,0,0,0,0
120521,2,1,1998,0,0,0,0,0,0,0,0,0,0
120522,0,1,1998,0,0,0,0,0,0,16,0,0,0
120522,1,1,1998,0,0,0,0,0,0,0,0,0,0
120523,1,1,1998,0,0,0,0,0,0,0,7,0,0
120523,2,1,1998,0,0,0,0,0,0,0,0,0,0
120524,1,1,1998,0,0,0,0,0,0,0,0,0,0
120524,2,1,1998,0,0,0,0,0,0,0,0,0,0
120525,1,1,1998,17,17,17,17,17,17,17,17,17,17
120526,0,1,1998,14,10,0,0,20,11,0,0,0,21
120526,1,1,1998,0,0,0,0,0,0,0,0,0,0
120527,1,1,1998,0,0,0,0,0,0,0,0,0,0
120527,2,1,1998,0,0,7,0,0,0,14,9,0,0
120528,1,1,1998,10,10,10,10,10,10,10,10,10,10
120529,1,1,1998,25,25,25,25,25,25,25,25,25,25
120529,2,1,1998,10,10,10,10,10,10,10,10,10,10
120530,1,1,1998,0,0,0,0,0,0,0,0,0,0
120530,2,1,1998,20,20,20,20,20,20,20,20,20,20
120531,0,1,1998,0,0,0,0,0,0,0,0,0,0
120531,1,1,1998,0,0,0,0,0,0,0,0,0,0
120532,1,1,1998,37,37,37,37,37,37,37,37,37,37
120533,1,1,1998,26,26,26,26,26,26,26,26,26,26
120533,2,1,1998,0,0,0,0,0,0,0,0,0,0
120533,3,1,1998,0,0,0,0,0,0,0,0,0,0
120534,1,1,1998,0,0,0,0,0,0,0,0,0,0
120535,1,1,1998,0,0,0,0,0,0,0,0,18,0
120535,2,1,1998,0,0,0,0,0,0,0,0,0,0
120536,0,1,1998,0,0,0,0,13,0,0,6,0,0
120536,1,1,1998,0,0,0,0,0,0,0,0,0,0
120537,1,1,1998,0,0,0,0,0,0,0,0,0,0
120538,1,1,1998,0,0,0,0,0,0,0,0,0,0
120539,1,1,1998,0,0,0,0,0,0,0,0,0,0
120539,2,1,1998,0,0,0,0,0,0,0,0,17,0
120540,0,1,1998,0,0,0,0,0,0,0,0,0,0
120540,1,1,1998,0,0,0,0,0,0,0,0,0,0
120541,0,1,1998,0,0,0,0,0,0,0,0,0,0
120541,1,1,1998,0,0,0,0,13,0,0,0,0,0
120542,0,1,1998,12,0,0,7,0,13,0,0,0,17
120542,1,1,1998,0,24,0,0,0,0,0,0,0,0
120543,1,1,1998,0,0,0,0,0,0,0,0,0,0
120543,2,1,1998,0,0,0,0,0,0,0,0,0,0
120544,0,1,1998,0,0,0,0,0,0,0,0,0,0
120544,1,1,1998,0,0,0,0,0,0,0,0,0,0
120545,0,1,1998,33,33,33,33,33,33,33,33,33,33
120545,1,1,1998,0,0,0,0,0,0,0,0,0,0
120546,1,1,1998,0,0,0,0,0,0,0,0,0,0
120546,2,1,1998,0,0,0,0,0,0,0,0,0,0
120547,1,1,1998,0,0,0,0,0,0,0,0,0,0
120547,2,1,1998,0,0,0,0,0,0,0,0,0,0
120548,1,1,1998,0,0,0,16,0,0,0,0,0,0
120549,1,1,1998,0,0,0,0,0,0,0,0,0,0
120549,2,1,1998,0,0,0,0,0,0,0,0,0,0
120550,1,1,1998,16,16,16,16,16,16,16,16,16,16
120550,2,1,1998,0,0,0,0,9,0,0,0,0,0
120551,1,1,1998,3,3,3,3,3,3,3,3,3,3
120551,2,1,1998,0,0,0,0,0,0,0,0,0,0
120552,0,1,1998,0,0,0,0,0,0,0,0,0,0
120552,1,1,1998,0,0,0,0,0,0,0,0,8,0
120553,0,1,1998,0,0,0,0,0,0,7,22,0,0
120553,1,1,1998,0,0,0,0,0,0,0,0,0,0
120554,1,1,1998,0,0,0,0,0,0,0,0,0,0
120555,1,1,1998,26,26,26,26,26,26,26,26,26,26
120556,0,1,1998,0,0,0,0,0,0,0,0,0,0
120556,1,1,1998,20,20,20,20,20,20,20,20,20,20
120557,1,1,1998,0,0,0,0,0,0,0,0,0,0
120558,1,1,1998,0,0,0,0,0,0,0,0,0,0
120558,2,1,1998,0,0,0,0,0,0,0,0,0,0
120559,1,1,1998,21,21,21,21,21,21,21,21,21,21
120560,0,1,1998,16,16,16,16,16,16,16,16,16,16
120560,1,1,1998,8,8,8,8,8,8,8,8,8,8
120561,1,1,1998,0,0,0,0,0,0,0,0,0,0
120561,2,1,1998,0,0,0,0,0,0,0,0,0,0
120562,0,1,1998,0,15,30,11,0,0,36,29,8,0
120562,1,1,1998,0,0,0,0,0,0,0,0,0,0
120563,1,1,1998,0,0,0,0,0,0,0,0,0,0
120563,2,1,1998,0,0,0,0,0,0,0,0,0,0
120564,1,1,1998,0,0,0,0,0,0,0,0,0,0
120564,2,1,1998,0,0,0,0,0,21,0,0,0,0
120565,0,1,1998,0,0,0,0,0,0,0,0,0,0
120565,1,1,1998,3,3,3,3,3,3,3,3,3,3
120566,0,1,1998,0,0,0,0,0,0,0,0,0,0
120566,1,1,1998,0,0,0,0,0,0,0,0,0,0
120567,0,1,1998,0,0,0,0,0,0,0,0,0,0
120567,1,1,1998,0,0,0,0,0,0,0,0,0,0
120568,1,1,1998,18,18,18,18,18,18,18,18,18,18
120569,1,1,1998,0,0,0,0,0,0,0,0,0,0
120569,2,1,1998,0,0,0,0,0,0,0,0,0,0
120569,3,1,1998,0,0,0,0,0,0,0,0,0,0
120570,1,1,1998,0,8,0,0,0,0,0,0,0,0
120571,1,1,1998,0,0,0,0,0,0,0,0,0,0
120571,2,1,1998,9,9,9,9,9,9,9,9,9,9
120572,1,1,1998,0,0,0,0,0,0,0,0,0,0
120572,2,1,1998,0,0,0,0,0,0,0,0,0,0
120573,1,1,1998,0,0,0,0,0,0,0,0,0,0
120573,2,1,1998,11,0,0,0,0,0,15,0,0,0
120573,3,1,1998,0,0,0,0,0,0,0,0,0,0
120574,1,1,1998,0,0,0,0,0,0,0,0,0,0
120575,1,1,1998,17,0,0,28,27,30,11,8,21,9
120576,0,1,1998,39,39,39,39,39,39,39,39,39,39
120576,1,1,1998,0,0,0,0,0,0,0,0,0,0
120577,1,1,1998,0,0,0,0,0,0,0,0,0,0
120577,2,1,1998,0,0,0,0,0,0,7,0,0,0
120578,0,1,1998,0,0,0,0,0,0,0,0,0,0
120578,1,1,1998,0,0,0,0,0,0,0,0,0,0
120579,1,1,1998,0,0,0,0,0,0,0,0,0,0
120579,2,1,1998,0,0,0,0,0,0,23,0,0,0
120580,1,1,1998,11,11,11,11,11,11,11,11,11,11
120581,1,1,1998,21,21,21,21,21,21,21,21,21,21
120582,1,1,1998,0,0,0,0,0,0,0,0,0,0
120583,1,1,1998,0,0,0,0,0,0,0,0,0,0
120583,2,1,1998,0,0,0,0,0,0,0,0,0,0
120584,1,1,1998,17,17,17,17,17,17,17,17,17,17
120584,2,1,1998,0,0,0,0,0,0,0,8,24,0
120584,3,1,1998,0,0,0,0,0,0,0,0,0,0
120584,4,1,1998,0,0,0,0,0,18,0,0,0,0
120585,1,1,1998,0,0,0,0,0,0,0,0,0,0
120585,2,1,1998,0,0,0,0,0,0,0,0,0,0
120586,1,1,1998,0,0,0,0,0,0,0,0,0,0
120587,1,1,1998,0,0,0,0,0,0,0,0,0,0
120588,1,1,1998,0,0,0,0,0,0,0,0,0,0
120588,2,1,1998,0,0,0,0,0,0,0,0,0,0
120589,1,1,1998,0,0,0,0,0,0,0,0,0,0
120590,1,1,1998,0,0,0,0,0,0,0,0,0,0
120590,2,1,1998,0,0,0,0,0,0,0,0,0,0
120590,3,1,1998,0,0,0,0,0,0,0,0,0,0
120591,1,1,1998,8,8,8,8,8,8,8,8,8,8
120592,1,1,1998,0,0,0,0,0,0,0,0,0,0
120592,2,1,1998,0,0,0,0,0,0,0,0,0,0
120593,1,1,1998,0,0,0,0,0,0,0,0,0,0
120593,2,1,1998,0,0,0,0,0,0,0,0,0,0
120594,1,1,1998,15,15,15,15,15,15,15,15,15,15
120595,1,1,1998,0,0,10,0,0,17,0,0,0,0
120596,0,1,1998,0,0,0,0,10,0,0,0,0,0
120596,1,1,1998,0,0,0,0,0,0,0,0,0,0
120597,1,1,1998,16,0,0,0,0,0,0,0,0,0
120597,2,1,1998,0,0,0,0,0,0,0,0,0,0
120598,1,1,1998,17,17,17,17,17,17,17,17,17,17
120598,2,1,1998,0,0,0,0,0,0,0,0,0,0
120599,1,1,1998,0,0,0,0,0,0,0,0,0,0
120599,2,1,1998,0,0,0,0,0,0,0,0,0,0
120599,3,1,1998,0,0,0,0,0,0,0,0,0,0
120600,1,1,1998,0,0,0,0,0,0,0,0,0,0
120600,2,1,1998,0,0,0,0,0,0,0,0,0,0
120600,3,1,1998,0,0,0,0,0,0,0,0,0,0
120601,1,1,1998,0,0,0,0,0,0,0,0,0,0
120602,1,1,1998,0,0,0,0,0,0,0,0,0,0
120603,0,1,1998,0,0,0,0,0,10,0,0,0,0
120603,1,1,1998,0,0,0,0,0,0,0,0,0,0
120604,0,1,1998,0,0,0,0,0,0,0,0,0,0
120604,1,1,1998,0,0,0,0,25,15,0,0,0,0
120605,1,1,1998,0,0,0,0,0,0,0,0,0,0
120605,2,1,1998,0,0,0,0,0,0,0,0,0,0
120606,1,1,1998,0,0,0,0,0,0,0,0,0,0
120606,2,1,1998,0,13,9,0,0,0,0,0,17,0
120607,0,1,1998,9,0,0,45,21,7,0,20,0,17
120607,1,1,1998,0,0,0,0,0,0,0,0,0,0
120608,0,1,1998,0,0,0,0,0,0,0,0,0,0
120608,1,1,1998,0,0,0,0,0,20,0,0,0,0
120609,1,1,1998,0,14,8,0,8,0,0,0,0,0
120610,1,1,1998,0,0,0,0,0,0,0,0,0,0
120611,0,1,1998,15,15,15,15,15,15,15,15,15,15
120611,1,1,1998,0,0,0,0,0,0,0,0,0,0
120612,1,1,1998,24,24,24,24,24,24,24,24,24,24
120612,2,1,1998,0,0,0,0,0,0,0,0,0,0
120613,1,1,1998,0,0,0,0,0,0,0,0,0,0
120613,2,1,1998,0,0,0,0,0,0,0,0,0,0
120614,1,1,1998,20,20,20,20,20,20,20,20,20,20
120614,2,1,1998,0,0,0,0,0,0,0,0,0,16
120615,0,1,1998,33,33,33,33,33,33,33,33,33,33
120615,1,1,1998,0,0,0,0,0,0,0,0,14,0
120616,1,1,1998,0,0,0,0,0,0,0,0,0,0
120616,2,1,1998,0,0,0,0,0,0,0,0,0,0
120617,1,1,1998,15,0,19,0,0,0,0,0,0,0
120618,0,1,1998,0,0,0,0,0,0,0,0,0,0
120618,1,1,1998,0,0,0,0,0,0,0,0,0,0
120619,1,1,1998,0,0,0,0,0,0,0,0,0,0
120619,2,1,1998,0,0,0,0,0,0,0,0,0,0
120620,1,1,1998,0,11,0,22,0,20,7,0,18,0
120621,1,1,1998,0,0,0,0,0,0,0,0,0,0
120621,2,1,1998,0,0,0,0,0,0,0,0,0,0
120621,3,1,1998,0,0,0,0,0,0,0,0,0,0
120622,1,1,1998,0,0,0,0,0,0,0,0,0,0
120622,2,1,1998,0,0,0,0,0,0,0,0,0,0
120623,0,1,1998,0,0,0,0,0,0,0,0,0,0
120623,1,1,1998,0,0,0,0,0,0,0,0,0,0
120624,0,1,1998,0,0,0,0,0,0,0,0,0,0
120624,1,1,1998,0,0,0,0,0,0,0,0,0,0
120625,1,1,1998,23,23,23,23,23,23,23,23,23,23
120626,0,1,1998,7,0,0,6,17,20,0,0,0,0
120626,1,1,1998,0,0,0,0,0,0,0,0,0,0
120627,1,1,1998,14,14,14,14,14,14,14,14,14,14
120627,2,1,1998,0,0,0,0,0,0,0,0,0,7
120628,1,1,1998,14,14,14,14,14,14,14,14,14,14
120629,1,1,1998,0,0,0,0,0,8,0,0,0,0
120629,2,1,1998,0,0,0,0,0,0,0,0,0,0
120630,0,1,1998,3,3,3,3,3,3,3,3,3,3
120630,1,1,1998,0,0,0,0,0,0,0,0,0,0
120631,1,1,1998,16,16,16,16,16,16,16,16,16,16
120631,2,1,1998,0,0,0,0,0,0,0,0,0,0
120632,0,1,1998,21,21,21,21,21,21,21,21,21,21
120632,1,1,1998,0,0,0,0,0,17,0,0,0,0
120633,1,1,1998,0,0,0,0,0,0,0,0,0,0
120633,2,1,1998,0,8,0,14,6,16,26,0,10,6
120634,0,1,1998,2,0,0,5,25,11,5,0,22,0
120634,1,1,1998,0,0,0,0,0,10,0,12,10,0
120635,1,1,1998,15,31,0,16,8,0,19,0,0,8
120636,1,1,1998,0,0,0,0,0,0,0,0,15,0
120636,2,1,1998,0,0,0,0,0,0,0,0,0,0
120637,1,1,1998,19,19,19,19,19,19,19,19,19,19
120638,1,1,1998,0,0,0,0,0,0,0,0,0,0
120638,2,1,1998,0,0,0,0,0,0,0,0,0,0
120638,3,1,1998,0,0,0,0,0,0,0,0,0,0
120639,1,1,1998,0,0,0,0,0,0,0,0,0,0
120639,2,1,1998,0,0,0,0,0,0,0,0,0,0
120640,0,1,1998,0,0,0,0,0,0,0,0,0,0
120640,1,1,1998,0,0,0,0,0,5,0,0,0,0
120641,0,1,1998,0,0,0,0,0,0,0,0,0,0
120641,1,1,1998,6,0,0,0,0,0,0,0,0,0
120642,1,1,1998,0,0,0,0,0,0,0,0,0,0
120642,2,1,1998,0,0,0,0,0,0,0,0,0,0
120643,0,1,1998,0,0,0,0,0,0,0,0,0,0
120643,1,1,1998,0,0,0,0,0,0,0,0,0,0
120643,2,1,1998,0,0,0,0,0,0,0,0,0,0
120644,1,1,1998,3,3,3,3,3,3,3,3,3,3
120644,2,1,1998,0,0,0,0,5,0,0,0,0,0
120645,1,1,1998,10,10,10,10,10,10,10,10,10,10
120646,1,1,1998,0,0,0,0,0,0,0,0,0,0
120646,2,1,1998,0,5,0,0,0,0,0,0,0,0
120646,3,1,1998,0,0,0,0,0,0,0,0,0,0
120647,1,1,1998,17,17,17,17,17,17,17,17,17,17
120648,1,1,1998,6,6,6,6,6,6,6,6,6,6
120649,0,1,1998,0,0,0,0,0,0,0,0,0,0
120649,1,1,1998,0,0,0,0,0,0,0,0,0,0
120650,1,1,1998,0,0,0,12,0,0,0,0,0,0
120651,1,1,1998,0,0,0,0,0,0,0,0,0,0
120651,2,1,1998,0,0,0,0,0,0,0,0,0,0
120652,1,1,1998,0,0,0,0,0,0,0,0,0,0
120652,2,1,1998,0,0,0,0,0,0,0,0,0,0
120653,1,1,1998,0,0,0,0,0,0,0,0,0,0
120653,2,1,1998,0,0,0,0,0,0,0,0,0,0
120654,1,1,1998,23,23,23,23,23,23,23,23,23,23
120654,2,1,1998,0,0,0,0,0,0,0,0,0,0
120655,1,1,1998,0,0,0,0,0,0,0,0,0,0
120656,1,1,1998,13,13,13,13,13,13,13,13,13,13
120657,1,1,1998,0,0,0,0,0,0,0,0,0,0
120657,2,1,1998,0,0,0,0,0,0,0,0,0,0
120657,3,1,1998,0,0,0,0,0,0,0,0,0,0
120658,1,1,1998,12,0,0,0,0,0,0,0,0,0
120658,2,1,1998,0,0,0,0,0,0,0,0,0,0
120659,1,1,1998,0,0,0,0,0,0,0,0,0,0
120659,2,1,1998,0,0,0,0,0,0,0,0,0,0
120659,3,1,1998,0,0,0,0,0,0,0,0,0,0
120660,1,1,1998,0,0,0,0,0,0,0,0,0,0
120660,2,1,1998,0,0,0,0,0,0,0,0,0,0
120661,0,1,1998,0,0,0,0,0,0,0,0,0,0
120661,1,1,1998,0,0,0,0,0,0,11,0,0,0
120662,1,1,1998,0,0,0,0,0,0,0,0,0,0
120662,2,1,1998,0,0,0,0,0,0,0,0,0,0
120663,1,1,1998,0,0,0,0,0,0,0,0,0,0
120663,2,1,1998,0,0,0,0,0,0,0,0,0,0
120664,0,1,1998,0,10,0,0,0,0,0,0,0,0
120664,1,1,1998,0,0,0,0,0,0,0,0,0,0
120664,2,1,1998,0,0,0,0,0,0,0,0,0,0
120665,1,1,1998,27,27,27,27,27,27,27,27,27,27
120666,1,1,1998,0,0,0,0,0,0,0,0,0,0
120666,2,1,1998,22,22,22,22,22,22,22,22,22,22
120667,1,1,1998,0,0,0,0,0,0,0,0,0,0
120668,1,1,1998,0,0,0,0,0,0,0,0,0,0
120668,2,1,1998,0,0,0,0,0,0,0,0,0,0
120669,1,1,1998,0,0,0,0,0,0,0,0,0,0
120670,0,1,1998,0,0,0,27,0,0,0,0,0,15
120670,1,1,1998,0,0,0,0,0,0,0,0,0,5
120671,1,1,1998,0,0,0,0,0,0,0,0,0,0
120672,0,1,1998,0,18,0,11,0,18,24,9,0,11
120672,1,1,1998,17,17,17,17,17,17,17,17,17,17
120673,1,1,1998,0,0,0,0,0,0,0,0,0,0
120673,2,1,1998,0,0,0,0,0,0,0,0,0,0
120674,1,1,1998,0,0,0,0,0,0,0,0,0,0
120674,2,1,1998,0,0,0,0,0,0,0,0,0,0
120674,3,1,1998,0,0,0,0,0,0,0,0,0,0
120675,1,1,1998,21,21,21,21,21,21,21,21,21,21
120676,0,1,1998,0,0,0,0,0,33,0,0,0,0
120676,0,2,1998,0,0,14,14,0,0,3,0,0,15
120676,0,3,1998,21,0,10,0,13,0,23,0,9,0
120676,1,1,1998,0,0,0,0,0,0,0,0,0,0
120677,0,1,1998,0,0,0,0,0,0,0,0,0,0
120677,1,1,1998,0,0,0,0,0,0,0,4,0,0
120678,1,1,1998,0,0,0,0,0,0,0,0,0,0
120678,2,1,1998,0,0,0,0,0,0,0,0,0,0
120679,1,1,1998,0,0,0,0,0,0,0,0,0,0
120679,2,1,1998,0,3,0,0,0,0,0,0,0,0
120680,1,1,1998,0,0,15,0,0,0,0,0,0,0
120681,1,1,1998,0,0,0,0,0,0,0,0,0,0
120681,2,1,1998,0,0,0,0,0,0,0,0,0,0
120682,1,1,1998,0,0,0,0,0,0,0,0,0,0
120682,2,1,1998,0,0,0,0,0,0,0,0,0,0
120682,3,1,1998,0,0,0,0,0,0,0,0,0,0
120683,1,1,1998,0,0,0,0,0,0,0,0,0,0
120683,2,1,1998,0,0,0,0,0,0,0,0,0,0
120683,3,1,1998,0,0,0,0,0,0,0,0,0,0
120684,1,1,1998,0,0,0,0,0,0,0,0,0,0
120684,2,1,1998,0,0,0,0,0,0,0,0,0,0
120685,1,1,1998,0,0,0,0,0,0,0,0,0,0
120686,0,1,1998,18,18,18,18,18,18,18,18,18,18
120686,1,1,1998,0,0,0,0,0,0,0,0,0,0
120687,1,1,1998,0,0,0,0,0,0,0,0,0,0
120688,1,1,1998,0,0,0,0,0,0,0,0,0,0
120688,2,1,1998,0,0,0,0,0,0,0,0,0,0
120688,3,1,1998,0,0,0,0,0,0,0,0,0,0
120689,1,1,1998,22,22,22,22,22,22,22,22,22,22
120690,0,1,1998,0,0,0,0,0,0,0,0,0,0
120690,1,1,1998,4,4,4,4,4,4,4,4,4,4
120691,0,1,1998,0,0,0,0,0,0,0,0,0,0
120691,1,1,1998,0,0,0,0,0,0,0,0,0,0
120692,1,1,1998,18,11,29,0,17,23,0,10,14,0
120693,1,1,1998,0,0,0,0,0,0,0,0,0,0
120693,2,1,1998,0,0,0,0,0,0,0,0,0,0
120693,3,1,1998,0,0,0,0,0,0,0,0,0,0
120694,1,1,1998,10,10,10,10,10,10,10,10,10,10
120695,0,1,1998,16,16,16,16,16,16,16,16,16,16
120695,1,1,1998,0,0,11,0,0,0,0,0,0,0
120696,1,1,1998,0,0,29,0,0,22,0,0,0,0
120696,2,1,1998,0,0,0,0,0,0,0,0,0,0
120697,1,1,1998,0,0,0,0,0,0,0,0,14,0
120698,0,1,1998,19,19,19,19,19,19,19,19,19,19
120698,1,1,1998,0,0,0,0,0,0,0,0,0,0
120699,1,1,1998,0,0,0,0,0,0,0,0,0,0
120699,2,1,1998,0,0,0,0,0,0,0,0,0,0
120700,1,1,1998,13,3,0,0,0,0,0,0,26,0
120701,0,1,1998,0,0,0,0,0,0,0,0,0,0
120701,1,1,1998,0,0,0,0,0,0,0,0,0,0
120702,1,1,1998,0,0,0,0,0,0,0,0,0,0
120702,2,1,1998,0,0,0,11,0,0,0,13,0,0
120702,3,1,1998,0,0,0,0,0,0,0,0,0,0
120703,1,1,1998,0,0,0,0,0,0,0,0,0,0
120703,2,1,1998,0,0,0,0,0,0,0,0,0,0
120704,1,1,1998,0,0,0,0,0,0,0,0,0,0
120704,2,1,1998,0,0,0,0,0,0,0,0,0,0
120704,3,1,1998,0,0,0,0,0,0,0,0,0,0
120705,1,1,1998,12,20,16,27,14,0,22,0,0,0
120706,0,1,1998,6,0,0,0,0,0,0,11,0,0
120706,1,1,1998,0,0,0,0,17,0,0,0,0,11
120707,1,1,1998,32,16,22,0,0,22,22,0,33,19
120708,1,1,1998,0,0,0,0,0,0,0,0,0,0
120708,2,1,1998,0,0,0,0,0,0,0,0,0,0
120708,3,1,1998,0,0,0,4,0,0,0,0,0,0
120708,4,1,1998,0,0,0,0,0,0,0,0,0,0
120708,5,1,1998,0,0,0,0,0,0,0,0,0,0
120709,1,1,1998,0,0,0,0,0,0,0,0,0,0
120709,2,1,1998,0,0,0,16,0,0,0,0,0,0
120710,1,1,1998,0,0,0,0,0,0,0,0,0,0
120710,2,1,1998,0,0,0,0,0,0,0,0,0,0
120711,0,1,1998,8,0,0,10,0,8,0,0,0,0
120711,1,1,1998,0,0,0,0,30,12,24,0,0,0
120712,1,1,1998,0,0,0,0,0,0,0,0,0,0
120712,2,1,1998,0,0,0,0,0,0,0,0,0,0
120713,1,1,1998,0,0,0,0,0,0,0,0,0,0
120713,2,1,1998,0,0,0,0,0,0,0,0,0,0
120713,3,1,1998,0,0,0,0,0,0,0,0,0,0
120714,0,1,1998,17,17,17,17,17,17,17,17,17,17
120714,1,1,1998,0,0,0,0,0,0,0,0,0,0
120715,1,1,1998,0,0,0,0,0,0,0,0,0,0
120715,2,1,1998,0,0,0,14,0,0,0,0,0,0
120715,3,1,1998,0,0,0,0,0,0,0,0,0,0
120716,1,1,1998,0,0,0,0,0,0,0,0,0,0
120717,1,1,1998,0,0,0,0,0,0,0,0,0,0
120717,2,1,1998,0,0,0,0,0,0,0,0,0,0
120718,0,1,1998,0,0,0,0,0,0,0,0,0,0
120718,1,1,1998,0,0,0,0,0,0,0,0,0,0
120719,1,1,1998,0,0,0,0,0,0,0,7,33,8
120719,2,1,1998,0,0,0,0,0,0,0,0,0,0
120719,3,1,1998,0,0,0,0,0,0,0,0,0,0
120720,1,1,1998,0,0,0,0,0,0,0,0,0,0
120720,2,1,1998,0,0,0,0,0,0,0,0,0,0
120721,0,1,1998,40,19,2,0,33,15,28,0,25,0
120721,0,2,1998,29,0,0,0,0,0,0,0,0,0
120721,1,1,1998,0,0,0,0,0,0,0,0,0,0
120722,0,1,1998,0,7,21,0,0,0,16,0,0,0
120722,1,1,1998,0,0,0,0,0,9,0,0,0,0
120723,1,1,1998,15,15,15,15,15,15,15,15,15,15
120724,1,1,1998,0,0,0,0,0,0,0,0,0,0
120725,0,1,1998,0,0,13,0,0,0,0,0,0,0
120725,1,1,1998,0,0,0,0,0,0,0,0,0,8
120726,1,1,1998,0,0,0,0,0,0,0,0,0,0
120726,2,1,1998,0,0,0,0,0,0,0,0,0,0
120727,1,1,1998,10,0,10,0,0,0,0,9,0,15
120727,2,1,1998,0,0,0,0,0,0,0,0,0,0
120727,3,1,1998,0,0,0,0,0,0,0,0,0,0
120727,4,1,1998,0,0,0,0,0,0,0,0,0,0
120728,1,1,1998,0,0,0,0,0,0,0,0,0,0
120728,2,1,1998,0,0,0,0,0,0,0,0,0,0
120729,1,1,1998,0,0,0,0,0,0,0,0,0,0
120729,2,1,1998,0,0,0,0,0,0,0,0,0,0
120730,1,1,1998,0,0,0,0,0,0,0,0,0,0
120730,2,1,1998,0,0,0,0,0,0,0,0,0,0
120731,0,1,1998,0,0,0,19,0,0,0,0,0,0
120731,1,1,1998,0,0,0,0,0,0,0,0,0,0
120732,1,1,1998,18,18,18,18,18,18,18,18,18,18