ST_CASE,VEH_NO,PER_NO,YEAR,P1,P2,P3,P4,P5,P6,P7,P8,P9,P10
120732,2,1,1998,0,0,0,0,0,0,0,6,0,0
120733,1,1,1998,0,0,0,0,0,0,0,0,0,0
120733,2,1,1998,0,0,0,0,0,0,0,0,0,0
120734,0,1,1998,0,0,0,0,0,3,0,0,0,0
120734,1,1,1998,0,0,0,0,0,0,0,0,0,0
120735,1,1,1998,18,18,18,18,18,18,18,18,18,18
120736,0,1,1998,0,0,13,0,0,0,0,0,0,6
120736,1,1,1998,0,0,0,0,0,0,0,0,0,0
120737,1,1,1998,0,0,0,0,0,0,0,0,0,0
120738,1,1,1998,0,0,0,0,0,0,0,0,0,0
120738,2,1,1998,0,0,0,0,0,0,0,0,0,0
120739,1,1,1998,10,10,10,10,10,10,10,10,10,10
120740,1,1,1998,0,0,0,0,0,0,0,0,0,0
120740,2,1,1998,0,0,0,0,0,0,0,0,0,0
120741,1,1,1998,0,0,0,0,0,0,0,0,0,0
120741,2,1,1998,28,28,28,28,28,28,28,28,28,28
120742,1,1,1998,12,12,12,12,12,12,12,12,12,12
120743,1,1,1998,0,0,0,0,0,0,0,0,0,0
120743,2,1,1998,0,7,0,0,0,0,0,0,0,0
120744,1,1,1998,16,16,16,16,16,16,16,16,16,16
120744,2,1,1998,19,19,19,19,19,19,19,19,19,19
120744,3,1,1998,0,0,0,0,0,0,0,0,0,0
120745,1,1,1998,0,0,0,0,0,0,0,0,0,0
120745,2,1,1998,0,0,0,0,0,0,0,0,0,0
120746,1,1,1998,0,0,0,0,0,0,0,0,0,0
120746,2,1,1998,0,0,0,0,0,0,0,0,0,0
120747,0,1,1998,0,0,0,0,0,0,0,0,0,0
120747,1,1,1998,0,0,0,0,0,0,0,20,0,0
120748,1,1,1998,0,0,0,0,0,0,0,0,0,0
120748,2,1,1998,0,0,0,0,0,0,0,0,0,0
120748,3,1,1998,0,0,0,0,0,0,13,0,0,0
120748,4,1,1998,0,0,0,0,0,0,0,0,0,0
120749,1,1,1998,0,0,0,0,0,0,0,0,0,0
120749,2,1,1998,0,0,0,0,0,0,0,0,0,0
120750,1,1,1998,0,0,0,0,0,0,0,0,0,0
120750,2,1,1998,0,0,0,0,0,0,0,0,0,0
120752,1,1,1998,0,0,0,0,0,0,0,0,0,0
120752,2,1,1998,0,0,0,0,0,0,0,0,0,0
120753,0,1,1998,17,17,0,19,20,7,0,0,0,23
120753,1,1,1998,0,0,0,0,0,0,0,0,0,0
120754,1,1,1998,0,0,0,0,0,0,0,0,0,0
120754,2,1,1998,0,0,0,12,0,0,0,0,0,0
120755,1,1,1998,0,0,0,0,0,0,0,0,0,0
120755,2,1,1998,0,0,0,0,0,0,0,0,0,0
120756,1,1,1998,0,0,0,0,0,0,0,0,0,0
120757,1,1,1998,26,26,26,26,26,26,26,26,26,26
120758,1,1,1998,0,0,0,0,0,0,0,0,0,0
120758,2,1,1998,0,0,0,0,0,0,0,0,0,0
120759,1,1,1998,0,0,0,0,0,0,0,0,0,0
120759,2,1,1998,0,0,0,0,0,0,0,0,0,0
120760,1,1,1998,0,0,0,0,0,0,0,0,0,0
120760,2,1,1998,0,0,0,0,0,0,0,0,0,0
120761,1,1,1998,0,0,0,0,8,8,0,0,0,0
120761,2,1,1998,0,0,0,0,0,0,0,0,0,0
120762,1,1,1998,0,0,0,0,0,0,0,0,0,0
120762,2,1,1998,0,0,0,0,0,0,0,0,0,0
120763,1,1,1998,0,0,0,0,0,7,0,0,0,0
120764,1,1,1998,22,22,22,22,22,22,22,22,22,22
120764,2,1,1998,0,27,0,0,0,0,0,0,0,0
120765,0,1,1998,23,23,23,23,23,23,23,23,23,23
120765,1,1,1998,0,0,0,0,0,0,0,0,0,0
120766,0,1,1998,0,0,0,0,0,0,0,0,0,0
120766,1,1,1998,0,0,0,0,0,0,0,0,0,0
120767,1,1,1998,0,0,0,0,0,0,7,0,0,0
120767,2,1,1998,0,0,0,0,0,0,0,0,0,0
120768,1,1,1998,0,0,0,0,0,0,0,0,0,0
120769,0,1,1998,0,13,0,0,6,0,0,0,0,0
120769,1,1,1998,0,0,0,0,7,0,10,0,0,0
120769,2,1,1998,0,0,0,0,0,0,0,0,0,19
120770,1,1,1998,0,0,0,0,0,0,0,0,0,0
120770,2,1,1998,0,0,0,0,0,0,0,0,0,0
120770,3,1,1998,0,0,0,0,0,0,0,0,0,0
120771,1,1,1998,0,0,0,0,0,0,0,0,0,0
120772,1,1,1998,0,0,0,0,0,0,0,0,0,0
120773,1,1,1998,15,15,15,15,15,15,15,15,15,15
120773,2,1,1998,0,0,0,0,0,0,0,0,0,0
120774,1,1,1998,0,0,0,0,0,0,0,0,0,0
120774,2,1,1998,0,0,0,0,0,0,0,0,0,0
120774,3,1,1998,0,0,0,0,0,0,0,0,0,0
120775,1,1,1998,0,0,0,0,0,0,0,0,0,0
120775,2,1,1998,0,0,0,0,0,0,0,0,0,0
120776,1,1,1998,0,0,0,0,0,0,0,0,0,0
120777,1,1,1998,0,10,0,0,0,0,0,0,0,0
120778,1,1,1998,0,0,0,0,0,0,0,0,0,0
120778,2,1,1998,0,0,0,0,0,0,0,0,0,0
120779,1,1,1998,9,9,9,9,9,9,9,9,9,9
120780,1,1,1998,0,0,0,0,0,0,0,0,0,0
120780,2,1,1998,0,0,0,0,0,0,0,0,0,0
120781,0,1,1998,0,0,0,0,0,0,0,0,0,0
120781,1,1,1998,0,0,0,0,0,0,0,0,0,0
120782,1,1,1998,0,0,0,0,0,0,0,0,0,0
120782,2,1,1998,0,0,0,0,0,0,0,0,0,0
120783,1,1,1998,0,0,0,0,0,0,0,0,0,0
120784,1,1,1998,24,24,24,24,24,24,24,24,24,24
120785,1,1,1998,11,17,0,0,2,5,0,8,0,0
120786,1,1,1998,0,0,0,0,0,0,0,0,0,0
120786,2,1,1998,0,0,0,0,0,0,0,0,0,0
120787,0,1,1998,0,7,0,14,22,0,0,0,0,0
120787,1,1,1998,0,0,0,0,0,0,0,0,0,0
120788,1,1,1998,0,0,0,0,0,0,0,0,0,0
120789,1,1,1998,0,0,0,0,0,0,0,0,0,0
120789,2,1,1998,0,0,0,0,0,0,4,0,0,0
120790,1,1,1998,19,19,19,19,19,19,19,19,19,19
120790,2,1,1998,0,0,0,13,0,0,0,0,0,0
120791,0,1,1998,0,0,0,0,0,0,0,24,0,0
120791,1,1,1998,0,0,0,0,0,0,0,0,0,0
120792,1,1,1998,0,0,0,0,0,0,0,0,0,0
120792,2,1,1998,0,0,0,0,0,0,0,0,0,0
120793,0,1,1998,5,0,0,0,0,3,0,0,0,0
120793,1,1,1998,0,0,0,0,0,0,6,0,0,0
120794,1,1,1998,0,0,0,0,0,0,0,0,0,0
120795,1,1,1998,0,0,0,0,0,0,0,0,0,0
120796,1,1,1998,21,0,0,0,0,0,0,0,0,0
120796,2,1,1998,0,0,0,0,0,0,0,0,0,0
120797,1,1,1998,6,6,6,6,6,6,6,6,6,6
120798,0,1,1998,18,18,18,18,18,18,18,18,18,18
120798,1,1,1998,0,0,0,0,0,0,0,0,0,0
120799,1,1,1998,0,0,0,0,0,0,0,0,0,0
120799,2,1,1998,0,0,0,0,0,0,0,0,0,0
120800,1,1,1998,0,0,0,0,0,0,0,0,0,0
120801,1,1,1998,0,0,0,0,0,0,0,0,0,0
120801,2,1,1998,0,0,0,0,0,0,0,0,0,0
120802,1,1,1998,18,18,18,18,18,18,18,18,18,18
120803,1,1,1998,0,0,0,0,10,0,0,0,0,0
120803,2,1,1998,0,8,12,11,0,0,0,0,0,17
120803,3,1,1998,0,0,0,0,0,0,0,0,0,0
120804,0,1,1998,0,0,0,0,0,0,0,0,0,0
120804,1,1,1998,0,0,7,0,0,0,0,0,0,0
120805,1,1,1998,0,0,0,0,0,6,0,0,0,0
120805,2,1,1998,0,0,0,0,0,0,0,0,0,0
120806,1,1,1998,0,0,0,0,0,0,0,0,0,0
120807,1,1,1998,0,0,0,0,0,0,0,0,0,0
120807,2,1,1998,8,8,8,8,8,8,8,8,8,8
120808,1,1,1998,14,14,14,14,14,14,14,14,14,14
120809,1,1,1998,0,0,0,0,0,0,31,0,0,0
120809,2,1,1998,0,0,0,0,0,0,0,0,0,0
120810,1,1,1998,0,30,0,0,0,0,0,0,0,0
120810,2,1,1998,7,7,7,7,7,7,7,7,7,7
120810,3,1,1998,0,3,0,0,0,0,0,0,0,0
120811,1,1,1998,28,28,28,28,28,28,28,28,28,28
120811,2,1,1998,0,0,0,0,0,0,0,0,0,0
120812,1,1,1998,11,11,11,11,11,11,11,11,11,11
120813,0,1,1998,0,0,0,0,0,0,0,0,0,0
120813,1,1,1998,0,0,0,0,0,0,0,0,0,0
120814,0,1,1998,9,9,9,9,9,9,9,9,9,9
120814,1,1,1998,4,4,4,4,4,4,4,4,4,4
120815,1,1,1998,0,0,0,0,0,0,0,0,0,0
120816,1,1,1998,12,12,12,12,12,12,12,12,12,12
120817,1,1,1998,7,7,7,7,7,7,7,7,7,7
120818,1,1,1998,8,8,8,8,8,8,8,8,8,8
120818,2,1,1998,0,0,0,0,0,0,0,0,0,0
120818,3,1,1998,0,0,0,0,0,0,0,0,0,0
120819,1,1,1998,0,0,0,0,0,0,0,0,0,0
120820,1,1,1998,22,22,22,22,22,22,22,22,22,22
120820,2,1,1998,0,0,0,0,0,0,0,0,0,0
120820,3,1,1998,0,0,0,0,0,0,0,0,0,0
120821,0,1,1998,14,14,14,14,14,14,14,14,14,14
120821,1,1,1998,0,0,0,0,0,13,0,0,0,0
120822,1,1,1998,11,6,0,0,15,0,0,13,0,0
120823,1,1,1998,0,0,0,0,0,0,9,0,0,0
120823,2,1,1998,0,0,0,0,0,0,0,0,0,0
120824,1,1,1998,20,20,20,20,20,20,20,20,20,20
120824,2,1,1998,0,0,0,0,0,0,0,0,0,0
120826,1,1,1998,0,0,0,0,0,0,0,0,0,0
120826,2,1,1998,0,0,0,14,0,0,0,0,0,0
120827,1,1,1998,18,18,18,18,18,18,18,18,18,18
120828,0,1,1998,8,8,8,8,8,8,8,8,8,8
120828,1,1,1998,0,0,0,0,0,0,0,0,0,0
120829,1,1,1998,0,0,0,0,20,0,0,0,0,0
120830,1,1,1998,31,31,31,31,31,31,31,31,31,31
120831,0,1,1998,0,0,0,0,0,0,0,0,0,0
120831,1,1,1998,0,16,0,0,0,0,12,0,5,0
120832,0,1,1998,0,0,0,0,0,0,0,0,0,0
120832,1,1,1998,0,0,0,0,0,0,0,0,0,0
120833,0,1,1998,0,0,0,0,0,0,0,23,0,0
120833,1,1,1998,0,0,0,0,0,0,0,0,0,0
120834,0,1,1998,0,0,0,0,0,0,0,0,0,0
120834,1,1,1998,0,0,0,0,0,0,9,0,0,0
120835,1,1,1998,24,24,24,24,24,24,24,24,24,24
120836,1,1,1998,8,8,8,8,8,8,8,8,8,8
120837,1,1,1998,17,17,17,17,17,17,17,17,17,17
120838,1,1,1998,0,0,0,0,0,0,0,0,0,0
120838,2,1,1998,0,0,0,0,0,0,0,0,0,0
120839,1,1,1998,0,0,0,0,0,0,11,0,0,0
120840,1,1,1998,0,0,0,0,0,8,0,0,0,4
120840,2,1,1998,0,0,0,0,0,0,0,0,0,0
120841,0,1,1998,19,22,0,0,0,28,19,22,16,8
120841,1,1,1998,14,0,0,0,0,0,0,0,0,0
120842,1,1,1998,16,0,45,0,0,0,0,0,0,0
120842,2,1,1998,0,0,0,0,0,0,0,0,0,0
120843,1,1,1998,0,0,0,0,0,0,0,0,0,0
120843,2,1,1998,0,0,0,0,0,0,0,0,0,0
120844,0,1,1998,16,16,16,16,16,16,16,16,16,16
120844,1,1,1998,0,0,0,0,10,0,0,0,0,0
120845,0,1,1998,15,15,15,15,15,15,15,15,15,15
120845,1,1,1998,0,0,0,0,0,0,0,0,0,0
120845,2,1,1998,0,0,0,0,0,0,0,0,0,0
120846,1,1,1998,0,0,0,0,0,0,0,0,0,0
120846,2,1,1998,0,0,0,0,0,0,0,0,0,0
120846,3,1,1998,0,0,0,0,0,0,0,0,0,0
120846,4,1,1998,0,0,0,0,0,0,0,0,0,0
120847,1,1,1998,5,5,5,5,5,5,5,5,5,5
120847,2,1,1998,0,0,0,0,0,0,0,0,0,0
120848,0,1,1998,6,6,6,6,6,6,6,6,6,6
120848,1,1,1998,20,0,6,0,0,0,0,0,0,0
120849,1,1,1998,0,0,0,0,0,0,0,0,0,0
120849,2,1,1998,0,0,0,0,0,0,0,0,0,0
120850,1,1,1998,0,0,0,0,0,0,0,0,0,0
120850,2,1,1998,0,0,0,0,0,0,0,0,0,0
120851,1,1,1998,0,0,0,0,0,0,0,0,0,0
120852,1,1,1998,24,24,24,24,24,24,24,24,24,24
120853,1,1,1998,0,0,0,0,0,0,0,0,0,0
120854,1,1,1998,0,0,0,0,0,0,0,0,0,0
120854,2,1,1998,0,0,0,0,0,0,0,0,0,0
120855,1,1,1998,0,0,0,0,0,0,0,0,0,0
120855,2,1,1998,0,0,0,0,0,0,0,0,0,0
120856,1,1,1998,0,0,0,0,0,0,0,0,0,0
120856,2,1,1998,0,0,0,0,0,0,0,0,0,0
120857,1,1,1998,0,0,0,0,0,0,0,0,0,0
120857,2,1,1998,0,0,0,0,0,0,0,0,0,0
120858,0,1,1998,5,0,0,0,0,0,0,0,0,0
120858,0,2,1998,0,0,0,0,0,0,0,0,0,0
120858,1,1,1998,0,0,0,0,0,0,0,0,0,3
120859,0,1,1998,0,0,0,0,0,0,0,0,0,0
120859,1,1,1998,0,0,0,0,0,0,0,0,0,0
120860,0,1,1998,22,0,0,19,4,18,24,18,0,0
120860,1,1,1998,0,0,0,0,0,0,0,0,0,0
120861,1,1,1998,0,0,0,0,0,0,0,0,0,0
120861,2,1,1998,0,0,0,0,0,0,0,0,0,0
120861,3,1,1998,0,0,0,0,0,0,0,0,0,0
120862,0,1,1998,29,30,23,13,3,21,29,21,26,22
120862,1,1,1998,6,6,6,6,6,6,6,6,6,6
120863,1,1,1998,0,0,0,0,0,0,0,0,0,0
120864,1,1,1998,10,0,0,0,0,0,0,0,2,0
120865,1,1,1998,0,0,0,0,0,0,0,0,0,0
120865,2,1,1998,0,0,0,0,0,0,0,0,0,0
120866,1,1,1998,0,0,0,0,0,0,0,0,0,0
120867,1,1,1998,0,0,0,0,24,14,0,0,24,0
120868,1,1,1998,32,32,32,32,32,32,32,32,32,32
120868,2,1,1998,0,0,0,0,0,0,0,0,0,0
120869,1,1,1998,0,0,0,0,0,0,15,0,0,0
120870,1,1,1998,0,0,0,0,0,0,0,0,0,0
120871,1,1,1998,0,0,0,0,0,0,0,0,0,0
120871,2,1,1998,0,0,0,0,0,0,0,0,0,0
120872,1,1,1998,0,0,0,0,0,0,0,0,0,0
120873,1,1,1998,1,1,1,1,1,1,1,1,1,1
120873,2,1,1998,0,0,0,0,0,0,0,0,0,0
120874,1,1,1998,1,1,1,1,1,1,1,1,1,1
120875,1,1,1998,0,0,0,0,0,0,0,0,0,0
120875,2,1,1998,0,0,0,0,0,4,0,0,0,0
120876,0,1,1998,0,0,0,0,0,0,0,0,0,0
120876,0,2,1998,0,0,0,0,0,0,0,0,0,0
120876,1,1,1998,0,0,0,0,0,0,0,0,0,0
120877,1,1,1998,0,0,0,0,0,0,0,0,0,0
120878,1,1,1998,21,21,21,21,21,21,21,21,21,21
120879,1,1,1998,0,0,13,8,40,19,0,13,0,0
120880,1,1,1998,0,0,0,0,0,0,0,0,0,0
120880,2,1,1998,0,0,0,0,0,0,0,0,0,0
120880,3,1,1998,0,0,0,0,0,0,0,0,0,0
120882,0,1,1998,0,0,0,0,0,0,0,0,0,0
120882,1,1,1998,0,0,0,0,0,0,0,0,0,0
120883,1,1,1998,0,0,0,0,0,0,0,0,0,0
120884,1,1,1998,0,0,0,0,0,0,0,0,0,0
120884,2,1,1998,0,0,0,0,0,0,0,0,0,0
120885,1,1,1998,17,17,17,17,17,17,17,17,17,17
120885,2,1,1998,2,0,0,0,0,0,0,0,0,0
120886,0,1,1998,0,0,0,0,0,0,0,0,0,0
120886,1,1,1998,0,0,0,0,0,0,0,0,0,0
120887,1,1,1998,0,0,0,0,0,0,0,0,0,0
120888,1,1,1998,0,0,0,0,0,0,0,0,0,0
120888,2,1,1998,0,0,0,0,0,0,0,0,0,0
120889,1,1,1998,0,0,0,0,0,0,0,0,0,0
120889,2,1,1998,0,0,0,0,0,0,0,0,0,0
120890,0,1,1998,20,20,20,20,20,20,20,20,20,20
120890,0,2,1998,25,25,25,25,25,25,25,25,25,25
120890,1,1,1998,0,0,0,0,0,0,0,0,0,0
120890,2,1,1998,0,0,0,0,0,0,0,0,0,0
120891,1,1,1998,0,0,0,0,0,0,0,0,0,0
120892,1,1,1998,10,0,0,0,7,0,20,0,17,0
120893,1,1,1998,0,0,0,0,0,0,0,0,0,0
120893,2,1,1998,0,0,0,0,0,0,0,0,0,0
120894,1,1,1998,0,0,0,0,0,0,0,0,0,0
120894,2,1,1998,0,0,0,0,0,0,0,0,0,0
120895,0,1,1998,23,23,23,23,23,23,23,23,23,23
120895,1,1,1998,0,0,0,0,0,0,0,0,0,0
120896,0,1,1998,0,0,0,0,0,0,0,0,0,0
120896,1,1,1998,0,0,0,0,0,0,0,0,0,0
120897,1,1,1998,0,0,0,0,0,0,0,0,0,0
120898,1,1,1998,3,3,3,3,3,3,3,3,3,3
120899,1,1,1998,0,0,0,0,0,0,0,0,0,0
120899,2,1,1998,0,0,0,0,0,0,0,0,0,0
120900,0,1,1998,8,8,8,8,8,8,8,8,8,8
120900,0,2,1998,16,16,16,16,16,16,16,16,16,16
120900,1,1,1998,3,3,3,3,3,3,3,3,3,3
120901,1,1,1998,0,0,0,0,0,0,0,0,0,0
120901,2,1,1998,0,0,0,0,0,0,0,0,0,0
120902,1,1,1998,0,0,0,0,0,0,0,0,0,0
120903,1,1,1998,0,0,0,0,0,0,0,0,0,0
120903,2,1,1998,0,0,0,0,0,0,0,0,0,0
120904,1,1,1998,3,3,3,3,3,3,3,3,3,3
120904,2,1,1998,0,0,0,0,0,0,0,0,0,0
120905,1,1,1998,0,0,0,0,0,0,0,0,0,0
120905,2,1,1998,0,0,0,0,0,0,0,0,0,0
120905,3,1,1998,19,0,0,0,0,0,19,0,0,0
120906,1,1,1998,0,0,0,0,0,0,0,0,0,0
120906,2,1,1998,0,0,0,0,0,0,0,0,0,0
120907,1,1,1998,14,14,14,14,14,14,14,14,14,14
120908,1,1,1998,0,0,0,0,0,0,0,0,0,0
120908,2,1,1998,0,0,0,0,0,0,0,0,0,0
120909,0,1,1998,0,0,0,0,0,0,0,0,0,0
120909,0,2,1998,0,0,0,0,0,0,0,0,0,0
120909,0,3,1998,0,0,0,0,0,0,0,0,0,0
120909,1,1,1998,0,0,0,0,4,16,0,20,0,0
120909,2,1,1998,0,0,0,0,0,0,0,0,0,0
120910,0,1,1998,0,0,13,0,0,0,0,0,0,0
120910,1,1,1998,0,0,0,0,0,0,17,0,0,0
120910,2,1,1998,0,0,0,0,0,0,0,0,0,0
120911,1,1,1998,0,0,0,0,0,18,0,0,0,25
120911,2,1,1998,0,0,0,0,0,0,0,0,0,0
120912,1,1,1998,0,0,0,0,0,0,0,0,0,0
120912,2,1,1998,0,0,0,0,0,0,0,0,0,0
120912,3,1,1998,0,10,0,22,0,7,3,0,13,9
120913,0,1,1998,0,0,0,0,0,0,0,0,0,0
120913,1,1,1998,0,0,0,0,0,0,0,0,0,0
120914,0,1,1998,0,0,0,0,0,0,0,0,0,0
120914,1,1,1998,11,0,0,0,0,0,0,0,0,0
120915,1,1,1998,16,16,16,16,16,16,16,16,16,16
120916,1,1,1998,0,0,0,0,0,0,0,0,0,0
120916,2,1,1998,0,0,0,0,0,0,0,0,0,0
120917,1,1,1998,13,13,13,13,13,13,13,13,13,13
120918,1,1,1998,0,0,0,0,0,0,0,0,0,0
120919,1,1,1998,0,0,0,0,0,0,0,0,0,0
120919,2,1,1998,0,0,0,0,0,0,0,0,0,0
120920,1,1,1998,23,23,23,23,23,23,23,23,23,23
120920,2,1,1998,0,0,0,0,0,0,0,0,0,0
120921,1,1,1998,29,29,29,29,29,29,29,29,29,29
120922,1,1,1998,0,0,0,0,0,0,0,0,0,0
120922,2,1,1998,0,0,0,0,0,0,0,0,0,0
120923,0,1,1998,0,0,0,0,0,0,0,0,0,0
120923,1,1,1998,0,0,0,0,0,0,0,0,0,0
120924,1,1,1998,0,0,0,0,0,0,10,0,0,0
120924,2,1,1998,0,0,0,0,0,0,0,0,0,0
120924,3,1,1998,0,0,0,0,0,0,0,0,0,0
120925,0,1,1998,0,0,0,0,0,0,0,0,0,0
120925,1,1,1998,0,21,0,0,0,0,0,0,0,0
120926,1,1,1998,0,0,0,0,0,0,0,0,0,0
120926,2,1,1998,0,0,0,0,0,0,0,0,0,0
120927,1,1,1998,0,0,0,0,0,0,0,0,0,0
120927,2,1,1998,0,0,0,4,0,0,0,0,17,15
120928,1,1,1998,0,0,0,0,0,0,0,0,0,0
120928,2,1,1998,0,0,0,0,0,6,0,0,0,0
120929,0,1,1998,27,27,27,27,27,27,27,27,27,27
120929,1,1,1998,11,0,19,0,0,0,0,0,8,8
120930,1,1,1998,23,23,23,23,23,23,23,23,23,23
120931,1,1,1998,11,0,0,0,14,0,0,0,0,0
120932,1,1,1998,0,0,0,0,0,0,0,0,0,0
120932,2,1,1998,0,0,0,0,0,0,0,0,0,0
120933,1,1,1998,26,26,26,26,26,26,26,26,26,26
120934,1,1,1998,0,0,0,0,0,0,0,0,0,0
120934,2,1,1998,0,0,0,0,0,0,0,0,0,0
120934,3,1,1998,0,0,0,0,0,0,0,0,0,0
120935,0,1,1998,0,11,0,0,0,0,0,17,0,0
120935,1,1,1998,4,4,4,4,4,4,4,4,4,4
120936,1,1,1998,0,0,0,0,0,0,0,0,0,3
120936,2,1,1998,8,0,0,0,0,0,0,0,0,0
120936,3,1,1998,0,0,0,0,0,0,0,0,0,0
120937,0,1,1998,0,0,0,0,0,0,0,0,0,0
120937,1,1,1998,0,0,0,0,0,0,0,0,0,0
120938,0,1,1998,0,0,0,0,0,0,0,0,0,0
120938,1,1,1998,0,0,0,0,0,0,0,0,0,0
120939,1,1,1998,15,15,15,15,15,15,15,15,15,15
120940,1,1,1998,0,0,0,0,0,0,0,0,0,0
120940,2,1,1998,0,0,0,0,0,0,0,0,0,0
120941,1,1,1998,0,0,0,0,0,0,0,0,0,0
120941,2,1,1998,0,0,0,0,0,0,0,0,0,0
120942,1,1,1998,0,0,0,0,0,0,0,0,0,0
120942,2,1,1998,0,0,0,0,0,0,0,0,0,0
120943,1,1,1998,0,11,8,4,17,0,0,20,7,7
120944,1,1,1998,21,21,21,21,21,21,21,21,21,21
120945,1,1,1998,13,13,13,13,13,13,13,13,13,13
120945,2,1,1998,0,0,0,0,0,0,0,0,0,0
120946,1,1,1998,0,0,0,0,0,0,0,0,0,0
120947,0,1,1998,0,0,0,0,0,0,0,0,0,0
120947,1,1,1998,0,0,0,0,0,0,0,0,0,0
120948,1,1,1998,0,0,0,0,0,0,0,0,0,0
120948,2,1,1998,0,0,0,0,0,0,0,0,0,0
120949,0,1,1998,0,0,11,0,14,0,0,0,0,0
120949,1,1,1998,0,0,0,0,0,0,0,0,0,0
120950,1,1,1998,0,0,0,0,0,0,0,0,0,0
120950,2,1,1998,0,0,0,0,0,0,0,0,0,0
120951,1,1,1998,0,0,0,0,0,0,0,0,0,0
120951,2,1,1998,0,0,0,0,0,0,0,0,0,0
120951,3,1,1998,0,0,0,0,0,0,0,0,0,0
120952,1,1,1998,0,0,0,0,0,0,0,0,0,0
120952,2,1,1998,0,0,0,0,0,0,0,0,0,0
120953,1,1,1998,0,0,0,0,0,0,0,0,0,0
120953,2,1,1998,0,0,0,0,0,0,0,0,0,0
120954,0,1,1998,21,0,38,17,3,12,25,12,35,0
120954,1,1,1998,0,0,0,0,0,7,0,0,0,0
120955,1,1,1998,0,0,0,0,0,0,0,0,0,0
120955,2,1,1998,3,3,3,3,3,3,3,3,3,3
120956,1,1,1998,0,0,0,9,0,0,0,8,15,0
120956,2,1,1998,0,0,0,0,14,0,0,0,0,0
120957,1,1,1998,13,13,13,13,13,13,13,13,13,13
120957,2,1,1998,0,9,0,0,0,0,0,0,0,0
120957,3,1,1998,0,0,0,0,0,0,0,0,0,0
120957,4,1,1998,0,0,0,0,0,0,0,0,0,0
120958,1,1,1998,0,0,0,0,0,0,0,0,0,0
120958,2,1,1998,0,0,0,0,0,0,0,0,0,0
120958,3,1,1998,0,0,0,0,0,0,0,0,0,0
120958,4,1,1998,0,0,0,0,0,0,0,0,0,0
120959,1,1,1998,0,0,0,0,0,0,0,0,0,0
120959,2,1,1998,0,0,0,0,0,0,0,0,0,0
120960,1,1,1998,0,0,0,0,8,0,0,0,0,0
120960,2,1,1998,0,0,0,0,0,0,0,0,0,0
120961,0,1,1998,26,26,26,26,26,26,26,26,26,26
120961,1,1,1998,0,8,0,0,0,29,0,3,9,7
120962,0,1,1998,26,26,26,26,26,26,26,26,26,26
120962,1,1,1998,3,3,3,3,3,3,3,3,3,3
120963,1,1,1998,0,43,0,0,23,0,0,0,0,0
120964,0,1,1998,0,12,0,31,0,13,16,11,10,16
120964,1,1,1998,0,8,0,23,30,22,13,12,20,17
120965,1,1,1998,0,0,0,0,0,0,0,0,0,0
120966,1,1,1998,0,0,0,0,0,0,0,0,0,0
120967,0,1,1998,0,0,0,0,0,0,0,0,0,0
120967,1,1,1998,0,0,0,0,0,0,0,0,0,0
120968,1,1,1998,11,11,11,11,11,11,11,11,11,11
120968,2,1,1998,0,0,0,0,0,0,0,0,0,0
120969,1,1,1998,0,0,0,0,0,0,0,0,0,0
120969,2,1,1998,0,0,0,0,0,0,0,0,0,0
120970,1,1,1998,21,21,21,21,21,21,21,21,21,21
120970,2,1,1998,0,0,0,0,0,0,0,0,0,0
120971,1,1,1998,0,5,0,0,0,0,0,13,0,0
120971,2,1,1998,0,0,14,0,0,0,16,0,0,0
120972,1,1,1998,0,0,0,20,0,0,0,0,0,0
120972,2,1,1998,0,0,0,0,0,0,0,0,0,0
120973,1,1,1998,33,33,33,33,33,33,33,33,33,33
120974,1,1,1998,0,0,0,0,0,0,14,0,0,0
120974,2,1,1998,0,0,0,0,0,0,0,0,0,0
120975,1,1,1998,0,0,0,0,0,0,0,0,0,0
120975,2,1,1998,0,0,0,0,0,0,0,0,0,0
120976,0,1,1998,0,0,0,0,0,0,0,0,0,0
120976,1,1,1998,0,0,0,0,0,0,0,0,0,0
120977,1,1,1998,0,0,0,0,0,0,0,0,0,0
120977,2,1,1998,0,0,0,0,0,0,0,0,0,0
120978,1,1,1998,22,22,22,22,22,22,22,22,22,22
120978,2,1,1998,0,0,0,0,0,0,0,0,0,0
120979,1,1,1998,0,0,0,0,0,0,0,0,0,0
120979,2,1,1998,0,0,0,0,0,0,0,24,0,15
120980,1,1,1998,0,0,0,0,0,0,0,0,0,0
120980,2,1,1998,0,0,0,0,0,0,0,0,0,0
120981,1,1,1998,0,0,0,0,0,0,0,0,0,0
120982,1,1,1998,10,10,10,10,10,10,10,10,10,10
120983,1,1,1998,16,16,16,16,16,16,16,16,16,16
120983,2,1,1998,0,0,17,0,0,17,22,4,0,0
120984,0,1,1998,0,0,0,0,0,0,0,0,0,0
120984,1,1,1998,0,0,0,7,0,13,0,0,7,0
120985,0,1,1998,7,12,26,28,24,34,17,26,35,13
120985,1,1,1998,0,7,0,0,0,0,17,0,0,11
120986,1,1,1998,32,32,32,32,32,32,32,32,32,32
120987,1,1,1998,25,25,25,25,25,25,25,25,25,25
120988,0,1,1998,0,0,0,0,0,0,0,0,0,0
120988,1,1,1998,0,0,0,0,0,0,0,0,0,0
120989,1,1,1998,28,28,28,28,28,28,28,28,28,28
120990,1,1,1998,3,3,3,3,3,3,3,3,3,3
120990,2,1,1998,0,0,0,0,0,0,0,0,0,0
120991,1,1,1998,18,18,18,18,18,18,18,18,18,18
120992,0,1,1998,16,16,16,16,16,16,16,16,16,16
120992,1,1,1998,18,18,18,18,18,18,18,18,18,18