ST_CASE,VEH_NO,PER_NO,YEAR,P1,P2,P3,P4,P5,P6,P7,P8,P9,P10
121491,2,1,1998,0,0,0,0,0,0,0,0,0,0
121492,1,1,1998,8,0,0,3,0,0,0,0,0,0
121493,1,1,1998,10,10,10,10,10,10,10,10,10,10
121494,0,1,1998,0,0,0,0,0,0,0,0,0,0
121494,1,1,1998,0,0,0,0,0,0,0,0,0,0
121495,1,1,1998,0,0,0,0,0,0,0,0,0,0
121495,2,1,1998,0,0,0,0,0,0,0,0,0,8
121496,0,1,1998,0,0,0,0,0,0,0,11,0,11
121496,1,1,1998,0,0,0,0,0,0,0,0,0,0
121497,0,1,1998,0,0,0,0,0,12,0,0,0,0
121497,1,1,1998,0,0,0,0,0,0,0,0,0,0
121498,0,1,1998,0,0,0,5,0,0,0,28,29,34
121498,1,1,1998,0,0,0,0,0,0,0,0,0,0
121499,1,1,1998,0,0,0,0,0,0,0,0,0,14
121499,2,1,1998,0,0,0,0,0,0,0,0,0,0
121500,0,1,1998,0,0,0,0,18,9,0,0,0,0
121500,1,1,1998,0,0,0,0,0,0,0,0,0,0
121501,1,1,1998,0,0,0,0,0,0,0,0,0,0
121501,2,1,1998,0,0,0,0,26,0,0,0,0,0
121502,1,1,1998,0,0,0,0,0,0,0,0,0,0
121502,2,1,1998,0,0,0,0,0,0,0,0,0,0
121503,1,1,1998,0,0,0,0,0,0,0,0,0,0
121504,1,1,1998,0,0,0,0,0,0,0,0,0,0
121504,2,1,1998,0,0,0,0,0,0,0,0,0,0
121505,1,1,1998,0,0,0,0,0,0,0,0,0,0
121505,2,1,1998,0,0,0,0,0,0,0,0,0,0
121506,1,1,1998,4,4,4,4,4,4,4,4,4,4
121507,1,1,1998,9,0,0,0,0,0,0,0,0,6
121507,2,1,1998,0,9,0,5,0,17,0,0,0,0
121508,1,1,1998,0,0,0,0,0,0,0,0,0,0
121508,2,1,1998,0,0,0,0,0,0,0,10,0,0
121509,1,1,1998,0,0,0,0,0,0,0,0,0,0
121509,2,1,1998,0,0,0,0,0,0,0,0,0,0
121510,1,1,1998,0,0,0,0,0,0,0,0,0,0
121510,2,1,1998,0,0,0,0,0,0,0,0,0,0
121511,0,1,1998,8,8,8,8,8,8,8,8,8,8
121511,1,1,1998,0,0,0,9,0,0,0,0,0,0
121512,1,1,1998,3,3,3,3,3,3,3,3,3,3
121512,2,1,1998,0,0,0,0,0,0,0,0,0,0
121513,0,1,1998,0,0,0,0,0,0,0,0,0,0
121513,1,1,1998,0,0,0,0,0,0,0,0,0,0
121514,1,1,1998,0,0,0,0,0,0,0,0,0,0
121515,0,1,1998,0,0,0,0,0,0,0,0,0,0
121515,1,1,1998,0,0,0,0,0,0,0,0,0,0
121516,1,1,1998,0,0,0,0,0,0,0,0,0,0
121517,0,1,1998,0,0,0,0,0,0,0,0,0,0
121517,1,1,1998,0,0,0,0,0,0,0,0,3,0
121518,1,1,1998,0,0,0,0,0,15,0,0,0,0
121518,2,1,1998,0,0,0,0,0,0,0,0,0,0
121518,3,1,1998,0,0,6,0,0,0,0,0,0,0
121519,1,1,1998,0,0,0,0,0,0,0,0,9,0
121519,2,1,1998,0,0,0,0,0,0,0,0,0,0
121520,0,1,1998,0,0,0,0,0,0,0,0,0,0
121520,1,1,1998,0,0,0,0,0,0,0,0,0,0
121521,0,1,1998,0,0,0,0,0,0,0,0,0,0
121521,0,2,1998,0,0,0,0,0,0,0,0,0,0
121521,1,1,1998,0,0,0,0,0,0,0,0,0,0
121522,1,1,1998,0,0,0,0,0,0,0,0,0,0
121522,2,1,1998,0,0,0,0,0,0,0,0,0,0
121523,1,1,1998,25,25,25,25,25,25,25,25,25,25
121524,0,1,1998,0,0,0,0,0,0,0,0,0,0
121524,1,1,1998,0,0,0,0,0,0,0,0,0,0
121525,1,1,1998,13,13,13,13,13,13,13,13,13,13
121526,1,1,1998,18,18,18,18,18,18,18,18,18,18
121527,1,1,1998,9,9,9,9,9,9,9,9,9,9
121528,1,1,1998,3,3,3,3,3,3,3,3,3,3
121528,2,1,1998,8,8,8,8,8,8,8,8,8,8
121529,0,1,1998,0,0,0,0,0,0,0,0,0,0
121529,1,1,1998,0,0,0,0,15,0,0,0,0,0
121530,0,1,1998,0,0,0,0,0,0,0,0,0,0
121530,1,1,1998,0,0,0,0,0,0,0,0,0,0
121531,1,1,1998,0,0,0,0,0,0,0,0,0,0
121532,1,1,1998,0,0,0,0,0,0,0,0,0,0
121532,2,1,1998,17,0,0,0,0,0,0,0,0,29
121533,0,1,1998,23,39,5,36,0,31,22,0,0,23
121533,1,1,1998,0,0,0,0,0,0,0,0,0,0
121534,1,1,1998,17,17,17,17,17,17,17,17,17,17
121535,1,1,1998,0,0,0,0,0,0,0,0,0,0
121536,1,1,1998,8,0,11,0,0,11,17,30,0,3
121536,2,1,1998,0,0,0,5,0,0,0,0,0,0
121536,3,1,1998,0,0,0,0,0,0,0,0,0,0
121538,1,1,1998,12,6,21,13,18,22,0,4,23,17
121539,1,1,1998,17,37,22,31,16,13,11,0,16,25
121540,1,1,1998,0,0,0,0,0,0,0,0,0,0
121540,2,1,1998,0,0,0,0,0,0,0,0,0,0
121540,3,1,1998,0,0,0,0,0,0,0,0,0,0
121541,1,1,1998,26,26,26,26,26,26,26,26,26,26
121541,2,1,1998,0,0,0,0,0,0,0,0,0,0
121541,3,1,1998,17,0,0,0,0,0,0,0,0,0
121542,1,1,1998,0,0,0,0,0,0,0,0,0,0
121542,2,1,1998,0,0,0,0,0,0,0,0,0,0
121542,3,1,1998,0,0,0,0,0,0,0,0,0,0
121543,1,1,1998,0,0,0,0,0,0,17,30,22,0
121544,1,1,1998,0,0,0,0,0,0,0,0,0,0
121544,2,1,1998,0,0,8,0,0,0,0,8,25,0
121545,1,1,1998,0,0,0,0,0,0,0,0,0,0
121545,2,1,1998,0,0,0,0,0,0,0,0,0,0
121546,1,1,1998,0,0,0,0,0,0,0,22,0,10
121546,2,1,1998,0,0,0,0,0,0,0,0,0,0
121547,1,1,1998,0,0,13,0,0,0,0,0,0,0
121548,1,1,1998,0,0,0,0,0,0,0,0,0,8
121548,2,1,1998,0,0,0,0,0,0,0,0,0,0
121548,3,1,1998,0,0,0,10,6,0,0,0,0,0
121548,4,1,1998,0,0,0,0,0,0,0,0,0,0
121549,0,1,1998,24,24,24,24,24,24,24,24,24,24
121549,1,1,1998,0,9,0,0,0,0,0,0,0,0
121550,1,1,1998,0,0,0,0,0,0,0,0,0,0
121550,2,1,1998,0,0,0,0,0,0,0,0,0,0
121551,1,1,1998,0,0,0,0,0,0,0,0,0,0
121551,2,1,1998,0,0,0,0,0,0,0,0,0,0
121551,3,1,1998,0,0,0,0,0,0,0,0,0,0
121551,4,1,1998,0,0,0,0,0,0,0,0,0,0
121552,1,1,1998,17,0,0,8,0,12,0,25,0,7
121553,1,1,1998,0,0,0,0,0,0,0,0,0,0
121553,2,1,1998,4,0,0,0,0,0,0,0,0,0
121554,1,1,1998,0,0,0,0,0,0,0,0,0,0
121554,2,1,1998,0,0,0,0,0,0,0,0,0,0
121555,0,1,1998,0,0,0,0,0,0,0,0,0,0
121555,0,2,1998,26,26,26,26,26,26,26,26,26,26
121555,1,1,1998,0,0,0,0,0,0,0,0,0,0
121556,1,1,1998,0,0,0,22,0,0,0,0,4,0
121556,2,1,1998,0,0,0,0,0,0,0,0,0,17
121557,1,1,1998,0,0,0,0,0,0,0,0,0,0
121558,1,1,1998,0,0,0,0,0,0,0,0,0,0
121558,2,1,1998,36,36,36,36,36,36,36,36,36,36
121559,1,1,1998,3,3,3,3,3,3,3,3,3,3
121560,1,1,1998,0,0,0,0,0,0,0,0,0,0
121560,2,1,1998,0,0,0,0,0,0,0,0,0,0
121561,1,1,1998,0,0,0,0,0,0,0,0,0,0
121561,2,1,1998,0,0,0,0,0,0,0,0,0,0
121561,3,1,1998,0,0,0,0,0,0,0,0,0,0
121561,4,1,1998,0,0,0,0,0,0,0,0,0,0
121561,5,1,1998,0,0,0,0,0,0,0,0,0,0
121561,6,1,1998,0,0,0,0,0,0,0,0,0,0
121562,1,1,1998,0,0,0,0,0,0,0,0,0,0
121562,2,1,1998,0,0,0,0,0,0,0,0,0,0
121563,1,1,1998,0,0,0,0,0,0,0,0,0,0
121563,2,1,1998,0,0,0,0,0,0,0,0,0,0
121564,1,1,1998,0,0,0,3,0,0,0,0,0,0
121564,2,1,1998,0,0,0,0,13,0,12,0,0,0
121565,1,1,1998,18,0,0,0,0,0,16,17,23,0
121566,1,1,1998,33,33,33,33,33,33,33,33,33,33
121566,2,1,1998,16,16,16,16,16,16,16,16,16,16
121567,1,1,1998,0,0,0,0,0,0,0,0,0,0
121568,1,1,1998,0,0,0,0,0,0,0,0,0,0
121568,2,1,1998,0,0,0,0,0,0,0,0,0,0
121568,3,1,1998,0,0,0,0,0,0,0,0,0,0
121569,0,1,1998,16,16,16,16,16,16,16,16,16,16
121569,1,1,1998,10,14,14,19,0,0,35,33,14,13
121570,1,1,1998,0,0,0,0,0,0,0,0,0,0
121570,2,1,1998,0,0,0,0,0,0,0,0,0,0
121571,1,1,1998,13,20,23,0,27,0,0,0,0,14
121572,1,1,1998,0,0,0,0,0,0,0,0,0,0
121572,2,1,1998,0,0,0,0,0,0,0,0,0,0
121573,0,1,1998,0,0,0,17,0,0,0,0,0,27
121573,1,1,1998,0,0,0,0,0,0,0,0,0,0
121574,1,1,1998,0,0,0,0,0,0,0,0,0,0
121574,2,1,1998,0,0,0,0,0,0,0,0,0,0
121575,1,1,1998,20,20,20,20,20,20,20,20,20,20
121576,1,1,1998,13,0,0,0,0,0,0,0,0,0
121576,2,1,1998,0,0,0,0,0,0,0,0,0,0
121577,0,1,1998,10,10,10,10,10,10,10,10,10,10
121577,1,1,1998,0,0,0,0,0,0,0,0,0,0
121578,1,1,1998,0,0,0,0,0,0,0,0,0,0
121579,1,1,1998,33,33,33,33,33,33,33,33,33,33
121579,2,1,1998,0,0,0,0,0,0,0,0,0,0
121580,1,1,1998,24,24,24,24,24,24,24,24,24,24
121581,1,1,1998,16,16,16,16,16,16,16,16,16,16
121581,2,1,1998,0,0,0,0,0,0,0,0,0,0
121581,3,1,1998,0,11,0,0,0,0,0,0,0,0
121582,0,1,1998,24,24,24,24,24,24,24,24,24,24
121582,1,1,1998,0,0,0,0,0,0,0,0,0,0
121583,1,1,1998,19,19,19,19,19,19,19,19,19,19
121583,2,1,1998,0,0,0,0,0,8,0,0,0,0
121583,3,1,1998,0,0,0,0,0,0,0,0,0,0
121584,1,1,1998,0,0,0,0,0,0,0,0,0,0
121584,2,1,1998,0,0,0,0,0,7,0,0,9,0
121584,3,1,1998,0,0,0,0,0,0,0,0,0,0
121585,1,1,1998,10,0,17,0,16,0,12,0,0,0
121586,1,1,1998,12,0,0,25,0,24,0,0,0,0
121587,0,1,1998,0,0,0,0,0,0,0,0,0,0
121587,1,1,1998,0,0,0,0,0,0,0,0,0,0
121588,1,1,1998,15,15,15,15,15,15,15,15,15,15
121588,2,1,1998,0,0,0,0,0,0,0,0,0,0
121589,1,1,1998,0,0,0,0,0,0,0,0,0,0
121589,2,1,1998,0,0,0,0,6,0,0,0,0,0
121590,1,1,1998,0,0,0,0,0,0,0,0,0,0
121590,2,1,1998,0,0,0,0,0,0,0,0,0,0
121591,0,1,1998,7,0,0,0,14,0,0,15,12,8
121591,1,1,1998,0,0,0,0,0,0,0,0,0,0
121592,1,1,1998,0,7,0,0,0,4,0,0,0,0
121592,2,1,1998,0,0,0,0,0,0,0,0,0,0
121593,1,1,1998,0,3,0,0,0,0,0,0,0,0
121593,2,1,1998,0,0,0,0,0,0,0,0,0,0
121595,1,1,1998,23,23,23,23,23,23,23,23,23,23
121595,2,1,1998,0,0,0,0,0,0,0,0,0,0
121596,1,1,1998,0,0,0,0,0,0,0,0,0,0
121596,2,1,1998,0,0,0,0,0,0,0,0,0,0
121597,1,1,1998,0,0,0,0,0,10,0,0,0,0
121597,2,1,1998,0,0,0,0,0,0,0,0,0,0
121598,0,1,1998,0,0,0,0,0,0,0,0,0,0
121598,1,1,1998,0,0,0,0,0,0,0,0,0,0
121599,1,1,1998,10,0,13,0,15,26,24,3,15,0
121599,2,1,1998,13,13,13,13,13,13,13,13,13,13
121600,1,1,1998,0,12,0,0,0,8,0,0,7,0
121600,2,1,1998,0,0,0,0,10,0,0,0,0,0
121601,1,1,1998,24,24,24,24,24,24,24,24,24,24
121602,1,1,1998,0,0,0,0,0,0,0,0,0,0
121602,2,1,1998,0,0,0,0,0,0,0,0,0,0
121603,1,1,1998,0,0,0,0,0,0,0,0,0,0
121603,2,1,1998,0,0,0,0,0,0,0,0,0,0
121604,0,1,1998,9,23,22,22,0,35,11,0,17,19
121604,1,1,1998,0,0,0,0,0,0,0,0,0,0
121605,1,1,1998,0,0,0,0,0,0,0,0,0,0
121605,2,1,1998,0,0,0,0,12,21,0,0,0,0
121606,1,1,1998,0,0,0,0,0,0,8,0,0,0
121606,2,1,1998,0,0,0,0,0,0,0,0,0,0
121606,3,1,1998,0,0,0,0,0,0,0,0,0,0
121607,1,1,1998,0,0,0,0,0,0,0,0,0,0
121607,2,1,1998,15,15,15,15,15,15,15,15,15,15
121608,1,1,1998,0,0,0,0,0,0,0,0,0,0
121609,0,1,1998,11,11,11,11,11,11,11,11,11,11
121609,1,1,1998,18,18,18,18,18,18,18,18,18,18
121610,1,1,1998,0,0,0,0,0,0,0,0,0,0
121610,2,1,1998,0,0,0,0,0,0,9,0,0,0
121611,1,1,1998,36,36,36,36,36,36,36,36,36,36
121611,2,1,1998,0,0,0,0,0,0,0,0,0,0
121612,1,1,1998,19,19,19,19,19,19,19,19,19,19
121613,1,1,1998,12,12,12,12,12,12,12,12,12,12
121614,1,1,1998,0,0,0,0,0,0,0,0,0,0
121614,2,1,1998,0,0,0,0,0,0,0,0,0,0
121615,1,1,1998,0,0,0,0,0,0,0,0,0,0
121615,2,1,1998,0,0,10,0,0,0,0,0,0,0
121616,0,1,1998,0,0,13,0,14,28,30,16,40,14
121616,1,1,1998,0,0,0,0,0,0,0,0,0,0
121617,0,1,1998,0,0,0,0,0,0,0,0,0,0
121617,1,1,1998,0,0,0,0,0,0,0,0,0,0
121618,0,1,1998,36,36,36,36,36,36,36,36,36,36
121618,1,1,1998,0,0,18,0,0,0,12,0,8,0
121618,2,1,1998,0,0,9,0,0,0,0,0,0,0
121619,1,1,1998,24,24,24,24,24,24,24,24,24,24
121619,2,1,1998,0,21,0,15,0,0,6,12,26,8
121620,1,1,1998,0,0,0,0,0,0,0,0,0,0
121621,1,1,1998,0,0,0,0,0,0,0,0,0,0
121621,2,1,1998,0,0,0,0,0,0,0,0,0,0
121622,1,1,1998,0,0,0,0,0,0,0,19,0,0
121623,0,1,1998,26,19,0,28,0,0,0,20,0,23
121623,1,1,1998,0,0,0,0,0,0,0,0,0,0
121624,1,1,1998,0,0,0,22,0,0,0,0,0,0
121624,2,1,1998,0,0,0,0,0,0,0,0,0,0
121625,1,1,1998,25,25,25,25,25,25,25,25,25,25
121626,1,1,1998,0,0,0,0,0,0,0,0,0,0
121626,2,1,1998,0,0,0,0,0,0,0,0,0,0
121626,3,1,1998,0,0,0,0,0,0,0,0,0,0
121627,0,1,1998,0,0,0,0,0,0,0,0,0,0
121627,0,2,1998,0,0,0,0,0,0,0,0,0,0
121627,0,3,1998,0,14,3,6,0,0,23,15,0,0
121627,0,4,1998,0,0,0,0,0,0,0,0,0,0
121627,1,1,1998,0,0,0,0,0,0,0,0,0,0
121628,1,1,1998,0,0,0,0,0,0,0,0,0,0
121628,2,1,1998,0,0,0,0,0,0,0,0,0,0
121629,1,1,1998,0,7,0,20,16,7,5,22,0,3
121629,2,1,1998,0,0,0,0,0,0,0,0,0,0
121630,1,1,1998,0,0,0,0,0,11,18,0,0,0
121630,2,1,1998,0,0,0,0,0,0,0,0,0,0
121631,1,1,1998,16,22,7,11,14,8,18,22,21,21
121632,1,1,1998,0,0,0,0,0,0,0,0,0,0
121632,2,1,1998,0,0,0,0,0,0,0,0,0,9
121633,1,1,1998,0,0,0,0,0,0,0,0,0,0
121634,0,1,1998,10,10,10,10,10,10,10,10,10,10
121634,1,1,1998,0,0,0,0,0,0,0,0,0,0
121635,1,1,1998,0,0,5,0,0,0,0,0,0,0
121635,2,1,1998,0,4,0,0,0,0,0,0,0,0
121636,0,1,1998,0,0,0,0,0,0,0,11,0,0
121636,0,2,1998,0,0,0,0,8,0,0,0,26,0
121636,1,1,1998,0,0,0,0,0,0,0,0,0,0
121637,1,1,1998,0,0,0,0,0,0,0,0,0,0
121637,2,1,1998,0,0,0,0,0,0,0,0,0,0
121638,1,1,1998,0,0,0,0,8,0,0,14,0,0
121638,2,1,1998,0,0,0,0,0,0,0,0,0,0
121638,3,1,1998,0,0,0,0,0,0,0,0,0,17
121639,1,1,1998,22,22,22,22,22,22,22,22,22,22
121639,2,1,1998,0,0,0,0,0,0,0,0,0,0
121640,1,1,1998,25,25,25,25,25,25,25,25,25,25
121641,1,1,1998,19,19,19,19,19,19,19,19,19,19
121641,2,1,1998,0,0,0,0,0,0,0,0,0,0
121642,1,1,1998,13,0,0,0,0,0,0,0,0,0
121643,1,1,1998,0,0,0,0,0,0,0,0,0,0
121644,1,1,1998,0,0,0,0,0,0,0,0,0,0
121644,2,1,1998,0,0,0,0,0,0,0,0,0,0
121645,1,1,1998,0,0,0,0,0,0,0,0,0,0
121645,2,1,1998,0,0,0,0,0,0,0,0,0,0
121646,0,1,1998,0,0,0,0,0,0,0,0,0,0
121646,1,1,1998,0,0,0,0,0,0,0,0,0,0
121647,1,1,1998,0,0,0,0,0,0,0,0,0,0
121647,2,1,1998,0,0,0,0,0,0,0,0,0,0
121647,3,1,1998,0,0,0,0,0,0,0,0,0,0
121648,1,1,1998,0,0,0,0,0,0,0,0,0,0
121648,2,1,1998,11,0,0,0,13,22,0,0,0,0
121649,1,1,1998,0,0,0,0,0,0,0,0,0,0
121649,2,1,1998,0,7,0,5,0,3,0,0,0,0
121649,3,1,1998,0,0,0,0,0,0,0,0,0,0
121649,4,1,1998,0,0,0,0,0,0,0,14,0,0
121650,1,1,1998,18,18,18,18,18,18,18,18,18,18
121651,1,1,1998,0,0,0,0,0,0,0,0,0,0
121651,2,1,1998,0,0,0,0,0,0,0,0,0,0
121652,1,1,1998,28,28,28,28,28,28,28,28,28,28
121653,1,1,1998,0,0,0,0,0,0,0,0,0,0
121654,1,1,1998,0,0,0,0,0,0,0,0,0,0
121654,2,1,1998,0,0,0,0,0,0,0,0,0,0
121655,0,1,1998,0,0,0,0,0,0,0,0,0,0
121655,1,1,1998,0,0,7,0,0,0,0,0,0,0
121656,1,1,1998,0,0,0,0,0,0,0,0,0,0
121656,2,1,1998,0,0,0,0,0,0,0,0,0,0
121657,0,1,1998,33,33,33,33,33,33,33,33,33,33
121657,1,1,1998,0,0,0,0,0,0,0,0,0,0
121658,0,1,1998,45,45,45,45,45,45,45,45,45,45
121658,1,1,1998,0,0,0,0,0,0,0,0,0,0
121659,1,1,1998,0,0,0,0,0,0,0,0,0,0
121659,2,1,1998,0,0,0,0,0,0,0,0,0,0
121660,1,1,1998,0,0,0,0,0,0,0,0,0,0
121661,0,1,1998,0,0,0,0,0,0,0,0,0,0
121661,1,1,1998,0,0,0,0,0,0,0,0,0,0
121662,1,1,1998,16,16,16,16,16,16,16,16,16,16
121662,2,1,1998,0,0,0,0,0,0,0,0,0,0
121663,1,1,1998,0,0,0,0,0,0,0,0,0,0
121663,2,1,1998,0,0,0,0,0,0,0,0,0,0
121663,3,1,1998,0,0,0,0,0,0,0,0,0,0
121664,0,1,1998,9,9,9,9,9,9,9,9,9,9
121664,1,1,1998,9,9,9,9,9,9,9,9,9,9
121665,1,1,1998,24,24,24,24,24,24,24,24,24,24
121666,1,1,1998,0,0,0,0,10,0,0,0,0,0
121667,1,1,1998,0,0,0,0,0,0,0,0,0,0
121667,2,1,1998,0,0,0,0,0,0,0,0,0,0
121668,1,1,1998,4,4,4,4,4,4,4,4,4,4
121668,2,1,1998,0,0,0,0,0,0,0,0,0,0
121669,1,1,1998,0,0,0,0,0,0,0,0,0,9
121669,2,1,1998,0,0,0,0,0,0,0,26,0,0
121670,0,1,1998,0,0,23,0,14,0,42,27,0,10
121670,1,1,1998,0,0,0,0,0,0,0,0,0,0
121671,1,1,1998,0,0,0,0,0,0,0,0,0,0
121671,2,1,1998,0,0,0,0,0,0,0,0,0,0
121672,1,1,1998,0,0,0,0,0,0,0,0,0,0
121672,2,1,1998,0,0,0,0,0,0,0,0,0,0
121673,1,1,1998,21,21,21,21,21,21,21,21,21,21
121673,2,1,1998,16,27,19,27,25,0,11,3,15,0
121674,1,1,1998,0,0,0,0,0,0,0,0,0,0
121674,2,1,1998,0,0,0,0,0,0,0,0,0,0
121675,1,1,1998,2,2,2,2,2,2,2,2,2,2
121675,2,1,1998,0,0,0,0,0,0,0,0,0,0
121676,1,1,1998,8,8,8,8,8,8,8,8,8,8
121676,2,1,1998,0,0,0,0,0,0,0,0,0,0
121677,1,1,1998,0,0,0,0,0,0,0,0,0,0
121677,2,1,1998,0,0,0,0,0,0,0,0,0,0
121677,3,1,1998,0,0,0,0,0,0,0,0,0,0
121678,1,1,1998,8,8,8,8,8,8,8,8,8,8
121679,0,1,1998,19,19,19,19,19,19,19,19,19,19
121679,1,1,1998,0,18,0,0,0,0,0,0,0,0
121680,1,1,1998,0,0,0,0,0,0,0,0,0,0
121680,2,1,1998,0,17,22,20,0,6,0,0,0,0
121681,0,1,1998,6,6,6,6,6,6,6,6,6,6
121681,1,1,1998,0,0,0,0,0,0,0,0,0,0
121682,1,1,1998,0,0,0,0,0,0,0,0,0,0
121682,2,1,1998,0,0,0,0,0,0,0,0,0,0
121683,1,1,1998,0,0,0,0,0,0,0,0,0,0
121683,2,1,1998,0,16,0,0,0,0,0,0,0,0
121684,0,1,1998,0,0,20,0,0,0,11,0,0,0
121684,1,1,1998,0,0,0,0,0,0,0,0,0,0
121685,0,1,1998,26,26,26,26,26,26,26,26,26,26
121685,1,1,1998,25,0,0,0,0,0,0,0,0,0
121686,1,1,1998,23,23,23,23,23,23,23,23,23,23
121687,1,1,1998,19,19,19,19,19,19,19,19,19,19
121689,1,1,1998,0,0,0,0,0,0,0,0,0,0
121689,2,1,1998,0,0,0,0,0,0,0,0,0,0
121690,1,1,1998,0,0,0,0,0,0,0,0,0,0
121691,0,1,1998,14,14,14,14,14,14,14,14,14,14
121691,1,1,1998,15,15,15,15,15,15,15,15,15,15
121692,1,1,1998,23,23,23,23,23,23,23,23,23,23
121693,1,1,1998,0,0,0,0,0,0,0,0,0,0
121693,2,1,1998,0,0,0,0,0,0,0,0,0,0
121694,1,1,1998,0,0,0,0,0,0,0,0,18,0
121694,2,1,1998,0,0,0,0,0,0,0,0,0,0
121695,1,1,1998,0,0,0,0,0,0,0,0,0,0
121696,1,1,1998,0,0,0,0,0,0,0,0,0,0
121696,2,1,1998,0,0,0,0,0,0,0,0,0,0
121697,1,1,1998,13,13,13,13,13,13,13,13,13,13
121697,2,1,1998,0,0,0,0,0,0,0,0,0,0
121698,1,1,1998,0,0,0,0,0,0,0,0,0,0
121698,2,1,1998,0,0,0,0,0,0,0,0,0,0
121699,0,1,1998,0,0,0,0,0,0,0,0,0,0
121699,1,1,1998,0,0,0,0,0,0,0,0,0,0
121700,0,1,1998,0,0,0,0,0,0,0,0,0,18
121700,1,1,1998,0,0,0,0,0,0,0,0,0,0
121701,1,1,1998,0,0,0,0,0,0,0,0,0,0
121701,2,1,1998,0,0,0,0,0,0,0,0,0,0
121702,1,1,1998,34,15,14,0,29,5,0,5,0,15
121703,0,1,1998,0,0,0,0,0,0,0,0,0,0
121703,1,1,1998,0,0,0,0,0,0,0,0,0,0
121704,1,1,1998,22,22,22,22,22,22,22,22,22,22
121704,2,1,1998,0,0,0,0,0,0,0,0,0,0
121705,1,1,1998,19,19,19,19,19,19,19,19,19,19
121705,2,1,1998,0,0,0,0,0,0,0,0,0,0
121706,1,1,1998,8,8,8,8,8,8,8,8,8,8
121707,1,1,1998,5,5,5,5,5,5,5,5,5,5
121707,2,1,1998,14,0,0,0,0,10,0,0,0,7
121707,3,1,1998,0,0,0,0,0,0,0,0,0,22
121708,1,1,1998,0,0,0,0,0,0,0,0,0,0
121708,2,1,1998,0,0,0,0,0,0,0,0,0,0
121709,1,1,1998,0,0,0,0,0,0,0,0,0,0
121709,2,1,1998,0,0,4,0,0,0,0,0,0,0
121710,1,1,1998,22,22,22,22,22,22,22,22,22,22
121711,1,1,1998,0,0,0,0,0,0,0,0,0,0
121711,2,1,1998,0,0,9,0,0,0,0,0,0,0
121712,1,1,1998,27,27,27,27,27,27,27,27,27,27
121712,2,1,1998,2,2,2,2,2,2,2,2,2,2
121713,0,1,1998,0,0,0,0,0,0,0,0,0,0
121713,1,1,1998,0,0,0,0,0,0,0,0,0,0
121714,0,1,1998,28,28,28,28,28,28,28,28,28,28
121714,1,1,1998,13,13,13,13,13,13,13,13,13,13
121715,1,1,1998,9,9,9,9,9,9,9,9,9,9
121716,0,1,1998,27,27,27,27,27,27,27,27,27,27
121716,1,1,1998,11,11,11,11,11,11,11,11,11,11
121717,1,1,1998,0,0,0,0,0,0,0,0,0,0
121717,2,1,1998,0,0,0,0,0,0,0,0,0,0
121718,1,1,1998,0,0,16,0,0,0,0,0,0,0
121719,1,1,1998,19,19,19,19,19,19,19,19,19,19
121720,0,1,1998,0,0,0,0,0,0,0,0,0,0
121720,1,1,1998,0,0,0,0,0,0,0,0,0,0
121721,1,1,1998,22,22,22,22,22,22,22,22,22,22
121722,1,1,1998,16,16,16,16,16,16,16,16,16,16
121722,2,1,1998,0,0,0,0,0,0,0,0,0,0
121723,1,1,1998,0,0,0,0,0,0,0,0,0,0
121723,2,1,1998,0,0,0,0,0,0,0,0,0,0
121723,3,1,1998,0,0,0,0,0,0,0,0,0,0
121724,1,1,1998,1,1,1,1,1,1,1,1,1,1
121724,2,1,1998,0,0,0,0,6,0,0,0,0,0
121725,1,1,1998,0,0,0,0,0,0,0,0,0,0
121725,2,1,1998,0,11,0,0,0,0,0,0,0,0
121725,3,1,1998,0,0,0,0,0,0,0,0,0,0
121726,1,1,1998,0,0,0,0,0,0,0,0,0,0
121726,2,1,1998,0,0,0,0,0,0,0,0,0,0
121726,3,1,1998,0,0,0,0,0,0,0,0,0,0
121727,0,1,1998,14,14,14,14,14,14,14,14,14,14
121727,1,1,1998,0,0,0,0,0,0,0,0,0,0
121728,1,1,1998,0,0,0,0,0,0,0,0,0,0
121728,2,1,1998,0,0,0,0,0,0,0,0,0,0
121728,3,1,1998,0,0,0,0,0,0,0,0,0,0
121729,0,1,1998,0,0,0,21,0,0,0,0,0,0
121729,1,1,1998,0,0,0,0,0,0,0,0,0,0
121730,1,1,1998,0,0,0,0,0,0,0,0,0,0
121730,2,1,1998,0,0,0,0,0,0,0,0,0,0
121731,1,1,1998,0,0,0,0,0,0,0,0,0,0
121732,0,1,1998,0,0,0,0,0,0,0,0,0,0
121732,1,1,1998,15,15,15,15,15,15,15,15,15,15
121733,1,1,1998,0,0,0,0,0,0,0,0,0,0
121733,2,1,1998,0,0,0,0,0,0,0,0,0,0
121733,3,1,1998,0,0,0,0,0,0,0,0,0,0
121733,4,1,1998,0,0,0,0,0,0,0,0,0,0
121734,1,1,1998,0,0,0,0,0,0,0,0,0,0
121734,2,1,1998,0,0,0,0,0,0,0,0,0,0
121734,3,1,1998,0,0,0,0,0,0,0,0,0,0
121735,1,1,1998,0,0,0,0,0,0,0,0,0,0
121735,2,1,1998,0,0,0,0,0,0,0,0,0,0
121735,3,1,1998,0,0,0,0,0,0,0,0,0,0
121736,1,1,1998,0,0,0,0,0,0,0,0,0,0
121737,0,1,1998,0,0,0,0,0,0,0,0,0,0
121737,1,1,1998,0,0,0,0,0,0,0,0,0,0