ST_CASE,VEH_NO,PER_NO,YEAR,P1,P2,P3,P4,P5,P6,P7,P8,P9,P10
121738,0,1,1998,0,0,13,2,16,6,0,0,0,17
121738,1,1,1998,0,0,0,0,0,0,0,0,0,0
121739,0,1,1998,0,0,0,0,0,0,0,0,0,0
121739,1,1,1998,0,0,0,0,0,0,0,0,0,0
121740,0,1,1998,42,21,20,0,0,33,23,12,18,22
121740,1,1,1998,0,0,4,0,0,0,0,0,0,0
121741,1,1,1998,0,0,0,0,0,0,0,0,0,0
121742,1,1,1998,0,0,0,0,0,0,0,0,0,0
121742,2,1,1998,0,0,0,0,0,0,0,0,0,0
121743,1,1,1998,18,18,18,18,18,18,18,18,18,18
121744,1,1,1998,0,0,0,0,0,0,0,24,0,0
121745,1,1,1998,0,0,0,0,0,0,0,0,0,0
121745,2,1,1998,0,0,0,0,0,0,0,0,0,0
121746,0,1,1998,8,8,8,8,8,8,8,8,8,8
121746,1,1,1998,0,0,0,0,0,0,0,0,0,0
121747,1,1,1998,0,0,0,0,0,0,0,0,0,0
121748,1,1,1998,0,0,0,0,0,0,0,0,0,0
121749,0,1,1998,0,0,0,13,18,0,0,0,18,0
121749,1,1,1998,6,10,15,10,39,10,16,17,15,21
121749,2,1,1998,0,0,0,0,0,0,0,0,0,0
121750,1,1,1998,0,0,0,0,0,0,0,0,0,0
121750,2,1,1998,16,0,0,0,6,0,9,0,8,0
121751,0,1,1998,18,12,19,16,3,0,30,41,25,18
121751,1,1,1998,0,0,0,0,0,0,0,0,0,0
121752,1,1,1998,23,23,23,23,23,23,23,23,23,23
121752,2,1,1998,0,0,0,0,0,0,0,0,0,0
121753,1,1,1998,0,0,0,0,0,0,6,0,0,0
121753,2,1,1998,0,0,0,0,0,0,0,0,0,0
121754,1,1,1998,0,0,0,0,0,0,0,0,0,0
121754,2,1,1998,0,0,0,0,0,0,0,0,0,0
121754,3,1,1998,17,0,0,0,0,0,0,0,0,0
121755,1,1,1998,25,25,25,25,25,25,25,25,25,25
121755,2,1,1998,3,3,3,3,3,3,3,3,3,3
121756,1,1,1998,0,0,0,10,0,0,0,0,0,0
121757,1,1,1998,11,11,11,11,11,11,11,11,11,11
121758,1,1,1998,7,7,7,7,7,7,7,7,7,7
121759,1,1,1998,0,0,0,0,0,0,0,0,0,0
121759,2,1,1998,0,0,0,0,0,0,0,0,0,0
121760,1,1,1998,0,0,0,0,0,0,0,0,0,0
121760,2,1,1998,0,0,0,0,0,0,0,0,0,0
121761,1,1,1998,25,0,12,0,6,20,3,0,3,0
121762,1,1,1998,6,6,6,6,6,6,6,6,6,6
121763,1,1,1998,0,0,0,0,0,0,0,0,0,0
121763,2,1,1998,0,0,0,0,18,0,0,0,0,0
121764,1,1,1998,0,0,0,0,0,0,0,0,0,0
121765,1,1,1998,0,0,0,0,0,0,0,0,0,0
121765,2,1,1998,14,0,0,0,0,0,0,0,0,0
121766,1,1,1998,0,0,0,0,0,0,0,8,0,0
121766,2,1,1998,0,0,0,0,0,0,0,0,0,0
121767,1,1,1998,0,0,0,0,0,0,0,0,0,0
121767,2,1,1998,0,0,0,0,0,0,0,0,0,0
121768,1,1,1998,0,0,0,0,0,0,0,0,0,0
121769,0,1,1998,0,0,0,0,0,0,0,0,0,0
121769,1,1,1998,0,0,0,0,0,0,0,0,0,0
121770,1,1,1998,0,0,0,0,0,0,0,0,0,29
121770,2,1,1998,0,0,0,0,0,0,0,0,0,0
121771,1,1,1998,0,0,0,0,0,0,0,0,0,0
121771,2,1,1998,0,0,0,0,0,0,0,0,0,0
121772,1,1,1998,20,20,20,20,20,20,20,20,20,20
121773,1,1,1998,0,0,0,0,0,0,0,0,0,0
121773,2,1,1998,19,19,19,19,19,19,19,19,19,19
121774,1,1,1998,0,0,0,0,0,0,0,0,0,0
121774,2,1,1998,0,0,0,0,0,0,0,0,0,0
121774,3,1,1998,0,0,0,0,0,0,0,0,0,0
121775,0,1,1998,0,4,0,0,0,0,0,0,0,0
121775,1,1,1998,19,0,0,0,0,0,0,0,20,0
121776,1,1,1998,0,0,4,0,0,0,0,0,0,4
121777,1,1,1998,0,0,7,10,0,16,0,8,0,0
121778,1,1,1998,3,0,0,0,0,0,0,0,0,0
121778,2,1,1998,0,0,0,0,0,0,0,0,0,0
121779,1,1,1998,0,0,0,0,0,0,0,0,0,0
121780,0,1,1998,0,24,0,0,0,0,0,0,0,0
121780,1,1,1998,0,0,0,0,0,0,0,0,0,0
121781,1,1,1998,0,0,0,0,0,0,0,0,0,0
121782,1,1,1998,0,0,0,0,0,0,0,0,0,0
121782,2,1,1998,0,0,0,0,0,0,0,0,0,0
121783,1,1,1998,0,0,0,0,0,0,0,0,0,0
121783,2,1,1998,0,0,0,0,0,0,0,0,0,0
121784,1,1,1998,0,0,0,0,0,0,0,0,0,0
121784,2,1,1998,0,0,0,0,0,0,0,0,0,0
121785,1,1,1998,0,0,0,0,0,0,0,0,0,0
121785,2,1,1998,0,0,0,0,0,0,0,0,0,0
121786,1,1,1998,0,0,0,0,0,6,0,0,10,23
121786,2,1,1998,0,0,0,0,0,13,0,0,0,0
121787,1,1,1998,0,14,0,0,0,0,0,0,0,0
121787,2,1,1998,0,0,0,0,0,0,0,0,0,0
121788,1,1,1998,0,0,0,0,0,0,0,0,0,0
121788,2,1,1998,0,0,0,0,0,0,0,0,0,0
121789,1,1,1998,0,0,0,0,0,0,0,0,0,0
121789,2,1,1998,0,0,0,0,0,0,0,0,0,0
121790,1,1,1998,0,0,0,0,0,0,0,0,0,0
121790,2,1,1998,0,0,0,0,0,0,0,0,0,0
121791,1,1,1998,0,0,0,0,0,0,0,0,0,0
121791,2,1,1998,0,0,0,0,0,0,0,0,0,0
121792,1,1,1998,23,23,23,23,23,23,23,23,23,23
121792,2,1,1998,0,0,0,0,0,0,0,0,0,0
121793,1,1,1998,0,0,0,0,0,0,0,0,0,0
121793,2,1,1998,0,0,0,0,0,0,13,4,0,0
121794,1,1,1998,9,9,9,9,9,9,9,9,9,9
121795,1,1,1998,0,0,0,0,0,0,0,0,0,0
121795,2,1,1998,0,0,0,0,0,0,0,0,0,0
121796,1,1,1998,22,0,0,22,0,0,11,21,0,0
121797,0,1,1998,23,23,23,23,23,23,23,23,23,23
121797,1,1,1998,0,0,0,0,0,0,0,0,0,0
121798,1,1,1998,13,13,13,13,13,13,13,13,13,13
121799,1,1,1998,17,0,0,0,0,5,8,7,0,0
121800,1,1,1998,14,14,14,14,14,14,14,14,14,14
121801,1,1,1998,12,12,12,12,12,12,12,12,12,12
121802,0,1,1998,0,0,0,0,0,0,0,0,0,0
121802,1,1,1998,0,0,0,0,0,0,0,0,0,0
121803,1,1,1998,0,0,0,0,0,0,0,0,0,0
121803,2,1,1998,0,0,0,0,0,0,0,0,0,0
121803,3,1,1998,0,0,0,0,0,0,0,0,0,0
121804,0,1,1998,0,0,0,0,0,0,0,0,0,0
121804,1,1,1998,0,0,0,0,0,0,0,0,0,0
121805,0,1,1998,0,0,0,0,0,0,0,0,0,0
121805,1,1,1998,0,0,0,0,8,0,0,9,0,0
121806,1,1,1998,0,0,0,0,8,0,0,0,0,0
121806,2,1,1998,7,7,7,7,7,7,7,7,7,7
121807,1,1,1998,0,0,0,0,0,0,0,0,0,0
121807,2,1,1998,0,0,0,0,0,0,0,0,0,0
121808,1,1,1998,2,2,2,2,2,2,2,2,2,2
121808,2,1,1998,0,0,0,0,0,0,0,0,0,0
121809,1,1,1998,0,0,0,0,4,0,0,0,0,0
121809,2,1,1998,0,0,0,0,0,0,0,0,0,0
121810,1,1,1998,0,0,0,0,0,0,0,0,0,0
121810,2,1,1998,0,0,0,0,0,0,0,0,0,0
121811,1,1,1998,0,0,0,0,0,0,0,0,0,0
121811,2,1,1998,0,0,0,0,0,0,0,0,0,0
121812,0,1,1998,0,13,0,0,0,27,24,9,0,0
121812,1,1,1998,0,0,0,0,0,0,0,0,0,0
121813,1,1,1998,0,0,0,0,0,0,0,0,0,0
121813,2,1,1998,0,0,0,0,0,0,0,0,0,0
121814,1,1,1998,0,0,0,0,0,0,0,0,0,0
121814,2,1,1998,0,0,0,0,0,0,0,0,0,0
121815,1,1,1998,0,0,0,0,0,0,0,0,0,0
121815,2,1,1998,0,0,0,0,0,0,0,0,0,0
121816,0,1,1998,0,11,0,0,0,0,0,0,0,0
121816,1,1,1998,0,0,0,0,0,0,0,0,0,0
121817,1,1,1998,4,4,4,4,4,4,4,4,4,4
121817,2,1,1998,0,0,0,0,0,0,0,0,0,0
121818,0,1,1998,18,18,18,18,18,18,18,18,18,18
121818,1,1,1998,0,0,0,0,0,0,0,0,0,0
121819,0,3,1998,11,18,22,0,13,45,21,34,13,16
121819,1,1,1998,0,0,18,0,12,0,0,9,0,0
121820,1,1,1998,0,0,0,0,0,0,0,0,0,0
121821,0,1,1998,0,7,0,0,0,0,0,0,0,0
121821,1,1,1998,0,0,0,0,0,0,0,0,0,0
121822,1,1,1998,0,17,0,17,0,0,0,0,0,17
121822,2,1,1998,0,0,0,0,0,0,0,0,0,0
121823,1,1,1998,17,17,17,17,17,17,17,17,17,17
121823,2,1,1998,0,0,0,0,0,0,0,0,0,0
121823,3,1,1998,17,17,17,17,17,17,17,17,17,17
121824,1,1,1998,42,0,12,20,0,12,27,0,4,14
121825,1,1,1998,18,18,18,18,18,18,18,18,18,18
121825,2,1,1998,0,0,0,0,0,0,0,0,0,0
121826,1,1,1998,15,0,0,0,0,15,0,0,0,0
121827,1,1,1998,0,0,0,0,0,0,0,0,0,0
121827,2,1,1998,0,0,0,0,0,0,0,0,0,0
121828,1,1,1998,0,31,0,0,0,0,0,20,18,0
121828,2,1,1998,0,0,0,14,0,0,0,0,0,0
121829,1,1,1998,0,0,0,0,0,0,0,0,0,0
121829,2,1,1998,0,0,0,0,0,0,0,0,0,0
121830,0,1,1998,0,0,0,0,0,0,0,0,0,0
121830,1,1,1998,13,0,0,0,0,0,0,0,0,0
121831,0,1,1998,0,0,0,0,0,0,0,0,0,0
121831,1,1,1998,0,0,0,0,0,0,0,0,0,0
121832,1,1,1998,0,0,0,0,0,0,0,0,0,0
121832,2,1,1998,0,0,0,0,0,0,0,0,0,0
121833,0,1,1998,0,0,0,0,0,0,0,0,0,0
121833,1,1,1998,0,0,0,13,0,0,0,0,0,0
121834,1,1,1998,8,8,8,8,8,8,8,8,8,8
121835,1,1,1998,0,0,0,0,0,0,0,0,0,0
121835,2,1,1998,0,0,0,0,0,0,0,0,0,0
121836,1,1,1998,0,0,0,0,0,10,0,0,0,0
121836,2,1,1998,0,0,0,0,0,0,0,0,0,0
121837,1,1,1998,0,0,0,0,0,0,0,0,0,0
121837,2,1,1998,0,0,0,0,0,0,0,0,0,0
121838,1,1,1998,32,32,32,32,32,32,32,32,32,32
121839,1,1,1998,0,0,31,0,0,0,9,20,10,22
121839,2,1,1998,0,0,0,0,0,0,0,0,0,0
121840,0,1,1998,0,0,0,0,0,0,0,0,0,0
121840,1,1,1998,5,0,0,0,0,0,0,0,0,0
121841,1,1,1998,0,0,0,0,0,0,0,4,0,6
121841,2,1,1998,0,0,0,0,0,0,0,0,0,0
121842,1,1,1998,0,0,0,0,0,0,0,0,0,0
121843,1,1,1998,0,0,0,0,0,0,15,0,0,0
121844,0,1,1998,0,0,0,0,0,0,0,0,0,0
121844,1,1,1998,0,0,29,0,0,25,0,15,24,0
121845,1,1,1998,36,36,36,36,36,36,36,36,36,36
121845,2,1,1998,0,0,0,0,0,0,0,0,0,0
121846,1,1,1998,0,0,0,0,0,0,0,0,0,0
121846,2,1,1998,0,0,0,0,0,0,0,0,0,0
121847,1,1,1998,0,0,0,0,0,0,0,0,0,0
121847,2,1,1998,0,0,0,0,0,0,0,0,0,0
121848,1,1,1998,0,0,0,0,0,0,0,0,0,0
121848,2,1,1998,0,0,0,0,0,0,0,15,0,0
121849,1,1,1998,0,0,0,0,0,0,0,0,0,0
121850,1,1,1998,0,0,0,0,0,0,0,0,0,0
121850,2,1,1998,0,0,0,0,0,0,0,0,0,0
121851,1,1,1998,31,31,31,31,31,31,31,31,31,31
121852,1,1,1998,0,0,0,0,0,0,0,0,0,0
121852,2,1,1998,0,0,0,0,0,0,0,0,0,0
121852,3,1,1998,0,0,0,0,0,0,0,0,0,0
121853,1,1,1998,26,26,26,26,26,26,26,26,26,26
121853,2,1,1998,0,0,7,0,0,0,0,23,0,0
121853,3,1,1998,0,0,0,0,0,0,0,0,0,0
121854,1,1,1998,21,21,21,21,21,21,21,21,21,21
121854,2,1,1998,5,0,0,0,22,0,0,0,0,0
121855,1,1,1998,0,0,0,0,0,0,0,0,0,0
121855,2,1,1998,0,0,0,0,0,0,0,0,0,0
121855,3,1,1998,0,0,0,0,0,0,0,0,0,0
121856,1,1,1998,15,15,15,15,15,15,15,15,15,15
121857,1,1,1998,19,19,19,19,19,19,19,19,19,19
121858,0,1,1998,28,28,28,28,28,28,28,28,28,28
121858,1,1,1998,0,0,8,0,0,0,19,10,0,0
121858,2,1,1998,0,15,26,20,21,8,27,0,12,0
121858,3,1,1998,16,15,0,19,5,24,18,9,22,0
121859,1,1,1998,8,8,8,8,8,8,8,8,8,8
121860,1,1,1998,12,0,14,20,6,0,14,0,4,9
121860,2,1,1998,0,0,0,0,0,0,0,0,0,0
121861,0,1,1998,0,0,0,6,0,0,0,0,0,0
121861,1,1,1998,0,0,0,0,24,0,0,0,9,0
121862,0,1,1998,14,14,14,14,14,14,14,14,14,14
121862,1,1,1998,0,0,0,0,0,0,0,0,0,0
121863,1,1,1998,0,0,0,0,0,0,0,0,0,0
121863,2,1,1998,0,0,0,0,0,0,0,0,0,0
121864,0,1,1998,0,0,0,0,0,15,0,25,0,0
121864,1,1,1998,0,0,0,0,0,0,0,0,0,0
121864,2,1,1998,0,0,0,0,0,9,0,0,0,0
121865,1,1,1998,15,15,15,15,15,15,15,15,15,15
121866,1,1,1998,12,12,12,12,12,12,12,12,12,12
121866,2,1,1998,0,0,0,0,0,0,0,0,0,0
121866,3,1,1998,0,6,6,0,0,0,0,0,0,0
121866,4,1,1998,0,0,0,0,0,0,0,0,0,0
121867,0,1,1998,24,24,24,24,24,24,24,24,24,24
121867,1,1,1998,0,0,0,0,0,0,0,0,0,0
121868,1,1,1998,0,0,0,0,0,0,0,0,0,0
121868,2,1,1998,0,0,0,0,0,0,0,0,0,0
121869,1,1,1998,0,0,0,0,0,0,0,0,0,0
121869,2,1,1998,0,0,0,0,0,0,0,0,0,0
121870,0,1,1998,22,22,22,22,22,22,22,22,22,22
121870,1,1,1998,0,0,0,0,0,0,0,0,0,0
121871,0,1,1998,25,25,25,25,25,25,25,25,25,25
121871,1,1,1998,0,0,0,0,0,0,0,0,0,0
121872,1,1,1998,0,0,0,0,0,0,14,0,0,0
121873,1,1,1998,0,0,0,0,0,0,0,0,0,24
121873,2,1,1998,0,0,0,0,0,0,0,0,0,0
121874,0,1,1998,18,31,0,0,0,0,0,0,11,0
121874,1,1,1998,0,0,0,0,0,0,0,0,0,0
121875,1,1,1998,0,0,0,0,0,0,0,0,0,0
121875,2,1,1998,0,0,0,0,0,0,0,0,0,0
121876,1,1,1998,0,0,0,0,0,0,0,0,0,0
121876,2,1,1998,0,0,0,0,0,0,0,0,0,0
121877,1,1,1998,0,0,0,0,0,0,0,0,0,0
121877,2,1,1998,0,0,0,0,0,0,0,0,0,0
121877,3,1,1998,0,0,0,0,0,0,0,0,0,0
121878,1,1,1998,0,0,0,0,0,0,0,0,0,0
121878,2,1,1998,0,0,0,0,0,0,0,0,0,0
121879,1,1,1998,0,0,0,27,0,0,0,0,7,0
121880,1,1,1998,0,0,0,0,0,0,0,0,0,0
121881,1,1,1998,15,15,15,15,15,15,15,15,15,15
121882,0,1,1998,15,15,15,15,15,15,15,15,15,15
121882,1,1,1998,0,0,0,5,0,0,0,0,0,0
121883,1,1,1998,0,0,0,0,0,0,0,0,0,0
121883,2,1,1998,0,25,0,0,0,0,0,9,5,0
121884,1,1,1998,0,0,0,0,12,0,0,0,20,0
121884,2,1,1998,0,0,0,0,0,0,0,0,0,0
121884,3,1,1998,0,0,0,0,0,0,0,0,0,0
121884,4,1,1998,0,0,0,0,0,0,0,0,0,0
121885,1,1,1998,19,19,19,19,19,19,19,19,19,19
121885,2,1,1998,0,0,0,0,0,0,0,0,0,0
121885,3,1,1998,0,0,0,0,0,0,0,0,0,0
121886,0,1,1998,15,15,15,15,15,15,15,15,15,15
121886,1,1,1998,4,4,4,4,4,4,4,4,4,4
121887,0,1,1998,25,25,25,25,25,25,25,25,25,25
121887,1,1,1998,0,0,0,0,0,0,0,0,0,0
121888,1,1,1998,20,20,20,20,20,20,20,20,20,20
121889,1,1,1998,0,0,0,0,0,0,0,0,0,0
121890,0,1,1998,26,26,26,26,26,26,26,26,26,26
121890,1,1,1998,0,0,0,0,0,0,0,0,0,0
121891,1,1,1998,0,0,0,8,0,0,0,0,0,15
121891,2,1,1998,0,0,0,0,0,19,0,0,0,0
121892,1,1,1998,0,0,0,0,0,0,0,0,0,0
121892,2,1,1998,0,0,0,0,0,0,0,0,0,0
121893,1,1,1998,22,22,22,22,22,22,22,22,22,22
121894,1,1,1998,19,19,19,19,19,19,19,19,19,19
121894,2,1,1998,0,0,0,0,0,0,0,0,0,0
121895,0,1,1998,0,0,18,0,7,2,17,19,0,0
121895,1,2,1998,22,22,22,22,22,22,22,22,22,22
121896,1,1,1998,18,18,18,18,18,18,18,18,18,18
121896,2,1,1998,7,7,7,7,7,7,7,7,7,7
121897,1,1,1998,0,0,0,0,0,0,0,0,0,0
121897,2,1,1998,0,0,0,0,0,0,20,0,0,0
121898,1,1,1998,0,0,0,0,0,6,7,0,0,0
121900,1,1,1998,0,0,0,0,0,0,0,0,0,0
121900,2,1,1998,0,0,0,0,0,0,0,0,0,0
121901,1,1,1998,10,10,10,10,10,10,10,10,10,10
121902,1,1,1998,0,0,0,0,0,0,0,0,0,0
121903,1,1,1998,23,23,23,23,23,23,23,23,23,23
121904,1,1,1998,0,0,0,0,0,0,0,0,0,0
121904,2,1,1998,0,6,0,0,0,0,0,0,0,0
121904,3,1,1998,0,0,0,0,0,0,0,0,0,0
121904,4,1,1998,0,0,0,0,0,0,0,0,0,0
121905,0,1,1998,0,0,0,0,0,0,0,0,0,0
121905,1,1,1998,0,0,0,0,0,0,0,0,0,0
121906,1,1,1998,26,26,26,26,26,26,26,26,26,26
121907,1,1,1998,0,0,0,0,0,0,0,0,0,0
121907,2,1,1998,0,0,0,0,0,0,0,0,0,0
121909,1,1,1998,0,0,0,0,0,0,0,0,0,0
121910,1,1,1998,0,0,0,0,0,0,0,0,0,0
121910,2,1,1998,3,0,0,0,8,0,0,0,0,0
121911,0,1,1998,0,0,0,0,0,0,11,14,0,0
121911,1,1,1998,0,0,0,0,0,0,0,0,0,0
121912,0,1,1998,0,0,0,0,0,0,0,0,0,0
121912,1,1,1998,0,0,0,0,0,0,0,0,0,0
121913,1,1,1998,0,0,0,0,0,0,0,0,0,0
121913,2,1,1998,0,0,0,0,0,0,0,0,0,0
121913,3,1,1998,0,0,0,0,0,0,0,0,0,0
121914,1,1,1998,19,19,19,19,19,19,19,19,19,19
121914,2,1,1998,0,0,0,0,0,0,0,0,0,0
121915,0,1,1998,0,0,0,0,0,0,0,0,0,0
121915,1,1,1998,0,0,0,0,0,0,0,0,0,0
121916,1,1,1998,0,0,0,0,0,0,0,0,0,0
121916,2,1,1998,0,0,0,0,0,0,0,0,0,0
121917,1,1,1998,0,10,0,0,0,0,0,0,0,0
121917,2,1,1998,0,0,0,0,0,0,0,0,0,0
121917,3,1,1998,0,0,0,0,0,0,0,0,0,0
121918,0,1,1998,0,0,0,0,0,0,0,0,0,0
121918,0,2,1998,0,0,0,0,0,0,0,0,0,0
121918,0,3,1998,0,0,0,0,0,0,0,0,0,0
121918,1,1,1998,0,0,0,0,0,0,0,0,0,0
121919,0,1,1998,0,0,0,0,0,0,0,0,0,0
121919,1,1,1998,0,0,0,0,0,0,0,0,0,0
121920,1,1,1998,0,0,0,0,0,0,0,0,0,0
121920,2,1,1998,0,0,0,0,0,0,0,0,0,0
121921,1,1,1998,23,23,23,23,23,23,23,23,23,23
121921,2,1,1998,0,0,0,0,0,0,0,0,0,0
121922,1,1,1998,0,0,0,0,0,0,0,0,0,0
121923,1,1,1998,0,0,0,0,0,0,0,0,0,0
121923,2,1,1998,0,0,0,0,0,0,0,0,0,0
121924,1,1,1998,24,32,0,0,0,16,0,22,23,4
121925,1,1,1998,0,0,0,0,0,0,0,0,0,0
121925,2,1,1998,0,0,0,0,0,0,0,0,0,0
121926,1,1,1998,21,21,21,21,21,21,21,21,21,21
121927,1,1,1998,0,0,0,0,0,0,0,0,0,0
121927,2,1,1998,0,0,0,0,0,0,0,0,0,0
121928,1,1,1998,16,16,16,16,16,16,16,16,16,16
121929,1,1,1998,11,11,11,11,11,11,11,11,11,11
121929,2,1,1998,11,0,11,16,10,0,0,23,0,26
121930,0,1,1998,24,24,24,24,24,24,24,24,24,24
121930,1,1,1998,0,0,0,0,0,8,0,0,0,0
121931,1,1,1998,16,16,16,16,16,16,16,16,16,16
121932,1,1,1998,4,4,4,4,4,4,4,4,4,4
121933,1,1,1998,0,0,0,0,0,0,0,0,0,0
121933,2,1,1998,0,0,0,0,0,0,0,0,0,0
121934,1,1,1998,10,0,0,0,0,0,0,0,0,0
121935,1,1,1998,0,0,0,0,0,0,0,0,0,0
121935,2,1,1998,14,14,14,14,14,14,14,14,14,14
121936,1,1,1998,0,0,0,0,0,0,0,0,0,0
121936,2,1,1998,0,0,0,0,0,0,0,0,0,0
121937,1,1,1998,0,0,0,0,0,0,0,0,0,0
121937,2,1,1998,0,0,0,0,0,0,0,0,0,0
121937,3,1,1998,0,0,0,0,0,0,0,0,0,0
121938,1,1,1998,2,2,2,2,2,2,2,2,2,2
121939,1,1,1998,21,21,21,21,21,21,21,21,21,21
121939,2,1,1998,0,0,0,0,0,0,0,0,0,0
121940,1,1,1998,0,0,0,0,0,0,0,0,0,0
121941,1,1,1998,0,0,0,0,0,0,0,0,0,0
121942,1,1,1998,4,0,0,0,0,0,0,0,0,0
121942,2,1,1998,8,8,8,8,8,8,8,8,8,8
121943,0,1,1998,39,39,39,39,39,39,39,39,39,39
121943,1,1,1998,14,7,19,27,32,24,0,14,0,14
121944,0,1,1998,23,23,23,23,23,23,23,23,23,23
121944,1,1,1998,0,0,0,0,0,0,0,0,0,0
121945,1,1,1998,0,0,0,0,0,0,0,0,0,0
121945,2,1,1998,0,0,0,0,0,0,0,0,0,0
121946,1,1,1998,0,0,0,0,0,0,0,0,0,0
121946,2,1,1998,0,0,0,0,0,0,0,0,0,0
121946,3,1,1998,0,0,0,0,0,26,0,0,0,0
121947,0,1,1998,0,0,0,0,0,0,0,0,0,0
121947,1,1,1998,0,0,0,0,0,0,0,0,0,0
121948,0,1,1998,0,0,0,0,0,0,0,0,0,0
121948,1,1,1998,0,0,0,0,0,0,0,0,0,0
121948,2,1,1998,0,0,0,0,16,0,0,0,0,0
121949,1,1,1998,0,0,0,0,0,0,0,0,0,0
121949,2,1,1998,0,0,0,0,0,0,0,0,0,0
121950,1,1,1998,0,0,0,0,0,0,0,0,0,0
121951,1,1,1998,7,7,7,7,7,7,7,7,7,7
121952,0,1,1998,18,18,18,18,18,18,18,18,18,18
121952,1,1,1998,0,0,0,0,0,0,0,0,0,0
121953,1,1,1998,0,0,0,0,0,0,0,16,0,0
121953,2,1,1998,0,0,0,0,0,0,0,0,0,0
121954,1,1,1998,16,22,6,0,14,0,0,30,14,20
121955,0,1,1998,32,32,32,32,32,32,32,32,32,32
121955,1,1,1998,0,0,0,0,0,12,0,0,5,0
121956,1,1,1998,0,0,0,0,0,0,0,0,0,0
121956,2,1,1998,0,0,0,0,0,0,0,0,0,0
121957,0,1,1998,26,26,26,26,26,26,26,26,26,26
121957,1,1,1998,15,0,0,0,0,0,0,0,0,0
121957,2,1,1998,0,0,0,0,0,0,0,0,0,0
121958,1,1,1998,0,0,0,0,0,0,0,0,0,0
121958,2,1,1998,0,0,0,0,0,0,0,0,0,0
121959,1,1,1998,15,15,15,15,15,15,15,15,15,15
121960,1,1,1998,0,0,0,0,0,0,0,0,0,0
121960,2,1,1998,0,0,0,0,0,0,0,0,0,0
121961,0,1,1998,19,19,19,19,19,19,19,19,19,19
121961,1,1,1998,0,0,0,0,0,0,0,0,0,0
121962,1,1,1998,0,0,0,0,0,0,0,0,0,0
121963,1,1,1998,13,13,13,13,13,13,13,13,13,13
121964,1,1,1998,20,20,20,20,20,20,20,20,20,20
121964,2,1,1998,0,0,4,0,0,0,0,0,0,0
121964,3,1,1998,0,0,0,0,0,0,0,0,0,0
121965,1,1,1998,21,21,21,21,21,21,21,21,21,21
121966,1,1,1998,0,21,0,13,18,15,0,26,9,0
121966,2,1,1998,0,20,0,0,0,12,0,6,0,0
121967,1,1,1998,5,5,5,5,5,5,5,5,5,5
121967,2,1,1998,21,21,21,21,21,21,21,21,21,21
121968,1,1,1998,0,0,0,0,0,0,0,0,0,0
121969,1,1,1998,15,15,15,15,15,15,15,15,15,15
121970,1,1,1998,27,0,0,21,20,0,0,0,0,14
121971,0,1,1998,0,0,0,0,0,0,0,0,0,0
121971,1,1,1998,5,0,0,0,0,0,0,0,0,0
121972,1,1,1998,0,0,0,0,0,0,0,0,0,0
121972,2,1,1998,0,0,0,0,0,0,0,0,0,0
121973,0,1,1998,0,0,0,0,0,0,0,0,0,0
121973,1,1,1998,0,0,0,0,0,0,0,0,0,0
121974,1,1,1998,0,0,0,0,0,0,0,0,0,0
121974,2,1,1998,0,0,0,0,0,0,0,0,0,0
121975,1,1,1998,26,26,26,26,26,26,26,26,26,26
121976,1,1,1998,0,0,0,0,0,0,0,0,0,0
121976,2,1,1998,0,0,0,0,0,0,0,10,0,0
121976,3,1,1998,0,0,0,0,0,0,0,0,0,0
121977,1,1,1998,24,24,24,24,24,24,24,24,24,24
121978,1,1,1998,0,0,0,0,0,0,0,0,0,0
121978,2,1,1998,0,0,0,0,0,0,0,0,0,0
121979,1,1,1998,0,0,0,0,0,0,0,0,0,0
121979,2,1,1998,0,0,0,0,0,0,0,0,0,0
121979,3,1,1998,0,0,0,0,0,0,0,0,0,0
121980,1,1,1998,8,8,8,8,8,8,8,8,8,8
121980,2,1,1998,0,0,0,0,0,0,0,0,0,0
121980,3,1,1998,0,0,0,0,0,0,0,0,0,0
121981,1,1,1998,0,0,0,0,0,0,0,0,0,0
121981,2,1,1998,0,0,0,0,0,0,0,0,0,0
121982,1,1,1998,4,4,4,4,4,4,4,4,4,4
121982,2,1,1998,1,1,1,1,1,1,1,1,1,1
121982,3,1,1998,0,0,0,0,0,0,0,0,0,0
121983,1,1,1998,0,0,0,0,0,0,0,0,0,0
121983,2,1,1998,0,0,0,0,0,0,0,0,0,0
121984,1,1,1998,0,0,0,0,0,0,0,0,0,0
121984,2,1,1998,0,0,0,0,0,0,0,0,0,0
121985,1,1,1998,24,24,24,24,24,24,24,24,24,24
121986,1,1,1998,0,0,0,0,0,0,0,0,0,0
121986,2,1,1998,0,0,0,0,0,0,0,0,0,0
121987,0,1,1998,0,0,0,0,0,0,0,0,0,0
121987,1,1,1998,0,0,0,0,0,0,0,0,0,0
121988,1,1,1998,0,0,0,0,0,0,0,0,0,0
121988,2,1,1998,0,0,0,0,0,0,0,0,0,0
121989,1,1,1998,0,0,0,0,0,0,0,0,0,0
121989,2,1,1998,0,0,0,0,0,0,0,0,0,0
121990,1,1,1998,0,0,0,0,0,0,0,0,0,0
121991,0,1,1998,11,11,11,11,11,11,11,11,11,11
121991,1,1,1998,5,5,5,5,5,5,5,5,5,5
121992,1,1,1998,0,0,0,0,0,0,0,0,0,0
121992,2,1,1998,0,0,0,0,0,0,0,0,0,0