ST_CASE,VEH_NO,PER_NO,YEAR,P1,P2,P3,P4,P5,P6,P7,P8,P9,P10
122245,2,1,1998,0,0,0,0,0,0,0,0,0,0
122246,1,2,1998,0,0,0,0,0,0,0,0,0,0
122246,2,1,1998,0,0,0,0,0,0,0,0,0,0
122247,1,1,1998,0,0,0,0,0,0,0,0,0,0
122247,2,1,1998,0,0,0,0,0,0,0,0,0,0
122248,1,1,1998,0,0,0,0,0,0,0,0,0,0
122248,2,1,1998,0,0,0,0,0,0,0,0,0,0
122248,3,1,1998,0,0,0,0,0,0,0,0,0,0
122249,1,1,1998,0,0,0,0,0,0,0,0,0,0
122249,2,1,1998,0,0,0,0,0,0,0,0,0,0
122250,1,1,1998,32,32,32,32,32,32,32,32,32,32
122250,2,1,1998,0,0,0,0,0,0,0,0,0,0
122251,1,1,1998,0,0,0,0,0,0,0,0,0,0
122251,2,1,1998,0,0,0,0,0,0,0,0,0,0
122252,1,1,1998,17,0,0,0,0,0,13,0,5,0
122252,2,1,1998,17,9,0,0,0,0,0,0,0,0
122253,1,1,1998,9,0,0,10,0,0,0,0,0,0
122254,0,1,1998,0,0,0,0,0,0,0,0,0,0
122254,1,1,1998,0,0,0,0,3,0,0,4,0,0
122255,1,1,1998,0,0,0,0,0,0,0,0,0,0
122255,2,1,1998,0,0,0,0,0,0,0,0,0,0
122256,1,1,1998,24,24,24,24,24,24,24,24,24,24
122256,2,1,1998,7,0,0,0,0,0,0,0,0,0
122257,1,1,1998,0,0,0,0,0,0,0,0,0,0
122257,2,1,1998,0,0,0,0,0,0,0,0,0,0
122258,1,1,1998,14,14,14,14,14,14,14,14,14,14
122258,2,1,1998,0,0,0,0,0,0,0,0,0,0
122259,1,1,1998,0,0,0,0,0,0,0,0,0,0
122259,2,1,1998,0,0,0,0,0,0,0,0,0,0
122260,1,1,1998,15,15,15,15,15,15,15,15,15,15
122261,0,1,1998,0,0,0,0,0,0,0,0,0,0
122261,1,1,1998,0,0,0,0,0,0,0,0,0,0
122262,0,1,1998,33,33,33,33,33,33,33,33,33,33
122262,1,1,1998,8,0,0,34,8,21,0,0,16,30
122263,1,1,1998,0,0,0,0,0,0,0,0,0,0
122264,1,1,1998,0,0,0,0,0,0,0,0,0,0
122265,0,1,1998,0,19,0,13,0,0,0,0,0,0
122265,0,2,1998,0,0,0,0,0,6,0,0,0,5
122265,1,1,1998,6,0,0,0,0,0,0,0,0,0
122266,0,1,1998,0,0,0,0,0,0,24,0,6,0
122266,1,1,1998,0,0,12,0,0,0,0,0,0,0
122266,2,1,1998,0,0,0,0,0,0,0,0,0,0
122267,1,1,1998,4,4,4,4,4,4,4,4,4,4
122267,2,1,1998,18,18,18,18,18,18,18,18,18,18
122268,1,1,1998,0,0,0,37,0,16,0,0,0,9
122269,0,1,1998,0,0,0,0,0,0,0,0,0,0
122269,1,1,1998,0,0,16,0,0,0,0,0,0,0
122270,1,1,1998,6,0,0,0,0,0,0,0,0,0
122270,2,1,1998,0,0,0,0,0,0,0,0,0,0
122271,1,1,1998,0,0,0,0,0,0,0,0,0,0
122272,0,1,1998,0,9,0,0,0,5,11,0,30,0
122272,1,1,1998,16,4,10,28,15,22,24,10,10,10
122273,1,1,1998,0,0,0,0,0,0,0,0,0,0
122273,2,1,1998,0,0,0,0,0,0,0,0,0,0
122274,1,1,1998,12,12,12,12,12,12,12,12,12,12
122275,0,1,1998,0,0,0,0,0,0,0,0,3,0
122275,1,1,1998,0,0,0,0,0,0,0,0,0,0
122276,0,1,1998,0,0,0,0,0,0,0,0,0,0
122276,1,1,1998,0,0,0,0,0,0,0,0,0,0
122277,1,1,1998,0,0,0,0,0,0,0,0,0,21
122277,2,1,1998,15,0,0,0,0,0,0,0,0,0
122278,1,1,1998,15,15,15,15,15,15,15,15,15,15
122278,2,1,1998,0,0,0,0,0,0,0,0,0,0
122278,3,1,1998,0,0,0,0,0,0,0,0,0,0
122278,4,1,1998,0,0,0,0,0,0,0,0,0,0
122278,5,1,1998,0,0,0,0,8,0,0,0,0,0
122279,1,1,1998,23,23,23,23,23,23,23,23,23,23
122279,2,1,1998,0,9,0,0,0,0,0,0,0,0
122279,3,1,1998,0,5,0,19,0,0,0,0,0,0
122280,1,1,1998,0,0,0,0,0,0,0,0,0,0
122280,2,1,1998,0,0,0,0,0,0,0,0,0,0
122280,3,1,1998,0,0,0,0,0,0,0,0,0,0
122281,1,1,1998,0,0,0,0,0,0,0,0,0,0
122282,0,1,1998,14,14,14,14,14,14,14,14,14,14
122282,2,1,1998,14,14,14,14,14,14,14,14,14,14
122283,1,1,1998,0,0,0,0,0,0,0,9,0,0
122284,1,1,1998,0,0,0,0,0,0,0,0,0,0
122284,2,1,1998,0,0,0,0,0,0,0,0,0,0
122285,1,1,1998,0,0,0,0,0,0,0,0,0,6
122285,2,1,1998,16,16,16,16,16,16,16,16,16,16
122286,0,1,1998,0,0,0,0,0,0,0,0,0,0
122286,1,1,1998,0,0,0,0,0,0,0,5,0,0
122287,1,1,1998,0,14,14,8,0,22,14,10,14,17
122288,0,1,1998,0,0,0,0,0,0,0,0,0,0
122288,1,1,1998,0,0,0,0,0,0,0,0,0,0
122288,2,1,1998,0,0,0,0,0,0,0,0,0,0
122289,1,1,1998,1,1,1,1,1,1,1,1,1,1
122289,2,1,1998,0,0,0,0,0,0,0,0,0,0
122290,0,1,1998,0,0,0,0,0,0,0,0,0,0
122290,1,1,1998,0,0,0,0,0,0,0,0,0,0
122290,2,1,1998,0,0,0,0,0,0,0,0,0,0
122291,0,1,1998,0,0,0,0,27,10,0,0,0,0
122291,1,1,1998,0,0,0,0,0,0,0,0,0,0
122292,0,1,1998,0,0,0,0,0,0,0,0,0,0
122292,1,1,1998,0,0,0,0,0,0,0,0,0,0
122293,1,1,1998,0,12,0,0,0,0,0,0,0,0
122294,0,1,1998,18,18,25,17,0,19,9,18,20,14
122294,1,1,1998,22,22,22,22,22,22,22,22,22,22
122295,1,1,1998,0,0,0,0,0,0,0,0,0,0
122295,2,1,1998,23,0,0,0,0,0,0,0,0,0
122296,1,1,1998,18,18,18,18,18,18,18,18,18,18
122297,1,1,1998,4,4,4,4,4,4,4,4,4,4
122297,2,1,1998,0,0,0,0,9,0,0,0,6,0
122297,3,1,1998,0,30,0,0,11,0,0,0,11,12
122298,1,1,1998,14,14,14,14,14,14,14,14,14,14
122298,2,1,1998,0,0,0,0,0,0,0,0,0,0
122299,1,1,1998,0,0,0,0,0,0,0,0,17,0
122299,2,1,1998,0,0,0,0,0,0,0,0,0,0
122300,1,1,1998,0,0,0,0,0,0,0,0,0,0
122300,2,1,1998,0,0,0,0,0,0,0,0,0,0
122301,1,1,1998,0,0,0,0,0,0,0,0,0,39
122301,2,1,1998,0,0,0,0,0,0,0,0,0,0
122302,0,1,1998,0,0,0,0,0,0,0,0,0,0
122302,1,1,1998,0,0,0,0,0,0,0,0,0,0
122303,0,1,1998,0,0,0,0,0,0,0,0,0,0
122303,1,1,1998,12,12,12,12,12,12,12,12,12,12
122304,1,1,1998,0,0,0,0,0,0,0,0,0,0
122304,2,1,1998,0,0,0,0,0,0,0,0,0,0
122305,1,1,1998,0,0,0,0,0,0,0,0,0,0
122305,2,1,1998,0,0,0,0,0,0,0,0,0,0
122306,1,1,1998,0,0,0,0,0,0,0,0,0,0
122306,2,1,1998,0,0,0,0,0,0,0,0,0,0
122307,1,1,1998,0,0,0,0,0,0,0,0,0,0
122307,2,1,1998,0,0,0,0,0,0,0,0,0,0
122308,0,1,1998,0,0,0,0,0,15,11,0,0,0
122308,1,1,1998,0,0,0,0,0,0,0,0,0,0
122309,1,1,1998,0,0,0,0,0,0,0,0,0,0
122309,2,1,1998,0,0,0,0,0,0,0,0,0,0
122309,3,1,1998,0,0,0,0,0,0,0,0,0,0
122310,1,1,1998,0,0,0,0,0,0,0,0,23,0
122310,2,1,1998,0,0,0,0,0,0,0,0,0,0
122311,0,1,1998,21,21,21,21,21,21,21,21,21,21
122311,1,1,1998,0,7,0,6,0,0,0,0,0,0
122312,1,1,1998,0,0,0,0,0,0,0,0,0,0
122313,0,1,1998,14,14,14,14,14,14,14,14,14,14
122313,1,1,1998,0,0,0,0,0,0,0,0,0,0
122314,1,1,1998,0,0,0,0,0,0,0,0,0,0
122314,2,1,1998,0,0,0,0,0,0,0,0,0,0
122315,1,1,1998,0,0,0,0,0,0,0,0,0,0
122315,2,1,1998,0,0,0,0,0,0,0,0,0,0
122315,3,1,1998,0,0,0,0,0,0,0,0,0,0
122316,1,1,1998,0,0,0,15,0,0,0,17,0,0
122316,2,1,1998,0,0,0,0,0,0,0,0,0,0
122317,1,1,1998,0,0,0,0,0,0,0,0,0,0
122317,2,1,1998,0,0,0,0,0,0,0,0,0,0
122318,1,1,1998,0,0,0,0,0,0,0,0,0,0
122318,2,1,1998,0,0,0,0,0,0,0,0,0,0
122318,3,1,1998,0,0,0,0,0,0,0,0,0,0
122319,1,1,1998,0,6,6,0,0,0,0,0,0,0
122320,0,1,1998,0,0,0,0,0,0,0,0,0,0
122320,1,1,1998,0,0,0,0,0,0,0,0,0,0
122321,1,1,1998,0,26,0,20,0,0,0,0,0,0
122322,1,1,1998,0,0,0,0,0,0,0,0,0,0
122322,2,1,1998,0,0,0,0,0,0,0,0,0,0
122322,3,1,1998,0,0,0,0,0,0,0,0,0,0
122323,1,1,1998,0,0,0,0,0,0,0,0,0,0
122324,1,1,1998,0,0,0,0,0,0,0,0,0,0
122325,0,1,1998,19,19,19,19,19,19,19,19,19,19
122325,1,1,1998,15,0,0,0,0,0,0,0,0,0
122325,2,1,1998,0,0,0,0,0,0,0,0,0,0
122326,1,1,1998,0,0,0,0,0,0,0,0,0,0
122327,1,1,1998,0,0,0,0,0,0,0,0,0,0
122327,2,1,1998,0,0,0,0,0,0,0,0,0,0
122328,1,1,1998,0,0,0,0,0,0,0,0,0,0
122328,2,1,1998,0,0,0,0,0,0,0,0,0,0
122329,1,1,1998,0,0,0,0,0,0,0,0,0,0
122329,2,1,1998,0,0,0,0,0,0,0,0,0,0
122329,3,1,1998,0,0,0,0,0,0,0,10,0,0
122330,1,1,1998,0,0,0,0,0,0,0,0,0,0
122330,2,1,1998,0,0,0,0,0,0,0,0,0,0
122331,1,1,1998,0,0,0,0,0,0,0,0,0,0
122331,2,1,1998,0,0,0,0,0,0,0,0,0,0
122332,1,1,1998,0,0,0,0,0,0,0,0,0,0
122333,1,1,1998,0,19,0,0,35,0,0,0,0,0
122333,2,1,1998,0,0,0,0,0,0,0,0,0,0
122334,1,1,1998,0,0,0,0,0,0,0,0,0,0
122334,2,1,1998,0,0,0,0,0,0,0,0,0,0
122334,3,1,1998,0,0,0,0,0,0,0,0,0,0
122335,1,1,1998,0,0,0,0,0,0,0,0,0,0
122335,2,1,1998,0,0,0,0,0,0,0,0,0,0
122335,3,1,1998,0,0,0,0,0,0,0,0,0,0
122336,1,1,1998,20,0,41,0,0,0,0,0,0,0
122336,2,1,1998,1,1,1,1,1,1,1,1,1,1
122337,0,1,1998,0,0,0,0,0,0,0,0,0,0
122337,1,1,1998,17,17,17,17,17,17,17,17,17,17
122337,2,1,1998,0,0,0,0,0,0,0,0,0,0
122338,0,1,1998,0,0,0,0,0,0,0,0,0,0
122338,1,1,1998,0,22,0,20,19,0,0,13,0,7
122339,1,1,1998,0,0,0,0,0,0,0,0,0,0
122339,2,1,1998,0,0,0,0,0,0,0,0,0,0
122340,1,1,1998,18,18,18,18,18,18,18,18,18,18
122341,1,1,1998,38,38,38,38,38,38,38,38,38,38
122342,1,1,1998,0,0,0,0,0,0,0,0,0,0
122342,2,1,1998,0,0,0,0,0,0,0,0,0,0
122343,1,1,1998,0,0,0,0,0,0,0,0,0,0
122343,2,1,1998,0,0,0,0,0,0,0,0,0,0
122345,0,1,1998,0,0,0,0,0,6,0,23,0,0
122345,1,1,1998,0,0,0,0,0,0,0,0,0,0
122346,1,1,1998,10,10,10,10,10,10,10,10,10,10
122346,2,1,1998,0,0,0,0,0,0,0,0,0,0
122347,1,1,1998,0,0,0,0,0,0,0,0,0,0
122347,2,1,1998,0,0,0,0,0,0,0,0,0,0
122348,0,1,1998,0,0,0,0,0,0,0,0,0,0
122348,1,1,1998,0,0,0,0,0,0,0,0,0,0
122349,1,1,1998,0,0,0,0,11,0,0,0,0,0
122349,2,1,1998,17,0,0,12,0,0,19,12,0,0
122350,0,1,1998,22,22,22,22,22,22,22,22,22,22
122350,1,1,1998,0,0,0,0,0,0,0,0,8,0
122351,1,1,1998,0,0,0,0,0,0,0,0,0,0
122351,2,1,1998,0,0,0,0,0,0,0,0,0,0
122352,1,1,1998,0,0,0,0,0,0,0,0,0,0
122352,2,1,1998,22,22,22,22,22,22,22,22,22,22
122353,1,1,1998,7,7,7,7,7,7,7,7,7,7
122353,2,1,1998,0,0,0,0,0,0,0,0,0,0
122354,0,1,1998,0,0,0,0,0,9,15,0,0,0
122354,1,1,1998,0,0,0,0,0,0,0,0,0,0
122354,2,1,1998,0,0,0,0,0,0,0,0,0,0
122355,0,1,1998,0,0,0,0,0,0,0,0,0,0
122355,1,1,1998,0,0,0,0,0,0,0,0,0,0
122355,2,1,1998,6,0,0,0,0,0,11,0,0,0
122356,0,1,1998,0,0,0,0,0,0,5,0,0,0
122356,1,1,1998,0,0,0,0,0,0,0,0,0,0
122357,1,1,1998,0,0,0,0,0,0,0,0,0,0
122357,2,1,1998,0,0,0,0,0,0,0,0,0,0
122358,1,1,1998,28,0,12,0,32,0,16,16,27,11
122359,0,1,1998,0,0,0,0,0,0,0,0,0,0
122359,1,1,1998,0,0,0,0,0,0,0,0,0,0
122360,1,1,1998,0,15,0,0,0,0,0,0,0,8
122361,1,1,1998,2,2,2,2,2,2,2,2,2,2
122361,2,1,1998,0,0,22,0,21,0,6,0,0,0
122362,1,1,1998,17,17,17,17,17,17,17,17,17,17
122363,1,1,1998,11,11,11,11,11,11,11,11,11,11
122364,1,1,1998,11,0,0,0,0,0,0,0,0,0
122364,2,1,1998,0,0,0,0,0,0,0,0,0,0
122365,1,1,1998,0,0,0,0,0,0,0,0,0,0
122365,2,1,1998,0,0,0,0,0,0,0,0,0,0
122366,1,1,1998,0,0,0,0,0,0,0,0,0,0
122366,2,1,1998,0,0,0,0,0,0,0,0,0,0
122367,1,1,1998,0,0,0,0,0,0,0,0,0,0
122367,2,1,1998,0,0,0,0,0,0,5,0,0,0
122368,1,1,1998,0,0,0,0,0,0,0,0,0,0
122368,2,1,1998,14,0,0,0,0,0,0,0,0,0
122369,0,1,1998,0,0,0,0,0,0,0,0,0,0
122369,1,1,1998,0,0,0,0,0,0,0,0,0,0
122370,0,1,1998,28,28,28,28,28,28,28,28,28,28
122370,1,1,1998,0,5,0,0,0,0,0,0,0,0
122371,1,1,1998,34,34,34,34,34,34,34,34,34,34
122371,2,1,1998,18,0,0,0,0,7,0,0,0,10
122372,1,1,1998,0,0,0,0,0,0,0,0,0,0
122373,0,1,1998,0,0,0,22,0,24,22,0,24,15
122373,1,1,1998,0,0,0,0,0,0,0,26,0,0
122374,1,1,1998,0,0,0,0,0,0,0,0,0,0
122374,2,1,1998,0,0,0,0,0,0,0,0,0,0
122375,1,1,1998,0,0,0,0,0,0,0,0,0,0
122376,1,1,1998,0,9,11,18,0,0,16,18,10,0
122377,1,1,1998,0,0,0,0,0,15,0,0,0,0
122377,2,1,1998,0,0,0,0,0,0,0,0,0,0
122378,0,1,1998,0,0,0,0,0,0,0,0,0,0
122378,1,1,1998,0,0,0,0,20,0,0,0,0,0
122379,1,1,1998,28,28,28,28,28,28,28,28,28,28
122379,2,1,1998,14,14,14,14,14,14,14,14,14,14
122380,0,1,1998,29,29,29,29,29,29,29,29,29,29
122380,1,1,1998,0,0,0,0,0,0,0,0,0,0
122381,1,1,1998,18,18,18,18,18,18,18,18,18,18
122381,2,1,1998,0,0,0,0,0,0,0,0,0,0
122382,0,1,1998,37,37,37,37,37,37,37,37,37,37
122382,1,1,1998,0,0,0,0,0,0,0,0,0,0
122383,1,1,1998,13,13,13,13,13,13,13,13,13,13
122384,1,1,1998,0,0,0,0,0,0,0,16,0,0
122384,2,1,1998,0,0,0,0,0,0,0,0,16,0
122385,1,1,1998,0,0,0,0,0,0,0,0,0,0
122385,2,1,1998,0,0,0,0,0,0,0,0,0,0
122385,3,1,1998,0,0,0,0,0,0,0,0,0,0
122386,1,1,1998,17,17,17,17,17,17,17,17,17,17
122387,0,1,1998,0,0,0,0,0,0,0,0,0,0
122387,0,2,1998,0,0,0,0,0,0,0,0,0,0
122387,2,1,1998,0,0,0,0,0,0,0,0,0,0
122388,0,1,1998,0,0,0,0,0,0,0,0,0,0
122388,1,1,1998,0,0,0,0,0,0,0,0,0,0
122389,1,1,1998,5,5,5,5,5,5,5,5,5,5
122390,1,1,1998,0,0,0,0,0,0,0,0,0,0
122391,1,1,1998,18,18,18,18,18,18,18,18,18,18
122391,2,1,1998,0,0,0,0,0,0,0,0,0,0
122392,1,1,1998,8,8,8,8,8,8,8,8,8,8
122392,2,1,1998,0,0,0,0,0,0,0,0,0,0
122393,1,1,1998,19,19,19,19,19,19,19,19,19,19
122393,2,1,1998,0,0,0,0,0,0,0,0,0,0
122394,1,1,1998,0,0,0,0,0,20,0,0,0,0
122395,1,1,1998,0,0,0,0,0,0,0,0,0,0
122395,2,1,1998,0,0,0,0,0,0,0,0,0,0
122395,3,1,1998,0,0,0,0,0,0,0,0,0,0
122395,4,1,1998,0,0,0,0,0,0,0,0,0,0
122396,1,1,1998,0,0,27,14,0,6,16,0,0,0
122397,1,1,1998,0,0,0,0,0,0,0,0,0,0
122397,2,1,1998,14,14,14,14,14,14,14,14,14,14
122398,1,1,1998,0,0,0,0,0,0,0,0,0,0
122398,2,1,1998,0,0,0,0,0,0,0,0,0,0
122400,1,1,1998,12,12,12,12,12,12,12,12,12,12
122400,2,1,1998,0,0,0,0,0,0,0,0,9,0
122401,0,1,1998,0,0,0,0,0,0,0,0,0,0
122401,1,1,1998,0,6,0,0,0,0,0,0,0,19
122402,1,1,1998,18,18,18,18,18,18,18,18,18,18
122403,0,1,1998,38,38,38,38,38,38,38,38,38,38
122403,1,1,1998,0,4,0,0,0,0,0,15,0,0
122404,1,1,1998,0,0,0,0,0,0,0,0,0,0
122404,2,1,1998,0,0,0,0,0,0,0,0,0,0
122405,1,1,1998,11,11,11,11,11,11,11,11,11,11
122406,1,1,1998,0,0,0,0,0,0,0,0,0,27
122407,1,1,1998,0,0,0,0,0,0,0,0,0,0
122407,2,1,1998,0,27,0,0,0,0,0,0,0,0
122408,0,1,1998,18,18,18,18,18,18,18,18,18,18
122408,1,1,1998,0,0,0,0,0,0,0,0,0,0
122409,1,1,1998,0,0,0,0,0,0,0,0,0,0
122409,2,1,1998,0,0,0,0,0,0,0,0,0,0
122410,0,1,1998,25,25,25,25,25,25,25,25,25,25
122410,1,1,1998,21,21,21,21,21,21,21,21,21,21
122410,2,1,1998,0,0,0,0,0,0,0,0,0,0
122411,0,1,1998,0,0,0,0,0,0,0,0,0,0
122411,1,1,1998,6,6,6,6,6,6,6,6,6,6
122411,2,1,1998,0,0,0,0,0,0,0,0,0,0
122411,3,1,1998,0,0,0,0,0,0,0,0,0,0
122412,1,1,1998,0,0,0,0,0,0,0,0,0,0
122412,2,1,1998,0,0,0,0,0,0,35,23,0,0
122413,1,1,1998,0,0,16,0,0,0,0,8,0,0
122413,2,1,1998,0,0,0,0,0,0,0,0,0,0
122414,1,1,1998,0,0,0,0,0,0,0,0,0,0
122414,2,1,1998,0,0,0,0,0,0,0,0,0,0
122415,1,1,1998,0,0,0,0,0,0,0,0,0,0
122415,2,1,1998,0,0,0,0,0,0,0,0,0,0
122416,0,1,1998,0,0,0,0,0,0,0,0,0,0
122416,1,1,1998,0,0,0,0,0,0,0,0,0,0
122417,1,1,1998,20,20,20,20,20,20,20,20,20,20
122418,1,1,1998,3,3,3,3,3,3,3,3,3,3
122419,1,1,1998,0,0,0,0,0,0,0,0,0,0
122419,2,1,1998,0,0,0,0,0,0,0,0,0,0
122420,0,1,1998,0,2,0,0,0,0,0,0,0,0
122420,1,1,1998,0,0,0,0,0,0,0,0,0,0
122421,1,1,1998,0,0,0,0,0,0,0,0,0,4
122422,1,1,1998,0,0,0,0,0,0,0,0,0,0
122422,2,1,1998,0,0,0,0,0,0,0,0,0,0
122423,1,1,1998,0,0,0,0,0,0,0,0,0,0
122423,2,1,1998,0,0,0,0,0,0,0,0,0,0
122424,1,1,1998,0,0,0,0,0,0,0,0,0,0
122424,2,1,1998,0,0,0,0,0,0,0,0,0,0
122425,0,1,1998,8,8,8,8,8,8,8,8,8,8
122425,1,1,1998,0,0,0,0,0,0,0,0,0,0
122426,1,1,1998,0,0,0,0,0,0,0,0,0,0
122426,2,1,1998,0,0,0,0,0,0,0,0,0,0
122426,3,1,1998,0,0,0,0,0,0,0,0,0,0
122427,1,1,1998,0,0,0,0,0,0,0,0,0,0
122427,2,1,1998,0,0,0,0,0,0,0,0,0,0
122428,0,1,1998,23,23,23,23,23,23,23,23,23,23
122428,1,1,1998,0,0,0,0,0,0,0,0,0,0
122429,0,1,1998,0,0,0,0,0,0,0,14,0,0
122429,1,1,1998,0,0,0,0,0,0,0,0,0,0
122430,0,1,1998,17,17,17,17,17,17,17,17,17,17
122430,1,1,1998,0,7,0,0,7,16,0,0,0,12
122431,1,1,1998,0,0,0,0,0,0,0,0,0,0
122431,2,1,1998,0,0,0,0,0,0,0,0,0,0
122432,1,1,1998,18,18,18,18,18,18,18,18,18,18
122433,1,1,1998,0,0,0,0,0,0,0,0,0,0
122433,2,1,1998,0,0,0,0,0,0,0,0,0,0
122433,3,1,1998,0,0,0,0,0,0,0,0,0,0
122433,4,1,1998,0,0,0,0,0,0,0,0,0,0
122434,1,1,1998,0,0,0,10,0,0,0,0,0,0
122434,2,1,1998,0,0,0,7,0,0,0,13,0,0
122435,1,1,1998,3,3,3,3,3,3,3,3,3,3
122435,2,1,1998,2,2,2,2,2,2,2,2,2,2
122436,1,1,1998,0,0,0,0,4,0,0,10,9,0
122437,1,1,1998,0,0,0,0,0,0,0,0,0,0
122437,2,1,1998,0,0,0,0,0,0,0,0,0,0
122438,1,1,1998,0,0,0,0,0,0,0,0,0,0
122438,2,1,1998,0,0,0,0,0,0,0,0,0,0
122439,1,1,1998,0,0,0,0,0,0,0,0,0,0
122439,2,1,1998,0,0,0,0,0,0,0,0,0,0
122439,3,1,1998,0,0,0,0,0,0,0,0,0,0
122440,1,1,1998,0,0,0,0,0,0,0,0,0,0
122440,2,1,1998,18,18,18,18,18,18,18,18,18,18
122441,0,1,1998,0,0,0,0,0,0,0,0,0,0
122441,1,1,1998,0,0,0,0,0,0,0,0,0,0
122442,1,1,1998,0,0,21,0,0,0,12,0,0,0
122442,2,1,1998,0,0,0,0,0,0,0,0,0,0
122443,0,1,1998,31,31,31,31,31,31,31,31,31,31
122443,1,1,1998,0,0,0,0,0,0,0,0,0,0
122444,1,1,1998,0,0,0,0,0,0,0,0,0,0
122444,2,1,1998,0,0,0,0,0,0,0,0,0,0
122444,3,1,1998,0,0,0,0,0,24,0,0,13,0
122445,0,1,1998,0,0,0,0,0,0,0,0,0,0
122445,1,1,1998,0,0,0,0,0,0,0,0,0,0
122446,1,1,1998,0,0,0,0,0,0,0,0,0,0
122446,2,1,1998,0,0,0,0,0,0,0,0,0,0
122447,1,1,1998,0,0,0,0,0,6,0,0,0,14
122447,2,1,1998,0,0,0,0,20,0,0,0,0,0
122448,1,1,1998,0,18,0,0,0,0,0,0,10,0
122448,2,1,1998,0,0,0,0,0,3,0,0,0,0
122449,1,1,1998,0,0,0,0,0,0,0,0,0,0
122449,2,1,1998,0,0,0,0,0,0,0,0,0,0
122450,1,1,1998,14,14,14,14,14,14,14,14,14,14
122451,1,1,1998,0,0,0,0,0,0,0,0,0,0
122451,2,1,1998,0,0,0,0,0,0,0,0,0,0
122451,3,1,1998,0,0,0,0,0,0,0,0,0,0
122452,1,1,1998,26,26,26,26,26,26,26,26,26,26
122452,2,1,1998,19,19,19,19,19,19,19,19,19,19
122453,1,1,1998,0,0,0,0,0,0,0,0,0,0
122453,2,1,1998,0,0,0,0,0,0,0,0,0,0
122454,1,1,1998,0,0,0,0,0,0,0,0,0,0
122454,2,1,1998,0,0,0,0,0,0,0,0,0,0
122455,1,1,1998,0,0,0,0,0,10,0,0,0,0
122456,1,1,1998,8,8,8,8,8,8,8,8,8,8
122456,2,1,1998,0,0,0,0,0,0,0,0,0,0
122456,3,1,1998,0,0,0,0,0,0,0,0,0,0
122457,0,1,1998,0,0,0,0,0,0,0,0,10,0
122457,1,1,1998,0,0,0,0,0,0,0,0,0,0
122458,1,1,1998,9,9,9,9,9,9,9,9,9,9
122459,1,1,1998,0,0,0,0,0,0,0,0,0,0
122459,2,1,1998,0,0,0,0,0,0,0,0,0,0
122460,1,1,1998,0,0,0,0,0,18,0,0,0,0
122460,2,1,1998,0,0,0,0,0,0,0,0,0,0
122460,3,1,1998,0,0,0,0,0,0,0,0,0,0
122461,0,1,1998,0,0,0,0,0,0,0,0,0,0
122461,1,1,1998,0,0,0,0,0,0,0,0,0,6
122462,1,1,1998,0,0,0,0,0,0,0,0,0,0
122462,2,1,1998,0,0,0,0,0,0,0,0,0,0
122463,1,1,1998,0,0,0,0,0,0,0,0,0,0
122463,2,1,1998,0,0,0,0,0,0,0,0,0,0
122464,0,1,1998,0,0,0,0,0,0,0,0,0,0
122464,1,1,1998,0,0,0,0,0,0,0,0,0,0
122465,1,1,1998,14,32,27,10,26,0,0,9,21,0
122466,0,1,1998,27,27,27,27,27,27,27,27,27,27
122466,1,1,1998,0,0,0,0,0,0,0,0,0,0
122467,1,1,1998,10,10,10,10,10,10,10,10,10,10
122468,1,1,1998,0,0,0,0,0,0,0,0,0,0
122468,2,1,1998,0,0,0,0,0,0,0,0,0,0
122468,3,1,1998,0,0,0,0,0,0,0,0,0,0
122469,1,1,1998,13,13,13,13,13,13,13,13,13,13
122470,1,1,1998,0,0,0,14,0,0,0,0,0,0
122471,0,1,1998,21,21,21,21,21,21,21,21,21,21
122471,1,1,1998,0,0,0,0,0,0,0,0,0,0
122472,1,1,1998,0,0,0,0,0,0,0,0,0,0
122472,2,1,1998,0,0,0,0,0,14,0,0,0,0
122473,1,1,1998,0,0,0,0,0,0,0,0,0,0
122473,2,1,1998,0,0,0,0,0,0,0,0,0,0
122474,1,1,1998,0,0,0,0,0,0,0,0,0,0
122474,2,1,1998,0,0,0,0,0,0,0,0,0,0
122475,1,1,1998,0,0,0,0,0,0,0,0,0,0
122476,1,1,1998,0,0,13,0,8,0,22,0,0,0
122477,1,1,1998,0,0,0,0,0,0,12,0,0,0
122478,1,1,1998,0,0,0,0,0,0,0,0,0,0
122479,1,1,1998,0,0,0,0,0,0,0,0,0,0
122479,2,1,1998,0,0,0,0,0,0,0,0,0,0
122480,1,1,1998,0,0,0,0,0,0,0,0,0,0
122480,2,1,1998,0,0,0,0,0,0,4,0,0,0
122481,1,1,1998,15,15,15,15,15,15,15,15,15,15
122481,2,1,1998,0,0,0,0,0,0,0,0,0,0
122482,1,1,1998,0,0,0,0,4,0,0,0,0,0
122482,2,1,1998,0,0,0,0,0,0,0,0,0,0
122482,3,1,1998,0,0,0,0,0,0,0,0,0,0
122483,1,1,1998,0,0,0,0,0,0,0,0,0,0
122483,2,1,1998,0,0,0,0,0,0,0,0,0,0
122483,3,1,1998,0,0,0,0,0,0,0,0,0,0
122484,1,1,1998,0,0,0,0,0,0,0,0,0,0
122484,2,1,1998,0,0,0,0,0,0,0,0,0,0
122485,1,1,1998,0,0,0,0,0,0,0,0,0,0
122486,1,1,1998,0,0,0,0,0,0,0,0,0,0
122486,2,1,1998,0,0,0,0,0,0,7,12,0,0
122487,0,1,1998,0,0,0,0,0,0,0,0,0,0
122487,1,1,1998,0,0,0,0,0,0,0,0,0,0
122488,1,1,1998,0,0,0,0,0,5,0,0,0,0
122488,2,1,1998,0,0,0,0,0,0,0,0,0,0