ST_CASE,VEH_NO,PER_NO,YEAR,P1,P2,P3,P4,P5,P6,P7,P8,P9,P10
122489,0,1,1998,0,0,0,0,0,7,0,0,0,0
122489,1,1,1998,0,0,0,0,0,0,0,0,0,0
122490,1,1,1998,0,0,0,0,0,0,0,0,0,0
122490,2,1,1998,0,0,0,0,0,0,0,0,0,0
122491,1,1,1998,0,0,0,0,0,0,0,0,0,0
122491,2,1,1998,0,0,0,0,0,0,0,0,0,0
122492,0,1,1998,0,0,0,0,0,0,0,0,0,0
122492,1,1,1998,0,0,0,0,0,0,0,0,0,0
122493,1,1,1998,0,0,0,0,0,0,0,0,0,0
122493,2,1,1998,0,0,0,0,0,0,0,0,0,0
122494,0,1,1998,0,0,0,0,0,0,0,0,0,0
122494,1,1,1998,0,0,0,0,0,0,0,0,0,0
122495,0,1,1998,0,0,0,0,0,0,0,0,0,0
122495,1,1,1998,0,0,0,0,0,0,0,0,0,0
122496,1,1,1998,11,11,11,7,0,18,6,6,9,0
122497,0,1,1998,0,0,0,0,0,0,0,0,0,0
122497,1,1,1998,0,0,0,0,0,0,0,0,0,0
122498,0,1,1998,0,0,0,0,0,0,0,0,0,0
122498,1,1,1998,0,0,0,0,0,0,0,0,0,0
122499,1,1,1998,0,0,0,0,0,0,0,0,0,0
122499,2,1,1998,0,0,0,0,0,0,0,0,0,0
122500,1,1,1998,0,0,0,0,0,0,0,0,0,0
122500,2,1,1998,0,0,0,0,0,0,0,0,0,0
122501,0,1,1998,0,0,0,0,0,0,0,0,0,0
122501,1,1,1998,0,0,0,0,0,0,0,0,0,0
122502,0,1,1998,0,0,0,0,25,7,0,0,0,16
122502,1,1,1998,13,13,13,13,13,13,13,13,13,13
122503,0,1,1998,0,0,0,0,0,0,0,0,0,0
122503,1,1,1998,0,0,0,0,0,0,0,0,0,0
122504,0,1,1998,0,0,0,0,0,0,0,0,0,0
122504,1,1,1998,0,0,0,0,0,0,0,0,0,0
122505,1,1,1998,0,0,0,0,0,0,0,0,0,0
122506,1,1,1998,0,0,0,0,0,0,17,0,0,0
122507,1,1,1998,0,0,0,31,0,0,0,0,0,0
122507,2,1,1998,0,0,0,0,0,0,0,0,0,0
122508,1,1,1998,0,0,0,0,0,0,0,0,0,0
122508,2,1,1998,0,0,0,0,0,0,0,0,0,0
122509,0,1,1998,0,0,10,0,0,0,0,33,18,0
122509,1,1,1998,0,0,0,0,0,0,0,0,0,0
122510,0,1,1998,0,0,0,0,0,0,0,0,0,0
122510,1,1,1998,0,0,0,0,0,0,0,0,0,0
122511,0,1,1998,0,0,0,0,0,0,0,0,0,0
122511,1,1,1998,0,0,0,0,0,0,0,0,0,0
122512,1,1,1998,18,18,18,18,18,18,18,18,18,18
122513,1,1,1998,29,4,0,7,30,0,17,27,11,24
122514,1,1,1998,0,24,0,0,17,0,0,0,0,0
122514,2,1,1998,0,0,0,11,7,0,17,0,8,0
122515,1,1,1998,0,0,0,0,0,0,0,0,0,0
122516,1,1,1998,0,0,0,0,0,0,0,0,0,0
122517,1,1,1998,0,0,0,0,0,0,0,0,0,0
122518,1,1,1998,12,0,0,0,0,0,0,0,17,0
122518,2,1,1998,0,0,0,0,0,0,0,0,0,0
122519,1,1,1998,0,0,0,0,28,24,0,0,0,0
122519,2,1,1998,0,0,0,0,0,0,0,0,0,0
122519,3,1,1998,0,18,0,0,0,0,0,0,0,0
122519,4,1,1998,0,0,0,0,0,0,0,0,0,0
122520,1,1,1998,0,0,0,0,0,0,0,0,0,0
122520,2,1,1998,0,0,0,0,0,0,0,0,0,0
122521,1,1,1998,0,0,0,0,0,0,0,0,6,0
122522,0,1,1998,0,0,0,0,0,0,0,0,0,0
122522,1,1,1998,0,0,0,0,0,0,0,0,0,0
122523,1,1,1998,0,0,0,0,0,0,6,0,0,0
122524,1,1,1998,0,0,0,17,0,0,0,0,0,0
122524,2,1,1998,0,0,0,0,0,0,0,0,0,0
122525,1,1,1998,18,18,18,18,18,18,18,18,18,18
122526,1,1,1998,0,0,0,0,0,0,0,0,0,0
122526,2,1,1998,0,0,0,0,0,0,0,0,0,0
122527,1,1,1998,15,15,15,15,15,15,15,15,15,15
122528,1,1,1998,0,0,0,0,0,0,0,0,0,0
122528,2,1,1998,0,0,0,0,0,0,0,8,0,0
122529,1,1,1998,0,0,0,0,0,0,0,0,0,0
122529,2,1,1998,6,6,6,6,6,6,6,6,6,6
122530,1,1,1998,13,0,0,0,0,0,0,0,0,0
122530,2,1,1998,12,0,0,0,0,0,0,0,0,0
122530,3,1,1998,0,0,0,0,0,0,0,0,0,0
122530,4,1,1998,0,0,0,0,0,0,0,0,0,0
122530,5,1,1998,0,0,0,0,0,0,11,0,0,0
122530,6,1,1998,0,0,0,0,0,0,0,0,0,0
122530,7,1,1998,0,0,0,0,0,0,0,0,0,0
122531,0,1,1998,0,0,0,0,12,0,0,0,0,0
122531,1,1,1998,20,20,20,20,20,20,20,20,20,20
122532,1,1,1998,17,17,17,17,17,17,17,17,17,17
122532,2,1,1998,0,0,0,0,0,0,0,0,0,0
122533,0,1,1998,0,0,0,0,0,0,0,0,0,0
122533,1,1,1998,0,18,0,19,0,11,0,0,0,0
122534,1,1,1998,0,0,0,0,0,0,0,0,0,0
122534,2,1,1998,0,0,0,0,4,0,0,0,0,0
122535,1,1,1998,2,2,2,2,2,2,2,2,2,2
122535,2,1,1998,0,0,0,0,0,0,0,0,0,0
122536,1,1,1998,0,0,0,0,0,11,0,0,0,0
122536,2,1,1998,0,0,0,0,0,0,0,0,0,0
122537,1,1,1998,0,0,0,0,0,0,0,0,0,0
122537,2,1,1998,0,0,0,0,0,0,0,0,0,0
122538,0,1,1998,9,22,0,0,0,4,0,0,0,0
122538,1,1,1998,0,0,0,0,0,0,0,0,0,0
122539,1,1,1998,0,0,0,0,17,0,0,0,10,0
122540,1,1,1998,0,0,0,0,0,0,0,0,0,0
122540,2,1,1998,0,0,0,0,0,0,0,0,0,0
122541,1,1,1998,18,18,18,18,18,18,18,18,18,18
122542,0,1,1998,0,0,0,0,0,0,0,0,0,0
122542,0,2,1998,0,0,0,0,0,0,0,0,0,0
122542,0,3,1998,0,0,0,0,0,0,0,0,0,0
122542,1,1,1998,15,15,15,15,15,15,15,15,15,15
122543,1,1,1998,16,11,4,12,2,32,18,20,40,21
122544,1,1,1998,0,0,0,0,0,0,0,0,0,0
122544,2,1,1998,0,0,0,0,0,0,0,0,0,0
122545,0,1,1998,22,22,22,22,22,22,22,22,22,22
122545,1,1,1998,0,0,0,0,0,0,0,0,0,0
122546,0,1,1998,0,20,11,0,29,25,16,5,29,42
122546,1,1,1998,0,13,0,0,0,0,0,12,0,0
122547,0,1,1998,0,0,0,0,23,0,0,0,0,0
122547,1,1,1998,0,0,0,0,0,0,0,0,0,0
122548,0,1,1998,0,0,0,0,0,0,0,0,0,0
122548,1,1,1998,0,0,0,0,0,0,0,0,0,0
122549,1,1,1998,0,9,0,0,0,11,13,0,0,0
122550,1,1,1998,0,0,0,0,0,0,0,0,0,0
122550,2,1,1998,0,0,0,0,0,0,0,0,0,0
122551,1,1,1998,0,0,0,0,0,0,0,0,0,0
122551,2,1,1998,0,0,0,0,0,0,0,0,23,0
122552,1,1,1998,0,0,0,0,0,0,0,0,0,0
122552,2,1,1998,0,0,0,0,0,0,0,0,0,0
122553,1,1,1998,0,0,0,0,0,0,0,0,0,0
122553,2,1,1998,0,0,0,0,0,0,0,0,0,0
122554,1,1,1998,0,0,0,0,0,0,0,0,0,0
122554,2,1,1998,1,1,1,1,1,1,1,1,1,1
122555,1,1,1998,0,0,0,0,0,0,0,0,0,0
122555,2,1,1998,0,0,0,0,0,0,0,0,0,0
122555,3,1,1998,0,0,0,0,0,0,0,0,0,0
122556,1,1,1998,29,29,29,29,29,29,29,29,29,29
122556,2,1,1998,0,0,0,0,0,0,0,0,0,0
122557,0,1,1998,0,0,20,0,23,0,0,0,17,0
122557,1,1,1998,0,0,0,0,0,0,0,0,0,0
122558,1,1,1998,17,0,0,25,16,0,22,17,0,0
122558,2,1,1998,11,0,0,0,0,0,0,0,0,0
122559,0,1,1998,0,28,8,34,0,24,0,0,29,20
122559,1,1,1998,0,0,0,0,0,0,0,0,0,0
122560,1,1,1998,0,0,0,0,0,0,0,0,0,0
122560,2,1,1998,0,0,0,0,0,0,0,0,0,0
122561,1,1,1998,27,27,27,27,27,27,27,27,27,27
122561,2,1,1998,0,0,0,0,0,0,0,0,0,0
122562,1,1,1998,0,0,0,0,0,0,0,0,0,0
122562,2,1,1998,0,0,0,0,0,0,0,0,0,0
122563,1,1,1998,6,6,6,6,6,6,6,6,6,6
122563,2,1,1998,13,13,13,13,13,13,13,13,13,13
122564,1,1,1998,0,0,0,0,0,0,0,0,0,0
122565,1,1,1998,0,0,0,0,0,0,0,0,0,0
122565,2,1,1998,0,0,0,0,0,0,0,0,0,0
130001,1,1,1998,0,0,0,0,0,0,0,0,0,0
130001,2,1,1998,0,0,0,0,0,0,0,0,0,0
130002,1,1,1998,0,0,0,0,0,0,0,0,0,0
130003,1,1,1998,0,0,0,0,0,0,0,0,0,0
130003,2,1,1998,0,0,0,0,0,0,0,0,0,0
130004,1,1,1998,0,0,0,0,0,0,0,0,0,0
130005,1,1,1998,0,0,0,0,0,0,0,0,0,0
130005,2,1,1998,0,0,0,0,0,0,0,0,0,0
130006,1,1,1998,0,0,0,0,0,0,0,0,0,0
130007,1,1,1998,27,27,27,27,27,27,27,27,27,27
130008,1,1,1998,0,0,0,0,0,0,0,0,0,0
130008,2,1,1998,0,0,0,0,0,0,0,0,0,0
130008,3,1,1998,0,0,0,0,0,0,0,0,0,0
130009,0,1,1998,35,0,25,26,0,0,0,17,5,0
130009,1,1,1998,0,0,0,0,0,0,0,0,0,0
130010,1,1,1998,0,0,0,0,0,0,0,0,0,0
130010,2,1,1998,3,3,3,3,3,3,3,3,3,3
130011,1,1,1998,17,17,17,17,17,17,17,17,17,17
130012,1,1,1998,0,0,0,0,0,0,0,0,0,0
130013,1,1,1998,21,21,21,21,21,21,21,21,21,21
130014,1,1,1998,0,0,0,0,0,0,0,0,0,0
130015,0,1,1998,3,3,3,3,3,3,3,3,3,3
130015,1,1,1998,0,0,0,0,0,0,0,0,0,0
130016,1,1,1998,0,0,0,0,0,0,0,0,0,0
130016,2,1,1998,0,0,0,0,0,0,0,0,0,0
130017,1,1,1998,0,0,0,0,0,0,0,0,0,0
130017,2,1,1998,0,0,0,0,0,0,0,0,0,0
130017,3,1,1998,0,0,0,0,0,0,0,0,0,0
130018,0,1,1998,0,0,20,0,0,0,0,14,16,29
130018,1,1,1998,0,0,0,0,0,0,0,0,0,0
130019,1,1,1998,0,0,0,0,0,0,0,0,0,0
130019,2,1,1998,0,0,0,0,0,0,0,0,0,0
130020,1,1,1998,0,0,0,0,0,0,0,0,0,0
130020,2,1,1998,0,0,0,0,0,0,0,0,0,0
130021,1,1,1998,14,14,14,14,14,14,14,14,14,14
130022,1,1,1998,0,0,0,0,0,0,0,0,0,0
130022,2,1,1998,0,0,0,0,0,0,0,0,0,0
130023,1,1,1998,0,0,0,0,0,0,0,0,0,0
130023,2,1,1998,0,0,0,0,0,0,0,0,0,0
130024,1,1,1998,0,0,0,0,0,0,0,0,0,0
130025,1,1,1998,0,0,0,0,0,0,0,0,0,0
130025,2,1,1998,0,0,0,0,0,0,7,0,0,0
130026,1,1,1998,0,0,0,0,0,0,0,0,0,0
130026,2,1,1998,0,0,0,0,0,0,0,0,0,0
130027,0,1,1998,0,0,0,0,0,0,0,0,0,0
130027,1,1,1998,0,0,0,0,0,0,0,0,0,0
130028,1,1,1998,0,0,0,0,0,0,0,0,0,0
130028,2,1,1998,0,0,0,0,0,0,0,0,0,0
130029,1,1,1998,0,0,0,0,0,0,0,0,0,0
130029,2,1,1998,8,0,23,12,0,0,21,0,16,0
130030,1,1,1998,0,0,0,0,0,0,0,19,0,0
130031,1,1,1998,0,0,0,0,0,0,0,0,0,0
130031,2,1,1998,0,0,0,0,0,0,0,0,0,0
130031,3,1,1998,0,0,0,0,0,0,0,0,0,0
130032,1,1,1998,0,0,0,0,0,0,0,0,0,0
130033,1,1,1998,4,4,4,4,4,4,4,4,4,4
130034,1,1,1998,0,0,0,0,0,0,0,0,0,0
130034,2,1,1998,0,0,0,0,0,0,0,0,0,0
130035,1,1,1998,0,0,0,0,14,0,0,0,0,0
130035,2,1,1998,0,0,0,0,0,0,0,0,0,0
130036,1,1,1998,4,4,4,4,4,4,4,4,4,4
130037,1,1,1998,15,15,15,15,15,15,15,15,15,15
130038,1,1,1998,0,0,0,0,0,0,0,0,0,0
130038,2,1,1998,0,0,0,0,0,0,0,0,0,0
130038,3,1,1998,0,0,0,0,0,0,0,0,0,0
130039,1,1,1998,24,24,24,24,24,24,24,24,24,24
130040,0,1,1998,0,0,0,0,0,0,0,0,0,0
130040,1,1,1998,0,0,0,0,0,0,0,0,0,0
130040,2,1,1998,0,0,0,0,0,0,0,0,0,0
130041,1,1,1998,0,0,0,0,0,0,0,0,0,0
130041,2,1,1998,0,0,0,0,0,0,0,0,0,0
130042,1,1,1998,0,0,0,0,0,0,0,0,0,0
130043,1,1,1998,0,0,0,0,0,0,0,0,0,0
130044,1,1,1998,0,0,0,0,0,0,0,0,0,0
130045,1,1,1998,15,15,15,15,15,15,15,15,15,15
130046,1,1,1998,21,21,21,21,21,21,21,21,21,21
130047,1,1,1998,0,0,0,0,0,0,0,0,0,0
130047,2,1,1998,0,0,0,0,0,0,0,0,0,0
130048,1,1,1998,0,0,0,0,0,0,0,0,0,0
130049,0,1,1998,0,0,0,0,0,0,0,0,0,0
130049,1,1,1998,0,0,0,0,0,0,0,0,0,0
130050,1,1,1998,0,0,0,0,0,0,0,0,0,0
130050,2,1,1998,0,0,0,10,0,0,0,0,0,0
130051,1,1,1998,24,24,24,24,24,24,24,24,24,24
130052,1,1,1998,0,0,0,0,0,0,0,0,0,0
130052,2,1,1998,0,0,0,0,0,0,0,0,0,0
130053,1,1,1998,0,0,0,0,0,0,0,0,0,0
130054,0,1,1998,0,0,0,0,0,0,0,0,0,0
130054,1,1,1998,0,0,0,0,0,0,0,0,0,0
130055,1,1,1998,10,10,10,10,10,10,10,10,10,10
130055,2,1,1998,0,0,0,0,0,0,0,0,0,0
130056,1,1,1998,0,0,0,0,0,0,0,0,0,0
130056,2,1,1998,2,2,2,2,2,2,2,2,2,2
130057,1,1,1998,0,0,0,0,0,0,0,0,0,0
130057,2,1,1998,0,0,0,0,0,0,0,0,0,0
130058,1,1,1998,0,14,0,0,0,0,0,0,0,0
130058,2,1,1998,0,0,0,0,0,0,0,0,0,0
130059,1,1,1998,0,0,0,0,0,0,0,0,0,0
130059,2,1,1998,0,0,0,0,0,0,0,0,0,0
130059,3,1,1998,0,0,0,0,0,0,0,0,0,0
130060,1,1,1998,23,23,23,23,23,23,23,23,23,23
130061,0,1,1998,6,6,6,6,6,6,6,6,6,6
130061,1,1,1998,0,0,0,0,0,0,0,0,0,0
130062,1,1,1998,0,0,0,0,0,0,0,0,0,0
130062,2,1,1998,0,0,0,0,0,0,0,0,0,0
130063,1,1,1998,0,0,0,0,0,0,0,0,0,0
130063,2,1,1998,0,0,0,0,0,0,0,0,0,0
130064,1,1,1998,18,18,18,18,18,18,18,18,18,18
130064,2,1,1998,0,0,0,0,0,0,0,0,0,0
130065,1,1,1998,0,0,0,0,0,0,0,0,0,0
130065,2,1,1998,0,0,0,0,0,0,0,0,0,0
130066,1,1,1998,0,0,0,0,0,0,0,0,0,0
130066,2,1,1998,0,0,0,0,0,0,0,0,0,0
130067,0,1,1998,30,30,30,30,30,30,30,30,30,30
130067,1,1,1998,0,0,0,0,0,0,0,0,0,0
130068,1,1,1998,0,0,0,0,0,0,0,0,0,0
130069,1,1,1998,0,0,0,0,0,0,0,0,0,0
130069,2,1,1998,0,0,0,0,0,0,0,0,0,0
130070,1,1,1998,0,0,0,0,0,0,0,0,0,0
130070,2,1,1998,0,0,0,0,0,0,0,0,0,0
130071,1,1,1998,0,0,0,0,0,0,0,0,0,0
130071,2,1,1998,0,0,0,0,0,0,0,0,0,0
130072,1,1,1998,0,0,14,0,0,0,0,0,0,17
130073,0,1,1998,26,26,26,26,26,26,26,26,26,26
130073,1,1,1998,0,0,0,0,0,0,0,24,0,24
130074,1,1,1998,17,17,17,17,17,17,17,17,17,17
130075,1,1,1998,0,0,0,0,0,0,0,0,0,0
130075,2,1,1998,0,0,0,0,0,0,0,0,0,0
130076,1,1,1998,34,34,34,34,34,34,34,34,34,34
130077,1,1,1998,9,9,9,9,9,9,9,9,9,9
130078,1,1,1998,0,37,12,22,27,12,0,26,18,0
130080,1,1,1998,0,0,0,0,0,0,0,0,0,0
130080,2,1,1998,0,0,0,0,0,0,0,0,0,0
130081,1,1,1998,17,17,17,17,17,17,17,17,17,17
130082,1,1,1998,0,0,0,0,0,0,0,0,0,0
130082,2,1,1998,0,0,0,0,0,0,0,0,0,0
130083,1,1,1998,11,11,11,11,11,11,11,11,11,11
130083,2,1,1998,0,0,0,0,0,0,0,0,0,0
130084,1,1,1998,0,0,0,0,0,0,0,0,0,0
130085,1,1,1998,14,14,14,14,14,14,14,14,14,14
130086,1,1,1998,0,0,0,0,0,0,0,0,0,0
130087,1,1,1998,0,0,0,0,0,0,0,0,0,0
130088,1,1,1998,0,0,0,0,0,0,0,0,0,0
130088,2,1,1998,0,0,0,0,0,0,0,0,0,0
130089,1,1,1998,0,0,0,0,0,0,0,0,0,0
130089,2,1,1998,0,0,0,0,0,0,0,0,0,0
130090,1,1,1998,0,0,0,0,0,0,0,0,0,0
130091,1,1,1998,0,0,0,0,0,0,0,0,0,0
130091,2,1,1998,0,0,0,0,0,0,0,0,0,0
130092,1,1,1998,0,0,0,0,0,0,0,0,0,0
130092,2,1,1998,0,0,0,0,0,0,0,0,0,0
130093,1,1,1998,0,0,0,0,0,0,0,0,0,0
130094,1,1,1998,0,0,0,0,0,0,0,0,0,0
130094,2,1,1998,0,0,0,0,0,0,0,0,0,0
130095,1,1,1998,0,0,0,0,0,0,0,0,0,0
130095,2,1,1998,0,0,0,0,0,0,0,0,0,0
130095,3,1,1998,0,0,0,0,0,0,0,0,0,0
130095,4,1,1998,0,0,0,0,0,0,0,0,0,0
130096,1,1,1998,0,0,0,0,0,0,0,0,0,0
130096,2,1,1998,0,0,0,0,0,0,0,0,0,0
130097,1,1,1998,11,11,11,11,11,11,11,11,11,11
130098,1,1,1998,0,0,0,0,0,0,0,0,0,0
130099,1,1,1998,0,0,0,0,0,0,0,0,0,0
130100,1,1,1998,0,0,0,0,0,0,0,0,0,0
130100,2,1,1998,14,14,14,14,14,14,14,14,14,14
130101,1,1,1998,0,0,0,0,0,0,0,0,0,0
130101,2,1,1998,3,3,3,3,3,3,3,3,3,3
130102,1,1,1998,0,0,0,0,0,0,0,0,0,0
130102,2,1,1998,0,0,0,0,0,0,0,0,0,0
130103,0,1,1998,16,16,16,16,16,16,16,16,16,16
130103,1,1,1998,0,0,0,0,0,0,0,0,0,0
130104,1,1,1998,0,0,0,0,0,0,0,0,0,0
130105,1,1,1998,0,0,0,0,0,0,0,0,0,0
130106,1,1,1998,0,0,0,0,0,0,0,0,0,0
130107,1,1,1998,9,9,9,9,9,9,9,9,9,9
130108,0,1,1998,0,0,0,0,0,0,0,0,0,0
130108,1,1,1998,0,0,0,0,0,0,0,0,0,0
130109,0,1,1998,23,23,23,23,23,23,23,23,23,23
130109,1,1,1998,0,0,0,0,0,0,0,0,0,0
130110,1,1,1998,21,21,21,21,21,21,21,21,21,21
130111,0,1,1998,0,0,0,0,0,0,0,0,0,0
130111,1,1,1998,0,0,0,8,0,0,0,7,0,13
130112,1,1,1998,27,27,27,27,27,27,27,27,27,27
130113,1,1,1998,0,0,0,0,0,0,0,0,0,0
130113,2,1,1998,0,0,0,0,0,0,0,0,0,0
130114,0,1,1998,29,17,28,9,12,8,35,27,10,7
130114,2,1,1998,19,19,19,19,19,19,19,19,19,19
130115,1,1,1998,8,16,12,28,27,22,19,0,19,8
130115,2,1,1998,9,0,16,0,0,0,0,0,0,0
130116,1,1,1998,0,0,0,0,0,0,0,0,0,0
130117,1,1,1998,16,16,16,16,16,16,16,16,16,16
130118,1,1,1998,0,0,0,0,0,0,0,0,0,0
130119,1,1,1998,0,0,0,0,0,0,0,0,0,0
130120,1,1,1998,0,0,0,0,0,0,0,0,0,0
130120,2,1,1998,0,0,0,0,0,0,0,0,0,0
130121,1,1,1998,0,0,0,0,0,0,0,0,0,0
130121,2,1,1998,0,0,0,0,0,0,0,0,0,0
130122,1,1,1998,0,0,0,0,0,0,0,0,0,0
130122,2,1,1998,0,0,0,0,0,0,0,0,0,0
130123,1,1,1998,15,15,15,15,15,15,15,15,15,15
130124,1,1,1998,4,4,4,4,4,4,4,4,4,4
130124,2,1,1998,0,0,0,0,0,0,0,0,0,0
130125,1,1,1998,0,0,0,0,0,0,0,0,0,0
130126,1,1,1998,0,0,0,0,0,0,0,0,0,0
130126,2,1,1998,6,6,6,6,6,6,6,6,6,6
130127,1,1,1998,0,0,0,0,0,0,0,0,0,0
130128,1,1,1998,21,21,21,21,21,21,21,21,21,21
130129,1,1,1998,0,0,0,0,0,0,0,0,0,0
130129,2,1,1998,27,27,27,27,27,27,27,27,27,27
130129,3,1,1998,0,0,0,0,0,0,0,0,0,0
130129,4,1,1998,0,0,0,14,0,0,0,0,0,0
130129,5,1,1998,25,0,26,2,3,24,0,0,0,0
130129,6,1,1998,0,0,0,0,0,0,0,0,0,0
130130,1,1,1998,0,0,0,0,0,0,0,0,0,0
130130,2,1,1998,0,0,0,0,0,0,0,0,0,0
130131,1,1,1998,28,28,28,28,28,28,28,28,28,28
130131,2,1,1998,0,0,0,0,0,0,0,0,0,0
130132,1,1,1998,20,20,20,20,20,20,20,20,20,20
130133,1,1,1998,0,0,0,0,0,0,0,0,0,0
130133,2,1,1998,0,0,0,0,0,0,0,0,0,0
130134,1,1,1998,0,0,0,0,0,0,0,0,0,0
130134,2,1,1998,0,0,0,0,0,0,0,0,0,0
130135,0,1,1998,32,32,32,32,32,32,32,32,32,32
130135,1,1,1998,0,0,0,0,0,0,0,0,0,0
130136,1,1,1998,0,0,0,0,0,0,0,0,0,0
130136,2,1,1998,0,0,0,0,0,0,0,0,0,0
130137,1,1,1998,0,0,0,0,0,0,0,0,0,0
130137,2,1,1998,0,0,0,0,0,0,0,0,0,0
130138,1,1,1998,0,0,0,0,0,0,0,0,0,0
130138,2,1,1998,0,0,0,0,0,0,0,0,0,0
130139,1,1,1998,0,0,0,0,0,0,0,0,0,0
130140,1,1,1998,24,24,24,24,24,24,24,24,24,24
130141,1,1,1998,0,0,0,0,0,0,0,0,0,0
130141,2,1,1998,0,0,0,0,0,0,0,0,0,0
130142,1,1,1998,0,0,0,0,0,0,0,0,0,0
130142,2,1,1998,0,0,0,0,0,6,0,0,0,0
130142,3,1,1998,0,0,0,0,0,0,0,0,0,0
130143,1,1,1998,0,0,0,0,0,0,0,0,0,0
130143,2,1,1998,0,0,0,0,0,0,0,0,0,0
130144,1,1,1998,0,0,0,0,0,0,0,0,0,0
130144,2,1,1998,0,0,0,0,0,0,0,0,0,0
130145,1,1,1998,26,26,26,26,26,26,26,26,26,26
130145,2,1,1998,0,0,0,0,0,0,0,0,0,0
130146,1,1,1998,0,0,0,0,0,7,0,0,0,0
130147,1,1,1998,22,22,22,22,22,22,22,22,22,22
130148,1,1,1998,24,24,24,24,24,24,24,24,24,24
130148,2,1,1998,0,0,0,0,0,0,0,0,0,0
130149,1,1,1998,13,13,13,13,13,13,13,13,13,13
130150,1,1,1998,0,0,0,0,0,0,0,0,0,0
130150,2,1,1998,0,0,0,0,0,0,0,0,0,0
130151,1,1,1998,0,0,0,0,0,0,0,0,0,0
130151,2,1,1998,0,0,0,0,0,0,0,0,0,0
130152,1,1,1998,20,20,20,20,20,20,20,20,20,20
130153,0,1,1998,0,0,0,0,0,0,0,0,0,0
130153,1,1,1998,0,0,0,0,0,0,0,0,0,0
130154,1,1,1998,0,0,0,0,0,0,0,0,0,0
130155,1,1,1998,11,0,2,0,0,0,0,0,0,0
130156,1,1,1998,0,0,0,0,0,0,0,0,0,0
130156,2,1,1998,0,0,0,0,0,0,0,0,0,0
130157,1,1,1998,0,0,0,0,0,0,0,0,0,0
130158,1,1,1998,6,6,6,6,6,6,6,6,6,6
130158,2,1,1998,0,0,0,0,0,0,0,0,0,0
130159,1,1,1998,15,15,15,15,15,15,15,15,15,15
130160,1,1,1998,0,0,0,0,0,0,0,0,0,0
130160,2,1,1998,0,0,0,0,0,0,0,0,0,0
130161,1,1,1998,18,18,18,18,18,18,18,18,18,18
130162,1,1,1998,0,0,0,0,0,0,0,0,0,0
130162,2,1,1998,12,12,12,12,12,12,12,12,12,12
130163,1,1,1998,0,0,0,0,0,0,0,0,0,0
130163,2,1,1998,0,0,0,0,0,0,0,0,0,0
130164,0,1,1998,8,8,8,8,8,8,8,8,8,8
130164,0,2,1998,14,7,28,28,27,0,0,0,10,30
130164,1,1,1998,24,24,24,24,24,24,24,24,24,24
130165,1,1,1998,26,26,26,26,26,26,26,26,26,26
130166,1,1,1998,14,14,14,14,14,14,14,14,14,14
130167,1,1,1998,11,11,11,11,11,11,11,11,11,11
130168,1,1,1998,7,7,7,7,7,7,7,7,7,7
130169,1,1,1998,0,15,0,0,0,0,0,0,0,0
130170,1,1,1998,0,0,0,0,0,0,0,0,0,0
130171,0,1,1998,0,0,0,0,0,0,0,0,0,0
130171,1,1,1998,0,0,0,0,0,0,0,0,0,0
130172,1,1,1998,0,0,0,0,0,0,0,0,0,0
130172,2,1,1998,0,0,0,0,0,0,0,0,0,0
130172,3,1,1998,0,0,0,0,0,0,0,0,0,0
130172,4,1,1998,0,0,0,0,0,0,0,0,0,0
130172,5,1,1998,0,0,0,0,0,0,0,0,0,0
130172,6,1,1998,0,0,0,0,0,4,0,0,0,0
130172,7,1,1998,0,0,0,0,0,0,0,0,0,0
130173,1,1,1998,0,0,0,0,0,0,0,0,0,0
130174,1,1,1998,28,28,28,28,28,28,28,28,28,28
130175,1,1,1998,0,0,0,0,0,0,0,0,0,0
130175,2,1,1998,3,3,3,3,3,3,3,3,3,3
130176,0,1,1998,23,13,21,14,2,0,0,30,15,0
130176,1,1,1998,0,21,0,27,0,11,12,0,0,0
130177,1,1,1998,0,0,0,0,0,0,0,0,0,0
130177,2,1,1998,0,0,0,0,0,0,6,12,0,0
130178,1,1,1998,25,25,25,25,25,25,25,25,25,25
130178,2,1,1998,18,18,18,18,18,18,18,18,18,18
130179,1,2,1998,16,8,11,0,43,18,16,0,0,8
130180,0,1,1998,0,0,0,0,0,0,31,0,0,0
130180,1,1,1998,0,0,0,0,0,0,0,0,0,0
130181,0,1,1998,0,0,0,0,0,0,0,0,0,0
130181,1,1,1998,0,0,0,0,0,0,0,0,0,0
130182,1,1,1998,0,0,0,0,0,0,0,0,0,0
130183,1,1,1998,19,19,19,19,19,19,19,19,19,19
130184,1,1,1998,0,0,0,0,0,0,0,0,0,0
130184,2,1,1998,0,0,0,0,0,0,0,0,0,0
130185,1,1,1998,34,34,34,34,34,34,34,34,34,34
130186,1,1,1998,0,0,0,0,0,0,0,0,0,0
130186,2,1,1998,0,0,0,0,0,0,0,0,0,0
130187,1,1,1998,0,0,0,0,0,0,0,0,0,0
130187,2,1,1998,0,0,0,0,0,0,0,0,0,0
130188,1,1,1998,0,0,0,0,0,0,0,0,0,0
130188,2,1,1998,0,0,0,0,0,0,0,0,0,0
130189,1,1,1998,0,0,0,0,0,0,0,0,0,0
130189,2,1,1998,0,0,0,0,0,0,0,0,0,0
130190,1,1,1998,5,5,5,5,5,5,5,5,5,5
130190,2,1,1998,0,0,0,0,0,0,0,0,0,0
130192,1,1,1998,0,0,0,23,11,0,0,22,0,0
130193,1,1,1998,0,0,0,0,0,0,0,0,0,0
130193,2,1,1998,0,0,0,0,13,0,0,0,0,0