ST_CASE,VEH_NO,PER_NO,YEAR,P1,P2,P3,P4,P5,P6,P7,P8,P9,P10
130194,1,1,1998,0,0,0,0,0,0,0,0,0,0
130195,1,1,1998,0,0,0,0,0,0,0,0,0,0
130195,2,1,1998,0,0,0,0,0,0,0,0,0,0
130196,1,1,1998,24,24,24,24,24,24,24,24,24,24
130197,1,1,1998,0,0,0,0,0,0,0,0,0,0
130198,0,1,1998,0,0,0,0,0,0,0,0,0,0
130198,1,1,1998,0,0,0,0,0,0,0,0,0,0
130199,1,1,1998,0,0,0,0,0,0,0,0,0,0
130200,1,1,1998,21,21,21,21,21,21,21,21,21,21
130201,1,1,1998,0,39,17,0,20,0,12,24,18,11
130202,1,1,1998,12,12,12,12,12,12,12,12,12,12
130203,1,1,1998,0,0,0,0,0,0,0,0,0,0
130204,1,1,1998,0,0,0,0,0,0,0,0,0,0
130204,2,1,1998,0,0,0,0,0,0,0,0,0,0
130205,1,1,1998,0,0,0,0,0,0,0,0,0,0
130206,1,1,1998,0,0,0,0,0,0,0,0,0,0
130206,2,1,1998,0,0,0,0,0,0,0,0,0,0
130207,1,1,1998,0,0,0,0,0,0,0,0,0,0
130208,1,1,1998,17,17,15,16,6,13,17,34,18,8
130209,1,1,1998,0,0,0,0,0,0,0,0,0,0
130209,2,1,1998,0,0,0,0,0,0,0,0,0,0
130210,1,1,1998,0,0,0,0,0,0,0,0,0,0
130211,1,1,1998,0,0,0,0,0,0,0,0,0,0
130211,2,1,1998,0,0,0,0,0,0,0,0,0,0
130212,1,1,1998,0,0,0,0,0,0,0,0,0,0
130212,2,1,1998,0,0,0,0,0,0,0,0,0,0
130213,1,1,1998,9,9,9,9,9,9,9,9,9,9
130214,1,1,1998,6,0,0,0,0,0,0,0,0,0
130215,0,1,1998,31,31,31,31,31,31,31,31,31,31
130215,1,1,1998,0,0,0,0,0,0,0,0,0,0
130216,1,1,1998,0,0,0,0,0,0,0,0,0,0
130216,2,1,1998,0,0,0,0,0,0,0,0,0,0
130217,0,1,1998,25,8,15,0,11,35,0,0,0,0
130217,0,2,1998,0,0,0,0,0,0,0,0,0,0
130217,0,3,1998,0,0,0,0,0,0,0,0,0,0
130217,1,1,1998,0,0,0,0,0,0,0,0,0,0
130218,1,1,1998,0,0,0,0,0,0,0,0,0,0
130218,2,1,1998,0,0,0,0,0,0,0,0,3,0
130219,1,1,1998,0,0,0,0,0,0,0,0,0,0
130220,1,1,1998,0,0,17,0,0,0,0,0,0,0
130220,2,1,1998,0,0,0,0,0,0,0,0,0,0
130221,1,1,1998,7,0,35,14,28,20,11,35,0,25
130222,1,1,1998,0,0,0,0,0,0,0,0,0,0
130222,2,1,1998,0,0,0,0,0,0,0,0,0,0
130223,1,1,1998,0,0,0,0,0,0,0,0,0,0
130223,2,1,1998,0,0,0,0,0,0,0,0,0,0
130224,1,1,1998,0,0,0,0,0,0,0,0,0,0
130224,2,1,1998,0,0,0,0,0,0,0,0,0,0
130225,1,1,1998,19,19,19,19,19,19,19,19,19,19
130225,2,1,1998,2,2,2,2,2,2,2,2,2,2
130226,1,1,1998,12,12,12,12,12,12,12,12,12,12
130227,1,1,1998,0,0,0,0,0,0,0,0,0,0
130227,2,1,1998,0,0,0,0,0,0,0,0,0,0
130228,1,1,1998,0,0,0,0,0,0,0,0,0,0
130229,1,1,1998,0,0,0,0,0,0,0,0,0,0
130230,0,1,1998,0,0,0,0,0,0,0,0,0,0
130230,1,1,1998,8,8,8,8,8,8,8,8,8,8
130231,1,1,1998,0,0,0,15,0,0,11,0,0,13
130231,2,1,1998,0,0,0,0,0,0,0,0,0,0
130232,1,1,1998,0,0,0,0,0,0,0,0,0,0
130232,2,1,1998,0,0,0,0,0,0,0,0,0,0
130233,1,1,1998,0,0,0,0,0,0,0,0,0,0
130233,2,1,1998,0,0,0,0,0,0,0,0,0,0
130234,1,1,1998,0,0,30,0,0,24,6,21,33,0
130235,1,1,1998,19,19,19,19,19,19,19,19,19,19
130236,1,1,1998,0,0,0,0,0,0,0,0,0,0
130237,1,1,1998,0,0,0,0,0,0,0,0,0,0
130237,2,1,1998,0,0,0,0,0,0,0,0,0,0
130237,3,1,1998,0,0,0,0,0,0,0,0,0,0
130238,1,1,1998,0,0,0,0,0,0,0,0,0,0
130238,2,1,1998,0,0,0,0,0,0,0,0,0,0
130239,0,1,1998,0,0,0,0,0,0,0,0,0,0
130239,1,1,1998,0,0,0,0,0,0,0,0,0,0
130240,1,1,1998,0,0,0,0,0,0,0,0,0,0
130240,2,1,1998,0,0,0,0,0,0,0,0,0,0
130241,1,1,1998,0,0,0,0,0,0,0,0,0,0
130241,2,1,1998,0,0,0,0,0,0,0,0,0,0
130242,1,1,1998,29,29,29,29,29,29,29,29,29,29
130243,1,1,1998,6,6,6,6,6,6,6,6,6,6
130244,1,1,1998,22,22,22,22,22,22,22,22,22,22
130245,1,1,1998,0,0,0,0,0,0,0,0,0,0
130245,2,1,1998,0,0,0,0,0,0,0,0,0,0
130246,1,1,1998,0,0,0,0,0,0,0,0,0,0
130246,2,1,1998,0,0,0,0,0,0,0,0,0,0
130247,1,1,1998,34,34,34,34,34,34,34,34,34,34
130248,1,1,1998,0,0,0,0,0,0,0,0,0,0
130248,2,1,1998,0,0,0,0,0,0,0,0,0,0
130249,1,1,1998,0,0,0,0,0,0,0,0,0,0
130250,1,1,1998,0,0,0,0,9,0,0,5,0,0
130251,1,1,1998,0,0,0,0,0,0,0,0,0,0
130252,1,1,1998,0,0,0,0,0,0,0,0,0,0
130253,1,1,1998,7,14,8,12,13,5,17,0,0,35
130254,1,1,1998,0,0,0,0,0,0,0,0,0,0
130254,2,1,1998,0,0,0,0,0,0,0,0,0,0
130255,1,1,1998,0,0,0,0,0,0,0,0,0,0
130255,2,1,1998,0,0,0,0,0,0,0,0,0,0
130256,1,1,1998,16,16,16,16,16,16,16,16,16,16
130256,2,1,1998,0,0,0,0,0,0,0,0,0,0
130257,1,1,1998,28,28,28,28,28,28,28,28,28,28
130258,1,1,1998,0,0,0,0,0,0,0,0,0,0
130258,2,1,1998,0,0,0,0,0,0,0,0,0,0
130259,1,1,1998,0,0,0,0,0,0,0,0,0,0
130259,2,1,1998,0,0,0,0,0,0,0,0,0,0
130259,3,1,1998,0,0,0,0,0,0,0,0,0,0
130259,4,1,1998,0,0,0,0,0,0,0,0,0,0
130259,5,1,1998,0,0,0,0,0,0,0,0,0,0
130259,6,1,1998,5,5,5,5,5,5,5,5,5,5
130260,1,1,1998,15,15,15,15,15,15,15,15,15,15
130261,2,1,1998,0,0,0,0,0,0,0,0,0,0
130262,1,1,1998,0,0,0,0,0,0,0,0,0,0
130262,2,1,1998,0,0,0,0,0,0,0,0,0,0
130262,3,1,1998,0,0,0,0,0,0,0,0,0,0
130263,1,1,1998,27,27,27,27,27,27,27,27,27,27
130264,1,1,1998,16,16,16,16,16,16,16,16,16,16
130265,1,1,1998,0,0,0,0,0,0,0,0,0,0
130266,1,1,1998,0,0,0,0,0,0,0,0,0,0
130266,2,1,1998,0,0,0,0,0,0,0,0,0,0
130267,1,1,1998,0,0,0,0,0,0,0,0,0,0
130267,2,1,1998,11,11,11,11,11,11,11,11,11,11
130268,1,1,1998,0,0,0,0,0,0,0,0,0,0
130268,2,1,1998,0,0,0,0,0,0,0,0,0,0
130269,1,1,1998,29,29,29,29,29,29,29,29,29,29
130270,1,1,1998,0,0,0,0,0,0,0,0,0,0
130270,2,1,1998,0,0,0,0,0,0,0,0,0,0
130271,1,1,1998,0,0,0,0,0,0,0,0,0,0
130271,2,1,1998,0,0,0,0,0,0,0,0,0,0
130272,1,1,1998,5,5,5,5,5,5,5,5,5,5
130273,1,1,1998,0,0,0,0,0,0,0,0,0,0
130273,2,1,1998,0,0,0,0,0,0,0,0,0,0
130274,1,1,1998,0,0,0,0,0,0,0,0,0,0
130275,1,1,1998,27,27,27,27,27,27,27,27,27,27
130276,1,1,1998,21,21,21,21,21,21,21,21,21,21
130276,2,1,1998,0,0,0,0,0,0,0,0,0,0
130277,1,1,1998,20,20,20,20,20,20,20,20,20,20
130278,1,1,1998,0,0,0,10,0,0,10,14,9,0
130278,2,1,1998,0,0,0,0,0,0,0,0,0,0
130279,1,1,1998,0,0,0,0,0,0,0,0,0,0
130279,2,1,1998,0,0,0,0,0,0,0,0,0,0
130280,1,1,1998,0,0,0,0,0,0,0,0,0,0
130280,2,1,1998,0,0,0,0,0,0,0,0,0,0
130281,1,1,1998,19,19,19,19,19,19,19,19,19,19
130282,1,1,1998,14,14,14,14,14,14,14,14,14,14
130282,2,1,1998,0,0,0,0,0,0,0,0,0,0
130283,1,1,1998,0,0,0,0,0,0,0,0,0,0
130283,2,1,1998,0,0,0,0,0,0,0,0,0,0
130284,1,1,1998,0,0,0,0,0,0,0,0,0,0
130284,2,1,1998,0,0,0,22,0,0,0,0,0,0
130285,1,1,1998,0,0,0,0,0,0,0,0,0,0
130285,2,1,1998,0,0,0,0,0,0,0,0,0,0
130286,1,1,1998,0,20,0,0,0,0,0,0,0,0
130286,2,1,1998,0,0,0,0,0,0,0,0,0,0
130287,1,1,1998,0,18,0,0,0,0,0,0,0,0
130288,1,1,1998,0,0,0,0,0,0,0,0,0,0
130288,2,1,1998,0,0,0,0,0,0,0,0,0,0
130289,1,1,1998,0,5,11,0,11,26,0,0,9,0
130290,1,1,1998,0,0,0,0,0,0,0,0,0,0
130290,2,1,1998,0,0,13,0,0,0,25,0,0,0
130291,0,1,1998,0,0,0,0,0,0,0,0,0,8
130291,1,1,1998,0,0,0,0,0,0,0,0,0,0
130292,1,1,1998,0,0,0,0,0,0,0,0,0,0
130292,2,1,1998,0,0,0,0,0,0,0,0,0,0
130293,0,1,1998,0,0,0,0,0,0,0,0,0,0
130293,1,1,1998,0,0,0,0,0,0,0,0,0,0
130294,1,1,1998,0,0,0,0,0,0,0,0,0,0
130294,2,1,1998,0,0,0,0,0,0,0,0,0,0
130295,1,1,1998,0,0,0,0,0,0,0,0,0,0
130295,2,1,1998,0,0,0,0,0,0,0,0,0,0
130296,1,1,1998,0,0,0,0,0,0,0,0,0,0
130297,1,1,1998,0,0,0,0,0,0,0,0,0,0
130297,2,1,1998,5,5,5,5,5,5,5,5,5,5
130298,1,1,1998,0,0,0,0,0,0,0,0,0,0
130299,1,1,1998,25,25,25,25,25,25,25,25,25,25
130299,2,1,1998,18,18,18,18,18,18,18,18,18,18
130300,1,1,1998,22,22,22,22,22,22,22,22,22,22
130301,1,1,1998,0,0,0,0,0,0,0,0,0,0
130301,2,1,1998,0,0,0,0,0,0,0,0,0,0
130302,1,1,1998,0,0,0,0,0,0,0,0,0,0
130302,2,1,1998,0,0,0,0,0,0,0,4,11,0
130303,1,1,1998,0,0,0,0,0,0,0,0,0,0
130303,2,1,1998,0,0,0,0,0,0,0,0,0,0
130304,1,1,1998,0,0,0,0,0,0,0,0,0,0
130305,1,1,1998,11,11,11,11,11,11,11,11,11,11
130306,0,1,1998,0,0,0,0,0,0,0,0,0,0
130306,1,1,1998,0,0,0,0,0,0,0,0,0,0
130307,1,1,1998,0,0,0,0,0,0,0,0,0,0
130308,1,1,1998,0,0,0,0,0,0,0,0,0,0
130308,2,1,1998,0,15,0,0,0,0,0,0,0,0
130309,1,1,1998,2,2,2,2,2,2,2,2,2,2
130309,2,1,1998,0,0,0,0,0,0,0,0,0,0
130309,3,1,1998,0,0,0,0,0,0,0,0,0,0
130310,1,1,1998,0,0,0,0,0,0,0,0,0,0
130311,0,1,1998,0,0,0,0,0,0,0,0,0,0
130311,1,1,1998,0,0,0,0,0,0,0,0,0,0
130312,1,1,1998,0,0,0,0,0,0,0,0,0,0
130312,2,1,1998,0,0,0,0,0,0,0,0,0,0
130313,1,1,1998,0,0,0,0,0,0,0,0,0,0
130314,1,1,1998,0,0,0,0,0,0,0,0,0,0
130314,2,1,1998,0,0,0,0,0,0,0,0,0,0
130315,0,1,1998,0,0,0,0,0,0,0,0,0,0
130315,1,1,1998,0,0,0,0,0,0,0,0,0,0
130316,1,1,1998,19,8,0,0,7,0,13,0,30,0
130317,1,1,1998,0,0,0,0,0,0,0,0,0,0
130317,2,1,1998,0,0,0,0,0,0,0,0,0,0
130318,1,1,1998,0,0,0,0,0,0,0,0,0,0
130318,2,1,1998,0,0,0,0,0,0,0,0,0,0
130319,1,1,1998,0,0,0,0,0,0,0,0,0,0
130319,2,1,1998,0,0,0,0,0,0,0,0,0,0
130320,1,1,1998,25,25,25,25,25,25,25,25,25,25
130321,1,1,1998,0,0,0,0,0,0,0,0,0,0
130321,2,1,1998,0,0,0,0,0,0,0,0,0,0
130322,1,1,1998,0,0,0,0,0,0,0,0,0,0
130323,1,1,1998,0,0,0,0,0,0,0,0,0,0
130323,2,1,1998,0,0,0,0,0,0,0,0,0,0
130324,1,1,1998,0,0,0,0,0,0,0,0,0,0
130324,2,1,1998,9,9,9,9,9,9,9,9,9,9
130325,1,1,1998,14,14,14,14,14,14,14,14,14,14
130325,2,1,1998,0,0,0,0,0,0,0,0,0,0
130326,1,1,1998,0,0,0,0,0,0,0,0,0,0
130326,2,1,1998,0,0,0,0,0,0,0,0,0,0
130327,1,1,1998,0,0,0,0,0,0,0,10,0,0
130327,2,1,1998,0,0,0,0,0,0,0,0,0,0
130328,1,1,1998,0,0,0,0,0,0,0,0,0,0
130329,1,1,1998,0,0,0,0,0,0,0,0,0,0
130330,1,1,1998,0,0,0,0,0,0,0,0,0,0
130330,2,1,1998,0,0,0,0,0,0,0,0,0,0
130330,3,1,1998,0,0,0,0,0,0,0,0,0,0
130330,4,1,1998,0,0,0,0,0,0,0,0,0,0
130331,1,1,1998,20,20,20,20,20,20,20,20,20,20
130332,1,1,1998,15,15,15,15,15,15,15,15,15,15
130332,2,1,1998,0,0,0,0,0,0,0,0,0,0
130333,1,1,1998,4,7,0,0,0,0,0,23,35,16
130334,1,1,1998,14,14,14,14,14,14,14,14,14,14
130335,1,1,1998,0,0,0,0,0,0,0,0,0,0
130335,2,1,1998,0,0,0,0,0,0,0,0,0,0
130336,1,1,1998,23,23,23,23,23,23,23,23,23,23
130337,1,1,1998,8,8,8,8,8,8,8,8,8,8
130338,0,1,1998,19,19,19,19,19,19,19,19,19,19
130338,1,1,1998,0,8,0,0,0,18,0,7,22,17
130339,1,1,1998,0,0,0,0,0,0,0,0,0,0
130340,1,1,1998,0,0,0,0,0,0,0,0,0,0
130340,2,1,1998,0,0,0,0,0,0,0,0,0,0
130341,0,1,1998,0,0,12,20,0,0,0,0,0,0
130341,1,1,1998,0,0,0,0,0,0,0,0,0,0
130342,0,1,1998,0,0,0,0,0,0,0,0,0,0
130342,1,1,1998,0,0,0,0,0,0,0,0,0,0
130343,1,1,1998,17,17,17,17,17,17,17,17,17,17
130344,1,1,1998,0,0,0,0,0,0,0,0,0,0
130344,2,1,1998,0,0,0,0,0,0,0,0,0,0
130345,0,1,1998,4,4,4,4,4,4,4,4,4,4
130345,1,1,1998,0,0,0,0,0,0,0,0,0,0
130346,1,1,1998,0,0,0,0,0,0,0,0,0,0
130346,2,1,1998,0,0,0,0,0,0,0,0,0,0
130347,1,1,1998,0,0,0,0,0,0,0,0,19,0
130348,1,1,1998,25,25,25,25,25,25,25,25,25,25
130349,1,1,1998,0,0,0,0,0,0,0,0,0,0
130350,1,1,1998,11,11,11,11,11,11,11,11,11,11
130351,1,1,1998,17,17,17,17,17,17,17,17,17,17
130352,1,1,1998,0,0,0,0,0,0,0,0,0,0
130353,1,1,1998,0,0,0,0,0,0,0,0,0,0
130353,2,1,1998,0,0,0,0,0,0,0,0,0,0
130354,1,1,1998,23,23,23,23,23,23,23,23,23,23
130355,1,1,1998,0,0,0,0,0,0,0,0,0,0
130355,2,1,1998,0,0,0,0,0,0,0,0,0,0
130355,3,1,1998,0,0,0,0,0,0,0,0,0,0
130355,4,1,1998,0,0,0,0,0,0,0,0,0,0
130355,5,1,1998,0,0,0,0,0,0,0,0,0,0
130355,6,1,1998,0,0,0,0,0,0,0,0,0,0
130355,7,1,1998,0,0,0,0,0,0,0,0,0,0
130355,8,1,1998,0,0,0,0,0,0,0,0,0,0
130356,1,1,1998,0,0,0,0,0,0,0,0,0,0
130357,1,1,1998,0,0,0,0,0,0,0,0,0,0
130358,1,1,1998,0,0,0,0,0,0,0,0,0,0
130358,2,1,1998,0,0,0,0,0,0,0,0,0,0
130359,1,1,1998,31,31,31,31,31,31,31,31,31,31
130359,2,1,1998,0,0,0,0,0,0,0,0,0,0
130359,3,1,1998,0,0,0,0,0,0,0,0,0,0
130359,4,1,1998,0,0,0,0,0,0,0,0,0,0
130359,5,1,1998,0,0,0,0,0,0,0,0,0,0
130360,1,1,1998,0,0,7,0,24,0,0,0,12,0
130361,1,1,1998,0,0,0,0,0,0,0,0,0,0
130362,1,2,1998,13,38,30,26,0,0,19,30,16,0
130363,1,1,1998,0,0,0,0,0,0,0,0,0,0
130364,0,1,1998,0,0,0,0,0,0,0,0,0,0
130364,1,1,1998,0,0,0,0,0,0,0,0,0,0
130365,1,1,1998,0,6,0,24,6,0,0,0,0,9
130365,2,1,1998,0,0,0,0,0,0,0,0,0,0
130366,1,1,1998,0,0,0,0,0,0,0,0,0,0
130366,2,1,1998,5,5,5,5,5,5,5,5,5,5
130367,1,1,1998,0,0,0,0,0,0,0,0,0,0
130367,2,1,1998,0,0,0,0,0,0,0,0,0,0
130368,1,1,1998,9,9,9,9,9,9,9,9,9,9
130369,1,1,1998,0,0,0,0,0,0,0,0,0,0
130370,0,1,1998,0,0,0,0,0,0,0,0,0,0
130370,1,1,1998,0,0,0,0,0,0,0,0,0,0
130371,1,1,1998,0,0,0,0,0,0,0,0,0,0
130371,2,1,1998,0,0,0,0,0,0,0,0,0,0
130372,0,1,1998,0,0,0,0,0,0,0,0,0,0
130372,1,1,1998,0,0,0,0,9,0,0,0,0,0
130373,0,1,1998,0,0,0,26,0,0,27,8,26,0
130373,1,1,1998,0,0,21,0,0,0,0,0,0,12
130374,1,1,1998,0,0,0,0,0,0,0,0,0,0
130374,2,1,1998,0,0,0,0,0,0,0,0,0,0
130375,1,1,1998,0,0,0,0,0,0,0,0,0,0
130375,2,1,1998,0,0,0,0,0,0,0,0,0,0
130376,1,1,1998,0,9,8,16,0,0,0,12,0,5
130376,2,1,1998,0,0,0,0,0,0,0,0,0,0
130376,3,1,1998,0,0,0,0,0,0,0,0,0,0
130377,1,1,1998,0,0,0,0,0,0,0,0,0,0
130378,1,1,1998,0,0,0,0,0,0,0,0,0,0
130378,2,1,1998,0,0,0,0,0,0,0,0,0,0
130379,1,1,1998,0,0,0,0,0,0,0,0,0,0
130380,1,1,1998,0,0,0,0,0,0,0,0,0,0
130380,2,1,1998,0,0,0,0,0,0,0,0,0,0
130381,1,1,1998,0,0,0,0,0,0,0,0,0,0
130381,2,1,1998,0,0,0,0,0,0,0,0,0,0
130382,1,1,1998,0,0,0,0,0,0,0,0,0,0
130383,1,1,1998,14,14,14,14,14,14,14,14,14,14
130383,2,1,1998,11,10,14,16,17,16,8,0,16,20
130384,1,1,1998,0,0,0,0,0,0,0,0,0,0
130385,1,1,1998,0,0,0,0,0,0,0,0,0,0
130385,2,1,1998,0,0,0,0,0,0,0,0,0,0
130386,1,1,1998,0,0,0,0,0,0,8,0,0,0
130386,2,1,1998,0,0,0,0,0,0,0,0,0,0
130387,1,1,1998,0,0,0,0,0,0,0,0,0,0
130387,2,1,1998,0,0,0,0,0,0,0,0,0,0
130388,1,1,1998,0,0,0,0,0,0,0,0,0,0
130389,1,1,1998,0,0,0,0,0,0,0,0,0,0
130389,2,1,1998,0,0,0,0,0,0,0,0,0,0
130390,1,1,1998,0,0,0,0,0,0,0,0,0,0
130390,2,1,1998,0,15,0,0,0,0,0,0,0,0
130391,1,1,1998,0,0,0,0,0,0,0,0,0,0
130392,0,1,1998,0,0,0,0,0,0,0,0,0,0
130392,1,1,1998,0,0,0,0,0,0,0,0,0,0
130393,1,1,1998,0,0,0,0,0,0,0,0,0,0
130393,2,1,1998,0,0,0,0,0,0,0,0,0,0
130394,1,1,1998,0,0,0,0,0,0,0,0,0,0
130395,1,1,1998,18,18,18,18,18,18,18,18,18,18
130396,1,1,1998,0,0,0,0,0,0,0,0,0,0
130396,2,1,1998,0,0,0,0,0,0,0,0,0,0
130397,0,1,1998,22,22,22,22,22,22,22,22,22,22
130397,1,1,1998,0,0,0,0,0,0,0,0,0,0
130398,1,1,1998,0,0,10,0,0,0,0,0,0,0
130398,2,1,1998,0,0,0,0,0,0,0,0,0,0
130398,3,1,1998,0,0,0,0,0,0,0,0,0,0
130398,4,1,1998,0,0,0,0,0,0,0,0,0,0
130398,5,1,1998,0,0,0,0,0,0,0,0,0,0
130399,1,1,1998,0,0,0,0,0,0,0,0,0,0
130399,2,1,1998,0,0,0,0,0,0,0,0,0,0
130400,1,1,1998,0,0,0,0,0,0,0,0,0,0
130400,2,1,1998,0,0,0,0,0,0,0,0,0,0
130401,1,1,1998,0,0,0,0,0,0,0,0,0,0
130402,1,1,1998,0,0,0,0,0,0,0,0,0,0
130402,2,1,1998,8,8,8,8,8,8,8,8,8,8
130402,3,1,1998,0,0,0,0,0,0,0,0,0,0
130403,1,1,1998,17,17,17,17,17,17,17,17,17,17
130404,1,1,1998,0,0,0,0,0,0,0,0,0,0
130405,1,1,1998,0,0,0,0,0,0,0,0,0,0
130405,2,1,1998,0,0,0,0,0,0,0,0,0,0
130406,1,1,1998,13,13,13,13,13,13,13,13,13,13
130407,1,1,1998,0,0,0,0,0,0,0,0,0,0
130408,1,1,1998,0,0,0,0,0,29,19,32,0,0
130409,1,1,1998,0,0,0,0,0,0,0,0,0,0
130409,2,1,1998,0,0,0,0,0,0,0,0,0,0
130410,1,1,1998,0,0,0,0,0,0,0,0,0,0
130410,2,1,1998,0,0,0,0,0,0,0,0,0,0
130411,1,1,1998,18,18,18,18,18,18,18,18,18,18
130411,2,1,1998,0,0,0,0,0,0,0,20,0,14
130412,1,1,1998,0,0,0,0,0,0,0,0,0,0
130412,2,1,1998,0,0,0,0,0,0,0,0,0,0
130412,3,1,1998,0,0,0,0,0,0,0,0,0,0
130413,1,1,1998,0,0,0,0,0,0,0,0,0,0
130413,2,1,1998,0,0,0,0,0,0,0,0,0,0
130413,3,1,1998,0,0,0,0,0,0,0,0,0,0
130414,1,1,1998,0,0,0,0,0,0,0,0,0,0
130414,2,1,1998,0,0,0,0,0,0,0,0,0,0
130415,1,1,1998,0,0,0,0,0,0,0,0,0,0
130415,2,1,1998,26,26,26,26,26,26,26,26,26,26
130416,1,1,1998,19,19,19,19,19,19,19,19,19,19
130417,1,1,1998,20,20,20,20,20,20,20,20,20,20
130417,2,1,1998,0,0,0,0,0,0,0,0,0,0
130418,0,1,1998,0,0,0,0,0,0,0,0,0,0
130418,1,1,1998,21,10,0,19,0,20,0,10,25,0
130419,1,1,1998,0,0,0,0,0,0,0,0,0,0
130419,2,1,1998,0,0,0,0,0,0,0,0,0,0
130420,1,1,1998,11,11,11,11,11,11,11,11,11,11
130421,1,1,1998,0,0,0,0,0,0,0,0,0,0
130422,1,1,1998,0,0,0,0,0,0,0,0,0,0
130423,1,1,1998,0,0,0,0,0,0,0,0,0,0
130425,1,1,1998,0,0,0,0,0,0,0,0,0,0
130426,1,1,1998,0,0,0,0,0,0,0,0,0,0
130426,2,1,1998,0,0,0,0,0,0,0,0,0,0
130426,3,1,1998,0,0,0,0,0,0,0,0,0,0
130427,1,1,1998,0,0,0,0,0,0,0,0,0,0
130428,1,1,1998,0,0,0,0,0,0,0,0,0,0
130428,2,1,1998,0,0,0,0,0,0,0,0,0,0
130429,1,1,1998,8,8,8,8,8,8,8,8,8,8
130429,2,1,1998,12,12,12,12,12,12,12,12,12,12
130430,1,1,1998,0,0,0,0,0,0,0,0,0,0
130431,1,1,1998,0,0,0,0,0,0,0,0,0,0
130432,1,1,1998,11,0,0,0,0,6,0,14,22,0
130433,1,1,1998,0,0,0,0,0,0,0,0,0,0
130434,1,1,1998,0,0,0,0,0,0,0,0,0,0
130434,2,1,1998,0,0,0,0,0,0,0,0,0,0
130435,1,1,1998,0,0,0,0,0,0,0,0,0,0
130436,0,1,1998,20,0,0,0,21,0,0,0,0,32
130436,1,1,1998,0,0,0,0,0,0,0,0,0,0
130437,1,1,1998,0,0,0,0,0,0,0,0,0,0
130438,1,1,1998,0,12,0,0,23,0,0,0,0,0
130438,2,1,1998,0,0,0,0,0,0,0,0,0,0
130439,1,1,1998,26,26,26,26,26,26,26,26,26,26
130439,2,1,1998,0,0,0,0,0,0,0,0,0,0
130440,1,1,1998,7,7,7,7,7,7,7,7,7,7
130441,1,1,1998,0,0,0,0,0,0,0,0,0,0
130442,1,1,1998,16,16,16,16,16,16,16,16,16,16
130443,1,1,1998,0,0,0,0,0,0,0,0,0,0
130444,1,1,1998,0,0,0,0,0,0,0,0,0,0
130445,1,1,1998,0,0,0,0,0,0,0,0,0,0
130445,2,1,1998,0,0,0,0,0,0,0,0,0,0
130446,0,1,1998,0,0,0,0,0,0,0,0,0,0
130446,1,1,1998,0,0,0,0,0,0,0,0,0,0
130447,0,1,1998,24,24,24,24,24,24,24,24,24,24
130447,1,1,1998,23,18,12,14,13,11,6,10,15,23
130448,1,1,1998,15,15,15,15,15,15,15,15,15,15
130449,0,1,1998,0,0,0,18,32,0,19,0,20,28
130449,1,1,1998,0,0,0,0,0,0,0,0,0,0
130450,1,1,1998,0,0,0,0,0,0,0,0,0,0
130450,2,1,1998,0,0,0,0,0,0,0,0,0,0
130451,1,1,1998,0,0,0,0,0,0,0,0,0,0
130452,1,1,1998,0,0,0,0,0,0,0,0,0,0
130452,2,1,1998,0,0,0,0,0,0,0,0,0,0
130452,3,1,1998,0,0,0,0,0,0,0,0,0,0
130453,0,1,1998,24,24,24,24,24,24,24,24,24,24
130453,1,1,1998,0,0,0,0,0,0,0,0,0,0
130454,1,1,1998,0,19,0,0,0,0,21,0,0,0
130454,2,1,1998,0,0,0,0,0,0,0,0,0,0
130455,1,1,1998,0,0,0,0,0,0,0,0,0,0
130455,2,1,1998,0,0,0,0,0,0,0,0,0,0
130456,1,1,1998,0,0,0,0,0,0,0,0,0,0
130457,1,1,1998,0,0,0,0,0,0,0,0,0,0
130457,2,1,1998,0,0,0,0,0,0,0,0,0,0
130458,1,1,1998,0,0,0,0,0,0,0,0,0,0
130459,1,1,1998,15,17,17,23,16,17,7,12,30,11
130460,0,1,1998,4,4,4,4,4,4,4,4,4,4
130460,1,1,1998,6,6,6,6,6,6,6,6,6,6
130461,1,1,1998,0,0,0,0,0,0,0,0,0,0
130461,2,1,1998,0,0,0,0,0,0,0,0,0,0
130461,3,1,1998,0,0,0,0,0,0,0,0,0,0
130461,4,1,1998,0,0,0,0,0,0,0,0,0,0
130461,5,1,1998,0,0,0,0,0,0,0,0,0,0
130462,1,1,1998,12,12,12,12,12,12,12,12,12,12
130463,1,1,1998,0,0,0,0,0,0,0,0,0,0
130463,2,1,1998,0,0,0,0,0,0,0,0,0,0
130463,3,1,1998,0,0,0,10,4,0,0,9,0,0
130464,1,1,1998,0,0,0,0,0,0,0,0,0,0
130464,2,1,1998,0,0,0,0,0,0,0,0,0,0
130464,3,1,1998,0,0,0,0,0,0,0,0,0,0
130465,1,1,1998,0,0,0,0,0,0,0,0,0,0
130465,2,1,1998,0,0,0,0,0,0,0,0,0,0
130466,1,1,1998,0,0,0,0,0,0,0,0,0,0
130466,2,1,1998,0,0,0,0,0,0,0,0,0,0
130467,1,1,1998,0,0,0,0,0,0,0,0,0,0
130467,2,1,1998,0,0,0,0,0,0,0,0,0,0
130467,3,1,1998,0,0,0,0,0,0,0,0,0,0
130468,1,1,1998,0,0,0,0,0,0,0,0,0,0
130468,2,1,1998,0,0,0,0,0,0,0,0,0,0
130469,1,1,1998,8,28,21,0,10,14,35,10,0,4
130470,1,1,1998,0,0,0,0,0,0,0,0,0,0
130470,2,1,1998,6,6,6,6,6,6,6,6,6,6
130471,1,1,1998,9,9,9,9,9,9,9,9,9,9
130472,1,1,1998,0,0,0,0,0,0,0,0,0,0