ST_CASE,VEH_NO,PER_NO,YEAR,P1,P2,P3,P4,P5,P6,P7,P8,P9,P10
130748,1,1,1998,0,0,0,0,0,0,0,0,0,0
130749,1,1,1998,0,0,0,0,0,0,0,0,0,0
130750,1,1,1998,0,0,0,0,0,0,0,0,0,0
130751,1,1,1998,0,0,0,0,0,0,0,0,0,0
130751,2,1,1998,0,0,0,12,0,0,0,0,0,0
130752,1,1,1998,0,0,0,0,0,0,0,0,0,0
130752,2,1,1998,0,0,0,0,0,0,0,0,0,0
130753,1,1,1998,0,0,0,0,0,0,0,0,0,0
130754,0,1,1998,26,26,26,26,26,26,26,26,26,26
130754,1,1,1998,0,0,0,0,0,0,0,0,0,0
130755,1,1,1998,0,0,0,0,0,0,0,0,0,0
130755,2,1,1998,0,0,0,0,0,0,0,0,0,0
130756,1,1,1998,0,23,0,0,0,13,0,0,0,0
130756,2,1,1998,0,0,0,0,0,0,0,0,0,0
130757,1,1,1998,21,21,21,21,21,21,21,21,21,21
130758,1,1,1998,8,8,8,8,8,8,8,8,8,8
130759,1,1,1998,19,19,19,19,19,19,19,19,19,19
130760,1,1,1998,0,0,0,0,0,0,0,0,0,0
130760,2,1,1998,0,0,0,0,0,0,0,0,0,0
130761,1,1,1998,0,9,0,0,0,0,0,0,0,0
130762,1,1,1998,23,23,23,23,23,23,23,23,23,23
130763,1,1,1998,0,0,0,0,0,0,0,0,0,0
130764,0,1,1998,3,3,3,3,3,3,3,3,3,3
130764,1,1,1998,0,0,0,0,0,0,0,0,0,0
130765,1,1,1998,3,3,3,3,3,3,3,3,3,3
130765,2,1,1998,0,0,0,0,0,0,0,0,0,0
130766,1,1,1998,18,18,18,18,18,18,18,18,18,18
130767,1,1,1998,0,0,0,0,0,0,0,0,0,0
130767,2,1,1998,0,0,0,0,0,0,0,0,0,0
130768,1,1,1998,0,0,0,0,0,0,0,0,0,0
130769,1,1,1998,14,14,14,14,14,14,14,14,14,14
130770,1,1,1998,19,19,19,19,19,19,19,19,19,19
130771,1,1,1998,0,0,0,0,0,0,0,0,0,0
130771,2,1,1998,0,0,0,0,0,0,0,0,0,0
130772,1,1,1998,0,0,0,0,0,0,0,0,0,0
130773,1,1,1998,0,0,0,0,0,0,0,0,0,0
130773,2,1,1998,0,0,0,0,0,0,0,0,0,0
130774,1,1,1998,23,23,23,23,23,23,23,23,23,23
130775,1,1,1998,11,11,11,11,11,11,11,11,11,11
130776,0,1,1998,11,0,0,21,10,0,0,0,0,0
130776,1,1,1998,0,0,0,0,0,0,0,0,0,0
130776,2,1,1998,0,0,0,0,0,0,0,0,0,0
130777,0,1,1998,0,0,0,0,0,0,0,0,0,0
130777,1,1,1998,0,0,0,0,0,0,0,0,0,0
130778,1,1,1998,0,0,0,0,0,0,0,0,0,0
130779,1,1,1998,0,0,0,0,0,0,0,0,0,0
130779,2,1,1998,0,0,0,0,0,0,0,0,0,0
130779,3,1,1998,0,0,0,0,0,0,0,0,0,0
130779,4,1,1998,0,0,0,0,0,0,0,0,0,0
130780,1,1,1998,6,6,6,6,6,6,6,6,6,6
130781,1,1,1998,0,0,0,0,0,0,0,0,0,0
130781,2,1,1998,0,0,0,0,0,0,0,0,0,0
130781,3,1,1998,0,0,0,0,0,0,0,0,0,0
130782,1,1,1998,0,0,0,0,0,0,0,0,0,0
130782,2,1,1998,2,2,2,2,2,2,2,2,2,2
130783,1,1,1998,0,0,0,0,0,0,0,0,0,0
130784,0,1,1998,0,0,0,0,0,0,0,0,0,0
130784,1,1,1998,0,0,0,0,0,0,0,0,0,0
130785,0,1,1998,24,24,24,24,24,24,24,24,24,24
130785,1,1,1998,0,0,0,0,0,0,0,0,0,0
130786,1,1,1998,0,0,0,0,0,0,0,0,0,0
130787,1,1,1998,0,0,0,0,0,0,0,0,0,0
130787,2,1,1998,0,0,0,0,0,0,0,0,0,0
130788,1,1,1998,0,0,0,0,0,0,0,0,0,0
130788,2,1,1998,0,0,0,0,0,0,0,0,0,0
130788,3,1,1998,0,0,0,0,0,0,0,0,0,0
130789,1,1,1998,10,0,6,0,26,0,19,15,0,0
130789,2,1,1998,29,0,0,0,0,0,0,0,0,0
130790,1,1,1998,25,25,25,25,25,25,25,25,25,25
130791,0,1,1998,19,19,19,19,19,19,19,19,19,19
130791,1,1,1998,0,0,0,6,0,20,5,4,11,8
130792,1,1,1998,0,0,0,0,0,0,0,0,0,0
130792,2,1,1998,0,0,0,0,0,0,0,0,0,0
130793,1,1,1998,0,23,0,0,25,0,0,0,0,9
130793,2,1,1998,0,0,0,0,0,0,11,0,22,0
130794,1,1,1998,0,0,0,0,0,0,0,0,0,0
130794,2,1,1998,0,0,0,0,0,0,0,0,0,0
130795,1,1,1998,10,10,10,10,10,10,10,10,10,10
130795,2,1,1998,15,15,15,15,15,15,15,15,15,15
130796,1,1,1998,0,0,0,0,0,0,0,0,0,0
130797,1,1,1998,10,6,0,30,0,25,20,20,19,28
130798,1,1,1998,0,0,0,3,0,0,0,0,0,0
130799,1,1,1998,0,0,0,0,0,0,0,0,0,0
130799,2,1,1998,0,0,0,0,0,0,0,0,0,0
130800,1,1,1998,16,16,16,16,16,16,16,16,16,16
130801,0,1,1998,0,0,0,0,0,0,0,0,0,0
130801,1,1,1998,0,0,0,0,0,0,0,0,0,0
130802,1,1,1998,0,0,0,0,0,0,0,0,0,0
130803,0,1,1998,0,0,0,0,0,0,0,0,0,0
130803,1,1,1998,0,0,0,0,0,0,0,0,0,0
130804,1,1,1998,26,26,26,26,26,26,26,26,26,26
130805,1,1,1998,16,16,16,16,16,16,16,16,16,16
130805,2,1,1998,23,23,23,23,23,23,23,23,23,23
130806,1,1,1998,20,20,20,20,20,20,20,20,20,20
130807,0,1,1998,0,0,0,0,0,0,0,0,0,0
130807,1,1,1998,0,0,0,0,0,0,0,0,0,0
130808,1,1,1998,0,0,0,0,0,0,0,0,0,0
130809,1,1,1998,0,0,0,0,0,0,0,0,0,0
130809,2,1,1998,0,0,0,0,0,0,0,0,0,0
130810,0,1,1998,0,10,0,36,15,0,14,0,0,0
130810,0,2,1998,0,0,0,0,0,0,0,0,0,0
130810,0,4,1998,18,21,29,0,31,0,4,0,3,0
130810,0,5,1998,0,0,0,0,0,0,0,0,0,0
130810,1,1,1998,0,0,0,0,0,0,0,0,0,0
130811,0,1,1998,0,0,0,0,0,0,0,0,0,0
130811,1,1,1998,0,26,0,0,0,10,9,18,0,0
130812,0,1,1998,28,28,28,28,28,28,28,28,28,28
130812,1,1,1998,0,0,0,0,0,0,0,0,0,0
130813,1,1,1998,9,9,9,9,9,9,9,9,9,9
130814,1,1,1998,0,0,0,0,0,0,0,0,0,0
130814,2,1,1998,0,0,0,0,0,0,0,0,0,0
130814,3,1,1998,0,0,0,0,0,0,0,0,0,0
130815,0,1,1998,0,20,0,0,0,16,12,0,0,8
130815,1,1,1998,0,0,0,0,0,0,0,0,0,0
130816,1,1,1998,0,0,0,0,0,0,0,0,0,0
130817,1,1,1998,0,0,0,0,0,0,0,0,0,0
130818,1,1,1998,14,14,14,14,14,14,14,14,14,14
130819,1,1,1998,0,0,0,0,0,0,0,0,0,0
130819,2,1,1998,0,0,0,0,0,0,0,0,0,0
130820,1,1,1998,24,24,24,24,24,24,24,24,24,24
130821,1,1,1998,0,0,0,0,0,0,0,0,0,0
130821,2,1,1998,0,0,0,0,0,0,0,0,0,0
130822,1,1,1998,0,0,0,0,0,0,0,0,0,0
130822,2,1,1998,0,0,0,0,0,0,0,0,0,0
130823,1,1,1998,0,0,0,0,0,0,0,0,21,0
130823,2,1,1998,0,0,0,0,0,0,0,0,0,0
130824,1,1,1998,0,0,0,0,0,0,0,0,0,0
130824,2,1,1998,0,0,0,0,0,0,0,0,0,0
130825,1,1,1998,0,0,0,0,0,0,0,0,0,0
130825,2,1,1998,0,0,0,0,0,0,16,0,0,0
130826,1,1,1998,0,0,0,0,0,0,0,0,0,0
130826,2,1,1998,0,0,0,0,0,0,0,0,0,0
130827,1,1,1998,0,0,0,0,0,0,0,0,0,0
130827,2,1,1998,0,0,0,0,0,0,0,0,0,0
130827,3,1,1998,0,0,0,0,0,0,0,0,0,0
130828,1,1,1998,13,13,13,13,13,13,13,13,13,13
130829,0,1,1998,13,13,13,13,13,13,13,13,13,13
130829,1,1,1998,0,0,0,0,0,0,0,0,0,0
130830,1,1,1998,0,0,0,0,0,0,0,0,0,0
130830,2,1,1998,0,0,0,0,0,0,0,0,0,0
130831,1,1,1998,0,0,0,0,0,0,0,0,0,0
130832,1,1,1998,0,0,0,0,0,0,0,0,0,0
130832,2,1,1998,0,0,0,0,0,0,0,0,0,0
130833,1,1,1998,0,0,0,0,0,0,0,0,0,0
130833,2,1,1998,0,0,0,0,0,0,0,0,0,0
130834,1,1,1998,15,15,15,15,15,15,15,15,15,15
130835,1,1,1998,22,22,22,22,22,22,22,22,22,22
130836,1,1,1998,0,0,0,0,0,0,0,0,0,0
130837,1,1,1998,17,17,17,17,17,17,17,17,17,17
130838,1,1,1998,17,17,17,17,17,17,17,17,17,17
130838,2,1,1998,0,0,0,0,0,0,0,0,0,0
130839,1,1,1998,16,36,20,0,17,0,0,8,15,24
130840,1,1,1998,0,0,0,0,0,0,0,0,0,0
130840,2,1,1998,0,0,0,0,0,0,0,0,0,0
130841,1,1,1998,5,5,5,5,5,5,5,5,5,5
130842,1,1,1998,0,0,0,0,0,0,0,0,0,0
130842,2,1,1998,0,0,0,0,0,0,0,0,0,0
130843,1,1,1998,0,0,0,0,0,0,0,0,0,0
130843,2,1,1998,0,0,0,0,0,0,0,0,0,0
130844,1,1,1998,17,17,17,17,17,17,17,17,17,17
130845,1,1,1998,0,0,0,0,0,0,0,0,0,0
130845,2,1,1998,0,0,0,0,0,0,0,0,0,0
130846,1,1,1998,0,13,0,24,0,0,5,12,13,0
130847,0,1,1998,0,0,0,0,0,0,0,0,0,0
130847,1,1,1998,0,0,0,0,0,0,0,0,0,0
130848,1,1,1998,25,25,25,25,25,25,25,25,25,25
130849,0,1,1998,0,0,0,0,0,0,0,0,0,0
130849,1,1,1998,0,0,0,0,0,0,0,0,0,0
130850,1,1,1998,0,0,0,0,0,0,0,0,0,0
130851,1,1,1998,0,0,0,0,0,0,0,0,0,0
130851,2,1,1998,0,0,0,0,0,0,0,0,0,0
130851,3,1,1998,0,0,0,0,0,0,0,0,0,0
130851,4,1,1998,0,0,0,0,0,0,0,0,0,0
130852,1,1,1998,0,0,0,0,0,0,0,0,0,0
130853,1,1,1998,0,28,25,13,20,16,17,13,0,12
130854,1,1,1998,0,0,0,0,0,0,0,0,0,0
130855,1,1,1998,20,20,20,20,20,20,20,20,20,20
130856,1,1,1998,0,0,0,0,0,0,0,0,0,12
130856,2,1,1998,0,0,0,0,0,0,0,0,0,0
130857,1,1,1998,0,0,0,0,0,0,0,0,0,0
130857,2,1,1998,0,0,0,0,0,0,0,0,0,0
130858,1,1,1998,11,26,17,4,0,11,0,23,0,25
130859,1,1,1998,0,0,0,0,0,0,0,0,0,0
130859,2,1,1998,0,0,0,0,0,0,0,0,0,0
130860,1,1,1998,25,0,11,19,0,27,10,0,0,28
130861,1,1,1998,0,0,0,0,0,0,0,0,0,0
130861,2,1,1998,0,0,0,0,0,0,0,0,0,0
130862,0,1,1998,3,3,3,3,3,3,3,3,3,3
130862,0,2,1998,0,0,0,0,0,10,0,0,0,0
130862,1,1,1998,0,0,0,23,15,0,11,5,0,0
130863,1,1,1998,0,0,0,0,0,0,0,0,0,0
130864,1,1,1998,6,6,6,6,6,6,6,6,6,6
130865,1,1,1998,8,8,8,8,8,8,8,8,8,8
130866,1,1,1998,0,0,0,0,0,0,0,0,0,0
130866,2,1,1998,0,0,0,0,0,0,0,0,0,0
130867,0,1,1998,0,0,0,0,0,0,0,0,0,0
130867,1,1,1998,0,0,0,0,0,0,0,0,0,0
130868,1,1,1998,15,15,15,15,15,15,15,15,15,15
130869,0,1,1998,0,0,0,0,0,0,0,0,0,0
130869,0,2,1998,0,0,0,0,0,0,0,0,0,0
130869,1,1,1998,0,6,18,22,0,0,12,0,0,0
130870,1,1,1998,0,0,0,0,0,0,0,0,0,0
130871,1,1,1998,25,25,25,25,25,25,25,25,25,25
130872,1,1,1998,0,0,0,0,0,0,0,0,0,0
130873,1,1,1998,0,0,0,0,0,0,0,0,0,0
130874,1,1,1998,10,10,10,10,10,10,10,10,10,10
130875,0,1,1998,0,21,0,21,0,0,13,34,19,10
130875,1,1,1998,0,0,0,0,0,0,0,0,0,0
130876,1,1,1998,0,0,0,0,0,0,0,0,0,0
130876,2,1,1998,0,0,0,0,0,0,0,0,0,0
130877,1,1,1998,17,0,0,0,0,15,0,0,0,0
130878,1,1,1998,0,0,0,0,0,0,0,0,0,0
130878,2,1,1998,0,0,0,0,0,0,0,0,0,0
130879,0,1,1998,12,12,12,12,12,12,12,12,12,12
130879,0,2,1998,25,48,18,13,21,0,19,20,35,0
130879,1,1,1998,0,15,0,0,0,0,0,0,0,5
130880,1,1,1998,0,0,0,0,0,0,0,0,0,0
130880,2,1,1998,0,0,0,0,0,0,0,0,0,0
130881,1,1,1998,0,0,0,0,0,0,0,0,0,0
130881,2,1,1998,0,0,0,0,0,0,0,0,0,0
130882,1,1,1998,0,0,0,0,0,0,0,0,0,0
130882,2,1,1998,0,0,0,0,0,0,0,0,0,0
130883,1,2,1998,15,4,32,23,3,18,0,12,0,16
130884,1,1,1998,0,0,0,0,0,0,0,0,0,0
130884,2,1,1998,22,22,22,22,22,22,22,22,22,22
130885,1,1,1998,26,26,26,26,26,26,26,26,26,26
130886,1,1,1998,0,0,0,0,0,0,0,0,0,0
130886,2,1,1998,0,0,0,0,0,0,0,0,0,0
130887,1,1,1998,0,0,0,0,0,0,0,0,0,0
130887,2,1,1998,0,0,0,0,0,0,0,0,0,0
130888,1,1,1998,6,5,8,0,19,0,10,0,0,0
130889,1,1,1998,0,0,0,0,0,0,0,0,0,0
130889,2,1,1998,0,0,0,0,0,0,0,0,0,0
130889,3,1,1998,0,0,14,0,0,0,0,6,0,0
130890,1,1,1998,0,0,0,0,0,0,0,0,0,0
130890,2,1,1998,0,0,0,0,0,0,0,0,0,0
130890,3,1,1998,0,0,0,0,0,0,0,0,0,0
130890,4,1,1998,0,0,19,3,0,0,0,0,0,0
130891,1,1,1998,0,0,0,0,0,0,0,0,0,0
130891,2,1,1998,0,18,17,0,0,21,0,0,0,0
130892,1,1,1998,0,0,0,0,0,0,0,0,0,0
130893,0,1,1998,60,60,60,60,60,60,60,60,60,60
130893,1,1,1998,17,0,0,17,0,7,35,18,18,12
130894,1,1,1998,0,0,0,0,0,0,0,0,0,0
130894,2,1,1998,0,0,0,0,0,0,0,0,0,0
130895,1,1,1998,0,0,21,0,0,0,0,0,0,0
130896,1,1,1998,0,0,0,0,0,0,0,0,0,0
130897,1,1,1998,20,20,20,20,20,20,20,20,20,20
130897,2,1,1998,0,0,0,0,0,0,0,0,0,0
130898,1,1,1998,0,0,0,0,0,0,0,0,0,0
130899,1,1,1998,0,0,0,0,0,0,0,0,0,0
130900,1,1,1998,0,0,0,0,0,0,0,0,0,0
130901,1,1,1998,0,0,0,0,0,0,0,0,0,0
130901,2,1,1998,0,0,0,0,0,0,0,0,0,0
130902,1,1,1998,17,17,17,17,17,17,17,17,17,17
130903,1,1,1998,0,0,0,0,0,0,0,0,0,0
130904,1,1,1998,17,17,17,17,17,17,17,17,17,17
130905,1,1,1998,0,0,0,0,0,0,0,0,0,0
130905,2,1,1998,0,0,0,0,0,0,0,0,0,0
130906,1,1,1998,0,0,0,0,0,0,0,0,0,0
130906,2,1,1998,0,0,0,0,0,0,0,0,0,0
130907,1,1,1998,17,17,17,17,17,17,17,17,17,17
130908,1,1,1998,0,0,0,0,0,0,0,0,0,0
130909,1,1,1998,0,0,0,0,0,0,0,0,0,0
130909,2,1,1998,0,0,0,0,0,0,0,0,0,0
130910,1,1,1998,0,0,0,0,0,0,0,0,0,0
130910,2,1,1998,0,0,0,0,0,0,0,0,0,0
130911,1,1,1998,0,0,0,0,0,0,0,0,0,0
130911,2,1,1998,0,0,0,0,0,0,0,0,0,0
130912,1,1,1998,14,0,0,2,27,17,0,0,19,12
130913,1,1,1998,0,0,0,0,0,0,0,0,0,0
130913,2,1,1998,0,0,0,0,0,0,0,0,0,0
130914,1,1,1998,0,0,0,0,0,0,0,0,0,0
130914,2,1,1998,0,0,0,0,0,0,0,0,0,0
130915,1,1,1998,0,0,0,0,0,0,0,0,0,0
130915,2,1,1998,0,0,0,0,0,0,0,0,0,0
130916,1,1,1998,0,0,0,0,0,0,0,0,0,0
130916,2,1,1998,0,0,0,0,0,0,0,0,0,0
130917,1,1,1998,0,0,0,0,0,0,0,0,0,0
130917,2,1,1998,0,0,0,0,17,4,22,0,0,0
130918,1,1,1998,16,16,16,16,16,16,16,16,16,16
130919,1,1,1998,8,8,8,8,8,8,8,8,8,8
130919,2,1,1998,0,0,0,0,0,0,0,0,0,0
130920,1,1,1998,21,8,3,11,11,7,41,11,19,0
130921,1,1,1998,0,0,0,0,0,0,0,0,0,0
130922,1,1,1998,0,0,0,0,0,0,0,0,0,0
130923,1,1,1998,0,0,0,0,0,0,0,0,0,0
130923,2,1,1998,0,0,0,11,0,0,0,0,0,11
130924,1,1,1998,0,0,0,0,0,0,0,0,0,0
130925,1,1,1998,20,0,0,0,0,0,0,0,0,0
130925,2,1,1998,0,0,0,0,0,0,0,0,0,0
130926,1,1,1998,12,0,0,0,0,0,14,11,0,0
130926,2,1,1998,5,0,0,0,0,27,21,0,0,0
130927,1,1,1998,7,7,7,7,7,7,7,7,7,7
130927,2,1,1998,0,0,0,0,0,0,0,0,0,0
130927,3,1,1998,0,0,0,0,0,0,0,0,0,0
130928,1,1,1998,0,0,0,0,0,0,0,0,0,0
130929,0,1,1998,0,0,0,0,0,0,0,0,0,0
130929,1,1,1998,0,0,0,0,0,0,0,0,0,0
130930,1,1,1998,0,0,0,0,0,0,0,0,0,0
130931,1,1,1998,0,0,0,0,0,0,0,0,0,0
130931,2,1,1998,0,0,0,0,0,0,0,0,0,0
130932,1,1,1998,0,0,0,0,0,0,0,0,0,0
130933,0,1,1998,0,0,0,0,0,0,0,0,0,0
130933,1,1,1998,0,0,0,0,0,0,0,0,0,0
130934,0,1,1998,2,2,2,2,2,2,2,2,2,2
130934,1,1,1998,0,0,0,0,0,0,0,0,0,0
130935,0,1,1998,0,0,0,0,0,0,0,0,0,0
130935,1,1,1998,0,0,0,0,0,0,0,0,0,0
130936,1,1,1998,0,0,0,0,0,0,0,0,0,0
130936,2,1,1998,17,17,17,17,17,17,17,17,17,17
130937,1,1,1998,0,0,0,0,0,0,0,0,0,0
130938,1,1,1998,0,0,0,0,0,0,0,0,0,0
130939,1,1,1998,2,2,2,2,2,2,2,2,2,2
130940,1,1,1998,0,0,0,0,0,0,0,0,0,0
130940,2,1,1998,0,0,0,0,0,0,0,0,0,0
130941,1,1,1998,13,0,0,0,0,0,0,0,11,18
130941,2,1,1998,0,0,0,0,0,0,0,0,0,0
130943,1,1,1998,26,26,26,26,26,26,26,26,26,26
130943,2,1,1998,0,0,0,0,0,0,0,0,0,0
130944,1,1,1998,4,4,4,4,4,4,4,4,4,4
130945,1,1,1998,0,0,0,0,0,0,0,0,0,0
130945,2,1,1998,0,0,0,0,0,0,0,0,0,0
130945,3,1,1998,0,0,0,0,0,0,0,0,0,0
130945,4,1,1998,0,0,0,0,0,0,0,0,0,0
130946,1,1,1998,17,17,17,17,17,17,17,17,17,17
130947,1,1,1998,0,0,0,0,0,0,0,0,0,0
130948,0,1,1998,0,0,0,0,0,0,0,0,0,0
130948,1,1,1998,0,0,0,0,0,0,0,0,0,0
130949,1,1,1998,15,15,15,15,15,15,15,15,15,15
130950,1,1,1998,0,18,5,0,0,0,0,0,0,0
130950,2,1,1998,0,0,0,0,0,0,0,0,0,0
130951,1,1,1998,0,0,0,0,0,0,0,0,0,0
130951,2,1,1998,0,0,0,0,0,0,0,0,0,0
130952,1,1,1998,0,0,0,0,0,0,0,0,0,0
130953,1,1,1998,0,0,0,0,0,0,0,0,0,0
130954,1,1,1998,0,0,0,0,0,0,0,0,0,0
130955,1,1,1998,6,6,6,6,6,6,6,6,6,6
130955,2,1,1998,0,0,0,0,0,0,0,0,0,0
130956,1,1,1998,27,27,27,27,27,27,27,27,27,27
130957,1,1,1998,39,15,14,0,0,9,22,0,0,0
130957,2,1,1998,0,0,0,0,0,0,0,0,0,0
130957,3,1,1998,0,0,0,0,0,0,0,0,0,0
130958,1,1,1998,16,0,11,18,11,22,19,4,29,0
130959,1,1,1998,17,14,0,0,10,4,0,11,31,3
130960,1,1,1998,0,0,0,0,0,0,0,0,0,0
130960,2,1,1998,0,0,0,0,0,0,0,0,0,0
130961,0,1,1998,15,15,15,15,15,15,15,15,15,15
130961,1,1,1998,0,0,0,0,0,0,0,0,0,0
130962,1,1,1998,0,0,0,0,0,0,0,0,0,0
130962,2,1,1998,0,0,0,0,0,0,0,0,0,0
130963,1,1,1998,0,0,0,0,0,0,0,0,0,0
130963,2,1,1998,0,0,0,0,0,0,0,0,0,0
130964,1,1,1998,0,0,11,0,0,0,0,0,0,0
130964,2,1,1998,0,0,0,0,0,0,0,0,0,0
130964,3,1,1998,0,0,0,0,0,0,0,0,0,0
130965,1,1,1998,0,0,0,0,0,0,0,0,0,0
130965,2,1,1998,0,0,0,0,0,0,0,0,0,0
130966,0,1,1998,0,0,0,0,0,0,12,0,0,0
130966,1,1,1998,0,0,0,0,0,0,0,0,0,0
130967,0,1,1998,0,29,0,0,14,0,0,0,0,0
130967,1,1,1998,0,0,0,0,0,0,0,0,0,0
130968,1,1,1998,7,7,7,7,7,7,7,7,7,7
130969,0,1,1998,0,0,0,0,0,0,0,0,0,0
130969,1,1,1998,0,0,0,0,0,0,0,0,0,0
130970,1,1,1998,0,0,23,0,0,0,34,0,0,0
130971,1,1,1998,0,0,0,0,0,0,0,0,0,0
130971,2,1,1998,0,0,0,0,0,0,0,0,0,0
130972,1,1,1998,0,0,0,0,0,0,0,0,0,0
130972,2,1,1998,0,0,0,0,0,0,0,0,0,0
130973,1,1,1998,0,0,0,0,0,18,17,0,0,0
130974,1,1,1998,0,0,0,0,0,0,0,0,0,0
130974,2,1,1998,0,0,0,0,0,0,0,0,0,0
130975,1,1,1998,0,17,0,0,0,0,0,0,0,0
130975,2,1,1998,0,0,0,0,0,0,0,0,0,0
130976,0,1,1998,0,0,0,0,0,0,0,0,0,0
130976,1,1,1998,0,0,0,0,0,0,0,0,0,0
130977,1,1,1998,14,14,14,14,14,14,14,14,14,14
130978,1,1,1998,0,0,0,3,14,0,0,19,0,0
130978,2,1,1998,0,0,0,0,0,0,0,0,0,0
130978,3,1,1998,0,0,0,0,0,0,0,0,0,0
130979,1,1,1998,0,0,0,0,0,0,0,0,0,0
130980,1,1,1998,0,0,0,0,0,24,0,0,0,0
130980,2,1,1998,0,0,0,0,0,0,0,0,0,0
130980,3,1,1998,0,0,0,0,0,0,0,0,0,0
130981,1,1,1998,0,0,0,0,0,0,0,0,0,0
130981,2,1,1998,0,0,0,0,0,0,0,0,0,0
130982,1,1,1998,0,0,0,0,0,0,0,0,0,0
130982,2,1,1998,0,0,0,0,0,0,0,0,0,0
130983,1,1,1998,0,0,0,0,0,0,0,0,0,0
130983,2,1,1998,8,8,8,8,8,8,8,8,8,8
130984,1,1,1998,0,0,0,0,0,0,0,0,0,0
130984,2,1,1998,19,19,19,19,19,19,19,19,19,19
130985,1,1,1998,0,0,0,0,0,0,0,0,0,0
130985,2,1,1998,0,0,0,0,0,0,0,0,0,0
130986,1,1,1998,18,18,18,18,18,18,18,18,18,18
130987,0,1,1998,0,0,0,0,0,0,0,0,0,0
130987,1,1,1998,0,0,0,0,0,0,0,0,0,0
130988,0,1,1998,0,0,0,0,0,0,0,0,0,0
130988,1,1,1998,0,0,0,0,0,0,0,0,0,0
130988,2,1,1998,0,0,0,0,0,0,0,0,0,0
130989,0,1,1998,0,0,0,0,0,0,16,0,0,0
130989,1,1,1998,0,0,0,0,0,0,0,0,0,0
130990,1,1,1998,13,13,13,13,13,13,13,13,13,13
130991,1,1,1998,0,0,0,0,0,0,0,0,0,0
130992,1,1,1998,0,0,0,0,0,0,0,0,0,0
130992,2,1,1998,0,0,0,0,0,0,0,0,0,0
130993,1,1,1998,0,0,0,0,0,0,0,0,0,0
130994,1,1,1998,0,0,0,0,0,0,0,0,0,0
130994,2,1,1998,0,0,0,0,0,0,0,0,0,0
130995,0,1,1998,0,0,0,0,0,0,0,0,0,0
130995,1,1,1998,0,0,0,0,0,0,0,0,0,0
130995,2,1,1998,0,0,0,0,0,0,0,0,0,0
130996,1,1,1998,25,25,25,25,25,25,25,25,25,25
130997,1,1,1998,0,0,0,0,0,0,0,0,0,0
130997,2,1,1998,0,0,0,0,0,0,0,0,0,0
130998,1,1,1998,0,0,0,0,0,0,0,0,0,0
130998,2,1,1998,0,0,0,0,0,0,0,0,0,0
130999,1,1,1998,0,0,0,0,0,0,0,0,0,0
130999,2,1,1998,0,0,0,0,0,0,0,0,0,0
131000,1,1,1998,11,11,11,11,11,11,11,11,11,11
131001,1,1,1998,2,2,2,2,2,2,2,2,2,2
131001,2,1,1998,0,0,0,0,0,0,0,0,0,0
131002,1,1,1998,0,0,0,0,0,0,0,0,0,0
131002,2,1,1998,0,0,0,0,0,0,0,0,0,0
131003,1,1,1998,0,0,0,0,0,0,0,0,0,0
131003,2,1,1998,0,0,0,0,0,0,0,0,0,0
131004,1,1,1998,0,0,0,0,0,0,0,0,0,0
131005,1,1,1998,0,0,0,0,0,0,0,0,0,0
131005,2,1,1998,0,0,0,0,0,0,0,0,0,0
131005,3,1,1998,0,0,0,0,0,0,0,0,0,0
131006,1,1,1998,14,14,14,14,14,14,14,14,14,14
131006,2,1,1998,8,8,8,8,8,8,8,8,8,8
131007,1,1,1998,13,13,13,13,13,13,13,13,13,13
131007,2,1,1998,0,0,0,0,0,0,0,0,0,0
131008,1,1,1998,0,0,0,0,0,0,0,0,0,0
131009,1,1,1998,0,0,0,0,0,0,0,0,0,0
131010,1,1,1998,11,11,11,11,11,11,11,11,11,11
131011,0,1,1998,42,42,42,42,42,42,42,42,42,42
131011,1,1,1998,0,0,0,0,0,0,0,0,0,0
131012,1,1,1998,0,0,0,0,0,0,0,0,0,0
131013,1,1,1998,0,0,18,0,0,0,0,0,0,0
131013,2,1,1998,0,0,0,0,0,0,0,0,0,0
131014,1,1,1998,0,0,0,0,0,0,0,0,0,0
131015,1,1,1998,0,0,0,0,0,0,0,0,0,0
131015,2,1,1998,0,0,0,0,0,0,0,0,0,0
131016,1,1,1998,0,0,0,0,0,0,0,0,0,0
131016,2,1,1998,0,0,0,0,0,0,0,0,0,0
131017,1,1,1998,0,0,0,0,0,0,0,0,0,0
131017,2,1,1998,0,0,0,0,0,0,0,0,0,0
131018,1,1,1998,0,0,0,0,0,0,0,0,0,0
131019,1,1,1998,0,0,0,0,0,0,0,0,0,0
131019,2,1,1998,0,0,0,0,0,0,0,0,0,0
131020,1,1,1998,0,0,0,0,0,0,0,0,0,0
131020,2,1,1998,0,0,0,0,0,0,0,0,0,0
131021,1,1,1998,0,0,0,0,0,0,0,0,0,0
131021,2,1,1998,0,0,0,0,0,0,0,0,0,0
131022,1,1,1998,0,0,0,0,0,0,0,0,0,0
131022,2,1,1998,0,0,0,0,0,0,0,0,0,0
131023,1,1,1998,6,6,6,6,6,6,6,6,6,6
131024,1,1,1998,18,18,18,18,18,18,18,18,18,18
131025,1,1,1998,15,25,11,12,8,17,6,18,12,25
131026,1,1,1998,0,0,0,0,0,0,0,0,0,0
131027,1,1,1998,0,0,0,0,0,0,0,0,0,0
131028,1,1,1998,0,0,0,0,0,0,0,0,0,0
131029,1,1,1998,0,0,0,0,0,0,0,0,0,20
131029,2,1,1998,0,0,0,0,0,0,0,0,0,0