ST_CASE,VEH_NO,PER_NO,YEAR,P1,P2,P3,P4,P5,P6,P7,P8,P9,P10
131303,2,1,1998,0,0,0,0,0,0,0,0,0,0
131304,1,1,1998,0,0,0,0,0,0,0,0,0,0
131304,2,1,1998,0,0,0,0,0,0,0,0,0,0
131305,1,1,1998,0,0,0,0,0,0,0,0,0,0
131305,2,1,1998,0,0,0,0,0,0,0,0,0,0
131306,1,1,1998,0,0,0,0,0,0,0,0,0,0
131307,1,1,1998,0,0,0,0,0,0,0,0,0,0
131307,2,1,1998,0,0,0,0,0,0,0,0,0,0
131307,3,1,1998,0,0,0,0,0,0,0,0,0,0
131308,1,1,1998,0,0,0,0,0,0,0,0,0,0
131308,2,1,1998,0,0,0,0,0,0,0,0,0,0
131309,1,1,1998,0,0,0,0,0,0,0,0,0,0
131310,1,1,1998,25,25,25,25,25,25,25,25,25,25
131311,1,1,1998,0,0,0,0,0,0,0,0,0,0
131311,2,1,1998,0,0,0,0,0,0,0,0,0,0
131312,1,1,1998,0,0,0,0,0,0,0,0,0,0
131313,1,1,1998,12,12,12,12,12,12,12,12,12,12
131314,0,1,1998,0,0,0,0,0,0,0,0,0,0
131314,1,1,1998,0,0,0,0,0,0,0,0,0,0
131315,1,1,1998,0,0,0,0,0,0,0,0,0,0
131316,1,1,1998,31,35,25,21,21,12,4,27,16,13
131317,1,1,1998,0,0,0,0,0,0,0,0,0,0
131317,2,1,1998,0,0,0,0,0,0,0,0,0,0
131318,1,1,1998,0,0,0,0,0,0,0,0,0,0
131318,2,1,1998,23,23,23,23,23,23,23,23,23,23
131319,1,1,1998,0,0,0,0,0,0,0,0,0,0
131319,2,1,1998,0,0,0,0,0,0,0,0,0,0
131320,0,1,1998,0,0,6,0,9,29,0,0,18,0
131320,1,1,1998,0,0,0,0,0,0,0,0,0,0
131321,1,1,1998,0,0,0,0,0,0,0,0,0,0
131321,2,1,1998,0,0,0,0,0,0,0,0,0,0
131322,0,1,1998,0,0,0,0,0,0,0,0,0,0
131322,2,1,1998,0,0,0,0,0,0,0,0,0,0
131323,1,1,1998,0,0,0,0,0,0,0,0,0,0
131323,2,1,1998,0,0,0,0,0,0,0,0,0,0
131324,1,1,1998,0,0,0,0,0,0,0,0,0,0
131325,1,1,1998,25,25,25,25,25,25,25,25,25,25
131326,1,1,1998,22,22,22,22,22,22,22,22,22,22
131327,1,1,1998,0,0,0,0,0,0,0,0,0,0
131328,1,1,1998,0,0,0,0,0,0,0,0,0,0
131329,1,1,1998,28,28,28,28,28,28,28,28,28,28
131330,1,1,1998,12,0,0,26,0,0,9,0,20,0
131331,0,1,1998,0,0,0,0,0,0,0,0,0,0
131331,1,1,1998,0,0,0,0,0,0,0,0,0,0
131332,1,1,1998,0,0,0,0,0,0,0,0,0,0
131333,1,1,1998,23,17,0,21,31,15,22,15,0,0
131334,1,1,1998,19,19,19,19,19,19,19,19,19,19
131335,1,1,1998,0,0,0,0,0,0,0,0,0,0
131335,2,1,1998,0,0,0,0,0,0,0,0,0,0
131335,3,1,1998,0,0,0,0,0,0,0,0,0,0
131335,4,1,1998,0,0,0,0,0,0,0,0,0,0
131336,1,1,1998,16,33,17,21,0,12,0,0,0,12
131337,1,1,1998,14,29,33,24,28,14,26,23,9,15
131338,1,1,1998,0,0,0,0,0,0,0,0,0,0
131338,2,1,1998,0,0,0,0,0,0,0,0,0,0
131339,1,1,1998,37,25,25,0,0,13,19,0,18,23
131340,0,1,1998,21,21,21,21,21,21,21,21,21,21
131340,1,1,1998,0,0,0,0,0,0,0,0,0,0
131341,1,1,1998,3,7,4,5,14,4,9,2,6,0
131341,2,1,1998,3,3,3,3,3,3,3,3,3,3
131342,1,1,1998,0,0,0,0,0,0,0,0,0,0
131343,1,1,1998,0,0,0,0,0,0,0,0,0,0
131344,1,1,1998,7,7,7,7,7,7,7,7,7,7
131345,1,1,1998,25,25,25,25,25,25,25,25,25,25
131346,1,1,1998,14,0,0,0,0,8,0,0,0,22
131346,2,1,1998,0,0,0,9,0,0,0,4,0,0
131347,1,1,1998,16,16,16,16,16,16,16,16,16,16
131348,1,1,1998,0,0,0,0,0,0,0,0,0,0
131348,2,1,1998,0,0,0,0,0,0,21,0,0,0
131348,3,1,1998,0,0,0,0,0,0,0,0,0,0
131349,1,1,1998,0,0,0,10,0,0,0,0,0,0
131349,2,1,1998,0,0,0,0,0,0,0,0,0,0
131350,1,1,1998,0,0,0,0,0,0,0,0,0,0
131351,1,1,1998,0,0,0,0,0,0,0,0,0,0
131351,2,1,1998,0,0,0,0,0,0,0,0,0,0
131352,1,1,1998,10,21,0,11,21,24,14,13,0,21
131353,1,1,1998,17,0,0,0,0,0,0,0,0,0
131354,1,1,1998,0,0,0,0,0,0,0,0,0,0
131355,0,1,1998,0,0,0,0,0,0,0,0,0,0
131355,1,1,1998,0,0,0,0,0,0,0,0,0,0
131356,1,1,1998,34,34,34,34,34,34,34,34,34,34
131357,1,1,1998,0,0,8,0,7,17,0,6,0,31
131358,1,1,1998,0,0,0,0,0,0,0,0,0,0
131358,2,1,1998,0,0,0,0,0,0,0,0,0,0
131359,1,1,1998,0,0,0,0,0,0,0,0,0,0
131359,2,1,1998,0,0,0,0,0,0,0,0,0,0
131360,0,1,1998,0,0,10,22,13,42,19,5,0,24
131360,1,1,1998,10,0,0,0,0,0,0,12,0,8
131360,2,1,1998,10,10,10,10,10,10,10,10,10,10
131360,3,1,1998,0,0,9,0,0,0,0,0,0,12
131361,1,1,1998,0,0,20,0,21,0,0,28,35,0
131362,0,1,1998,0,0,0,0,0,0,0,0,0,0
131362,1,1,1998,0,0,0,0,0,0,0,0,0,0
131363,1,1,1998,0,0,0,0,0,0,0,0,0,0
131363,2,1,1998,6,6,6,6,6,6,6,6,6,6
131364,1,1,1998,0,0,0,0,0,0,0,0,0,0
131364,2,1,1998,0,0,0,0,0,0,0,0,0,0
131365,1,1,1998,0,0,0,0,0,0,0,0,0,0
131365,2,1,1998,0,0,0,0,0,0,0,0,0,0
131366,0,1,1998,0,0,0,0,0,0,0,0,0,0
131366,1,1,1998,0,0,0,0,0,0,0,0,0,0
131367,1,1,1998,14,0,0,0,0,0,12,0,0,0
131369,1,1,1998,0,0,0,0,0,0,0,0,0,0
131369,2,1,1998,0,0,0,0,0,0,0,0,0,0
131370,1,1,1998,0,0,0,0,0,0,0,0,0,0
131370,2,1,1998,0,0,0,0,0,0,0,0,0,0
131371,1,1,1998,0,0,0,0,0,0,0,0,0,0
131371,2,1,1998,0,0,0,0,0,0,0,0,0,0
131372,0,1,1998,20,18,28,7,17,14,20,15,0,0
131372,1,1,1998,0,7,17,0,11,0,4,8,0,15
131373,0,1,1998,0,0,0,0,0,0,0,0,0,0
131373,1,1,1998,0,0,15,0,0,0,0,0,0,16
131374,1,1,1998,6,6,6,6,6,6,6,6,6,6
131374,2,1,1998,0,0,0,0,0,0,0,0,0,0
131375,1,1,1998,0,0,0,0,0,0,0,0,0,0
131375,2,1,1998,0,0,0,0,0,0,0,0,0,0
131376,1,1,1998,20,20,20,20,20,20,20,20,20,20
131377,1,1,1998,0,0,0,0,0,0,0,0,0,0
131377,2,1,1998,0,0,0,0,0,0,0,0,0,0
131378,1,1,1998,0,0,9,0,0,0,0,0,0,0
131379,1,1,1998,0,0,0,0,0,0,0,0,0,0
131379,2,1,1998,0,0,0,0,0,0,0,0,0,0
131380,1,1,1998,0,0,11,0,0,0,0,0,0,0
131381,1,1,1998,0,0,0,0,0,0,0,0,0,0
131381,2,1,1998,0,0,0,0,0,0,0,0,0,0
131382,1,1,1998,26,0,0,16,0,0,0,0,11,20
131382,2,1,1998,0,0,0,0,0,2,0,0,0,0
131383,1,1,1998,0,0,0,0,0,0,0,0,0,0
131383,2,1,1998,3,3,3,3,3,3,3,3,3,3
131384,1,1,1998,0,0,0,0,0,0,0,0,0,0
131384,2,1,1998,0,0,0,7,0,0,0,0,0,0
131385,0,1,1998,5,11,32,30,53,27,17,18,40,13
131385,1,1,1998,6,11,0,29,26,17,0,36,14,16
131386,1,1,1998,0,0,0,0,0,0,0,0,0,0
131387,1,1,1998,0,0,0,0,0,0,0,0,0,0
131388,1,1,1998,0,0,0,0,0,0,0,21,0,9
131388,2,1,1998,0,0,0,0,0,0,0,0,0,0
131389,1,1,1998,0,0,0,0,0,0,0,0,0,0
131390,1,1,1998,0,0,0,0,0,0,0,0,0,0
131391,0,1,1998,0,0,0,0,0,0,0,0,0,0
131391,1,1,1998,0,0,0,0,0,0,12,0,0,0
131392,1,1,1998,0,0,0,13,10,5,0,12,0,3
131393,1,1,1998,0,0,0,0,0,0,0,0,0,0
131394,1,1,1998,0,0,0,0,0,0,0,0,0,0
131394,2,1,1998,0,0,0,0,0,0,0,0,0,0
131395,1,1,1998,0,0,0,0,0,0,0,0,0,0
131396,0,1,1998,12,0,0,0,0,0,0,0,0,0
131396,1,1,1998,14,14,14,14,14,14,14,14,14,14
131396,3,1,1998,0,0,0,0,0,0,0,0,0,0
131396,4,1,1998,0,0,0,0,0,0,0,0,0,0
131396,5,1,1998,0,0,0,0,0,0,0,0,0,0
131396,6,1,1998,0,0,0,0,0,0,0,0,0,0
131397,0,1,1998,32,32,32,32,32,32,32,32,32,32
131397,1,1,1998,0,0,0,0,0,0,0,0,0,0
131398,0,1,1998,15,15,15,15,15,15,15,15,15,15
131398,1,1,1998,0,0,0,0,0,0,0,0,0,0
131399,1,1,1998,0,7,0,19,14,0,0,0,20,0
131399,2,1,1998,3,3,3,3,3,3,3,3,3,3
131400,0,1,1998,0,12,21,0,18,30,20,17,0,27
131400,1,1,1998,0,0,0,0,0,0,0,0,0,0
131401,1,1,1998,0,0,0,0,0,0,0,0,0,0
131402,1,1,1998,0,0,0,0,0,0,0,0,0,0
131402,2,1,1998,0,0,0,0,0,0,0,0,0,0
131402,3,1,1998,0,0,0,0,0,0,0,0,0,0
131403,1,1,1998,0,0,0,0,0,0,0,0,0,0
131403,2,1,1998,0,0,0,0,0,0,0,0,0,0
131404,1,1,1998,0,0,42,26,17,18,17,0,0,0
131405,1,1,1998,0,0,0,0,0,0,0,0,0,0
131405,2,1,1998,17,7,10,14,12,0,0,0,0,10
131406,1,1,1998,0,0,0,0,0,0,0,0,0,0
131406,2,1,1998,0,0,0,0,0,0,0,0,0,0
131407,1,1,1998,0,0,0,0,0,0,0,0,0,0
131408,1,1,1998,0,0,0,0,0,0,0,0,0,0
131409,1,1,1998,0,0,0,0,0,0,0,0,0,0
131411,1,1,1998,0,0,0,0,0,0,0,0,0,3
131412,1,1,1998,27,27,27,27,27,27,27,27,27,27
131413,1,1,1998,0,0,0,0,0,0,0,0,0,0
131413,2,1,1998,0,0,0,0,0,0,0,0,0,0
131414,0,1,1998,39,39,39,39,39,39,39,39,39,39
131414,1,1,1998,0,0,0,0,0,0,0,0,0,0
131415,1,1,1998,0,0,0,0,0,0,0,0,0,0
131415,2,1,1998,0,0,0,0,0,0,0,0,0,0
131415,3,1,1998,0,0,0,0,0,0,0,0,0,0
131416,0,1,1998,18,22,0,0,14,0,15,17,29,26
131416,1,1,1998,0,0,0,0,0,0,0,0,0,0
131417,1,1,1998,0,0,0,0,0,0,0,0,0,0
131417,2,1,1998,0,0,0,0,0,0,0,0,0,0
131418,1,1,1998,0,0,0,0,0,0,0,0,0,0
131418,2,1,1998,0,0,0,0,0,0,0,0,0,0
131419,1,1,1998,0,0,0,0,0,0,0,0,0,0
131419,2,1,1998,0,0,0,0,0,0,0,0,0,0
131421,1,1,1998,0,0,0,0,0,0,0,0,0,0
131422,1,1,1998,0,0,0,0,0,0,0,0,0,0
131422,2,1,1998,0,0,0,0,0,0,0,0,0,0
150001,1,1,1998,0,0,0,0,0,0,0,5,0,0
150001,2,1,1998,16,16,16,16,16,16,16,16,16,16
150002,1,1,1998,11,11,11,11,11,11,11,11,11,11
150003,1,1,1998,0,0,0,0,0,0,0,0,0,0
150003,2,1,1998,0,0,0,0,0,0,0,0,0,0
150004,0,1,1998,24,10,0,15,0,2,24,25,14,21
150004,1,1,1998,0,0,0,0,0,0,0,0,0,0
150005,1,1,1998,0,0,0,0,0,0,0,0,0,0
150006,0,1,1998,21,21,21,21,21,21,21,21,21,21
150006,1,1,1998,0,0,0,0,0,0,0,0,0,0
150007,1,1,1998,19,19,19,19,19,19,19,19,19,19
150007,2,1,1998,5,5,5,5,5,5,5,5,5,5
150008,0,1,1998,0,0,0,0,0,0,0,0,0,0
150008,1,1,1998,0,0,0,0,0,0,0,0,0,0
150009,1,1,1998,20,20,20,20,20,20,20,20,20,20
150010,1,1,1998,0,0,0,0,0,0,0,0,0,0
150010,2,1,1998,0,0,0,0,0,0,0,0,0,0
150011,0,1,1998,0,0,0,0,0,0,0,0,0,0
150011,1,1,1998,11,0,0,0,0,0,0,33,0,0
150012,0,1,1998,0,0,0,0,0,0,0,0,0,0
150012,1,1,1998,0,0,0,11,0,0,0,0,0,0
150013,1,1,1998,0,0,0,0,0,0,0,0,0,0
150013,2,1,1998,0,0,0,0,0,0,0,0,0,0
150014,1,1,1998,26,26,26,26,26,26,26,26,26,26
150015,1,1,1998,0,16,0,23,21,0,20,12,14,7
150015,2,1,1998,0,0,0,0,0,0,0,0,0,0
150016,0,1,1998,0,0,0,0,0,0,0,0,0,0
150016,1,1,1998,0,0,0,0,0,0,0,0,0,0
150017,0,1,1998,0,0,0,0,0,0,0,0,0,0
150017,1,1,1998,0,0,0,0,0,0,0,0,0,0
150018,1,1,1998,24,24,24,24,24,24,24,24,24,24
150019,1,1,1998,0,0,0,0,0,0,0,0,0,0
150019,2,1,1998,0,0,0,0,0,0,0,0,0,0
150020,1,1,1998,0,0,0,0,0,0,0,0,0,0
150020,2,1,1998,0,0,0,0,0,0,0,0,0,0
150020,3,1,1998,0,0,0,0,0,0,0,0,0,0
150020,4,1,1998,0,0,0,0,0,0,0,0,0,0
150020,5,1,1998,0,0,0,0,0,0,0,0,0,0
150020,6,1,1998,0,0,0,0,0,0,0,0,0,0
150020,7,1,1998,0,0,0,0,0,0,0,0,0,0
150020,8,1,1998,0,0,0,0,0,0,0,0,0,0
150020,9,1,1998,0,0,0,0,0,0,0,0,0,0
150020,10,1,1998,0,0,0,0,0,0,0,0,0,0
150020,11,1,1998,0,0,0,0,0,0,0,0,0,0
150020,12,1,1998,0,0,0,0,0,0,0,0,0,0
150021,0,1,1998,39,39,39,39,39,39,39,39,39,39
150021,1,1,1998,0,0,0,0,0,0,0,0,0,0
150022,0,1,1998,0,0,0,0,0,0,0,0,0,0
150022,1,1,1998,0,0,0,0,0,0,0,0,0,0
150023,1,1,1998,0,0,0,0,0,0,0,0,0,0
150023,2,1,1998,0,0,0,0,0,0,0,0,0,0
150024,1,1,1998,0,0,0,0,0,0,0,0,0,0
150024,2,1,1998,0,0,0,0,0,0,0,0,0,0
150025,1,1,1998,0,0,0,0,0,0,0,0,0,0
150025,2,1,1998,0,0,0,0,0,0,0,0,0,0
150026,1,1,1998,0,0,0,0,0,0,0,0,0,0
150026,2,1,1998,0,0,0,0,0,0,0,0,0,0
150026,3,1,1998,0,0,0,0,0,0,0,0,0,0
150027,1,1,1998,22,22,22,22,22,22,22,22,22,22
150028,1,1,1998,12,12,12,12,12,12,12,12,12,12
150029,1,1,1998,13,13,13,13,13,13,13,13,13,13
150030,1,1,1998,0,0,0,0,0,0,0,0,0,0
150030,2,1,1998,16,0,0,0,0,0,0,16,0,0
150030,3,1,1998,24,0,0,0,0,0,0,0,0,30
150030,4,1,1998,0,7,0,0,0,0,0,6,0,0
150031,0,1,1998,0,0,0,0,0,0,0,0,0,0
150031,1,1,1998,0,0,0,0,0,0,0,0,0,0
150032,1,1,1998,0,0,0,0,0,0,0,0,0,0
150033,0,1,1998,34,34,34,34,34,34,34,34,34,34
150033,1,1,1998,0,0,0,0,0,0,0,0,0,0
150034,1,1,1998,24,24,24,24,24,24,24,24,24,24
150035,1,1,1998,17,17,17,17,17,17,17,17,17,17
150036,1,1,1998,1,1,1,1,1,1,1,1,1,1
150037,1,1,1998,18,18,18,18,18,18,18,18,18,18
150037,2,1,1998,0,0,0,0,0,0,0,0,0,0
150037,3,1,1998,0,0,0,0,0,0,0,0,0,0
150038,1,1,1998,33,33,33,33,33,33,33,33,33,33
150039,1,1,1998,0,0,0,0,0,0,0,0,0,0
150039,2,1,1998,6,6,6,6,6,6,6,6,6,6
150040,1,1,1998,13,13,13,13,13,13,13,13,13,13
150041,1,1,1998,0,0,0,0,0,0,16,0,12,0
150042,1,1,1998,17,0,26,21,20,18,22,10,18,9
150042,2,1,1998,0,0,0,0,0,0,0,0,0,0
150042,3,1,1998,0,0,0,0,0,0,0,0,0,0
150043,0,1,1998,0,0,0,0,0,0,0,0,0,0
150043,1,1,1998,0,0,0,0,0,0,0,0,0,0
150044,1,1,1998,0,0,0,0,0,0,0,0,0,0
150044,2,1,1998,0,0,0,0,0,0,0,0,0,0
150045,1,1,1998,17,17,17,17,17,17,17,17,17,17
150046,1,1,1998,0,0,0,0,0,0,0,0,0,0
150047,1,1,1998,0,0,0,0,0,0,0,0,0,0
150047,2,1,1998,0,0,0,0,0,0,0,0,0,0
150048,1,1,1998,13,13,13,13,13,13,13,13,13,13
150049,0,1,1998,0,0,0,0,0,0,0,0,0,0
150049,1,1,1998,0,0,0,0,0,0,0,0,0,0
150049,2,1,1998,0,0,0,0,0,0,0,0,0,0
150050,1,1,1998,0,0,0,0,0,0,0,0,0,0
150050,2,1,1998,6,6,6,6,6,6,6,6,6,6
150051,1,1,1998,18,18,18,18,18,18,18,18,18,18
150052,1,1,1998,18,18,18,18,18,18,18,18,18,18
150053,1,1,1998,5,5,5,5,5,5,5,5,5,5
150054,1,1,1998,14,14,14,14,14,14,14,14,14,14
150054,2,1,1998,23,23,23,23,23,23,23,23,23,23
150055,1,1,1998,0,0,0,0,0,0,0,0,0,0
150055,2,1,1998,0,0,0,0,0,0,0,0,0,0
150056,1,1,1998,0,0,0,0,0,0,0,0,0,0
150056,2,1,1998,0,0,0,0,0,0,0,0,2,0
150057,1,1,1998,10,10,10,10,10,10,10,10,10,10
150057,2,1,1998,0,0,0,0,0,15,0,0,4,0
150058,1,1,1998,7,7,7,7,7,7,7,7,7,7
150058,2,1,1998,0,0,0,0,0,0,0,0,0,0
150059,1,1,1998,25,25,25,25,25,25,25,25,25,25
150060,1,1,1998,29,29,29,29,29,29,29,29,29,29
150061,0,1,1998,0,0,0,0,0,0,0,0,0,0
150061,1,1,1998,0,0,0,0,0,0,0,0,0,0
150062,1,1,1998,0,0,0,0,0,0,0,0,0,0
150062,2,1,1998,0,0,0,0,0,0,0,0,0,0
150063,1,1,1998,13,13,13,13,13,13,13,13,13,13
150064,1,1,1998,0,0,0,0,0,0,0,0,0,0
150064,2,1,1998,0,13,0,0,0,0,0,0,0,0
150065,1,1,1998,15,15,15,15,15,15,15,15,15,15
150066,1,1,1998,10,24,12,20,5,4,0,18,24,21
150067,1,1,1998,0,0,0,0,0,0,0,0,0,0
150067,2,1,1998,0,0,0,0,0,0,0,0,0,0
150068,1,1,1998,0,0,0,0,0,0,0,0,0,0
150069,1,1,1998,16,16,16,16,16,16,16,16,16,16
150070,1,1,1998,0,0,0,0,0,0,0,0,0,0
150071,1,1,1998,10,10,10,10,10,10,10,10,10,10
150072,1,1,1998,0,0,0,0,0,0,0,0,0,0
150072,2,1,1998,0,0,0,0,0,0,0,0,0,0
150073,1,1,1998,0,0,0,0,0,0,0,0,0,0
150074,1,1,1998,0,0,0,0,0,0,0,0,0,0
150074,2,1,1998,9,9,9,9,9,9,9,9,9,9
150075,1,1,1998,0,0,0,0,0,0,0,0,0,0
150075,2,1,1998,9,9,9,9,9,9,9,9,9,9
150076,1,1,1998,0,36,8,2,9,0,9,0,16,0
150077,1,1,1998,0,0,0,0,0,0,0,0,0,0
150077,2,1,1998,0,0,0,0,0,0,19,0,0,0
150078,1,1,1998,4,4,4,4,4,4,4,4,4,4
150078,2,1,1998,0,0,0,0,0,0,0,0,0,0
150078,3,1,1998,0,0,0,0,0,0,0,0,0,0
150079,1,1,1998,0,0,0,0,0,0,0,0,0,0
150079,2,1,1998,0,0,0,0,0,0,0,0,0,0
150080,0,1,1998,0,0,0,0,0,0,0,0,0,0
150080,1,1,1998,0,0,0,0,0,0,0,0,0,0
150081,0,1,1998,0,0,0,0,0,0,0,0,0,0
150081,1,1,1998,0,9,22,0,0,16,0,0,0,17
150082,1,1,1998,4,4,4,4,4,4,4,4,4,4
150083,0,1,1998,0,0,0,0,0,0,0,0,0,0
150083,1,1,1998,0,0,0,0,0,0,0,0,0,0
150084,1,1,1998,16,16,16,16,16,16,16,16,16,16
150085,0,1,1998,0,0,0,0,0,0,0,0,0,0
150085,0,2,1998,0,0,0,0,0,0,0,0,0,0
150085,1,1,1998,10,10,10,10,10,10,10,10,10,10
150086,1,1,1998,0,0,0,0,0,0,0,0,0,0
150087,1,1,1998,11,11,11,11,11,11,11,11,11,11
150087,2,1,1998,0,0,0,0,0,0,0,0,0,0
150088,1,1,1998,0,0,0,0,0,0,0,0,0,0
150088,2,1,1998,0,0,0,0,0,0,0,0,0,0
150089,1,1,1998,0,0,0,0,0,0,0,0,0,0
150089,2,1,1998,0,0,0,0,0,0,0,0,0,0
150090,1,1,1998,0,0,0,0,0,0,0,0,0,0
150091,1,1,1998,0,0,0,0,0,0,0,0,0,0
150092,1,1,1998,0,0,0,0,0,0,0,0,0,0
150092,2,1,1998,0,0,0,0,0,0,0,0,0,0
150093,1,1,1998,0,0,0,0,0,0,0,0,0,0
150094,1,1,1998,0,0,0,0,0,0,0,0,0,0
150094,2,1,1998,0,0,0,0,0,0,0,0,0,0
150095,1,1,1998,0,0,0,0,0,0,0,0,0,0
150095,2,1,1998,0,0,0,0,0,0,0,0,6,0
150096,1,1,1998,0,0,0,0,0,0,0,0,0,0
150097,1,1,1998,0,0,0,0,0,0,0,0,0,0
150098,0,1,1998,0,0,0,0,0,0,0,0,0,0
150098,1,1,1998,0,0,0,0,0,0,0,0,0,0
150099,1,1,1998,17,17,17,17,17,17,17,17,17,17
150099,2,1,1998,0,0,0,0,0,0,0,0,0,0
150099,3,1,1998,0,0,0,4,0,0,0,0,0,0
150100,1,1,1998,0,0,0,0,0,0,0,0,0,0
150100,2,1,1998,0,0,0,17,9,0,0,9,0,0
150101,1,1,1998,17,17,17,17,17,17,17,17,17,17
150102,1,1,1998,23,23,23,23,23,23,23,23,23,23
150102,2,1,1998,0,0,0,0,0,0,0,0,0,0
150103,1,1,1998,24,24,24,24,24,24,24,24,24,24
150104,1,1,1998,17,17,17,17,17,17,17,17,17,17
150105,0,1,1998,0,0,0,0,0,0,0,0,0,0
150105,1,1,1998,0,0,0,0,0,0,0,0,0,0
150106,0,1,1998,0,0,0,0,0,0,0,0,0,0
150106,1,1,1998,0,0,0,0,0,0,0,0,0,0
150107,1,1,1998,0,0,0,0,0,0,0,0,0,0
150107,2,1,1998,4,4,4,4,4,4,4,4,4,4
150108,0,1,1998,0,0,0,0,0,0,0,0,0,0
150108,1,1,1998,26,0,0,0,0,0,0,0,0,0
150109,1,1,1998,2,2,2,2,2,2,2,2,2,2
150110,1,1,1998,0,0,0,0,0,0,0,0,0,0
150110,2,1,1998,0,0,0,0,0,0,0,0,0,0
150111,1,1,1998,0,0,0,0,0,0,0,0,0,0
150111,2,1,1998,0,0,0,0,0,0,0,0,0,0
150112,0,1,1998,3,3,3,3,3,3,3,3,3,3
150112,1,1,1998,0,0,0,0,0,0,0,0,0,0
150113,1,1,1998,0,0,0,0,0,0,0,0,0,0
150113,2,1,1998,0,0,0,0,0,0,0,0,0,0
160001,1,1,1998,0,0,0,0,0,0,0,0,0,0
160001,2,1,1998,1,1,1,1,1,1,1,1,1,1
160002,1,1,1998,0,0,0,0,0,0,0,0,0,0
160002,2,1,1998,0,0,0,0,0,0,0,0,0,0
160003,1,1,1998,0,0,0,0,0,0,28,0,0,0
160003,2,1,1998,0,0,0,0,0,0,0,0,0,0
160004,1,1,1998,21,21,21,21,21,21,21,21,21,21
160005,1,1,1998,23,23,23,23,23,23,23,23,23,23
160005,2,1,1998,5,0,0,0,0,0,0,0,0,0
160006,1,1,1998,0,0,0,0,0,0,0,0,0,0
160006,2,1,1998,0,0,0,0,0,0,0,0,0,0
160008,1,1,1998,0,0,0,0,0,0,0,0,0,0
160008,2,1,1998,0,0,0,0,0,0,0,0,0,0
160008,3,1,1998,0,0,0,0,0,0,0,0,0,0
160009,1,1,1998,0,0,0,0,0,0,0,0,0,0
160010,1,1,1998,0,0,0,0,0,0,0,0,0,0
160011,1,1,1998,0,0,0,0,0,0,0,0,0,0
160012,1,1,1998,18,18,18,18,18,18,18,18,18,18
160012,2,1,1998,0,0,0,0,0,0,0,0,0,0
160013,1,1,1998,0,0,0,0,0,0,0,0,0,0
160014,1,1,1998,0,0,0,0,0,0,0,0,0,0
160015,1,1,1998,0,0,0,0,0,0,0,0,0,0
160015,2,1,1998,0,0,0,0,0,0,0,0,0,0
160015,3,1,1998,0,0,0,0,0,0,0,0,0,0
160016,1,1,1998,0,0,0,0,0,0,0,10,0,0
160016,2,1,1998,0,0,0,0,0,0,0,0,0,0
160016,3,1,1998,0,0,0,0,0,0,0,0,0,0
160017,1,1,1998,12,12,12,12,12,12,12,12,12,12
160018,1,1,1998,0,0,0,0,0,0,0,0,0,0
160019,1,1,1998,21,21,21,21,21,21,21,21,21,21
160020,1,1,1998,0,0,0,0,0,0,0,0,0,0
160020,2,1,1998,0,0,0,0,0,0,0,0,0,0
160021,1,1,1998,0,0,0,0,0,0,0,0,0,0
160021,2,1,1998,0,0,0,0,0,0,0,0,0,0
160022,1,1,1998,22,13,13,31,25,16,41,28,21,33
160023,1,1,1998,0,0,0,0,0,0,0,0,0,0
160024,1,1,1998,0,0,0,0,22,0,0,0,0,0
160025,1,1,1998,0,16,0,0,0,0,0,0,0,0
160025,2,2,1998,0,0,0,0,0,0,0,0,0,0
160026,1,1,1998,30,30,30,30,30,30,30,30,30,30
160026,2,1,1998,0,0,0,0,0,0,0,0,0,0
160027,1,1,1998,15,15,15,15,15,15,15,15,15,15
160028,1,1,1998,0,0,0,0,0,0,0,0,0,0
160028,2,1,1998,0,0,0,0,0,0,0,0,0,0
160029,1,1,1998,0,0,0,0,0,0,0,0,0,0
160029,2,1,1998,0,0,0,0,0,0,0,0,0,0
160030,1,1,1998,0,0,0,0,0,0,0,0,0,0
160030,2,1,1998,0,0,0,0,0,0,0,0,0,0
160031,1,1,1998,18,18,18,18,18,18,18,18,18,18
160032,1,1,1998,15,15,15,15,15,15,15,15,15,15
160033,1,1,1998,0,0,14,6,0,0,10,0,11,0
160033,2,1,1998,0,0,0,0,0,0,0,0,0,0
160034,1,1,1998,19,19,19,19,19,19,19,19,19,19
160035,1,1,1998,0,0,0,0,0,0,0,0,0,0
160036,1,1,1998,0,0,0,0,0,0,0,0,0,0
160036,2,1,1998,0,0,0,0,0,0,0,0,0,0
160037,1,1,1998,0,0,0,0,0,0,0,0,0,0
160037,2,1,1998,14,14,14,14,14,14,14,14,14,14
160038,1,1,1998,0,0,18,0,0,0,0,0,5,0
160039,1,1,1998,0,0,0,0,0,0,0,0,0,0
160040,1,1,1998,16,16,16,16,16,16,16,16,16,16
160041,1,1,1998,12,12,12,12,12,12,12,12,12,12
160042,0,1,1998,21,21,21,21,21,21,21,21,21,21
160042,1,1,1998,0,0,0,0,0,0,0,0,0,0
160043,1,1,1998,12,0,40,9,0,15,25,32,7,20
160044,1,1,1998,0,0,0,0,0,0,0,0,0,0
160044,2,1,1998,0,0,0,0,0,0,0,0,0,0
160044,3,1,1998,0,0,0,0,0,0,0,0,0,0
160045,1,1,1998,4,4,4,4,4,4,4,4,4,4