ST_CASE,VEH_NO,PER_NO,YEAR,P1,P2,P3,P4,P5,P6,P7,P8,P9,P10
160046,1,1,1998,0,0,0,0,0,0,0,0,0,0
160047,1,1,1998,0,0,0,0,0,0,0,0,0,0
160047,2,1,1998,0,0,0,0,0,0,0,0,0,0
160048,1,1,1998,0,0,6,0,0,0,0,0,0,0
160049,1,1,1998,0,0,0,0,0,0,0,0,0,0
160049,2,1,1998,0,0,0,0,0,9,0,0,0,0
160049,3,1,1998,0,0,0,0,0,0,0,0,0,0
160050,1,1,1998,0,0,0,5,0,0,0,0,0,0
160050,2,1,1998,0,0,0,0,0,0,0,0,0,0
160051,1,1,1998,15,0,0,0,0,0,0,0,0,0
160052,1,1,1998,19,19,19,19,19,19,19,19,19,19
160053,1,1,1998,0,0,0,12,0,0,0,0,0,0
160054,1,1,1998,19,12,0,7,14,12,13,16,4,25
160055,1,1,1998,0,0,0,0,0,0,0,0,0,0
160056,1,1,1998,0,0,0,0,0,0,0,0,0,0
160056,2,1,1998,0,0,0,0,0,0,0,0,0,0
160057,1,1,1998,0,0,0,0,0,0,0,0,0,0
160057,2,1,1998,0,0,0,0,0,0,0,0,0,0
160058,1,1,1998,28,28,28,28,28,28,28,28,28,28
160059,1,1,1998,23,23,23,23,23,23,23,23,23,23
160060,1,1,1998,24,24,24,24,24,24,24,24,24,24
160060,2,1,1998,0,0,0,0,0,0,0,0,0,0
160061,1,1,1998,0,0,0,0,0,0,0,9,0,0
160062,1,1,1998,0,0,0,0,0,0,0,0,0,0
160063,1,1,1998,0,0,0,0,0,0,0,0,0,0
160063,2,1,1998,0,0,0,0,0,0,0,0,0,0
160064,1,1,1998,0,0,0,0,0,0,0,0,0,0
160064,2,1,1998,0,10,0,0,13,0,10,0,0,0
160065,1,1,1998,0,0,0,0,0,0,0,0,0,0
160066,1,1,1998,0,0,0,0,0,0,0,0,0,0
160067,1,1,1998,9,9,9,9,9,9,9,9,9,9
160067,2,1,1998,0,0,0,0,0,0,0,0,0,29
160068,1,1,1998,20,20,20,20,20,20,20,20,20,20
160068,2,1,1998,0,0,0,0,0,0,0,0,0,0
160069,1,1,1998,0,0,0,0,0,0,0,0,0,0
160070,1,1,1998,0,0,0,0,0,0,0,0,0,0
160070,2,1,1998,0,0,0,0,0,0,0,0,0,0
160071,1,1,1998,0,0,0,0,0,0,0,0,0,0
160072,1,1,1998,20,20,20,20,20,20,20,20,20,20
160073,1,1,1998,11,11,11,11,11,11,11,11,11,11
160074,1,1,1998,36,36,36,36,36,36,36,36,36,36
160075,1,1,1998,24,0,0,13,0,12,0,14,21,0
160075,2,1,1998,8,8,8,8,8,8,8,8,8,8
160076,1,1,1998,0,0,0,0,0,0,0,0,0,0
160077,1,1,1998,0,0,0,0,0,0,0,0,0,0
160077,2,1,1998,0,0,0,0,0,0,0,0,0,0
160078,1,1,1998,0,0,0,0,0,0,0,0,0,0
160079,1,1,1998,0,0,0,13,0,0,0,0,0,0
160080,0,1,1998,12,0,30,0,13,0,12,0,0,6
160080,0,2,1998,0,0,0,23,15,0,22,0,19,0
160080,1,1,1998,0,0,0,0,0,0,0,0,0,0
160081,1,1,1998,27,27,27,27,27,27,27,27,27,27
160082,0,1,1998,0,0,0,0,0,0,0,0,0,0
160082,1,1,1998,0,0,0,0,0,0,0,0,0,0
160083,1,1,1998,0,0,0,0,0,0,0,0,15,9
160083,2,1,1998,0,0,0,0,0,0,0,0,0,0
160084,1,1,1998,0,0,0,16,0,0,0,0,0,0
160085,1,1,1998,0,0,0,11,0,0,0,0,0,0
160085,2,1,1998,0,0,0,0,0,5,0,0,0,0
160085,3,1,1998,0,0,0,0,0,0,0,0,0,0
160086,1,1,1998,11,13,3,7,10,7,8,7,14,7
160087,1,1,1998,12,12,12,12,12,12,12,12,12,12
160088,1,1,1998,0,0,0,0,0,0,0,0,0,0
160089,1,1,1998,24,24,24,24,24,24,24,24,24,24
160090,1,1,1998,0,0,0,0,0,0,0,0,0,0
160090,2,1,1998,9,0,0,0,0,0,0,25,0,0
160091,1,1,1998,23,23,23,23,23,23,23,23,23,23
160091,2,1,1998,0,0,0,0,0,0,0,0,0,0
160092,1,1,1998,8,7,9,30,22,20,16,28,6,19
160093,1,1,1998,0,0,0,0,0,0,0,0,0,0
160094,1,1,1998,0,0,0,0,3,0,0,0,0,0
160094,2,1,1998,0,0,0,0,0,0,0,0,0,0
160095,1,1,1998,0,0,0,0,0,0,0,0,0,0
160095,2,1,1998,0,0,0,0,0,0,0,0,0,0
160096,1,1,1998,0,0,0,0,0,0,0,0,0,0
160097,1,1,1998,0,0,0,0,0,0,0,0,0,0
160098,1,1,1998,0,0,0,0,0,0,0,0,0,0
160099,1,1,1998,0,0,0,0,0,0,0,0,0,0
160100,1,1,1998,0,0,0,0,0,0,0,0,0,0
160101,1,1,1998,0,0,0,0,0,0,0,0,0,0
160101,2,1,1998,0,0,0,0,0,0,0,0,0,0
160102,1,1,1998,7,0,0,0,0,0,0,0,0,0
160102,2,1,1998,0,0,0,0,0,0,0,0,0,0
160103,1,1,1998,0,0,0,0,0,0,0,0,0,0
160103,2,1,1998,0,0,0,0,0,0,0,0,0,0
160104,1,1,1998,0,0,0,0,0,0,0,0,0,0
160104,2,1,1998,0,0,0,0,0,0,0,0,0,0
160105,1,1,1998,15,15,15,15,15,15,15,15,15,15
160106,1,1,1998,14,14,14,14,14,14,14,14,14,14
160107,1,1,1998,0,0,0,0,0,0,0,0,0,0
160108,1,1,1998,0,0,0,0,0,0,0,0,0,0
160108,2,1,1998,14,14,14,14,14,14,14,14,14,14
160109,1,1,1998,0,0,0,25,0,0,14,0,0,19
160109,2,1,1998,0,0,0,0,0,0,0,0,0,0
160110,1,1,1998,20,20,20,20,20,20,20,20,20,20
160111,1,1,1998,20,0,0,16,0,0,0,0,0,0
160112,1,1,1998,0,0,0,0,0,0,0,0,7,0
160112,2,1,1998,0,0,0,0,0,0,0,0,0,0
160113,1,1,1998,0,0,0,0,0,0,0,0,0,0
160113,2,1,1998,0,0,0,0,0,0,0,0,0,0
160114,1,1,1998,0,0,0,0,0,0,0,0,0,0
160114,2,1,1998,0,0,0,0,0,0,0,0,0,0
160115,1,1,1998,0,0,0,0,0,0,0,0,0,0
160115,2,1,1998,0,0,0,0,0,0,0,0,0,0
160116,1,1,1998,0,0,0,0,0,0,0,0,0,0
160116,2,1,1998,0,0,0,0,0,0,0,0,0,0
160117,1,1,1998,0,0,0,0,0,0,0,0,0,0
160117,2,1,1998,0,0,0,0,0,0,0,0,0,0
160118,1,1,1998,13,23,16,10,10,0,4,27,14,18
160119,1,1,1998,13,20,20,18,30,28,15,15,31,38
160120,1,1,1998,0,0,0,0,0,0,0,0,0,0
160120,2,1,1998,0,0,0,0,0,0,0,0,0,0
160121,1,1,1998,0,8,0,0,0,20,0,0,0,20
160122,1,1,1998,0,0,0,0,0,0,0,0,0,0
160122,2,1,1998,0,13,0,0,0,0,0,0,0,0
160122,3,1,1998,0,0,0,0,0,0,0,0,0,0
160123,1,1,1998,0,0,0,0,0,0,0,0,0,0
160124,1,1,1998,17,17,17,17,17,17,17,17,17,17
160125,1,1,1998,0,0,0,0,0,0,0,0,0,0
160126,1,1,1998,0,0,0,0,0,0,0,0,0,0
160127,0,1,1998,25,25,25,25,25,25,25,25,25,25
160127,1,1,1998,7,7,7,7,7,7,7,7,7,7
160128,1,1,1998,0,0,0,0,0,0,0,0,0,0
160128,2,1,1998,0,0,0,0,0,0,0,0,0,0
160129,1,1,1998,0,0,0,0,0,0,0,0,0,0
160129,2,1,1998,0,0,0,0,0,0,0,0,0,0
160130,1,1,1998,0,0,0,0,0,0,0,0,0,0
160131,1,1,1998,0,0,0,0,4,0,0,0,0,0
160132,1,1,1998,14,14,14,14,14,14,14,14,14,14
160133,1,1,1998,0,0,28,0,0,0,0,0,29,14
160134,1,1,1998,0,0,0,0,0,0,0,0,0,0
160135,1,1,1998,14,14,14,14,14,14,14,14,14,14
160136,1,1,1998,0,0,0,0,0,0,0,0,2,0
160137,1,1,1998,0,0,0,0,0,3,0,0,0,0
160138,1,1,1998,0,0,0,0,0,0,0,0,0,0
160139,1,1,1998,0,0,0,0,0,0,21,10,0,0
160140,1,1,1998,0,0,0,0,0,0,0,0,0,0
160141,1,1,1998,0,0,0,0,0,0,0,0,0,0
160142,1,1,1998,17,6,0,0,19,9,0,21,0,25
160143,1,1,1998,0,0,0,0,0,0,0,0,0,0
160143,2,1,1998,0,0,0,0,0,0,0,0,0,0
160144,1,1,1998,0,0,0,0,0,0,0,0,0,0
160144,2,1,1998,0,0,0,0,0,0,0,0,0,0
160145,1,1,1998,0,0,0,0,0,0,0,0,0,0
160146,1,1,1998,0,0,0,0,0,0,0,0,0,0
160147,1,1,1998,11,10,13,14,31,15,3,24,9,0
160148,1,1,1998,0,0,0,0,0,0,0,0,0,0
160149,1,1,1998,0,12,0,0,0,22,0,19,0,0
160149,2,1,1998,0,0,0,0,0,0,0,0,0,0
160150,1,1,1998,0,0,0,0,0,0,0,0,0,0
160151,1,1,1998,0,0,0,0,0,0,0,0,0,0
160152,1,1,1998,20,20,20,20,20,20,20,20,20,20
160153,1,1,1998,0,0,9,0,0,0,0,9,0,0
160153,2,1,1998,0,0,0,0,0,0,0,0,0,0
160154,1,1,1998,0,0,0,0,0,0,3,0,0,0
160154,2,1,1998,0,0,0,0,0,0,0,0,0,0
160155,1,1,1998,20,20,20,20,20,20,20,20,20,20
160156,1,1,1998,13,0,0,0,0,0,0,0,0,0
160156,2,1,1998,0,0,0,0,0,0,0,0,0,0
160157,1,1,1998,0,0,0,0,0,0,0,0,0,0
160157,2,1,1998,0,0,0,0,0,0,0,0,0,0
160158,1,1,1998,0,0,0,0,0,0,0,0,0,0
160158,2,1,1998,0,0,0,0,0,0,0,0,0,0
160159,1,1,1998,0,0,0,0,0,0,0,0,0,0
160159,2,1,1998,0,0,0,0,0,0,0,0,0,0
160160,1,1,1998,36,36,36,36,36,36,36,36,36,36
160161,1,1,1998,0,7,0,0,0,27,9,0,0,0
160162,1,1,1998,1,1,1,1,1,1,1,1,1,1
160163,1,1,1998,0,0,0,0,0,0,0,0,0,0
160163,2,1,1998,0,0,0,0,0,0,0,0,0,0
160164,1,1,1998,22,22,22,22,22,22,22,22,22,22
160165,1,1,1998,0,0,0,0,0,0,0,0,0,0
160165,2,1,1998,0,0,0,0,0,0,0,0,0,0
160166,1,1,1998,0,0,0,0,0,0,0,0,0,0
160166,2,1,1998,0,0,0,0,0,0,0,0,0,0
160167,1,1,1998,28,17,20,0,28,9,17,17,30,20
160168,0,1,1998,0,0,0,0,0,17,0,0,0,0
160168,1,1,1998,0,0,0,0,0,0,0,0,0,0
160169,0,1,1998,26,26,26,26,26,26,26,26,26,26
160169,1,1,1998,0,0,0,0,0,0,0,0,0,0
160170,1,1,1998,0,0,0,0,0,0,0,0,0,0
160170,2,1,1998,0,0,0,0,0,0,0,0,0,0
160171,1,1,1998,21,21,21,21,21,21,21,21,21,21
160172,1,1,1998,0,21,0,24,28,23,0,18,0,0
160173,1,1,1998,10,10,10,10,10,10,10,10,10,10
160173,2,1,1998,0,0,0,0,0,0,0,0,0,0
160174,1,1,1998,19,12,22,10,11,25,22,33,6,6
160175,1,1,1998,0,0,0,0,0,0,0,0,0,0
160175,2,1,1998,12,0,0,0,0,0,0,0,0,0
160176,1,1,1998,0,0,0,0,0,0,0,0,0,0
160177,1,1,1998,22,7,4,5,8,4,10,20,0,26
160178,1,1,1998,0,0,0,0,0,0,0,0,0,0
160179,1,1,1998,0,0,0,0,0,0,0,0,13,0
160180,1,1,1998,0,0,0,0,0,0,0,0,0,0
160181,1,1,1998,0,0,0,0,0,0,0,0,0,0
160181,2,1,1998,2,2,2,2,2,2,2,2,2,2
160182,1,1,1998,0,0,0,0,0,0,0,0,0,0
160183,1,1,1998,0,0,0,0,0,0,0,0,0,0
160183,2,1,1998,2,2,2,2,2,2,2,2,2,2
160183,3,1,1998,0,0,0,0,0,0,0,0,0,5
160184,1,1,1998,0,0,0,0,0,0,0,0,0,0
160184,2,1,1998,0,0,0,0,0,0,0,0,0,0
160185,0,1,1998,0,0,0,0,0,0,0,0,0,0
160185,1,1,1998,0,0,0,0,0,0,0,0,0,0
160186,1,1,1998,25,25,25,25,25,25,25,25,25,25
160186,2,1,1998,1,1,1,1,1,1,1,1,1,1
160187,1,1,1998,0,0,0,20,0,0,0,0,0,0
160187,2,1,1998,0,0,0,0,0,0,0,0,0,0
160188,1,1,1998,0,0,0,0,0,0,0,0,0,0
160188,2,1,1998,0,0,0,0,0,0,0,0,0,0
160189,1,1,1998,0,0,30,24,0,0,0,0,16,15
160190,1,1,1998,0,0,0,0,0,0,0,0,0,0
160190,2,1,1998,0,0,0,0,0,0,0,0,0,0
160191,1,1,1998,0,0,0,0,0,0,0,0,0,0
160192,1,1,1998,0,0,0,0,0,0,0,0,0,0
160192,2,1,1998,3,3,3,3,3,3,3,3,3,3
160193,0,1,1998,5,0,15,0,0,0,0,0,0,16
160193,1,1,1998,0,0,0,0,0,0,0,0,0,0
160194,1,1,1998,0,12,22,10,7,2,9,0,11,8
160194,2,1,1998,0,0,0,0,0,0,0,0,0,0
160194,3,1,1998,0,0,0,0,0,0,0,0,0,0
160195,1,1,1998,22,25,24,14,18,12,10,0,15,15
160196,1,1,1998,0,0,0,0,0,0,0,0,0,0
160196,2,1,1998,0,0,0,0,0,0,0,0,0,0
160198,1,1,1998,0,0,0,0,0,0,0,0,0,0
160198,2,1,1998,0,17,22,0,0,0,0,0,0,0
160199,1,1,1998,0,0,0,0,0,0,0,0,0,0
160200,1,1,1998,16,4,0,0,0,0,0,0,0,0
160200,2,1,1998,29,29,29,29,29,29,29,29,29,29
160201,1,1,1998,0,0,0,0,0,0,0,0,0,0
160201,2,1,1998,0,4,0,0,0,0,0,0,0,0
160202,1,1,1998,0,0,0,0,0,0,0,0,0,0
160203,1,1,1998,10,10,10,10,10,10,10,10,10,10
160204,1,1,1998,0,0,0,0,0,0,0,0,0,0
160204,2,1,1998,0,0,0,0,0,0,0,0,0,0
160205,1,1,1998,0,0,12,0,14,0,31,0,8,0
160206,1,1,1998,0,7,0,0,18,0,10,0,11,0
160207,1,1,1998,0,0,0,0,0,0,0,0,0,0
160208,1,1,1998,16,16,16,16,16,16,16,16,16,16
160209,0,1,1998,0,0,0,0,0,0,0,0,0,0
160209,1,1,1998,0,0,0,0,0,0,0,0,0,0
160210,1,1,1998,29,0,18,17,20,0,0,23,26,0
160211,1,1,1998,32,32,32,32,32,32,32,32,32,32
160211,2,1,1998,0,0,0,0,0,0,0,0,0,0
160212,1,1,1998,0,0,0,0,0,0,0,0,0,0
160212,2,1,1998,0,0,0,0,0,0,0,0,0,0
160213,1,1,1998,0,0,0,0,0,18,0,11,9,0
160214,1,1,1998,0,0,0,0,0,22,0,0,0,0
160215,1,1,1998,2,2,2,2,2,2,2,2,2,2
160215,2,1,1998,0,0,0,0,0,0,0,0,0,0
160216,1,1,1998,0,0,0,0,0,15,0,0,0,0
160217,1,1,1998,0,0,0,0,0,0,0,0,0,0
160218,1,1,1998,0,0,0,0,0,0,0,0,0,0
160218,2,1,1998,14,14,14,14,14,14,14,14,14,14
160219,0,1,1998,22,22,22,22,22,22,22,22,22,22
160219,1,1,1998,0,0,0,0,0,0,0,0,0,0
160220,1,1,1998,17,17,17,17,17,17,17,17,17,17
160221,1,1,1998,0,0,0,0,0,0,0,0,0,0
160221,2,1,1998,0,0,0,0,0,0,0,0,0,0
160222,1,1,1998,0,0,0,0,0,0,0,0,0,0
160223,1,1,1998,0,0,0,0,0,0,0,0,0,0
160223,2,1,1998,0,0,0,0,0,0,0,0,0,0
160223,3,1,1998,0,0,0,0,0,0,0,0,0,0
160224,1,1,1998,0,0,0,0,0,0,0,0,0,0
160224,2,1,1998,0,0,0,0,0,0,0,0,0,0
160225,1,1,1998,23,23,23,23,23,23,23,23,23,23
160226,1,1,1998,0,0,5,0,0,0,0,0,0,0
170001,1,1,1998,0,0,0,0,0,6,0,0,18,0
170001,2,1,1998,0,0,0,0,0,0,0,0,0,0
170002,0,1,1998,0,0,0,0,0,0,0,0,0,0
170002,1,1,1998,28,28,28,28,28,28,28,28,28,28
170003,1,1,1998,0,0,0,0,0,0,0,0,0,0
170004,1,1,1998,0,0,18,0,0,0,0,0,0,0
170004,2,1,1998,0,0,0,0,0,0,0,0,0,0
170005,1,1,1998,0,0,0,0,0,0,0,0,0,0
170005,2,1,1998,0,0,0,0,0,0,0,0,0,0
170006,1,1,1998,0,0,0,0,0,0,0,0,0,0
170006,2,1,1998,0,0,0,0,0,0,0,0,0,0
170007,0,1,1998,0,0,0,0,0,0,0,0,0,0
170007,1,1,1998,0,0,0,0,0,0,0,0,0,0
170008,1,1,1998,0,0,0,0,0,0,0,0,0,0
170009,1,1,1998,0,0,0,0,0,0,0,0,0,0
170009,2,1,1998,0,0,0,0,0,0,0,0,0,0
170010,1,1,1998,0,0,0,0,0,0,0,0,0,0
170011,1,1,1998,0,0,16,10,11,23,10,16,0,0
170012,1,1,1998,0,0,0,0,0,0,0,0,0,0
170012,2,1,1998,0,0,0,0,0,0,0,0,0,0
170013,0,1,1998,16,16,16,16,16,16,16,16,16,16
170013,0,2,1998,12,12,12,12,12,12,12,12,12,12
170013,1,1,1998,0,0,0,0,0,0,0,0,0,0
170014,1,1,1998,20,20,20,20,20,20,20,20,20,20
170015,1,1,1998,0,0,0,0,0,0,0,0,0,0
170016,1,1,1998,28,28,28,28,28,28,28,28,28,28
170017,1,1,1998,0,0,0,0,0,0,0,0,0,0
170017,2,1,1998,0,0,0,0,0,0,0,0,0,0
170018,1,1,1998,0,0,0,0,0,0,0,0,0,0
170019,0,1,1998,0,0,0,0,0,0,0,0,0,0
170019,1,1,1998,0,0,0,0,0,0,0,0,0,0
170019,2,1,1998,0,0,0,0,0,0,0,0,0,0
170019,3,1,1998,0,0,0,0,0,0,0,0,0,0
170020,1,1,1998,0,0,0,0,0,0,0,0,0,0
170021,1,1,1998,0,19,0,12,30,20,24,0,0,0
170022,1,1,1998,0,0,0,0,0,0,0,0,0,0
170023,1,1,1998,0,0,0,0,0,0,0,0,0,0
170024,1,1,1998,0,0,0,0,0,0,0,0,0,0
170024,2,1,1998,0,0,0,0,0,0,0,0,0,0
170025,1,1,1998,0,0,0,0,0,0,0,0,0,0
170026,1,1,1998,15,15,15,15,15,15,15,15,15,15
170027,1,1,1998,0,0,0,0,0,0,0,0,0,0
170028,1,1,1998,0,0,0,0,0,0,0,0,0,0
170029,1,1,1998,0,0,0,0,0,0,0,16,0,0
170030,0,1,1998,0,0,0,0,0,0,0,0,0,0
170030,0,2,1998,0,0,26,0,0,0,42,12,12,0
170030,1,1,1998,0,0,0,0,0,0,0,0,0,0
170031,1,1,1998,0,0,0,0,0,0,0,0,0,0
170031,2,1,1998,0,0,0,0,0,0,0,0,0,0
170032,0,1,1998,0,0,0,0,0,0,0,0,0,0
170032,1,1,1998,0,0,0,0,0,0,0,0,0,0
170033,1,1,1998,0,0,0,0,0,0,0,0,0,0
170033,2,1,1998,0,0,0,0,0,0,0,0,0,0
170034,1,1,1998,23,23,23,23,23,23,23,23,23,23
170035,1,1,1998,16,16,16,16,16,16,16,16,16,16
170035,2,1,1998,0,0,10,0,0,0,0,0,0,0
170036,1,1,1998,11,11,11,11,11,11,11,11,11,11
170037,1,1,1998,16,16,16,16,16,16,16,16,16,16
170038,1,1,1998,0,0,0,0,0,0,0,0,0,0
170038,2,1,1998,18,14,36,0,16,23,0,31,0,27
170038,3,1,1998,0,0,10,0,0,0,0,0,0,0
170038,4,1,1998,0,0,0,0,0,0,0,0,0,0
170039,1,1,1998,0,0,0,0,0,0,0,0,0,0
170040,1,1,1998,0,0,0,0,0,0,0,0,0,0
170040,2,1,1998,0,0,0,0,0,0,0,0,0,0
170041,1,1,1998,20,20,20,20,20,20,20,20,20,20
170041,2,1,1998,0,0,0,0,0,0,0,0,0,0
170042,1,1,1998,17,17,17,17,17,17,17,17,17,17
170043,1,1,1998,0,0,0,0,0,0,0,0,0,0
170044,1,1,1998,26,26,26,26,26,26,26,26,26,26
170045,1,1,1998,33,33,33,33,33,33,33,33,33,33
170045,2,1,1998,0,0,0,0,0,0,0,0,0,0
170046,1,1,1998,0,0,0,0,0,0,0,0,0,0
170046,2,1,1998,0,0,0,0,0,0,0,0,0,0
170046,3,1,1998,0,0,0,0,0,0,0,0,0,0
170047,0,1,1998,0,0,0,22,9,0,0,0,0,0
170047,1,1,1998,0,0,0,0,0,0,0,0,0,0
170048,1,1,1998,0,0,0,0,0,0,0,0,0,8
170049,1,1,1998,16,16,16,16,16,16,16,16,16,16
170049,2,1,1998,0,0,0,0,0,0,0,0,0,0
170050,1,1,1998,0,0,0,0,0,0,0,0,0,0
170050,2,1,1998,0,0,0,0,0,0,0,0,0,0
170051,1,1,1998,20,20,20,20,20,20,20,20,20,20
170052,1,1,1998,0,0,0,0,0,0,0,0,0,0
170052,2,1,1998,0,0,0,0,0,0,0,0,0,0
170052,3,1,1998,0,0,0,0,0,0,0,0,0,0
170053,1,1,1998,0,0,0,0,0,0,0,0,0,0
170054,1,1,1998,0,0,0,0,0,0,0,0,0,0
170054,2,1,1998,0,0,0,0,0,0,0,0,0,0
170055,1,1,1998,12,0,0,0,16,0,7,0,0,0
170055,2,1,1998,0,0,0,0,0,0,0,21,14,14
170056,1,1,1998,20,20,20,20,20,20,20,20,20,20
170056,2,1,1998,0,0,0,0,0,0,0,0,0,0
170057,1,1,1998,15,15,15,15,15,15,15,15,15,15
170057,2,1,1998,0,0,0,0,0,5,0,0,0,0
170058,0,1,1998,3,3,3,3,3,3,3,3,3,3
170058,1,1,1998,0,0,0,0,0,0,0,0,0,0
170059,1,1,1998,24,24,24,24,24,24,24,24,24,24
170060,1,1,1998,0,0,0,0,0,0,0,0,0,0
170060,2,1,1998,0,0,0,0,0,0,0,0,0,0
170061,1,1,1998,0,0,0,0,0,0,0,0,0,0
170061,2,1,1998,0,0,0,0,0,0,0,0,0,0
170062,1,1,1998,0,0,0,0,0,0,0,0,0,0
170063,1,1,1998,13,13,13,13,13,13,13,13,13,13
170064,0,1,1998,18,18,18,18,18,18,18,18,18,18
170064,1,1,1998,0,0,0,0,0,0,0,0,0,0
170065,1,1,1998,0,0,0,0,0,0,0,0,0,0
170065,2,1,1998,0,0,0,0,0,0,0,0,0,0
170066,1,1,1998,0,0,0,0,0,0,0,0,0,0
170066,2,1,1998,0,0,4,0,13,0,0,0,13,0
170066,3,1,1998,0,0,0,0,0,0,0,0,0,0
170067,1,1,1998,0,0,0,0,0,0,0,0,0,0
170067,2,1,1998,0,0,0,0,0,0,0,0,0,0
170067,3,1,1998,0,0,0,0,0,0,0,0,0,0
170068,1,1,1998,0,0,0,0,0,0,0,0,0,0
170068,2,1,1998,0,0,0,0,0,0,0,0,0,0
170069,1,1,1998,11,11,11,11,11,11,11,11,11,11
170070,1,1,1998,0,0,0,0,0,0,0,0,0,0
170070,2,1,1998,0,0,0,0,0,0,0,0,0,0
170071,1,1,1998,7,7,7,7,7,7,7,7,7,7
170071,2,1,1998,0,0,0,0,0,0,0,0,0,0
170072,1,1,1998,0,0,0,0,0,0,0,0,0,0
170072,2,1,1998,0,0,0,0,0,0,0,0,0,0
170073,1,1,1998,0,0,0,0,0,0,0,0,0,0
170074,1,1,1998,15,15,15,15,15,15,15,15,15,15
170075,0,1,1998,17,17,17,17,17,17,17,17,17,17
170075,1,1,1998,0,0,11,0,0,0,0,7,15,19
170076,0,1,1998,0,0,0,0,0,0,0,0,0,0
170076,1,1,1998,0,0,12,0,16,0,0,0,0,0
170077,1,1,1998,0,0,0,0,0,0,0,0,0,0
170077,2,1,1998,0,0,0,0,0,0,0,0,0,0
170077,3,1,1998,0,0,0,0,0,0,0,0,0,0
170077,4,1,1998,0,0,0,0,0,0,0,0,0,0
170077,5,1,1998,0,0,0,0,0,0,0,0,0,0
170078,1,1,1998,0,0,0,0,0,0,0,0,0,0
170078,2,1,1998,0,0,0,0,0,0,0,0,0,0
170078,3,1,1998,0,0,0,0,0,0,0,0,0,0
170078,4,1,1998,0,0,0,0,0,0,0,0,0,0
170079,0,1,1998,0,0,0,0,0,0,0,0,0,0
170079,1,1,1998,0,0,0,0,0,0,0,0,0,0
170080,1,1,1998,0,0,0,0,0,0,0,31,0,0
170081,1,1,1998,0,0,0,0,0,0,0,0,0,0
170081,2,1,1998,0,0,0,0,0,0,0,0,0,0
170082,1,1,1998,0,0,0,0,0,0,0,0,0,0
170082,2,1,1998,0,0,0,0,0,0,0,0,0,0
170082,3,1,1998,0,0,0,0,0,0,0,0,0,0
170083,1,1,1998,0,0,0,0,0,0,0,0,0,0
170084,1,1,1998,0,0,0,0,0,0,0,0,0,0
170085,0,1,1998,0,0,0,0,0,0,0,0,0,0
170085,1,1,1998,0,0,0,0,0,0,0,0,0,0
170086,1,1,1998,0,0,0,0,0,0,0,0,5,0
170086,2,1,1998,0,0,0,0,0,0,0,0,0,0
170087,1,1,1998,18,18,18,18,18,18,18,18,18,18
170087,2,1,1998,0,0,0,0,0,0,0,0,0,0
170088,1,1,1998,0,0,0,0,0,0,0,0,0,0
170088,2,1,1998,0,0,0,0,0,0,0,0,0,0
170089,0,1,1998,16,16,16,16,16,16,16,16,16,16
170089,1,1,1998,0,0,0,0,0,0,4,0,0,0
170090,1,1,1998,0,0,0,0,0,0,0,0,0,0
170091,1,1,1998,0,0,0,0,0,0,0,0,0,0
170092,1,1,1998,33,33,33,33,33,33,33,33,33,33
170093,0,1,1998,0,8,0,17,26,0,0,0,0,0
170093,1,1,1998,0,0,0,0,0,0,0,0,0,0
170094,1,1,1998,0,0,0,0,0,0,0,0,0,0
170094,2,1,1998,0,0,0,0,0,0,0,0,0,0
170094,3,1,1998,0,0,0,0,0,0,0,0,0,0
170094,4,1,1998,0,0,0,0,0,0,0,0,0,0
170095,1,1,1998,2,2,2,2,2,2,2,2,2,2
170096,1,1,1998,0,0,0,0,0,0,0,0,0,0
170096,2,1,1998,0,0,0,0,0,0,0,0,0,0
170097,1,1,1998,17,17,17,17,17,17,17,17,17,17
170098,1,1,1998,0,0,0,0,0,0,0,0,0,0
170098,2,1,1998,0,0,0,0,0,0,0,0,0,0
170099,1,1,1998,18,18,18,18,18,18,18,18,18,18
170100,1,1,1998,0,0,6,20,0,0,0,0,0,0
170100,2,1,1998,0,0,0,0,0,0,0,0,0,0
170101,1,1,1998,18,18,18,18,18,18,18,18,18,18
170102,1,1,1998,23,23,23,23,23,23,23,23,23,23
170102,2,1,1998,22,22,22,22,22,22,22,22,22,22
170104,1,1,1998,0,0,0,0,0,0,0,0,0,0
170104,2,1,1998,0,0,0,0,0,0,0,0,0,0
170105,1,1,1998,0,0,0,0,0,0,0,0,0,0
170105,2,1,1998,0,0,0,0,0,0,0,0,0,0
170106,1,1,1998,0,0,0,0,0,0,0,0,0,0
170107,1,1,1998,0,0,0,0,0,0,0,0,0,0
170107,2,1,1998,0,0,0,0,0,0,0,0,0,0
170107,3,1,1998,0,0,0,12,0,0,0,0,0,10
170107,4,1,1998,0,0,0,0,0,0,0,0,0,0
170108,1,1,1998,18,18,18,18,18,18,18,18,18,18
170109,1,1,1998,36,36,36,36,36,36,36,36,36,36
170110,1,1,1998,0,0,0,7,15,0,0,0,0,0
170110,2,1,1998,0,0,0,0,0,0,0,0,0,0
170111,1,1,1998,11,8,14,16,11,26,5,10,8,18
170112,1,1,1998,0,0,0,0,0,0,0,0,0,0
170112,2,1,1998,0,0,0,0,0,0,0,0,0,0
170112,3,1,1998,0,0,0,0,0,0,0,0,0,0
170113,1,1,1998,29,29,29,29,29,29,29,29,29,29