ST_CASE,VEH_NO,PER_NO,YEAR,P1,P2,P3,P4,P5,P6,P7,P8,P9,P10
170382,1,1,1998,0,0,0,0,0,0,0,0,0,0
170382,2,1,1998,26,16,9,12,39,21,14,18,18,25
170383,0,1,1998,0,0,0,0,0,0,0,0,0,0
170383,1,1,1998,0,0,0,0,0,0,0,0,0,0
170385,1,1,1998,0,0,0,0,0,0,0,0,0,0
170385,2,1,1998,0,0,0,0,0,0,0,0,0,0
170386,0,1,1998,0,0,0,0,0,0,0,0,0,0
170386,1,1,1998,9,0,0,0,0,0,0,0,5,0
170387,1,1,1998,0,0,0,0,0,0,0,0,0,0
170388,1,1,1998,0,0,0,0,0,0,0,0,0,0
170388,2,1,1998,0,0,0,0,0,0,0,0,0,0
170389,1,1,1998,0,0,0,0,0,0,0,0,0,0
170389,2,1,1998,0,0,0,0,0,18,0,0,0,0
170390,1,1,1998,26,26,26,26,26,26,26,26,26,26
170390,2,1,1998,0,0,0,0,0,0,0,0,0,0
170391,0,1,1998,16,16,16,16,16,16,16,16,16,16
170391,1,1,1998,0,0,0,0,0,0,0,0,0,0
170392,1,1,1998,0,0,0,0,0,0,0,0,0,0
170392,2,1,1998,0,0,0,0,0,0,0,0,0,0
170393,1,1,1998,19,19,19,19,19,19,19,19,19,19
170393,2,1,1998,0,0,0,0,0,0,0,0,0,0
170394,1,1,1998,0,0,0,8,0,0,6,0,0,24
170395,1,1,1998,16,16,16,16,16,16,16,16,16,16
170396,1,1,1998,25,25,25,25,25,25,25,25,25,25
170397,0,1,1998,0,0,0,0,0,0,0,0,0,0
170397,1,1,1998,0,0,0,0,0,0,0,0,0,0
170398,1,1,1998,0,0,0,0,0,0,0,0,0,0
170398,2,1,1998,0,0,0,0,0,0,0,0,0,0
170399,1,1,1998,0,0,0,0,0,0,0,0,0,0
170399,2,1,1998,0,0,0,0,0,0,0,0,0,0
170400,1,1,1998,0,6,11,0,27,0,0,0,25,13
170401,1,1,1998,0,0,0,0,0,0,0,11,0,0
170401,2,1,1998,17,17,17,17,17,17,17,17,17,17
170402,1,1,1998,0,0,0,0,0,0,0,0,0,0
170403,0,1,1998,0,0,0,0,0,0,0,0,0,0
170403,1,1,1998,0,0,0,0,0,0,0,0,0,0
170404,1,1,1998,15,15,15,15,15,15,15,15,15,15
170405,0,1,1998,0,0,0,0,0,0,0,0,0,0
170405,1,1,1998,0,0,0,0,0,0,0,0,0,0
170406,1,1,1998,1,1,1,1,1,1,1,1,1,1
170406,2,1,1998,26,0,0,0,0,0,0,0,0,0
170407,1,1,1998,2,18,6,0,0,0,0,0,12,0
170407,2,1,1998,0,0,0,0,0,0,0,0,0,0
170407,3,1,1998,0,0,0,0,0,0,0,0,0,0
170408,1,1,1998,0,0,0,0,0,0,15,0,0,0
170409,0,1,1998,0,0,0,0,0,0,0,0,0,0
170409,1,1,1998,7,7,7,7,7,7,7,7,7,7
170411,1,1,1998,0,0,0,0,0,0,0,0,0,0
170413,1,1,1998,20,20,20,20,20,20,20,20,20,20
170413,2,1,1998,0,0,0,0,0,0,0,0,0,0
170414,1,1,1998,15,15,15,15,15,15,15,15,15,15
170415,1,1,1998,0,0,0,0,0,0,0,0,0,0
170415,2,1,1998,0,0,0,0,0,0,0,0,0,0
170416,1,1,1998,24,24,24,24,24,24,24,24,24,24
170416,2,1,1998,0,0,0,0,0,0,0,17,0,0
170417,1,1,1998,17,17,17,17,17,17,17,17,17,17
170418,1,1,1998,0,0,0,0,0,0,0,0,0,0
170418,2,1,1998,0,0,0,0,0,0,0,0,0,0
170419,1,1,1998,0,0,0,0,0,0,0,0,0,0
170420,1,1,1998,0,0,0,0,0,0,0,0,0,0
170420,2,1,1998,0,0,0,0,0,0,0,0,0,0
170421,1,1,1998,10,0,0,0,0,8,0,0,0,0
170422,1,1,1998,0,0,0,0,0,0,0,0,0,0
170422,2,1,1998,0,0,0,0,0,0,0,0,0,0
170423,1,1,1998,16,16,16,16,16,16,16,16,16,16
170424,1,1,1998,0,0,0,0,0,0,0,0,0,0
170425,0,1,1998,0,0,0,0,0,0,0,0,0,0
170425,1,1,1998,0,0,0,0,0,0,0,0,19,0
170426,1,1,1998,13,13,13,13,13,13,13,13,13,13
170427,1,1,1998,0,0,0,0,0,0,0,0,0,0
170427,2,1,1998,0,0,0,0,0,0,0,0,0,0
170428,1,1,1998,0,0,0,0,0,0,0,0,0,0
170428,2,1,1998,0,0,0,0,0,0,0,0,0,0
170429,1,1,1998,0,0,0,0,0,0,0,0,0,0
170430,1,1,1998,15,15,15,15,15,15,15,15,15,15
170430,2,1,1998,0,0,0,0,0,0,0,0,0,0
170431,1,1,1998,15,15,15,15,15,15,15,15,15,15
170431,2,1,1998,0,0,0,0,0,0,0,0,0,0
170432,0,1,1998,0,0,0,0,0,0,0,0,0,0
170432,0,2,1998,0,21,25,0,9,0,34,0,3,0
170432,0,3,1998,0,7,10,5,11,10,0,0,25,18
170432,1,1,1998,0,0,0,0,0,0,0,0,0,0
170433,0,1,1998,0,0,0,0,0,0,0,0,0,0
170433,1,1,1998,23,0,15,34,27,0,43,0,0,0
170434,1,1,1998,9,9,9,9,9,9,9,9,9,9
170435,1,1,1998,19,19,19,19,19,19,19,19,19,19
170436,1,1,1998,21,21,21,21,21,21,21,21,21,21
170436,2,1,1998,0,0,0,0,0,0,0,0,0,8
170437,0,1,1998,0,0,0,0,0,0,0,0,0,0
170437,0,2,1998,0,0,0,0,0,0,0,0,0,0
170437,1,1,1998,24,24,24,24,24,24,24,24,24,24
170438,1,1,1998,0,0,0,0,0,0,0,0,0,0
170438,2,1,1998,0,0,0,0,0,0,0,0,0,0
170439,1,1,1998,33,33,33,33,33,33,33,33,33,33
170440,1,1,1998,0,0,0,0,0,0,0,0,0,0
170440,2,1,1998,0,0,0,0,0,0,0,0,0,0
170441,0,1,1998,0,0,0,0,0,0,20,0,0,0
170441,1,1,1998,0,0,0,0,0,0,0,0,0,0
170442,0,1,1998,9,9,9,9,9,9,9,9,9,9
170442,1,1,1998,0,0,0,0,0,0,0,0,0,11
170443,0,4,1998,0,0,10,0,18,0,0,0,0,0
170443,1,1,1998,24,24,24,24,24,24,24,24,24,24
170443,2,1,1998,0,0,0,0,0,0,0,0,0,0
170444,1,1,1998,10,10,10,10,10,10,10,10,10,10
170445,1,1,1998,10,10,10,10,10,10,10,10,10,10
170445,2,1,1998,0,0,0,0,0,0,0,0,0,0
170446,0,1,1998,0,0,0,0,0,0,0,0,0,0
170446,1,1,1998,0,0,0,0,0,0,0,0,0,0
170447,1,1,1998,0,0,0,0,0,0,0,0,0,0
170447,2,1,1998,0,0,0,0,0,0,0,0,0,0
170447,3,1,1998,0,0,0,0,0,0,0,0,0,0
170448,1,1,1998,11,8,4,20,9,13,4,11,20,32
170448,2,1,1998,0,0,0,0,0,0,0,0,0,0
170449,0,1,1998,22,22,22,22,22,22,22,22,22,22
170449,1,1,1998,0,0,0,0,0,8,0,0,0,0
170450,1,1,1998,21,21,21,21,21,21,21,21,21,21
170451,1,1,1998,20,20,20,20,20,20,20,20,20,20
170452,0,1,1998,0,0,0,0,0,0,0,0,0,0
170452,1,1,1998,0,0,0,0,0,6,0,0,0,0
170454,1,1,1998,0,0,0,0,0,0,0,0,0,0
170455,1,1,1998,0,0,0,0,0,0,0,0,0,0
170456,1,1,1998,0,0,0,0,0,0,0,0,0,0
170457,1,1,1998,29,29,29,29,29,29,29,29,29,29
170458,1,1,1998,0,0,0,0,0,0,0,0,0,0
170458,2,1,1998,0,0,0,0,0,0,0,0,0,0
170459,1,1,1998,0,0,0,0,0,0,0,0,0,0
170460,1,1,1998,0,0,0,0,0,0,0,0,0,0
170460,2,1,1998,0,0,0,0,0,0,0,0,0,0
170461,1,1,1998,0,0,0,0,0,0,0,0,0,0
170461,2,1,1998,0,0,0,0,0,0,0,0,0,0
170461,3,1,1998,0,0,0,0,0,0,0,0,0,0
170462,1,1,1998,0,0,0,0,0,0,0,0,0,0
170463,1,1,1998,0,7,15,15,14,16,19,20,22,29
170463,2,1,1998,0,0,0,0,0,0,0,0,0,0
170464,0,1,1998,0,0,0,0,0,0,0,0,0,0
170464,1,1,1998,0,18,0,0,0,17,17,0,0,0
170465,1,1,1998,26,26,26,26,26,26,26,26,26,26
170465,2,1,1998,0,0,0,0,0,0,0,0,0,0
170466,1,1,1998,14,14,14,14,14,14,14,14,14,14
170467,1,1,1998,24,24,24,24,24,24,24,24,24,24
170469,1,1,1998,0,0,0,0,0,0,0,0,0,0
170469,2,1,1998,0,0,0,0,0,0,0,0,0,0
170469,3,1,1998,0,0,0,0,0,0,0,0,0,0
170469,4,1,1998,0,0,0,0,0,0,0,0,0,0
170470,1,1,1998,0,0,0,0,0,0,0,0,0,0
170470,2,1,1998,0,0,0,0,0,0,0,0,0,0
170471,0,1,1998,0,0,0,0,0,0,0,0,0,0
170471,1,1,1998,0,0,0,0,0,0,0,0,0,0
170472,1,1,1998,0,0,0,0,0,0,0,0,0,0
170472,2,1,1998,0,0,0,0,0,0,0,0,0,0
170473,1,1,1998,0,11,10,0,17,0,0,0,0,20
170473,2,1,1998,0,0,26,19,0,14,0,0,0,0
170475,1,1,1998,7,7,7,7,7,7,7,7,7,7
170475,2,1,1998,0,0,0,0,0,0,0,0,0,0
170475,3,1,1998,0,3,0,0,0,0,0,0,0,0
170476,1,1,1998,0,0,0,0,0,0,0,0,0,0
170476,2,1,1998,13,0,0,0,0,14,3,0,0,0
170477,0,1,1998,21,21,21,21,21,21,21,21,21,21
170477,1,1,1998,0,0,0,0,0,0,0,0,0,0
170478,1,1,1998,0,0,0,0,0,0,0,0,0,0
170479,1,1,1998,0,0,0,0,0,0,0,0,0,0
170480,1,1,1998,0,0,0,0,0,0,0,0,0,0
170480,2,1,1998,0,0,0,0,0,0,0,0,0,0
170482,1,1,1998,0,0,0,0,0,0,0,0,0,0
170483,1,1,1998,12,12,12,12,12,12,12,12,12,12
170484,0,1,1998,0,0,0,0,0,0,0,0,0,0
170485,1,1,1998,21,21,21,21,21,21,21,21,21,21
170486,1,1,1998,17,17,17,17,17,17,17,17,17,17
170487,1,1,1998,29,29,29,29,29,29,29,29,29,29
170487,2,1,1998,13,0,16,26,0,10,18,19,9,0
170488,1,1,1998,0,0,0,0,0,0,0,0,0,0
170489,1,1,1998,3,3,3,3,3,3,3,3,3,3
170489,2,1,1998,0,0,0,0,0,0,0,0,0,0
170489,3,1,1998,0,0,0,0,0,0,0,0,0,0
170490,1,1,1998,0,0,0,0,0,0,0,0,0,0
170490,2,1,1998,0,0,0,0,0,0,0,0,0,0
170491,1,1,1998,0,0,0,0,0,0,0,0,0,0
170492,1,1,1998,12,12,12,12,12,12,12,12,12,12
170493,1,1,1998,23,23,23,23,23,23,23,23,23,23
170494,1,1,1998,0,0,0,0,0,0,0,0,0,0
170494,2,1,1998,0,0,0,0,0,0,0,0,0,12
170495,1,1,1998,0,0,0,0,0,0,0,0,0,0
170495,2,1,1998,0,0,0,0,0,0,0,0,0,0
170496,1,1,1998,0,0,0,0,0,0,0,0,0,0
170496,2,1,1998,0,0,0,0,0,0,0,0,0,0
170497,1,1,1998,10,10,10,10,10,10,10,10,10,10
170497,2,1,1998,0,0,0,0,0,0,0,0,0,0
170498,1,1,1998,0,0,0,0,0,0,0,0,0,0
170499,1,1,1998,19,19,19,19,19,19,19,19,19,19
170499,2,1,1998,0,0,0,0,0,0,0,0,3,0
170499,3,1,1998,0,0,0,0,0,0,0,0,0,0
170499,4,1,1998,0,0,0,0,0,0,0,0,0,0
170499,5,1,1998,0,0,0,0,0,0,0,0,0,0
170499,6,1,1998,0,0,0,0,0,0,0,0,0,0
170500,1,1,1998,0,0,0,0,0,0,0,0,0,0
170501,1,1,1998,0,0,0,0,0,0,0,0,0,0
170501,2,1,1998,0,0,0,0,0,0,0,0,0,0
170502,1,1,1998,0,0,0,9,0,0,0,0,0,0
170502,2,1,1998,0,0,0,0,0,0,0,0,0,0
170502,3,1,1998,16,13,0,24,9,19,13,0,0,12
170502,4,1,1998,0,0,0,0,0,0,0,0,0,0
170503,1,1,1998,0,0,0,0,0,0,0,0,0,0
170503,2,1,1998,0,16,15,0,0,0,0,7,0,21
170504,0,1,1998,15,15,15,15,15,15,15,15,15,15
170504,1,1,1998,6,0,17,0,0,0,0,15,0,0
170505,1,1,1998,0,0,0,0,0,0,0,0,0,0
170506,1,1,1998,0,0,0,0,0,0,0,0,0,0
170506,2,1,1998,9,0,0,0,0,0,0,0,0,0
170507,1,1,1998,0,0,0,0,0,0,0,0,0,0
170507,2,1,1998,0,0,0,0,0,0,0,0,0,0
170508,1,1,1998,12,12,12,12,12,12,12,12,12,12
170509,1,1,1998,0,0,0,0,0,0,0,0,0,0
170509,2,1,1998,0,0,0,0,0,0,0,0,0,0
170509,3,1,1998,0,0,0,0,0,0,0,0,0,0
170510,0,1,1998,0,0,0,0,0,0,0,0,0,0
170510,0,2,1998,0,0,0,28,0,21,0,0,0,0
170510,1,1,1998,0,0,0,0,0,0,0,0,0,0
170511,1,1,1998,0,0,0,0,15,0,0,0,0,0
170512,1,1,1998,0,0,0,0,10,0,0,0,0,0
170512,2,1,1998,0,0,0,0,6,0,0,0,0,0
170512,3,1,1998,0,0,0,0,0,0,0,0,0,0
170513,1,1,1998,18,18,18,18,18,18,18,18,18,18
170513,2,1,1998,0,0,0,0,0,0,0,0,0,0
170514,0,1,1998,17,17,17,17,17,17,17,17,17,17
170514,1,1,1998,12,12,12,12,12,12,12,12,12,12
170515,1,1,1998,0,0,0,0,0,0,0,0,0,0
170516,1,1,1998,0,0,0,0,0,0,0,0,0,0
170516,2,1,1998,36,16,10,23,0,20,34,7,0,6
170517,1,1,1998,0,0,0,0,0,0,0,0,0,0
170518,1,1,1998,16,16,16,16,16,16,16,16,16,16
170518,2,1,1998,0,0,0,0,0,0,0,0,0,0
170519,1,1,1998,9,9,9,9,9,9,9,9,9,9
170520,1,1,1998,0,0,0,0,0,0,0,0,0,0
170520,2,1,1998,0,0,0,0,0,0,0,0,0,0
170521,0,1,1998,0,0,0,0,0,0,0,0,0,0
170521,1,1,1998,0,0,0,4,0,0,0,0,0,0
170521,2,1,1998,0,0,0,0,0,0,0,0,0,0
170522,0,1,1998,0,0,0,0,0,0,0,0,0,0
170522,1,1,1998,0,0,0,0,0,0,0,0,0,0
170523,0,1,1998,0,0,0,0,0,0,0,0,0,0
170523,1,1,1998,0,0,0,0,0,0,0,10,0,0
170524,1,1,1998,15,15,15,15,15,15,15,15,15,15
170524,2,1,1998,0,0,0,0,0,0,0,0,0,0
170525,1,1,1998,16,16,16,16,16,16,16,16,16,16
170526,1,1,1998,13,13,13,13,13,13,13,13,13,13
170527,1,1,1998,0,0,0,0,0,0,0,0,0,0
170527,2,1,1998,0,0,0,0,0,0,0,0,0,0
170528,1,1,1998,7,7,7,7,7,7,7,7,7,7
170528,2,1,1998,0,0,0,0,0,0,0,0,0,0
170529,0,1,1998,10,0,11,0,0,0,0,0,0,0
170529,0,2,1998,0,0,0,0,0,0,0,0,0,0
170529,1,1,1998,0,0,0,0,0,0,0,0,0,0
170529,2,1,1998,0,0,0,0,0,0,0,0,0,0
170530,1,1,1998,0,0,0,0,0,0,0,0,0,0
170530,2,1,1998,0,0,0,0,0,0,0,0,0,0
170531,0,1,1998,0,35,17,20,0,15,0,16,26,0
170531,1,1,1998,9,0,18,9,0,0,0,25,8,2
170532,0,1,1998,0,0,0,0,0,0,0,0,0,0
170532,1,1,1998,0,0,0,0,0,0,8,0,0,0
170533,0,1,1998,28,9,28,11,0,19,24,0,15,0
170533,1,1,1998,21,0,14,29,11,7,12,7,29,0
170534,1,1,1998,16,16,16,16,16,16,16,16,16,16
170535,1,1,1998,0,0,0,0,0,0,0,0,0,0
170536,1,1,1998,0,0,0,0,0,0,0,0,0,0
170536,2,1,1998,0,0,0,0,0,0,0,0,0,0
170537,1,1,1998,0,0,0,0,0,0,0,0,0,0
170538,1,1,1998,19,14,0,12,10,27,11,25,0,0
170538,2,1,1998,0,0,0,0,0,0,0,0,0,0
170539,1,1,1998,0,0,0,0,0,9,10,0,0,0
170540,1,1,1998,0,0,0,0,0,0,0,0,0,0
170540,2,1,1998,0,0,0,0,0,0,0,0,0,0
170541,1,1,1998,1,1,1,1,1,1,1,1,1,1
170542,1,1,1998,0,0,0,0,0,0,0,0,0,0
170543,1,1,1998,0,0,0,0,0,0,0,0,0,0
170543,2,1,1998,0,0,0,0,0,0,0,0,0,0
170544,1,1,1998,0,0,0,0,0,0,0,0,0,0
170545,1,1,1998,0,0,0,0,0,0,0,0,0,0
170545,2,1,1998,0,0,0,0,0,0,0,0,0,0
170545,3,1,1998,0,0,0,0,0,0,0,0,0,0
170545,4,1,1998,0,0,0,0,0,0,0,0,0,0
170546,1,1,1998,0,0,0,0,0,0,0,0,0,0
170546,2,1,1998,0,0,0,0,0,0,0,0,0,0
170547,1,1,1998,0,0,0,0,0,0,0,0,0,0
170548,1,1,1998,15,15,15,15,15,15,15,15,15,15
170549,1,1,1998,0,0,0,0,0,0,0,0,0,0
170549,2,1,1998,0,0,0,0,0,0,0,0,0,0
170550,1,1,1998,0,0,0,0,0,0,0,0,0,0
170550,2,1,1998,2,9,16,0,0,0,0,0,0,0
170551,1,1,1998,12,12,12,12,12,12,12,12,12,12
170552,1,1,1998,0,0,8,0,0,0,0,0,0,0
170553,1,1,1998,16,16,16,16,16,16,16,16,16,16
170554,1,1,1998,19,19,19,19,19,19,19,19,19,19
170555,1,1,1998,34,34,34,34,34,34,34,34,34,34
170556,1,1,1998,0,0,0,0,8,28,0,0,0,0
170556,2,1,1998,0,0,0,0,0,0,0,0,0,0
170557,1,1,1998,22,22,22,22,22,22,22,22,22,22
170557,2,1,1998,0,0,0,0,0,0,0,0,0,0
170558,1,1,1998,14,14,14,14,14,14,14,14,14,14
170558,2,1,1998,0,0,0,0,0,0,0,0,0,0
170559,1,1,1998,16,16,16,16,16,16,16,16,16,16
170560,1,1,1998,12,14,7,14,17,23,7,0,26,20
170561,1,1,1998,15,15,15,15,15,15,15,15,15,15
170562,0,1,1998,0,0,0,0,0,0,0,0,0,0
170563,1,1,1998,0,0,0,0,0,0,0,0,0,0
170563,2,1,1998,0,0,0,0,0,0,0,0,0,0
170564,1,1,1998,0,0,0,0,0,0,0,0,0,0
170564,2,1,1998,0,0,0,0,0,0,0,0,0,0
170565,1,1,1998,0,0,0,0,0,0,0,0,0,0
170565,2,1,1998,0,0,0,25,0,0,0,0,0,0
170566,1,1,1998,0,0,0,0,0,0,0,0,0,0
170566,2,1,1998,0,0,0,0,0,6,0,0,0,0
170567,0,1,1998,21,21,21,21,21,21,21,21,21,21
170567,1,1,1998,0,0,0,0,0,0,0,0,0,0
170568,1,1,1998,0,0,0,0,0,0,0,0,0,0
170568,2,1,1998,0,0,0,0,0,0,0,0,0,0
170569,1,1,1998,24,24,24,24,24,24,24,24,24,24
170570,1,1,1998,0,0,0,0,0,0,0,47,15,17
170571,1,1,1998,0,0,0,0,0,0,0,0,0,0
170571,2,1,1998,0,0,0,0,0,0,0,0,0,0
170572,1,1,1998,0,0,0,0,0,0,0,0,0,0
170572,2,1,1998,0,0,0,0,0,0,0,0,0,0
170573,1,1,1998,0,0,0,0,0,0,0,0,0,0
170573,2,1,1998,0,0,0,0,0,0,0,0,0,0
170574,1,1,1998,20,20,20,20,20,20,20,20,20,20
170575,1,1,1998,16,16,16,16,16,16,16,16,16,16
170576,1,1,1998,0,0,0,0,5,0,0,0,0,0
170576,2,1,1998,0,0,0,0,0,0,0,0,0,0
170577,1,1,1998,17,17,17,17,17,17,17,17,17,17
170577,2,1,1998,0,0,0,0,0,0,0,0,0,0
170578,1,1,1998,0,0,0,0,0,0,0,0,0,0
170578,2,1,1998,0,0,0,0,0,0,0,0,0,7
170578,3,1,1998,0,0,0,9,0,5,0,0,0,0
170579,1,1,1998,0,0,0,0,0,0,0,0,0,0
170579,2,1,1998,0,0,0,0,0,0,0,0,0,0
170579,3,1,1998,0,0,0,0,0,0,0,0,0,0
170579,4,1,1998,0,0,0,0,0,0,0,0,0,0
170580,1,1,1998,0,0,0,0,0,0,0,0,0,0
170580,2,1,1998,0,0,0,0,0,0,0,0,0,0
170581,1,1,1998,25,25,25,25,25,25,25,25,25,25
170581,2,1,1998,0,0,0,0,0,0,0,0,0,0
170581,3,1,1998,0,0,0,0,0,16,0,0,0,0
170582,0,1,1998,0,19,0,0,0,0,0,0,0,0
170582,0,2,1998,0,0,0,0,0,0,0,0,0,0
170582,0,3,1998,0,0,0,0,0,0,0,0,0,0
170582,0,4,1998,0,0,0,0,0,0,0,0,0,0
170582,0,5,1998,22,15,0,0,0,0,0,0,15,0
170582,0,6,1998,0,0,0,0,0,0,0,0,0,0
170582,1,1,1998,0,0,0,0,0,0,0,0,0,0
170583,0,1,1998,0,0,0,0,0,0,0,0,0,0
170583,1,1,1998,0,0,0,0,0,0,0,0,0,0
170584,1,1,1998,0,0,0,0,0,0,0,0,0,0
170585,1,1,1998,0,0,0,0,0,0,0,0,0,0
170585,2,1,1998,0,0,0,0,0,0,0,0,0,0
170586,1,1,1998,11,11,11,11,11,11,11,11,11,11
170587,1,1,1998,12,14,0,11,16,12,3,8,0,19
170587,2,1,1998,0,0,0,0,0,0,0,0,0,0
170588,1,1,1998,0,0,0,0,0,0,0,0,0,0
170588,2,1,1998,0,0,0,0,0,0,0,0,0,0
170589,0,1,1998,0,0,0,0,0,0,0,0,0,0
170589,1,1,1998,13,27,24,14,25,10,19,0,30,10
170590,1,1,1998,19,19,19,19,19,19,19,19,19,19
170591,1,1,1998,17,20,0,9,0,34,0,13,22,0
170591,2,1,1998,0,0,0,0,0,0,0,0,0,0
170591,3,1,1998,0,0,0,0,0,0,0,0,0,0
170592,1,1,1998,19,19,19,19,19,19,19,19,19,19
170593,1,1,1998,0,0,0,0,0,0,0,0,0,0
170594,0,1,1998,0,0,0,0,0,0,0,0,0,0
170594,1,1,1998,0,0,0,0,0,0,0,14,0,0
170595,0,1,1998,0,0,0,0,0,0,0,0,0,0
170595,0,2,1998,0,5,27,25,10,0,34,0,14,10
170595,0,3,1998,0,7,8,0,0,36,17,0,10,0
170595,1,1,1998,15,15,15,15,15,15,15,15,15,15
170595,2,1,1998,0,0,0,0,0,0,0,0,0,0
170596,1,1,1998,0,0,0,0,0,0,0,0,0,0
170596,2,1,1998,0,0,0,0,0,0,0,0,0,0
170597,1,1,1998,0,0,0,0,0,0,0,0,0,0
170597,2,1,1998,0,0,0,0,0,0,0,0,0,0
170598,1,1,1998,0,0,0,0,0,0,0,0,0,0
170598,2,1,1998,0,0,0,0,0,0,0,0,0,0
170599,0,1,1998,24,24,24,24,24,24,24,24,24,24
170599,1,1,1998,0,0,0,0,0,0,0,0,0,0
170600,0,1,1998,16,16,16,16,16,16,16,16,16,16
170600,1,1,1998,0,0,0,0,0,0,0,0,0,0
170601,0,1,1998,0,0,0,0,0,0,0,0,0,0
170601,1,1,1998,0,0,9,0,0,0,0,0,0,0
170602,0,1,1998,0,0,0,0,0,0,0,0,0,0
170602,1,1,1998,0,0,0,10,0,11,0,0,0,0
170603,1,1,1998,0,0,0,0,0,0,0,0,0,0
170603,2,1,1998,0,0,0,0,0,0,0,0,0,0
170604,0,1,1998,34,34,34,34,34,34,34,34,34,34
170604,1,1,1998,13,13,13,13,13,13,13,13,13,13
170605,1,1,1998,0,0,0,0,0,0,0,0,0,0
170605,2,1,1998,0,0,0,0,0,0,0,0,0,0
170606,0,1,1998,15,15,15,15,15,15,15,15,15,15
170606,1,1,1998,0,0,0,0,0,0,0,0,12,0
170607,1,1,1998,0,0,0,0,0,0,0,0,0,0
170607,2,1,1998,0,0,0,0,0,0,0,0,0,0
170608,1,1,1998,0,0,0,0,0,0,0,0,0,0
170608,2,1,1998,0,0,0,0,0,0,0,0,0,0
170609,1,1,1998,2,2,2,2,2,2,2,2,2,2
170610,1,1,1998,0,0,0,0,0,0,0,0,0,0
170611,1,1,1998,0,0,0,0,0,0,0,0,0,0
170611,2,1,1998,0,0,0,0,0,0,0,0,0,0
170612,1,1,1998,7,7,7,7,7,7,7,7,7,7
170612,2,1,1998,0,0,0,0,0,0,0,0,0,0
170613,1,1,1998,0,0,0,0,0,0,0,0,0,0
170613,2,1,1998,0,0,0,0,0,0,0,0,0,0
170614,0,1,1998,0,0,0,0,0,0,0,0,0,0
170614,0,2,1998,0,0,0,0,0,0,0,0,0,0
170614,1,1,1998,0,11,0,3,19,12,0,13,9,0
170615,1,1,1998,20,20,20,20,20,20,20,20,20,20
170615,2,1,1998,0,0,0,0,0,0,0,0,0,0
170616,0,1,1998,3,3,3,3,3,3,3,3,3,3
170616,1,1,1998,20,13,26,13,20,0,15,0,21,0
170617,1,1,1998,0,0,4,0,0,0,0,0,0,0
170617,2,1,1998,0,9,0,24,0,0,0,0,0,0
170618,1,1,1998,0,0,0,0,0,0,0,0,0,0
170618,2,1,1998,0,0,0,0,0,0,0,0,0,0
170619,1,1,1998,20,20,20,20,20,20,20,20,20,20
170619,2,1,1998,0,0,0,0,0,0,0,0,0,0
170619,3,1,1998,0,0,0,0,0,0,0,0,0,14
170620,1,1,1998,21,10,4,0,5,23,0,21,0,0
170621,1,1,1998,9,0,0,0,0,0,0,0,0,0
170621,2,1,1998,0,0,0,0,0,0,0,0,0,0
170622,1,1,1998,29,29,29,29,29,29,29,29,29,29
170622,2,1,1998,0,0,0,0,0,0,0,0,0,0
170623,1,1,1998,0,0,0,0,0,0,6,0,0,0
170623,2,1,1998,0,0,0,0,0,0,12,0,0,0
170624,1,1,1998,0,0,0,0,0,0,0,0,0,0
170625,1,1,1998,35,35,35,35,35,35,35,35,35,35
170625,2,1,1998,0,0,0,0,0,0,0,0,0,0
170626,1,1,1998,0,0,0,0,0,0,0,0,0,0
170627,1,1,1998,10,10,10,10,10,10,10,10,10,10
170628,0,1,1998,20,15,0,0,0,0,0,0,5,24
170628,0,2,1998,0,0,0,0,0,0,0,0,0,0
170628,1,1,1998,19,33,0,28,15,0,12,0,14,0
170629,1,1,1998,3,3,3,3,3,3,3,3,3,3
170630,1,1,1998,0,0,26,0,19,28,13,0,21,14
170631,1,1,1998,28,28,28,28,28,28,28,28,28,28
170632,1,1,1998,25,25,25,25,25,25,25,25,25,25
170633,1,1,1998,0,0,0,0,0,0,0,0,0,0
170633,2,1,1998,0,0,0,0,0,0,0,0,0,0
170634,1,1,1998,0,0,0,0,0,0,0,0,0,0
170635,1,1,1998,28,28,28,28,28,28,28,28,28,28
170636,0,1,1998,0,0,0,0,0,0,0,0,0,0
170636,1,1,1998,0,9,0,0,0,0,0,0,0,0
170637,1,1,1998,12,12,12,12,12,12,12,12,12,12
170638,0,1,1998,0,0,0,0,0,0,0,0,0,0
170638,1,1,1998,0,0,0,0,0,0,0,0,0,0
170639,1,1,1998,0,0,0,0,0,0,0,0,0,0
170639,2,1,1998,0,0,0,0,0,0,0,0,0,0
170641,0,1,1998,20,20,20,20,20,20,20,20,20,20
170641,1,1,1998,0,0,0,0,0,0,0,0,0,0
170642,1,1,1998,0,0,0,0,0,0,0,0,0,0
170642,2,1,1998,0,0,0,0,0,0,0,0,0,0
170642,3,1,1998,0,0,0,0,0,0,0,0,0,0
170643,1,1,1998,0,0,0,0,0,0,0,0,0,0
170644,0,1,1998,21,21,21,21,21,21,21,21,21,21
170644,1,1,1998,0,0,0,0,0,0,0,0,0,0
170645,1,1,1998,11,11,11,11,11,11,11,11,11,11