ST_CASE,VEH_NO,PER_NO,YEAR,P1,P2,P3,P4,P5,P6,P7,P8,P9,P10
170646,1,1,1998,0,0,0,0,0,0,0,0,0,0
170646,2,1,1998,0,0,0,0,0,0,0,0,0,0
170647,1,1,1998,0,0,0,0,0,0,0,0,0,0
170647,2,1,1998,0,0,0,0,0,0,0,0,0,0
170648,1,1,1998,19,19,19,19,19,19,19,19,19,19
170649,1,1,1998,0,0,0,0,0,0,0,0,0,0
170649,2,1,1998,0,0,19,0,0,0,0,0,0,0
170649,3,1,1998,0,0,0,0,0,0,0,0,0,0
170649,4,1,1998,0,0,0,0,0,0,0,0,0,0
170650,1,1,1998,0,0,0,0,0,0,0,0,0,0
170651,1,1,1998,0,0,0,0,0,0,0,0,0,0
170651,2,1,1998,0,0,0,0,0,0,0,0,0,0
170652,1,1,1998,0,0,0,0,0,0,0,0,0,0
170653,1,1,1998,0,0,0,0,0,0,0,0,0,0
170653,2,1,1998,0,0,0,0,0,0,0,0,0,0
170653,3,1,1998,0,0,0,0,0,0,0,0,0,0
170653,4,1,1998,0,0,0,0,0,8,0,0,0,0
170654,1,1,1998,0,0,0,0,0,0,0,0,0,0
170654,2,1,1998,0,0,0,0,0,0,0,0,0,0
170655,1,1,1998,0,0,0,0,0,0,0,0,0,0
170655,2,1,1998,0,0,0,0,0,0,0,0,0,0
170656,1,1,1998,12,12,12,12,12,12,12,12,12,12
170657,0,1,1998,0,0,0,0,0,0,0,0,0,0
170657,1,1,1998,0,0,0,0,0,0,0,0,0,0
170658,1,1,1998,15,15,15,15,15,15,15,15,15,15
170659,1,1,1998,24,24,24,24,24,24,24,24,24,24
170659,2,1,1998,0,0,0,0,0,0,0,0,0,0
170660,1,1,1998,0,0,0,0,0,0,0,0,0,0
170660,2,1,1998,0,0,0,0,0,0,0,0,0,0
170661,1,1,1998,14,0,0,0,0,5,22,17,0,0
170662,1,1,1998,20,20,20,20,20,20,20,20,20,20
170663,1,1,1998,15,15,15,15,15,15,15,15,15,15
170664,1,1,1998,0,0,0,0,0,0,0,0,0,0
170665,1,1,1998,0,0,0,0,0,0,0,0,0,0
170665,2,1,1998,0,0,0,0,0,0,0,0,0,0
170666,1,1,1998,0,0,0,0,0,0,0,0,0,0
170667,1,1,1998,0,0,0,0,0,0,0,0,0,0
170667,2,1,1998,0,0,0,0,0,0,0,0,0,0
170667,3,1,1998,0,0,0,0,0,0,0,0,0,0
170667,4,1,1998,0,0,0,0,0,0,0,0,0,0
170668,1,1,1998,30,30,30,30,30,30,30,30,30,30
170669,1,1,1998,0,0,0,0,0,0,0,0,0,0
170670,1,1,1998,0,0,0,0,0,0,0,0,0,0
170670,2,1,1998,0,0,0,0,0,0,0,0,0,0
170671,1,1,1998,0,0,0,0,0,0,0,0,0,0
170671,2,1,1998,0,0,0,0,0,0,0,0,0,0
170672,0,1,1998,0,0,4,21,0,0,0,0,0,0
170672,1,1,1998,0,0,0,0,0,0,0,0,0,0
170673,1,1,1998,0,0,0,0,0,0,0,0,0,0
170673,2,1,1998,16,16,16,16,16,16,16,16,16,16
170674,0,1,1998,0,0,0,0,0,0,0,0,0,0
170674,1,1,1998,0,0,0,0,0,0,0,0,0,0
170675,0,1,1998,14,14,14,14,14,14,14,14,14,14
170675,1,1,1998,9,9,9,9,9,9,9,9,9,9
170676,1,1,1998,0,0,0,0,0,0,0,0,0,0
170676,2,1,1998,0,0,0,0,14,0,0,0,0,0
170678,1,1,1998,0,0,0,0,13,0,0,0,0,0
170678,2,1,1998,0,0,0,0,0,0,0,0,0,0
170679,1,1,1998,0,0,0,0,0,0,0,0,0,0
170680,1,1,1998,0,0,0,0,0,0,0,0,0,0
170680,2,1,1998,0,0,0,0,0,0,0,0,0,0
170681,1,1,1998,0,0,0,0,0,0,0,0,0,0
170681,2,1,1998,0,0,0,0,0,0,0,0,0,0
170682,1,1,1998,25,25,25,25,25,25,25,25,25,25
170682,2,1,1998,0,0,0,0,0,0,0,0,0,0
170683,1,1,1998,0,17,0,0,0,0,0,0,0,0
170683,2,1,1998,0,0,0,0,0,0,0,0,0,0
170684,1,1,1998,7,7,7,7,7,7,7,7,7,7
170684,2,1,1998,0,0,0,0,0,0,0,0,0,0
170685,1,1,1998,0,0,0,0,0,0,0,0,0,0
170685,2,1,1998,0,0,0,0,0,0,0,0,0,0
170686,1,1,1998,17,17,17,17,17,17,17,17,17,17
170687,1,1,1998,0,0,0,0,0,0,0,0,0,0
170688,1,1,1998,26,26,26,26,26,26,26,26,26,26
170689,1,1,1998,12,12,12,12,12,12,12,12,12,12
170690,1,1,1998,27,27,27,27,27,27,27,27,27,27
170690,2,1,1998,0,0,0,0,0,0,0,0,0,0
170691,1,1,1998,16,16,16,16,16,16,16,16,16,16
170692,1,1,1998,0,0,0,0,0,0,0,0,0,0
170692,2,1,1998,0,0,17,0,0,0,0,0,0,0
170693,1,1,1998,9,0,33,0,22,10,9,0,0,0
170694,1,1,1998,0,0,0,0,0,0,0,0,0,0
170695,1,1,1998,35,35,35,35,35,35,35,35,35,35
170696,1,1,1998,0,0,0,0,0,0,0,0,0,0
170697,1,1,1998,0,0,0,0,0,0,0,0,0,0
170697,2,1,1998,0,0,0,0,0,0,0,0,0,0
170698,1,1,1998,0,0,0,0,0,0,0,0,0,0
170698,2,1,1998,0,0,0,0,0,0,0,0,0,0
170699,1,1,1998,0,0,0,0,0,0,0,0,0,0
170699,2,1,1998,0,0,0,0,0,0,0,0,0,0
170700,1,1,1998,18,18,18,18,18,18,18,18,18,18
170701,1,1,1998,0,0,0,0,0,0,0,0,0,0
170702,1,1,1998,0,0,0,0,0,0,0,0,0,0
170704,1,1,1998,25,25,25,25,25,25,25,25,25,25
170704,2,1,1998,0,0,9,0,0,0,0,0,0,0
170705,0,1,1998,10,10,10,10,10,10,10,10,10,10
170705,1,1,1998,12,5,8,0,0,20,8,15,0,0
170705,2,1,1998,0,0,0,20,0,0,0,11,19,0
170706,1,1,1998,12,12,12,12,12,12,12,12,12,12
170707,1,1,1998,10,10,10,10,10,10,10,10,10,10
170707,2,1,1998,0,0,0,0,0,0,0,0,0,0
170708,1,1,1998,0,0,0,0,0,0,0,0,0,0
170708,2,1,1998,0,0,0,0,0,0,0,0,0,0
170709,0,1,1998,0,0,0,0,0,0,0,0,0,0
170709,1,1,1998,15,15,15,15,15,15,15,15,15,15
170710,1,1,1998,0,0,0,0,0,16,0,0,0,0
170710,2,1,1998,0,0,0,0,0,0,0,0,0,0
170711,1,1,1998,10,10,10,10,10,10,10,10,10,10
170712,0,1,1998,0,0,0,0,0,0,0,0,0,0
170712,1,1,1998,0,0,0,0,0,0,0,0,0,0
170713,1,1,1998,0,0,0,0,0,0,0,0,0,0
170713,2,1,1998,0,0,0,0,19,0,0,0,0,0
170713,3,1,1998,16,12,24,27,13,0,0,0,19,16
170714,0,1,1998,1,1,1,1,1,1,1,1,1,1
170714,1,1,1998,0,0,0,0,0,0,0,0,0,0
170715,1,1,1998,0,0,0,0,0,0,0,0,0,0
170715,2,1,1998,0,0,0,0,0,0,0,0,0,0
170716,1,1,1998,18,18,18,18,18,18,18,18,18,18
170717,1,1,1998,0,0,0,0,0,0,0,0,0,0
170717,2,1,1998,1,1,1,1,1,1,1,1,1,1
170718,1,1,1998,26,26,26,26,26,26,26,26,26,26
170719,1,1,1998,0,0,0,0,0,0,0,0,0,0
170719,2,1,1998,0,0,0,0,0,0,0,0,0,0
170720,1,1,1998,25,25,25,25,25,25,25,25,25,25
170721,0,1,1998,0,0,0,0,0,0,0,0,0,0
170721,0,2,1998,0,0,0,0,0,0,0,0,0,0
170721,1,1,1998,0,0,0,0,0,0,0,0,0,0
170722,1,1,1998,0,0,0,0,0,0,0,0,0,0
170722,2,1,1998,4,4,4,4,4,4,4,4,4,4
170723,1,1,1998,0,0,0,0,0,0,0,0,0,0
170724,1,1,1998,0,0,0,0,0,0,0,0,0,0
170724,2,1,1998,0,0,0,0,0,0,0,0,0,0
170725,1,1,1998,0,0,0,0,0,0,0,0,0,0
170726,1,1,1998,14,14,14,14,14,14,14,14,14,14
170727,1,1,1998,19,19,19,19,19,19,19,19,19,19
170728,1,1,1998,6,6,6,6,6,6,6,6,6,6
170729,1,1,1998,28,28,28,28,28,28,28,28,28,28
170730,1,1,1998,0,0,0,0,0,0,0,0,0,0
170731,1,1,1998,0,0,0,0,0,0,0,0,0,0
170731,2,1,1998,0,0,0,0,0,0,0,0,0,0
170732,0,1,1998,0,0,0,0,0,0,0,0,0,0
170732,1,1,1998,0,0,0,0,0,6,0,0,0,0
170733,1,1,1998,0,0,0,0,0,0,0,0,0,0
170733,2,1,1998,0,0,0,0,0,0,6,0,0,0
170734,1,1,1998,0,0,0,0,0,22,0,0,0,0
170735,0,1,1998,6,6,6,6,6,6,6,6,6,6
170735,1,1,1998,0,0,0,0,0,0,0,0,0,0
170736,1,1,1998,0,0,0,0,0,0,0,0,0,0
170736,2,1,1998,0,0,0,0,0,0,0,0,0,0
170737,0,1,1998,13,13,13,13,13,13,13,13,13,13
170737,1,1,1998,0,0,0,0,0,0,0,0,0,3
170738,1,1,1998,0,0,0,0,0,0,0,0,0,0
170738,2,1,1998,0,0,0,0,0,0,0,0,0,0
170739,0,1,1998,12,12,12,12,12,12,12,12,12,12
170739,1,1,1998,0,0,0,0,0,0,0,0,0,0
170740,1,1,1998,8,8,8,8,8,8,8,8,8,8
170740,2,1,1998,0,0,0,0,0,0,0,0,0,0
170740,3,1,1998,0,0,0,0,0,0,0,0,0,0
170741,1,1,1998,3,3,3,3,3,3,3,3,3,3
170742,1,1,1998,10,10,10,10,10,10,10,10,10,10
170742,2,1,1998,10,0,0,0,7,0,7,0,0,22
170743,1,1,1998,0,0,0,0,0,0,0,0,0,0
170743,2,1,1998,0,0,0,0,0,0,0,0,0,0
170743,3,1,1998,0,0,0,0,0,0,0,0,0,0
170744,1,1,1998,26,26,26,26,26,26,26,26,26,26
170745,0,1,1998,2,2,2,2,2,2,2,2,2,2
170745,1,1,1998,15,15,15,15,15,15,15,15,15,15
170746,1,1,1998,33,33,33,33,33,33,33,33,33,33
170746,2,1,1998,23,0,0,30,18,8,18,0,0,6
170747,1,1,1998,0,0,0,0,0,0,0,0,0,0
170747,2,1,1998,0,0,0,0,0,0,0,0,0,0
170748,1,1,1998,0,0,0,0,0,0,0,0,0,0
170748,2,1,1998,5,5,5,5,5,5,5,5,5,5
170748,3,1,1998,0,0,0,0,0,0,0,0,0,0
170748,4,1,1998,0,0,0,0,0,0,0,0,0,0
170748,5,1,1998,0,0,0,0,0,0,0,0,0,0
170748,6,1,1998,0,0,0,0,0,0,0,0,0,0
170749,1,1,1998,13,13,13,13,13,13,13,13,13,13
170750,1,1,1998,11,11,11,11,11,11,11,11,11,11
170750,2,1,1998,0,0,0,0,0,0,0,0,0,0
170751,1,1,1998,18,18,18,18,18,18,18,18,18,18
170751,2,1,1998,0,0,0,0,0,0,0,0,0,0
170752,1,1,1998,20,15,17,11,0,0,20,9,0,0
170752,2,1,1998,15,15,15,15,15,15,15,15,15,15
170753,1,1,1998,0,0,0,0,0,0,0,0,0,0
170753,2,1,1998,0,0,0,0,0,0,0,0,0,0
170753,3,1,1998,0,0,0,0,7,0,0,0,0,0
170754,1,1,1998,27,27,27,27,27,27,27,27,27,27
170755,1,1,1998,16,16,16,16,16,16,16,16,16,16
170755,2,1,1998,12,12,12,12,12,12,12,12,12,12
170756,1,1,1998,0,0,0,0,0,0,0,0,0,0
170756,2,1,1998,0,0,0,0,0,0,0,0,0,0
170756,3,1,1998,0,0,0,0,0,0,0,0,0,0
170758,1,1,1998,0,0,0,0,0,0,0,0,0,0
170759,1,1,1998,0,0,0,0,0,0,0,0,0,0
170759,2,1,1998,0,0,0,0,0,0,0,0,0,0
170760,1,1,1998,0,0,0,0,0,0,0,0,0,0
170760,2,1,1998,0,0,0,0,0,0,0,0,0,0
170760,3,1,1998,0,0,0,0,0,0,0,0,0,0
170761,1,1,1998,0,0,0,0,0,0,11,0,0,0
170761,2,1,1998,0,0,0,0,0,0,0,0,0,0
170761,3,1,1998,0,0,0,0,0,0,0,0,0,0
170762,1,1,1998,0,0,0,0,0,0,0,0,0,0
170763,1,1,1998,0,0,0,0,0,0,0,0,0,0
170763,2,1,1998,0,0,0,20,10,0,0,0,0,9
170763,3,1,1998,0,0,0,0,0,0,0,0,0,0
170764,1,1,1998,12,12,12,12,12,12,12,12,12,12
170765,1,1,1998,25,25,25,25,25,25,25,25,25,25
170765,2,1,1998,0,0,0,0,0,10,0,21,0,0
170766,1,1,1998,20,20,20,20,20,20,20,20,20,20
170766,2,1,1998,0,0,0,0,0,0,0,0,0,0
170766,3,1,1998,0,0,0,0,0,0,0,0,0,0
170767,1,1,1998,6,6,6,6,6,6,6,6,6,6
170768,1,1,1998,12,12,12,12,12,12,12,12,12,12
170769,1,1,1998,7,7,7,7,7,7,7,7,7,7
170770,1,1,1998,4,4,4,4,4,4,4,4,4,4
170770,2,1,1998,0,0,0,0,0,0,0,0,0,0
170771,1,1,1998,0,0,0,0,0,0,0,0,0,0
170771,2,1,1998,0,0,0,0,0,0,0,0,0,0
170772,1,1,1998,0,0,0,0,0,0,0,0,0,0
170772,2,1,1998,0,0,0,0,20,0,0,0,0,0
170773,1,1,1998,26,26,26,26,26,26,26,26,26,26
170774,1,1,1998,8,8,8,8,8,8,8,8,8,8
170774,2,1,1998,0,17,0,0,36,23,0,11,0,0
170774,3,1,1998,0,0,0,0,13,0,0,0,0,0
170775,1,1,1998,9,9,9,9,9,9,9,9,9,9
170775,2,1,1998,0,0,0,0,0,0,0,0,0,0
170776,1,1,1998,0,0,0,0,0,0,0,0,0,0
170776,2,1,1998,0,0,0,0,0,0,0,0,0,0
170777,1,1,1998,5,5,5,5,5,5,5,5,5,5
170777,2,1,1998,0,0,0,0,0,0,0,0,0,0
170778,0,1,1998,0,0,0,0,0,0,0,0,0,0
170778,1,1,1998,0,0,0,0,0,0,0,0,0,0
170779,1,1,1998,10,10,10,10,10,10,10,10,10,10
170779,2,1,1998,0,0,0,0,0,0,0,0,0,0
170780,1,1,1998,0,0,0,0,0,0,0,0,0,0
170780,2,1,1998,0,0,0,0,0,0,0,0,0,0
170781,1,1,1998,0,0,0,0,0,0,0,0,0,0
170782,1,1,1998,23,23,23,23,23,23,23,23,23,23
170783,1,1,1998,0,0,0,0,0,0,0,0,0,0
170783,2,1,1998,0,0,0,0,0,0,0,0,0,0
170784,1,1,1998,0,0,0,0,0,0,0,0,0,0
170785,1,1,1998,0,0,0,0,0,0,0,0,0,0
170786,1,1,1998,20,20,20,20,20,20,20,20,20,20
170786,2,1,1998,0,0,0,0,0,11,0,0,0,0
170787,0,1,1998,0,0,0,0,0,0,0,0,0,0
170787,1,1,1998,0,0,0,0,0,0,0,0,0,0
170788,1,1,1998,0,0,0,0,0,0,0,0,0,0
170788,2,1,1998,0,0,0,0,0,0,0,0,0,0
170788,3,1,1998,0,0,0,0,0,0,0,0,0,0
170788,4,1,1998,0,0,0,0,0,0,0,0,0,0
170788,5,1,1998,0,0,0,0,0,0,0,0,0,0
170788,6,1,1998,0,0,0,0,0,0,0,0,0,0
170788,7,1,1998,0,0,0,0,0,0,0,0,0,0
170789,1,1,1998,0,0,0,0,0,0,0,0,0,0
170790,1,1,1998,0,0,0,0,0,2,0,0,0,0
170791,1,1,1998,0,22,21,28,10,13,0,7,9,22
170791,2,1,1998,0,0,0,0,0,0,0,0,0,0
170792,1,1,1998,18,18,18,18,18,18,18,18,18,18
170792,2,1,1998,0,0,0,0,4,0,0,0,0,0
170792,3,1,1998,0,0,0,17,0,0,0,0,0,4
170793,1,1,1998,0,0,0,0,0,0,0,0,0,0
170794,1,1,1998,0,0,0,0,0,0,0,0,0,0
170794,2,1,1998,0,0,0,0,0,0,0,0,0,0
170795,1,1,1998,0,0,0,0,0,0,0,0,0,0
170796,1,1,1998,0,0,0,0,0,0,0,0,0,0
170797,0,1,1998,13,13,13,13,13,13,13,13,13,13
170797,1,1,1998,10,11,30,0,11,0,31,0,15,24
170798,1,1,1998,17,17,17,17,17,17,17,17,17,17
170798,2,1,1998,20,20,20,20,20,20,20,20,20,20
170799,1,1,1998,0,0,0,0,0,0,0,0,0,0
170799,2,1,1998,0,0,0,0,0,0,0,0,0,0
170800,0,1,1998,0,0,0,0,0,0,0,0,0,0
170800,1,1,1998,0,0,12,0,17,0,0,0,0,0
170801,1,1,1998,12,12,12,12,12,12,12,12,12,12
170802,1,1,1998,0,0,0,0,0,0,0,0,0,0
170803,0,1,1998,32,32,32,32,32,32,32,32,32,32
170803,1,1,1998,12,12,12,12,12,12,12,12,12,12
170804,0,1,1998,31,31,31,31,31,31,31,31,31,31
170804,1,1,1998,0,0,0,0,0,0,0,0,0,10
170805,1,1,1998,0,0,0,0,0,0,0,0,0,0
170805,2,1,1998,0,0,0,0,0,0,0,0,0,0
170806,1,1,1998,0,0,0,0,0,0,0,0,0,0
170806,2,1,1998,0,0,0,0,0,0,0,0,0,0
170808,1,1,1998,0,0,0,0,0,0,0,0,0,0
170808,2,1,1998,0,0,0,0,0,0,0,0,0,0
170809,1,1,1998,0,0,0,0,0,0,0,0,0,0
170809,2,1,1998,0,0,0,0,0,0,0,0,0,0
170809,3,1,1998,0,0,0,0,0,0,0,0,0,0
170810,1,1,1998,2,2,2,2,2,2,2,2,2,2
170810,2,1,1998,0,0,0,0,0,0,0,0,0,0
170811,1,1,1998,11,11,11,11,11,11,11,11,11,11
170812,1,1,1998,16,16,16,16,16,16,16,16,16,16
170813,1,1,1998,15,15,15,15,15,15,15,15,15,15
170814,1,1,1998,13,13,13,13,13,13,13,13,13,13
170815,1,1,1998,0,0,0,17,0,0,11,5,0,0
170815,2,1,1998,0,6,0,0,14,0,0,0,0,0
170816,1,1,1998,0,0,0,0,0,0,0,0,0,0
170816,2,1,1998,0,0,0,0,0,0,0,0,0,0
170817,0,1,1998,0,0,0,0,0,0,0,0,0,0
170817,1,1,1998,0,0,0,0,0,0,0,0,0,0
170818,0,1,1998,0,0,0,0,0,0,0,0,0,0
170818,1,1,1998,0,0,0,0,0,0,0,0,0,0
170819,1,1,1998,0,0,0,0,0,0,0,0,0,0
170819,2,1,1998,0,0,0,0,0,0,0,0,0,0
170819,3,1,1998,0,0,0,0,0,0,0,0,0,0
170820,1,1,1998,0,0,0,0,0,0,0,0,0,0
170821,1,1,1998,0,0,0,0,0,0,0,0,0,0
170821,2,1,1998,0,0,0,0,0,0,0,0,0,0
170821,3,1,1998,0,0,0,0,0,0,0,0,0,0
170821,4,1,1998,0,0,0,0,0,0,0,0,0,0
170821,5,1,1998,0,0,0,0,0,0,0,0,0,0
170821,6,1,1998,0,0,0,0,0,0,0,0,0,0
170822,0,1,1998,0,0,0,0,0,0,0,0,0,0
170822,0,2,1998,0,0,0,0,0,0,0,0,0,0
170822,0,3,1998,20,10,0,0,10,0,0,0,0,13
170822,1,1,1998,0,0,0,0,0,0,0,0,0,0
170823,1,1,1998,0,0,13,0,0,0,0,30,0,0
170823,2,1,1998,0,0,0,0,0,0,0,0,0,0
170824,1,1,1998,0,0,0,0,0,0,0,0,0,0
170824,2,1,1998,0,0,0,0,0,0,0,0,0,0
170825,1,1,1998,14,14,14,14,14,14,14,14,14,14
170826,1,1,1998,22,22,22,22,22,22,22,22,22,22
170827,1,1,1998,12,12,12,12,12,12,12,12,12,12
170828,1,1,1998,0,0,0,0,0,0,0,0,0,0
170828,2,1,1998,0,0,0,0,0,0,0,0,0,0
170829,1,1,1998,0,0,0,0,0,0,0,0,0,0
170829,2,1,1998,0,0,0,0,0,0,0,0,0,0
170829,3,1,1998,0,0,0,0,0,0,0,0,0,0
170830,0,1,1998,0,0,0,0,0,0,0,0,0,0
170830,1,1,1998,5,0,0,0,0,0,0,0,0,19
170831,1,1,1998,16,16,16,16,16,16,16,16,16,16
170831,2,1,1998,0,0,0,0,0,0,0,0,0,0
170832,1,1,1998,10,10,10,10,10,10,10,10,10,10
170833,1,1,1998,0,0,0,0,0,0,0,0,35,0
170833,2,1,1998,0,0,0,0,0,0,0,0,0,0
170834,1,1,1998,0,0,0,0,0,0,0,0,0,0
170834,2,1,1998,0,0,0,0,0,0,0,0,0,0
170835,1,1,1998,14,14,14,14,14,14,14,14,14,14
170835,2,1,1998,0,0,0,0,0,0,0,0,0,0
170836,1,1,1998,7,7,7,7,7,7,7,7,7,7
170837,1,1,1998,27,27,27,27,27,27,27,27,27,27
170838,1,1,1998,0,0,0,0,0,0,0,0,10,0
170838,2,1,1998,0,0,0,0,0,0,0,0,0,0
170838,3,1,1998,0,0,0,0,0,0,0,0,0,0
170839,1,1,1998,12,12,6,9,10,2,22,21,13,10
170840,0,1,1998,23,29,13,10,18,50,8,6,9,3
170840,1,1,1998,0,0,0,0,0,0,0,0,0,0
170841,1,1,1998,0,0,0,0,0,0,0,0,0,0
170841,2,1,1998,0,0,0,0,0,0,0,0,0,11
170842,1,1,1998,0,0,0,0,0,0,0,0,21,0
170843,1,1,1998,0,0,0,0,0,0,0,0,0,0
170843,2,1,1998,0,0,0,0,0,0,0,0,0,0
170844,1,1,1998,0,0,0,0,0,0,0,0,0,0
170844,2,1,1998,0,0,0,0,0,7,0,0,0,0
170845,1,1,1998,0,2,0,0,0,0,0,0,4,0
170845,2,1,1998,9,9,9,9,9,9,9,9,9,9
170846,0,1,1998,9,9,9,9,9,9,9,9,9,9
170846,1,1,1998,0,0,0,0,0,0,0,0,13,0
170847,1,1,1998,0,0,0,0,0,0,0,0,0,0
170847,2,1,1998,0,0,0,0,0,0,0,0,0,0
170848,1,1,1998,0,0,0,0,0,0,0,0,0,0
170848,2,1,1998,0,5,0,0,0,0,0,0,0,0
170849,0,1,1998,0,0,0,0,0,0,0,0,0,0
170849,1,1,1998,0,0,0,0,0,0,0,0,0,0
170850,1,1,1998,0,0,0,0,0,0,0,0,0,0
170850,2,1,1998,0,0,0,0,0,0,0,0,0,0
170850,3,1,1998,0,0,0,0,0,0,0,0,0,0
170850,4,1,1998,0,0,0,0,0,0,0,0,0,0
170851,0,1,1998,0,0,0,0,0,0,0,0,0,0
170851,1,1,1998,0,0,8,0,7,0,4,17,0,0
170852,0,1,1998,0,0,0,0,0,0,0,0,0,0
170852,1,1,1998,0,0,0,0,0,7,0,5,0,0
170853,1,1,1998,26,26,26,26,26,26,26,26,26,26
170854,1,1,1998,0,0,0,0,0,0,0,0,0,0
170855,1,1,1998,0,0,0,0,0,0,0,0,0,0
170855,2,1,1998,11,0,15,15,0,0,9,0,0,0
170856,1,1,1998,0,0,0,0,0,0,0,0,0,0
170856,2,1,1998,0,0,0,0,0,0,0,0,0,0
170856,3,1,1998,0,0,0,0,0,0,0,0,0,0
170857,1,1,1998,0,12,0,15,0,0,22,9,0,0
170858,1,1,1998,0,0,0,13,0,0,0,0,0,0
170858,2,1,1998,0,0,0,0,0,0,0,0,0,0
170859,1,1,1998,0,0,0,0,0,0,0,0,0,0
170861,1,1,1998,0,0,0,0,12,0,0,0,0,0
170862,0,1,1998,0,0,0,0,0,0,0,0,0,0
170862,1,1,1998,0,0,0,0,0,0,0,0,0,0
170863,0,1,1998,0,0,0,0,0,0,0,0,0,0
170864,1,1,1998,15,15,15,15,15,15,15,15,15,15
170865,1,1,1998,0,0,0,0,0,0,0,0,0,0
170866,1,1,1998,0,0,0,0,0,0,0,0,0,0
170866,2,1,1998,0,0,0,0,0,0,0,0,0,0
170867,0,1,1998,0,10,0,0,24,11,0,0,0,0
170867,0,2,1998,0,0,0,0,0,0,0,0,0,0
170867,1,1,1998,0,0,0,0,0,0,0,0,0,0
170868,1,1,1998,0,0,0,0,0,0,0,0,0,0
170868,2,1,1998,17,21,2,0,19,0,11,26,11,6
170870,0,1,1998,0,0,0,0,0,0,0,0,0,0
170870,1,1,1998,0,0,0,18,0,0,0,0,0,0
170871,1,1,1998,10,10,10,10,10,10,10,10,10,10
170871,2,1,1998,0,0,0,0,0,0,0,0,0,0
170872,0,1,1998,30,30,30,30,30,30,30,30,30,30
170872,1,1,1998,10,0,15,0,0,8,15,20,0,0
170873,1,1,1998,14,14,14,14,14,14,14,14,14,14
170874,1,1,1998,8,8,8,8,8,8,8,8,8,8
170875,1,1,1998,0,0,0,0,0,0,0,0,0,0
170875,2,1,1998,0,0,0,0,0,0,0,0,0,0
170876,1,1,1998,0,0,0,0,0,0,0,0,0,0
170876,2,1,1998,0,0,0,0,0,0,0,0,0,0
170877,1,1,1998,0,0,0,0,0,0,0,0,0,0
170877,2,1,1998,0,0,0,0,0,0,0,0,0,0
170878,1,1,1998,13,13,13,13,13,13,13,13,13,13
170879,1,1,1998,0,0,0,0,0,0,0,0,0,0
170880,1,1,1998,0,0,0,0,0,0,0,0,0,0
170880,2,1,1998,0,0,0,0,0,0,0,0,0,0
170881,0,1,1998,0,0,0,0,12,0,0,0,0,0
170881,1,1,1998,0,0,0,0,0,0,0,0,0,0
170882,1,1,1998,29,0,0,0,0,0,0,0,21,0
170882,2,1,1998,0,0,0,0,0,0,10,0,0,0
170884,1,1,1998,0,0,0,0,0,0,9,0,0,0
170884,2,1,1998,0,0,0,0,0,0,0,0,0,0
170885,1,1,1998,0,0,0,0,0,0,0,0,0,0
170886,1,1,1998,18,18,18,18,18,18,18,18,18,18
170886,2,1,1998,19,19,19,19,19,19,19,19,19,19
170887,1,1,1998,12,12,12,12,12,12,12,12,12,12
170888,0,1,1998,0,0,0,0,0,0,0,0,0,0
170888,1,1,1998,0,0,0,0,0,0,0,0,0,0
170889,1,1,1998,0,0,10,0,0,0,0,0,0,0
170889,2,1,1998,0,0,0,0,0,0,0,0,0,0
170890,1,1,1998,0,0,0,0,0,0,0,0,0,0
170890,2,1,1998,0,0,0,0,0,0,0,0,0,0
170891,1,1,1998,12,0,13,0,10,0,0,0,0,0
170892,1,1,1998,10,10,10,10,10,10,10,10,10,10
170893,1,1,1998,20,11,13,37,21,9,22,0,26,25
170894,1,1,1998,16,16,16,16,16,16,16,16,16,16
170894,2,1,1998,0,0,0,0,0,0,0,0,0,0
170895,0,1,1998,0,0,0,0,0,0,0,0,0,0
170895,1,1,1998,0,0,0,0,0,14,0,0,0,0
170896,1,1,1998,0,0,0,0,0,0,0,0,0,0
170896,2,1,1998,2,2,2,2,2,2,2,2,2,2
170897,0,1,1998,0,0,0,0,0,0,0,0,0,0
170897,1,1,1998,12,15,0,0,9,0,0,30,0,0
170898,1,1,1998,0,0,0,0,0,0,0,0,0,0
170899,0,1,1998,2,2,2,2,2,2,2,2,2,2
170899,1,1,1998,0,8,0,4,0,0,0,0,0,0
170900,1,1,1998,0,0,0,0,0,0,0,0,0,9
170900,2,1,1998,0,0,0,0,0,0,0,0,0,0
170901,1,1,1998,0,0,0,0,0,0,0,0,0,0
170901,2,1,1998,0,0,0,0,0,0,0,0,0,0
170902,1,1,1998,17,17,17,17,17,17,17,17,17,17
170903,1,1,1998,35,35,35,35,35,35,35,35,35,35
170904,1,1,1998,0,0,0,0,0,0,0,0,0,0
170904,2,1,1998,0,0,0,0,0,0,0,0,0,0
170905,1,1,1998,11,11,11,11,11,11,11,11,11,11
170905,2,1,1998,0,0,0,0,0,0,0,0,0,0
170906,1,1,1998,8,8,8,8,8,8,8,8,8,8
170907,1,1,1998,12,12,12,12,12,12,12,12,12,12
170907,2,1,1998,0,0,0,0,0,0,0,0,0,0
170908,1,1,1998,0,0,0,11,0,0,0,0,0,0
170908,2,1,1998,0,0,0,0,0,0,4,5,0,0
170909,1,1,1998,25,25,25,25,25,25,25,25,25,25
170910,1,1,1998,18,18,18,18,18,18,18,18,18,18