ST_CASE,VEH_NO,PER_NO,YEAR,P1,P2,P3,P4,P5,P6,P7,P8,P9,P10
170910,2,1,1998,0,0,0,0,0,0,0,0,0,0
170911,0,1,1998,26,26,26,26,26,26,26,26,26,26
170911,1,1,1998,0,0,0,0,2,0,0,0,0,0
170912,1,1,1998,10,10,10,10,10,10,10,10,10,10
170913,1,1,1998,0,0,0,0,0,0,0,0,0,0
170913,2,1,1998,0,0,0,0,0,0,0,0,0,0
170914,1,1,1998,14,14,14,14,14,14,14,14,14,14
170915,1,1,1998,0,0,0,0,0,0,0,0,0,0
170916,1,1,1998,15,15,15,15,15,15,15,15,15,15
170917,1,1,1998,0,0,0,0,0,0,0,0,0,0
170917,2,1,1998,0,0,0,0,0,0,0,0,0,0
170918,1,1,1998,0,0,0,0,0,0,0,0,0,0
170918,2,1,1998,0,0,0,0,0,0,0,0,0,0
170918,3,1,1998,0,0,0,0,0,0,0,0,0,0
170919,1,1,1998,25,25,25,25,25,25,25,25,25,25
170920,1,1,1998,0,0,0,0,0,0,0,0,8,0
170920,2,1,1998,0,0,0,0,0,0,0,0,0,0
170920,3,1,1998,0,0,0,0,0,0,0,0,0,0
170921,1,1,1998,16,16,16,16,16,16,16,16,16,16
170922,1,1,1998,23,23,23,23,23,23,23,23,23,23
170922,2,1,1998,0,0,0,0,0,0,0,0,0,0
170922,3,1,1998,0,0,0,0,0,0,0,5,0,0
170922,4,1,1998,0,28,0,0,0,0,0,0,0,0
170923,1,1,1998,0,0,0,0,0,0,0,0,0,0
170923,2,1,1998,0,0,0,0,0,0,0,0,0,0
170923,3,1,1998,0,0,0,0,0,0,11,19,0,0
170923,4,1,1998,0,0,0,0,0,0,0,0,0,0
170924,1,1,1998,0,0,0,0,0,0,0,0,13,0
170925,1,1,1998,2,2,2,2,2,2,2,2,2,2
170926,1,1,1998,7,7,7,7,7,7,7,7,7,7
170926,2,1,1998,0,0,0,0,0,0,0,0,0,0
170927,1,1,1998,0,0,0,0,0,0,0,0,0,0
170928,1,1,1998,6,6,6,6,6,6,6,6,6,6
170928,2,1,1998,0,14,0,0,0,0,17,8,0,0
170929,0,1,1998,0,0,0,0,0,0,0,0,0,0
170929,1,1,1998,11,11,11,11,11,11,11,11,11,11
170930,1,1,1998,18,18,18,18,18,18,18,18,18,18
170931,1,1,1998,26,26,26,26,26,26,26,26,26,26
170932,1,1,1998,26,26,26,26,26,26,26,26,26,26
170932,2,1,1998,0,0,0,0,0,0,0,0,0,0
170933,1,1,1998,0,0,0,0,0,0,0,0,0,0
170933,2,1,1998,0,0,0,0,0,0,0,0,0,0
170934,1,1,1998,9,0,0,0,0,0,0,0,0,0
170935,1,1,1998,0,0,0,0,0,0,0,0,0,0
170936,1,1,1998,18,18,18,18,18,18,18,18,18,18
170937,1,1,1998,0,0,0,0,0,0,0,0,0,0
170937,2,1,1998,0,0,0,0,0,0,0,0,0,0
170938,1,1,1998,0,0,0,0,0,0,0,0,0,0
170939,1,1,1998,13,13,13,13,13,13,13,13,13,13
170939,2,1,1998,0,0,0,0,0,0,0,0,0,0
170940,1,1,1998,0,0,0,0,0,0,0,0,0,0
170941,1,1,1998,0,0,0,0,0,0,0,0,0,0
170942,1,1,1998,5,0,19,0,0,0,0,15,22,0
170942,2,1,1998,0,0,0,0,0,0,0,0,0,0
170944,1,1,1998,0,0,0,0,0,20,0,0,0,0
170944,2,1,1998,0,0,0,0,0,0,0,0,0,0
170945,1,1,1998,0,0,0,0,0,0,0,0,0,0
170945,2,1,1998,0,0,0,0,0,0,0,0,0,0
170946,1,1,1998,0,0,0,0,0,0,0,0,0,0
170947,1,1,1998,0,0,0,0,0,0,0,0,0,0
170947,2,1,1998,0,0,0,0,0,0,0,0,0,0
170948,1,1,1998,0,0,0,0,0,0,0,0,0,0
170948,2,1,1998,0,0,0,0,0,0,0,0,0,0
170949,1,1,1998,3,0,0,13,5,0,19,5,0,0
170949,2,1,1998,25,25,25,25,25,25,25,25,25,25
170950,0,1,1998,0,0,0,0,0,0,0,0,0,0
170950,1,1,1998,0,0,0,0,0,0,0,0,0,0
170951,0,1,1998,0,0,0,0,0,0,0,0,0,0
170951,1,1,1998,0,0,0,0,0,0,0,0,0,0
170952,1,1,1998,0,0,0,0,0,0,0,0,0,0
170953,1,1,1998,0,0,0,0,0,0,0,0,0,0
170953,2,1,1998,15,15,15,15,15,15,15,15,15,15
170954,1,1,1998,0,0,0,0,0,0,0,0,0,0
170954,2,1,1998,0,0,0,0,0,0,0,0,0,0
170954,3,1,1998,0,0,0,0,0,0,0,0,0,0
170955,1,1,1998,12,12,12,12,12,12,12,12,12,12
170956,0,1,1998,25,25,25,25,25,25,25,25,25,25
170956,1,1,1998,12,0,0,0,10,0,3,0,0,12
170957,1,1,1998,33,33,33,33,33,33,33,33,33,33
170958,1,1,1998,0,0,0,0,0,0,0,0,0,0
170958,2,1,1998,18,0,0,0,0,0,0,0,0,0
170959,1,1,1998,19,19,19,19,19,19,19,19,19,19
170960,1,1,1998,0,0,0,0,0,0,0,0,0,0
170962,0,1,1998,0,0,0,0,0,0,0,0,0,0
170962,1,1,1998,19,10,0,16,0,0,0,0,14,0
170962,2,1,1998,0,14,0,7,6,0,0,0,0,10
170962,3,1,1998,0,0,0,4,0,0,0,0,0,0
170963,0,1,1998,0,0,0,0,0,0,0,0,0,0
170963,1,1,1998,0,18,16,0,14,13,0,9,0,0
170964,1,1,1998,8,8,8,8,8,8,8,8,8,8
170965,1,1,1998,0,0,0,0,0,0,0,0,0,0
170965,2,1,1998,0,0,0,0,0,0,0,0,0,0
170966,1,1,1998,15,15,15,15,15,15,15,15,15,15
170966,2,1,1998,0,0,10,0,0,9,22,0,0,0
170967,1,1,1998,0,0,0,0,0,0,0,0,0,0
170968,1,1,1998,0,0,0,0,0,0,0,0,0,0
170969,1,1,1998,0,0,0,0,0,0,0,0,0,0
170970,1,1,1998,0,0,25,7,0,0,2,16,18,0
170971,1,1,1998,0,0,0,0,0,0,0,0,0,0
170971,2,1,1998,0,0,0,0,0,0,0,0,0,0
170972,0,1,1998,0,0,0,0,0,0,0,0,0,0
170973,0,1,1998,0,0,0,0,0,0,0,0,0,0
170973,0,2,1998,30,0,34,29,22,0,0,0,0,23
170973,1,1,1998,0,11,10,0,0,5,0,0,0,14
170974,0,1,1998,0,0,0,0,0,0,0,0,0,0
170974,1,1,1998,0,0,0,0,0,0,15,0,0,0
170975,1,1,1998,24,24,24,24,24,24,24,24,24,24
170976,1,1,1998,9,9,18,11,0,0,0,0,0,0
170977,0,1,1998,25,25,25,25,25,25,25,25,25,25
170977,1,1,1998,5,5,5,5,5,5,5,5,5,5
170978,1,1,1998,9,9,9,9,9,9,9,9,9,9
170979,1,1,1998,0,0,0,0,0,0,0,0,0,0
170979,2,1,1998,0,0,0,0,0,0,0,0,0,0
170980,1,1,1998,0,0,0,0,0,0,0,0,0,0
170980,2,1,1998,0,0,0,0,0,0,0,0,0,0
170981,0,1,1998,0,0,0,0,0,0,0,0,0,0
170981,0,2,1998,0,0,0,0,0,0,0,0,0,0
170981,1,1,1998,0,0,0,0,0,0,0,0,0,0
170982,1,1,1998,0,0,0,0,0,0,0,0,0,0
170982,2,1,1998,0,0,0,0,0,0,0,0,0,0
170983,1,1,1998,0,0,0,0,0,0,0,18,0,0
170983,2,1,1998,0,0,0,0,0,0,0,0,0,0
170984,1,1,1998,0,4,24,14,12,0,0,5,16,16
170984,2,1,1998,0,0,0,0,0,0,0,0,0,0
170985,0,1,1998,0,0,0,0,0,0,0,0,0,0
170985,1,1,1998,0,0,0,0,0,0,0,0,0,0
170986,1,1,1998,0,0,0,0,0,0,0,0,0,0
170986,2,1,1998,0,0,0,0,0,0,0,0,0,0
170987,1,1,1998,0,0,0,0,0,0,0,0,0,0
170987,2,1,1998,0,0,0,0,0,0,0,0,0,0
170988,1,1,1998,0,0,0,0,0,0,0,0,0,0
170988,2,1,1998,0,0,0,0,0,0,0,0,0,0
170989,1,1,1998,18,18,18,18,18,18,18,18,18,18
170990,0,1,1998,0,0,0,0,0,0,0,0,0,0
170990,1,1,1998,0,0,0,0,0,0,0,0,0,0
170991,0,1,1998,0,0,0,0,0,0,0,0,0,0
170991,1,1,1998,0,0,0,0,0,0,0,0,0,0
170992,1,1,1998,0,0,16,0,26,0,0,0,0,0
170993,0,1,1998,0,0,0,0,0,0,0,0,0,0
170993,1,1,1998,0,0,0,0,0,0,0,0,0,0
170994,1,1,1998,15,19,0,7,21,3,5,7,19,6
170995,1,1,1998,0,0,0,0,0,0,0,0,0,0
170995,2,1,1998,0,0,0,0,0,0,0,0,0,0
170996,0,1,1998,15,0,21,19,0,0,0,0,0,0
170996,1,1,1998,0,0,0,0,0,0,0,0,0,0
170996,2,1,1998,0,0,0,12,0,0,14,0,0,0
170997,0,1,1998,11,11,11,11,11,11,11,11,11,11
170997,1,1,1998,9,8,0,0,8,7,6,0,0,0
170998,1,1,1998,0,0,0,0,0,0,0,0,0,0
170999,1,1,1998,0,0,8,0,0,0,0,0,11,0
170999,2,1,1998,1,1,1,1,1,1,1,1,1,1
171000,1,1,1998,0,0,0,0,0,0,0,0,0,0
171000,2,1,1998,0,0,0,0,0,0,0,0,0,0
171001,0,1,1998,0,9,0,0,0,0,0,0,0,0
171001,1,1,1998,0,0,0,0,0,0,0,3,0,0
171002,1,1,1998,0,0,0,0,0,0,0,0,0,0
171002,2,1,1998,0,0,0,0,0,0,0,0,0,0
171003,1,1,1998,0,0,0,0,0,0,0,0,0,0
171003,2,1,1998,0,0,0,0,0,0,0,0,0,0
171004,1,1,1998,0,0,0,0,0,11,0,13,0,0
171004,2,1,1998,0,0,0,0,0,0,0,0,0,0
171005,1,1,1998,13,13,13,13,13,13,13,13,13,13
171006,1,1,1998,0,0,0,0,0,0,0,0,0,0
171007,1,1,1998,10,10,10,10,10,10,10,10,10,10
171007,2,1,1998,0,0,0,0,0,0,0,0,0,0
171008,1,1,1998,0,0,0,0,0,0,0,0,0,0
171008,2,1,1998,0,0,0,0,0,0,0,0,0,0
171009,1,1,1998,10,10,10,10,10,10,10,10,10,10
171010,1,1,1998,0,0,0,0,0,0,0,0,0,0
171011,1,1,1998,0,0,0,0,0,0,0,0,0,0
171011,2,1,1998,3,3,3,3,3,3,3,3,3,3
171012,1,1,1998,8,8,8,8,8,8,8,8,8,8
171013,0,1,1998,30,30,30,30,30,30,30,30,30,30
171013,1,1,1998,0,2,0,0,0,0,0,0,0,0
171014,1,1,1998,23,23,23,23,23,23,23,23,23,23
171015,0,1,1998,0,0,0,0,0,0,0,0,0,0
171015,1,1,1998,0,0,0,0,0,0,0,0,0,0
171016,1,1,1998,0,0,0,0,0,0,0,0,0,0
171017,1,1,1998,24,24,24,24,24,24,24,24,24,24
171018,1,1,1998,0,0,0,0,0,0,0,0,0,0
171018,2,1,1998,0,0,0,0,0,0,0,0,0,0
171019,1,1,1998,0,0,0,0,0,0,0,0,0,0
171019,2,1,1998,0,0,0,0,0,0,0,0,0,0
171019,3,1,1998,0,0,0,0,0,0,0,0,0,0
171021,0,1,1998,0,0,0,0,0,0,0,0,0,12
171021,1,1,1998,0,0,0,0,0,4,0,0,0,0
171021,2,1,1998,0,0,0,0,0,0,0,0,0,0
171022,1,1,1998,0,0,0,0,0,0,0,0,0,0
171022,2,1,1998,0,0,0,0,0,0,0,0,0,0
171023,1,1,1998,22,5,9,13,20,5,5,17,0,13
171024,1,1,1998,3,3,3,3,3,3,3,3,3,3
171024,2,1,1998,0,0,0,0,0,0,0,0,0,0
171025,1,1,1998,0,0,0,0,0,0,0,0,0,0
171025,2,1,1998,0,0,0,0,0,0,0,0,0,0
171026,1,1,1998,0,0,0,0,0,0,0,0,0,0
171026,2,1,1998,0,0,0,0,0,0,0,0,0,0
171027,0,1,1998,0,0,0,0,0,0,0,0,0,0
171027,1,1,1998,0,0,0,0,0,0,0,0,0,0
171028,1,1,1998,0,0,0,0,0,0,0,0,0,0
171028,2,1,1998,0,0,0,0,0,0,0,0,0,0
171029,1,1,1998,0,0,0,0,0,0,0,0,0,0
171029,2,1,1998,0,0,0,0,0,0,0,0,0,0
171030,1,1,1998,0,0,0,0,0,0,0,0,0,0
171031,1,1,1998,0,0,0,0,0,0,0,0,0,0
171031,2,1,1998,0,0,0,0,0,0,0,0,0,0
171032,1,1,1998,0,10,14,30,9,23,16,0,0,10
171033,1,1,1998,0,0,0,0,0,0,0,0,0,0
171034,0,1,1998,0,0,0,6,0,0,0,0,0,0
171034,0,2,1998,25,0,10,0,17,0,18,19,0,0
171034,0,3,1998,27,17,0,8,22,0,0,0,10,0
171034,0,4,1998,23,5,5,0,0,0,0,0,0,8
171034,1,1,1998,18,0,0,0,0,0,0,0,0,26
171035,1,1,1998,0,0,0,0,0,0,0,0,0,0
171035,2,1,1998,0,0,0,0,0,0,0,0,0,0
171036,1,1,1998,0,0,0,0,0,0,0,0,0,0
171037,1,1,1998,0,0,0,0,0,0,0,0,0,0
171037,2,1,1998,0,16,0,0,0,0,0,0,0,0
171038,1,1,1998,25,25,25,25,25,25,25,25,25,25
171038,2,1,1998,0,0,0,0,0,0,0,0,0,0
171039,0,1,1998,0,0,0,0,0,0,0,0,0,0
171039,1,1,1998,0,0,0,0,0,0,0,0,0,0
171040,1,1,1998,4,4,4,4,4,4,4,4,4,4
171040,2,1,1998,0,0,0,0,0,0,0,0,0,0
171041,1,1,1998,0,0,0,0,0,0,0,0,0,0
171042,1,1,1998,24,24,24,24,24,24,24,24,24,24
171043,0,1,1998,0,0,0,0,0,0,0,0,0,0
171043,1,1,1998,0,18,0,0,0,0,0,0,0,0
171043,2,1,1998,0,0,0,0,0,0,0,0,0,0
171044,1,1,1998,20,20,20,20,20,20,20,20,20,20
171044,2,1,1998,0,0,0,0,0,0,0,0,0,0
171045,0,1,1998,0,0,0,0,0,0,0,0,0,0
171045,1,1,1998,0,0,0,0,0,0,0,0,0,0
171046,1,1,1998,0,0,0,0,0,0,0,0,0,0
171047,1,1,1998,0,0,0,0,0,0,0,0,0,0
171048,1,1,1998,0,23,0,0,0,0,0,0,0,0
171048,2,1,1998,0,0,0,0,0,0,0,0,0,0
171049,1,1,1998,0,0,0,0,0,0,0,0,0,0
171049,2,1,1998,0,0,0,0,0,0,0,0,0,0
171050,1,1,1998,28,28,28,28,28,28,28,28,28,28
171050,2,1,1998,0,0,0,0,0,0,0,0,0,0
171050,3,1,1998,0,0,0,0,0,0,0,0,0,0
171050,4,1,1998,0,12,0,0,24,0,0,0,0,0
171051,1,1,1998,40,40,40,40,40,40,40,40,40,40
171051,2,1,1998,0,0,0,0,0,0,0,0,0,5
171051,3,1,1998,0,0,0,0,0,0,0,0,0,0
171052,1,1,1998,0,0,0,0,0,0,0,0,0,0
171053,1,1,1998,0,0,0,0,0,0,0,0,0,0
171053,2,1,1998,0,0,0,0,0,0,0,0,0,0
171054,1,1,1998,0,0,0,0,0,0,0,0,0,0
171054,2,1,1998,0,0,0,0,0,0,0,0,0,0
171055,0,1,1998,0,0,0,0,0,0,0,0,0,0
171055,1,1,1998,0,0,0,0,0,0,0,0,0,0
171056,1,1,1998,13,13,13,13,13,13,13,13,13,13
171057,1,1,1998,0,0,0,0,0,0,0,0,0,0
171058,1,1,1998,0,0,0,0,0,0,0,0,0,0
171058,2,1,1998,0,0,0,0,0,0,0,0,0,0
171059,1,1,1998,0,0,0,0,0,0,0,0,0,0
171060,1,1,1998,28,28,28,28,28,28,28,28,28,28
171061,0,1,1998,0,0,0,0,0,0,0,0,0,0
171061,1,1,1998,0,0,0,0,0,0,0,0,0,0
171062,1,1,1998,0,0,0,0,0,0,0,0,0,0
171062,2,1,1998,0,0,0,0,0,0,0,0,0,0
171063,0,1,1998,0,0,0,0,0,0,0,0,0,0
171063,1,1,1998,0,0,0,0,0,0,0,0,0,0
171064,1,1,1998,0,0,0,0,0,0,0,0,0,0
171065,1,1,1998,0,0,0,0,0,0,0,7,0,0
171066,0,1,1998,0,0,0,0,0,0,0,0,0,0
171066,1,1,1998,0,0,0,0,0,0,0,0,0,0
171067,0,1,1998,0,0,0,0,0,0,0,0,0,0
171067,1,1,1998,0,0,0,0,0,0,0,0,0,0
171068,1,1,1998,16,16,16,16,16,16,16,16,16,16
171068,2,1,1998,3,3,3,3,3,3,3,3,3,3
171069,1,1,1998,22,12,0,23,0,0,0,0,0,11
171070,1,1,1998,15,15,15,15,15,15,15,15,15,15
171071,1,1,1998,0,0,0,0,0,0,0,0,0,0
171071,2,1,1998,0,0,0,0,0,0,0,0,0,0
171071,3,1,1998,0,0,0,0,0,6,0,0,0,0
171072,1,1,1998,17,17,17,17,17,17,17,17,17,17
171073,1,1,1998,0,0,0,0,0,0,0,21,0,0
171074,0,1,1998,0,0,0,0,0,0,0,0,0,0
171074,1,1,1998,0,0,0,0,4,0,11,12,0,0
171075,1,1,1998,21,21,21,21,21,21,21,21,21,21
171075,2,1,1998,0,0,0,5,27,4,19,8,0,0
171076,1,1,1998,0,0,4,0,0,0,0,0,0,0
171076,2,1,1998,0,6,0,0,0,0,0,0,0,0
171077,1,1,1998,23,23,23,23,23,23,23,23,23,23
171078,1,1,1998,0,19,7,0,0,0,0,0,17,0
171080,1,1,1998,0,0,0,0,0,0,0,0,0,0
171080,2,1,1998,0,0,0,0,0,0,0,0,0,0
171080,3,1,1998,0,0,0,0,0,0,0,0,0,0
171080,4,1,1998,0,0,0,0,0,0,0,0,0,0
171080,5,1,1998,0,0,0,0,0,0,0,0,0,0
171081,1,1,1998,0,0,0,0,0,0,0,0,0,0
171081,2,1,1998,0,0,0,0,0,0,0,0,0,0
171081,3,1,1998,0,0,0,0,0,0,0,6,0,0
171081,4,1,1998,0,0,0,0,0,0,0,0,0,0
171081,5,1,1998,0,0,0,0,0,0,0,0,0,0
171081,6,1,1998,0,0,0,0,0,0,0,0,0,0
171082,1,1,1998,10,10,10,10,10,10,10,10,10,10
171082,2,1,1998,9,9,9,9,9,9,9,9,9,9
171083,1,1,1998,14,14,14,14,14,14,14,14,14,14
171084,1,1,1998,19,19,19,19,19,19,19,19,19,19
171085,1,1,1998,0,0,0,0,14,0,0,0,0,15
171086,1,1,1998,0,0,0,0,0,0,0,0,0,0
171087,1,1,1998,10,10,10,10,10,10,10,10,10,10
171088,1,1,1998,0,0,0,0,0,0,0,0,0,0
171088,2,1,1998,0,0,0,0,0,0,0,0,0,0
171088,3,1,1998,0,0,0,0,0,0,0,0,0,0
171089,1,1,1998,23,23,23,23,23,23,23,23,23,23
171090,1,1,1998,0,0,0,0,0,0,0,0,0,0
171091,1,1,1998,0,0,0,0,0,0,0,0,0,0
171091,2,1,1998,0,0,0,0,0,0,0,0,0,0
171091,3,1,1998,0,0,0,0,0,0,0,0,0,0
171091,4,1,1998,0,0,0,0,0,0,0,0,0,0
171092,1,1,1998,0,0,0,0,0,0,0,0,0,0
171093,1,1,1998,0,0,0,0,0,0,0,0,0,0
171094,1,1,1998,22,22,22,22,22,22,22,22,22,22
171095,0,1,1998,0,0,0,0,0,0,0,0,0,0
171095,1,1,1998,0,0,0,0,0,0,0,0,0,0
171096,0,1,1998,0,0,0,0,0,0,0,0,0,0
171096,1,1,1998,0,0,13,18,15,0,13,18,16,18
171097,1,1,1998,14,0,0,0,0,0,0,0,0,0
171097,2,1,1998,0,0,0,0,0,0,0,0,0,0
171098,1,1,1998,0,0,0,0,0,0,0,0,0,0
171098,2,1,1998,0,0,0,0,0,0,0,0,0,0
171099,1,1,1998,0,0,0,0,0,0,0,0,0,0
171099,2,1,1998,0,0,0,0,0,0,0,0,0,0
171100,1,1,1998,12,12,12,12,12,12,12,12,12,12
171101,1,1,1998,0,0,0,0,0,0,0,0,0,0
171101,2,1,1998,0,0,0,0,0,0,0,0,0,0
171102,1,1,1998,0,0,0,31,0,17,0,0,13,17
171102,2,1,1998,8,14,0,0,0,0,0,0,0,0
171103,1,1,1998,0,0,0,0,0,0,0,0,0,0
171103,2,1,1998,0,0,0,0,0,0,0,0,0,0
171103,3,1,1998,0,0,0,0,0,0,0,0,0,0
171104,1,1,1998,16,16,16,16,16,16,16,16,16,16
171104,2,1,1998,0,0,0,0,0,0,0,0,0,0
171105,0,1,1998,0,0,0,0,0,0,0,0,0,0
171105,1,1,1998,17,17,17,17,17,17,17,17,17,17
171106,1,1,1998,0,0,0,0,0,0,0,0,0,0
171106,2,1,1998,0,0,0,0,0,0,0,0,0,0
171106,3,1,1998,0,0,0,0,0,0,0,11,0,0
171106,4,1,1998,0,0,0,0,0,0,0,0,0,0
171107,1,1,1998,19,19,19,19,19,19,19,19,19,19
171108,0,1,1998,29,29,29,29,29,29,29,29,29,29
171108,1,1,1998,0,0,0,0,0,0,0,0,0,0
171109,0,1,1998,1,1,1,1,1,1,1,1,1,1
171109,1,1,1998,0,0,0,0,0,0,0,0,0,0
171110,1,1,1998,22,22,22,22,22,22,22,22,22,22
171111,1,1,1998,17,17,17,17,17,17,17,17,17,17
171112,1,1,1998,0,0,0,0,0,0,0,0,0,0
171112,2,1,1998,0,0,0,0,0,0,0,0,0,0
171113,1,1,1998,17,17,17,17,17,17,17,17,17,17
171114,1,1,1998,0,0,0,0,0,0,0,0,0,0
171115,1,1,1998,12,0,19,32,0,13,21,24,13,20
171116,0,1,1998,0,14,0,6,0,0,0,0,0,0
171116,1,1,1998,0,0,0,0,0,0,0,0,25,8
171117,0,1,1998,32,12,38,17,30,24,22,24,35,25
171117,1,1,1998,13,0,8,8,26,10,15,0,0,0
171118,1,1,1998,18,18,18,18,18,18,18,18,18,18
171119,1,1,1998,39,39,39,39,39,39,39,39,39,39
171120,0,1,1998,17,17,17,17,17,17,17,17,17,17
171120,1,1,1998,0,8,0,0,15,0,0,0,0,0
171121,1,1,1998,0,0,0,0,0,0,0,0,0,0
171122,1,1,1998,0,0,0,0,0,0,14,0,0,0
171122,2,1,1998,0,0,0,0,0,0,0,0,0,0
171123,1,1,1998,0,0,0,0,0,0,0,0,0,0
171123,2,1,1998,0,0,0,0,0,0,0,0,0,0
171124,0,1,1998,41,10,12,20,20,0,10,0,0,28
171124,1,1,1998,0,0,0,0,0,0,0,0,0,0
171125,0,1,1998,0,0,0,0,0,0,0,0,0,0
171125,1,1,1998,0,0,0,0,0,0,0,0,0,0
171126,1,1,1998,17,17,17,17,17,17,17,17,17,17
171127,1,1,1998,19,19,19,19,19,19,19,19,19,19
171128,1,1,1998,0,0,0,0,0,0,0,0,0,0
171129,1,1,1998,8,8,8,8,8,8,8,8,8,8
171131,0,1,1998,0,0,0,0,0,0,0,0,0,0
171131,1,1,1998,0,0,0,0,12,0,0,0,0,0
171132,0,1,1998,14,14,14,14,14,14,14,14,14,14
171132,1,1,1998,0,0,0,0,0,0,0,0,0,0
171133,1,1,1998,0,0,0,0,0,0,0,0,0,0
171133,2,1,1998,0,0,0,0,0,0,0,0,0,0
171134,1,1,1998,3,3,3,3,3,3,3,3,3,3
171134,2,1,1998,0,0,0,0,0,0,0,0,0,0
171135,1,1,1998,24,24,24,24,24,24,24,24,24,24
171135,2,1,1998,0,0,0,0,0,0,35,0,0,0
171135,3,1,1998,0,0,0,13,0,5,0,0,0,0
171135,4,1,1998,0,0,0,0,0,0,0,0,0,0
171136,1,1,1998,0,0,0,0,0,0,0,0,0,0
171137,1,1,1998,0,0,0,0,0,12,0,0,0,0
171137,2,1,1998,0,0,0,0,0,0,0,0,0,0
171138,1,1,1998,0,0,0,0,4,0,0,0,0,0
171138,2,1,1998,0,0,0,0,0,0,0,0,0,0
171138,3,1,1998,0,0,0,0,0,0,0,0,0,0
171139,1,1,1998,0,0,0,0,0,0,0,0,0,0
171140,1,1,1998,28,28,28,28,28,28,28,28,28,28
171141,1,1,1998,10,10,10,10,10,10,10,10,10,10
171143,1,1,1998,0,23,9,0,22,0,12,0,22,0
171144,1,1,1998,0,0,0,0,0,0,0,0,0,0
171145,1,1,1998,0,0,0,0,0,0,0,0,0,0
171146,1,1,1998,0,0,0,0,0,0,0,0,0,19
171146,2,1,1998,0,12,0,0,0,0,0,0,13,20
171147,0,1,1998,0,0,0,0,0,0,0,0,0,0
171147,1,1,1998,0,0,0,0,0,0,0,0,9,0
171148,1,1,1998,0,0,0,0,0,0,0,0,0,0
171148,2,1,1998,0,0,0,0,0,0,0,0,0,0
171148,3,1,1998,10,0,0,0,0,0,0,0,0,0
171149,1,1,1998,0,8,0,0,0,0,0,0,0,0
171150,1,1,1998,0,0,0,0,0,0,0,0,0,0
171150,2,1,1998,0,0,0,0,0,21,15,0,0,0
171151,1,1,1998,0,0,0,0,0,0,0,0,0,0
171151,2,1,1998,0,0,0,0,0,0,0,0,0,0
171151,3,1,1998,0,0,0,0,0,0,0,0,0,0
171152,1,1,1998,0,0,0,0,0,0,0,24,0,0
171152,2,1,1998,0,0,0,0,0,0,0,0,0,0
171152,3,1,1998,0,0,0,0,0,0,0,0,0,0
171153,1,1,1998,0,0,0,0,0,0,0,0,0,0
171153,2,1,1998,0,0,0,0,0,0,0,0,0,0
171154,0,1,1998,27,27,27,27,27,27,27,27,27,27
171154,1,1,1998,0,0,0,0,0,0,0,0,0,0
171155,0,1,1998,0,0,0,0,0,0,0,0,0,0
171155,1,1,1998,0,0,0,0,0,0,0,0,0,0
171155,2,1,1998,0,0,0,0,0,0,0,0,0,0
171156,1,1,1998,17,17,17,17,17,17,17,17,17,17
171157,1,1,1998,21,21,21,21,21,21,21,21,21,21
171158,1,1,1998,13,13,13,13,13,13,13,13,13,13
171158,2,1,1998,0,0,0,0,0,0,0,0,0,0
171159,1,1,1998,0,0,0,0,0,0,0,0,0,0
171159,2,1,1998,3,0,0,0,0,0,0,0,0,13
171160,1,1,1998,20,20,20,20,20,20,20,20,20,20
171160,2,1,1998,0,51,0,0,0,0,0,0,0,0
171161,1,1,1998,0,0,0,0,0,0,0,0,0,0
171161,2,1,1998,0,0,0,0,0,0,0,0,0,0
171162,1,1,1998,0,0,0,0,0,0,0,0,0,0
171162,2,1,1998,0,0,0,0,0,0,0,0,0,0
171163,1,1,1998,22,22,22,22,22,22,22,22,22,22
171164,1,1,1998,20,20,20,20,20,20,20,20,20,20
171164,2,1,1998,0,0,0,0,0,0,0,0,0,0
171165,1,1,1998,0,0,0,0,0,0,0,0,0,0
171165,2,1,1998,0,0,0,0,0,0,0,0,0,0
171166,1,1,1998,22,22,22,22,22,22,22,22,22,22
171166,2,1,1998,0,0,0,0,0,0,0,0,0,0
171167,1,1,1998,7,7,7,7,7,7,7,7,7,7
171168,0,1,1998,0,0,0,0,0,0,0,0,0,0
171168,1,1,1998,0,0,0,0,0,0,0,0,0,0
171169,1,1,1998,7,7,7,7,7,7,7,7,7,7
171170,1,1,1998,0,0,0,0,0,0,0,0,0,0
171171,1,1,1998,2,2,2,2,2,2,2,2,2,2
171171,2,1,1998,0,0,0,0,0,0,0,0,0,0
171171,3,1,1998,0,0,0,0,0,0,0,0,0,3
171172,1,1,1998,26,26,26,26,26,26,26,26,26,26
171173,1,1,1998,13,18,10,15,16,0,21,16,0,18
171174,1,1,1998,0,0,0,0,0,0,0,0,0,0
171175,1,1,1998,12,12,12,12,12,12,12,12,12,12
171175,2,1,1998,0,0,0,0,0,0,0,0,0,0
171176,0,1,1998,0,0,0,0,0,0,0,0,0,0
171176,1,1,1998,0,0,0,0,0,0,0,0,0,0
171177,1,1,1998,0,0,0,0,0,0,0,0,0,0
171178,1,1,1998,11,11,11,11,11,11,11,11,11,11
171180,0,1,1998,0,0,0,0,0,0,0,0,0,0
171180,1,1,1998,0,0,0,0,0,0,0,0,0,0
171181,0,1,1998,0,0,0,0,0,0,0,0,0,0
171181,1,1,1998,0,0,0,0,0,0,0,0,0,0