ST_CASE,VEH_NO,PER_NO,YEAR,P1,P2,P3,P4,P5,P6,P7,P8,P9,P10
171181,2,1,1998,0,0,0,0,0,0,0,0,0,0
171182,1,1,1998,0,0,0,0,0,0,0,0,0,0
171183,1,1,1998,0,0,0,0,0,0,0,0,0,0
171183,2,1,1998,0,0,0,0,0,0,0,0,0,0
171184,1,1,1998,0,0,0,0,0,0,0,0,0,0
171184,2,1,1998,0,0,13,23,0,0,11,0,0,4
171185,1,1,1998,0,0,0,0,0,0,0,0,0,0
171185,2,1,1998,0,0,0,0,0,0,0,0,0,0
171185,3,1,1998,0,0,0,0,0,0,0,0,0,0
171186,1,1,1998,17,21,12,0,22,27,7,27,22,0
171187,1,1,1998,2,2,2,2,2,2,2,2,2,2
171189,0,1,1998,0,0,0,0,0,0,0,0,0,0
171189,1,1,1998,0,0,0,4,0,0,0,0,0,0
171190,1,1,1998,0,0,0,0,0,0,0,0,0,0
171190,2,1,1998,0,0,0,0,0,0,0,0,0,0
171191,1,1,1998,0,0,0,0,0,0,0,0,0,0
171191,2,1,1998,0,0,0,0,0,0,0,0,0,0
171192,1,1,1998,10,10,10,10,10,10,10,10,10,10
171192,2,1,1998,0,0,11,0,0,0,0,0,0,0
171193,1,1,1998,13,13,13,13,13,13,13,13,13,13
171194,1,1,1998,10,10,10,10,10,10,10,10,10,10
171194,2,1,1998,0,0,0,0,0,0,0,0,0,0
171195,1,1,1998,0,0,0,0,0,0,0,0,0,0
171195,2,1,1998,0,0,0,0,0,0,0,0,0,0
171196,1,1,1998,0,0,0,0,0,0,0,0,0,0
171196,2,1,1998,29,29,29,29,29,29,29,29,29,29
171196,3,1,1998,0,0,0,0,0,0,0,0,0,0
171197,1,1,1998,0,0,0,0,0,0,0,0,0,0
171197,2,1,1998,0,0,0,0,0,0,0,0,0,0
171198,1,1,1998,0,0,0,0,0,0,0,0,0,0
171198,2,1,1998,0,0,0,0,0,0,0,0,0,0
171199,1,1,1998,0,0,0,0,0,0,0,0,0,0
171200,1,1,1998,24,24,24,24,24,24,24,24,24,24
171201,1,1,1998,12,12,12,12,12,12,12,12,12,12
171202,1,1,1998,18,18,18,18,18,18,18,18,18,18
171203,1,1,1998,0,0,0,0,0,0,0,0,0,0
171204,1,1,1998,0,21,0,0,0,0,0,0,0,0
171204,2,1,1998,0,0,0,0,0,0,0,0,0,0
171205,1,1,1998,0,0,0,0,0,0,0,0,0,0
171206,1,1,1998,0,0,0,0,0,0,0,0,0,0
171207,0,1,1998,24,24,24,24,24,24,24,24,24,24
171207,1,1,1998,0,0,0,0,0,0,0,0,4,0
171207,2,1,1998,0,0,0,0,0,0,0,0,0,0
171207,3,1,1998,0,0,0,0,0,0,0,0,0,0
171208,0,1,1998,35,35,35,35,35,35,35,35,35,35
171208,1,1,1998,0,0,0,0,7,0,0,0,0,0
171209,1,1,1998,14,14,14,14,14,14,14,14,14,14
171210,1,1,1998,0,0,0,0,0,0,0,0,0,0
171211,1,1,1998,25,25,25,25,25,25,25,25,25,25
171211,2,1,1998,13,17,0,9,8,0,8,10,0,7
171212,1,1,1998,0,0,0,0,0,7,0,0,0,0
171213,1,1,1998,0,0,0,0,0,0,0,0,0,0
171213,2,1,1998,0,0,0,0,0,0,0,0,0,0
171214,1,1,1998,0,0,0,0,9,0,0,0,0,0
171214,2,1,1998,0,0,0,0,0,0,0,0,0,0
171215,1,1,1998,0,0,0,0,0,0,0,0,0,0
171215,2,1,1998,0,0,0,0,0,0,0,0,0,0
171216,1,1,1998,0,0,0,0,0,0,0,0,0,0
171217,1,1,1998,19,19,19,19,19,19,19,19,19,19
171218,0,1,1998,19,0,0,0,0,0,0,0,0,15
171218,1,1,1998,0,0,0,0,0,0,0,0,0,0
171219,1,1,1998,17,17,17,17,17,17,17,17,17,17
171219,2,1,1998,0,0,0,0,0,0,0,0,0,0
171220,1,1,1998,0,0,0,0,0,0,0,0,0,0
171220,2,1,1998,0,0,0,0,0,0,0,0,0,0
171220,3,1,1998,0,0,16,0,0,0,0,0,0,0
171221,1,1,1998,26,26,26,26,26,26,26,26,26,26
171221,2,1,1998,0,0,0,0,0,0,0,0,0,0
171221,3,1,1998,0,0,0,0,0,14,0,0,0,0
171221,4,1,1998,0,0,0,0,0,0,0,0,0,0
171222,0,1,1998,0,0,0,0,0,0,0,0,0,0
171222,1,1,1998,0,0,0,0,0,0,0,0,0,0
171223,1,1,1998,28,28,28,28,28,28,28,28,28,28
171224,1,1,1998,0,0,0,0,0,0,0,0,0,0
171224,2,1,1998,0,0,0,0,0,0,0,0,0,0
171225,1,1,1998,0,0,0,0,0,0,0,0,0,0
171226,1,1,1998,13,13,13,13,13,13,13,13,13,13
171227,1,1,1998,18,18,18,18,18,18,18,18,18,18
171227,2,1,1998,0,0,0,0,0,0,0,0,0,0
171228,1,1,1998,15,15,15,15,15,15,15,15,15,15
171228,2,1,1998,18,18,18,18,18,18,18,18,18,18
171229,1,1,1998,17,17,17,17,17,17,17,17,17,17
171230,1,1,1998,21,21,21,21,21,21,21,21,21,21
171231,1,1,1998,1,1,1,1,1,1,1,1,1,1
171231,2,1,1998,0,0,0,0,0,0,0,0,0,0
171232,1,1,1998,23,23,23,23,23,23,23,23,23,23
171233,1,1,1998,0,0,0,0,0,0,0,0,0,0
171234,0,1,1998,15,15,15,15,15,15,15,15,15,15
171234,1,1,1998,13,20,17,24,0,13,22,21,7,20
171235,0,1,1998,1,1,1,1,1,1,1,1,1,1
171235,1,1,1998,3,0,0,0,0,0,0,19,10,0
171236,1,1,1998,0,0,0,0,0,0,0,0,0,0
171236,2,1,1998,0,0,0,0,0,0,0,0,0,0
171237,1,1,1998,16,16,16,16,16,16,16,16,16,16
171238,1,1,1998,24,24,24,24,24,24,24,24,24,24
171238,2,1,1998,0,0,0,0,0,0,0,0,0,0
171239,1,1,1998,0,0,0,0,0,0,0,0,0,0
171239,2,1,1998,0,0,0,0,0,0,0,0,0,0
171240,1,1,1998,0,0,0,0,0,0,0,0,0,0
171240,2,1,1998,0,0,0,0,0,0,0,0,0,0
171242,0,1,1998,0,0,0,0,0,0,0,0,0,0
171242,1,1,1998,24,13,16,0,0,22,22,14,0,0
171243,1,1,1998,27,27,27,27,27,27,27,27,27,27
171244,1,1,1998,12,12,12,12,12,12,12,12,12,12
171245,0,1,1998,0,0,0,0,0,0,0,0,12,0
171245,1,1,1998,0,0,0,0,0,0,0,16,0,0
171246,0,1,1998,23,23,23,23,23,23,23,23,23,23
171246,1,1,1998,0,0,0,0,0,0,0,0,0,0
171247,1,1,1998,0,0,0,0,0,0,0,0,0,0
171248,1,1,1998,27,27,27,27,27,27,27,27,27,27
171249,1,1,1998,0,0,0,0,0,0,0,0,0,0
171249,2,1,1998,0,0,0,0,0,0,0,0,0,0
171249,3,1,1998,0,0,0,0,0,0,0,0,0,0
171250,1,1,1998,12,12,12,12,12,12,12,12,12,12
171251,1,1,1998,22,22,22,22,22,22,22,22,22,22
171252,1,1,1998,23,23,23,23,23,23,23,23,23,23
171253,1,1,1998,0,0,0,0,0,0,0,0,0,0
171254,1,1,1998,0,0,0,0,0,0,0,0,12,0
171254,2,1,1998,0,0,0,0,0,0,0,0,0,0
171254,3,1,1998,0,0,0,0,0,0,0,0,0,0
171255,1,1,1998,0,0,0,0,0,0,0,0,0,0
171256,1,1,1998,0,0,0,0,0,0,0,0,0,0
171257,1,1,1998,14,13,6,15,9,17,9,9,12,16
171258,1,1,1998,0,0,0,0,0,0,0,0,0,6
171258,2,1,1998,0,0,0,0,0,0,0,0,0,0
171259,1,1,1998,0,0,0,0,0,0,0,0,0,0
171259,2,1,1998,0,0,0,0,0,0,0,0,0,0
171260,1,1,1998,0,0,0,0,0,0,0,0,0,0
171260,2,1,1998,0,0,0,0,0,0,0,0,0,0
171260,3,1,1998,0,0,0,0,0,0,0,0,0,0
171261,1,1,1998,19,19,19,19,19,19,19,19,19,19
171261,2,1,1998,0,0,0,0,0,0,0,0,0,0
171261,3,1,1998,0,0,0,0,0,0,0,0,0,0
171262,1,1,1998,1,1,1,1,1,1,1,1,1,1
171263,1,1,1998,0,0,0,0,0,0,0,0,0,0
171264,1,1,1998,0,0,0,0,0,0,0,0,0,0
171264,2,1,1998,0,0,0,0,0,0,0,0,0,0
171265,1,1,1998,41,41,41,41,41,41,41,41,41,41
171266,1,1,1998,0,0,0,0,0,0,0,0,0,0
171266,2,1,1998,0,0,0,0,0,0,0,0,0,0
171267,1,1,1998,0,0,0,0,0,0,0,0,0,0
171267,2,1,1998,0,0,0,0,0,0,0,0,0,0
171268,1,1,1998,16,0,0,12,0,0,0,19,0,0
171269,0,1,1998,0,0,0,0,0,0,0,0,0,0
171269,1,1,1998,0,0,0,0,0,0,0,0,0,24
171270,0,1,1998,14,14,14,14,14,14,14,14,14,14
171270,1,1,1998,27,12,0,19,18,4,0,5,0,5
180001,1,1,1998,28,0,4,10,13,11,14,19,26,17
180002,1,1,1998,14,14,14,14,14,14,14,14,14,14
180003,0,1,1998,0,0,0,0,0,4,12,0,0,0
180003,1,1,1998,0,0,0,0,0,0,0,0,0,0
180004,1,1,1998,31,0,0,3,16,0,0,0,10,9
180004,2,1,1998,0,0,0,0,0,0,0,0,0,0
180004,3,1,1998,0,0,0,0,0,0,0,0,0,0
180004,4,1,1998,0,0,0,0,0,0,0,0,0,0
180005,1,1,1998,0,0,0,0,0,0,0,0,0,0
180006,1,1,1998,0,0,0,0,0,0,0,0,0,0
180007,1,1,1998,22,22,22,22,22,22,22,22,22,22
180008,1,1,1998,0,10,13,9,7,22,9,14,0,16
180008,2,1,1998,0,0,0,0,0,0,0,0,0,0
180009,1,1,1998,0,0,0,0,0,0,0,0,0,0
180009,2,1,1998,0,0,0,0,0,0,0,0,0,0
180010,1,1,1998,0,0,0,0,0,0,0,0,0,0
180010,2,1,1998,0,0,0,0,0,0,0,0,0,0
180011,1,1,1998,0,0,0,0,0,0,0,0,0,0
180012,1,1,1998,0,0,0,0,0,0,0,0,0,0
180013,1,1,1998,0,0,0,0,5,0,0,0,0,0
180014,1,1,1998,0,0,0,0,0,0,0,0,0,0
180014,2,1,1998,0,0,0,0,0,0,0,0,0,0
180014,3,1,1998,0,0,0,0,0,0,0,0,0,0
180014,4,1,1998,0,0,0,0,0,0,0,0,0,0
180015,1,1,1998,0,0,0,0,0,0,0,0,0,0
180015,2,1,1998,0,0,0,0,0,0,0,0,0,0
180016,0,1,1998,26,17,12,22,20,33,20,13,24,28
180016,1,1,1998,13,0,0,0,13,0,0,0,16,0
180017,1,1,1998,0,0,0,0,0,0,0,0,0,0
180017,2,1,1998,0,0,0,0,0,0,0,0,0,0
180018,1,1,1998,0,3,0,0,0,0,0,0,0,0
180018,2,1,1998,0,0,0,0,0,0,0,0,0,0
180020,1,1,1998,0,0,0,0,0,0,0,0,0,0
180021,1,1,1998,16,16,16,16,16,16,16,16,16,16
180022,1,1,1998,0,0,0,0,0,0,0,0,0,0
180023,1,1,1998,0,0,0,0,0,0,17,0,0,0
180024,1,1,1998,0,0,0,0,0,0,0,0,0,0
180025,1,1,1998,3,3,3,3,3,3,3,3,3,3
180025,2,1,1998,0,0,0,0,0,0,0,0,0,0
180026,1,1,1998,0,16,0,0,0,0,0,0,0,24
180026,2,1,1998,0,0,0,0,0,0,0,0,0,0
180027,1,1,1998,0,0,0,0,23,0,0,0,0,6
180027,2,1,1998,0,0,0,0,0,0,0,0,0,0
180028,1,1,1998,0,0,0,0,0,0,0,0,0,0
180028,2,1,1998,0,0,0,0,0,0,0,0,0,0
180029,1,1,1998,0,0,0,0,0,0,0,0,0,0
180029,2,1,1998,0,0,0,0,0,0,0,0,0,0
180030,1,1,1998,0,0,0,0,0,0,0,0,0,0
180030,2,1,1998,1,1,1,1,1,1,1,1,1,1
180031,1,1,1998,12,12,12,12,12,12,12,12,12,12
180032,1,1,1998,0,15,0,0,0,17,0,0,0,0
180032,2,1,1998,0,0,0,0,0,0,0,0,0,0
180033,1,1,1998,0,0,0,0,0,0,0,0,0,0
180033,2,1,1998,0,0,0,0,0,0,0,0,0,0
180034,1,1,1998,0,0,0,0,0,0,0,0,0,0
180034,2,1,1998,0,0,0,0,0,0,0,0,0,0
180035,1,1,1998,0,0,0,0,0,0,0,0,0,0
180036,1,1,1998,18,0,0,0,0,0,0,0,0,0
180037,1,1,1998,0,0,11,9,15,12,19,11,8,14
180038,1,1,1998,17,17,17,17,17,17,17,17,17,17
180039,1,1,1998,0,0,0,0,0,0,0,0,0,0
180039,2,1,1998,0,0,0,0,0,0,0,0,0,0
180040,1,1,1998,0,0,0,0,0,0,0,0,0,0
180040,2,1,1998,0,0,0,0,0,0,0,0,0,0
180041,1,1,1998,0,0,0,0,0,0,0,0,0,0
180042,0,1,1998,0,0,0,0,0,0,0,0,0,0
180042,1,1,1998,0,0,0,0,0,0,0,0,0,0
180043,1,1,1998,0,0,0,0,0,0,0,0,0,0
180044,1,1,1998,32,32,32,32,32,32,32,32,32,32
180045,0,1,1998,17,17,17,17,17,17,17,17,17,17
180045,1,1,1998,0,0,0,0,0,0,0,0,0,0
180046,1,1,1998,0,0,0,0,0,0,0,0,0,0
180046,2,1,1998,0,0,0,0,0,0,0,0,0,0
180047,1,1,1998,0,0,0,0,0,0,0,0,6,0
180048,1,1,1998,17,17,17,17,17,17,17,17,17,17
180049,1,1,1998,20,20,20,20,20,20,20,20,20,20
180049,2,1,1998,0,0,0,0,0,0,0,0,0,0
180050,1,1,1998,0,0,0,0,0,0,0,0,0,0
180050,2,1,1998,3,3,3,3,3,3,3,3,3,3
180051,1,1,1998,7,15,27,20,10,27,47,15,20,19
180052,1,1,1998,19,19,19,19,19,19,19,19,19,19
180053,1,1,1998,15,0,0,0,45,0,9,18,14,12
180054,0,1,1998,13,13,13,13,13,13,13,13,13,13
180054,1,1,1998,0,0,0,0,0,0,0,0,0,0
180055,1,1,1998,17,18,8,15,26,8,0,18,8,18
180056,1,1,1998,16,17,0,9,8,0,0,20,22,0
180057,1,1,1998,0,0,0,0,0,0,0,0,0,0
180057,2,1,1998,0,20,0,0,0,0,0,0,0,0
180058,1,1,1998,0,0,0,0,0,0,0,0,0,0
180058,2,1,1998,0,0,0,0,0,0,0,0,0,0
180059,0,1,1998,33,32,5,16,36,22,12,25,36,45
180059,1,1,1998,0,0,0,0,0,0,0,0,0,0
180060,1,1,1998,16,9,15,15,12,14,11,10,14,16
180061,1,1,1998,0,0,0,0,0,0,0,0,0,0
180061,2,1,1998,0,0,0,0,0,0,0,0,0,0
180062,0,1,1998,0,0,0,0,0,7,0,0,22,0
180062,1,1,1998,0,0,0,0,0,0,0,0,0,0
180063,1,1,1998,35,35,35,35,35,35,35,35,35,35
180063,2,1,1998,0,0,0,0,0,0,0,0,0,0
180063,3,1,1998,0,0,0,0,0,0,0,0,0,0
180064,1,1,1998,0,0,0,0,0,0,0,0,0,0
180065,1,1,1998,0,0,0,0,0,0,0,0,0,0
180065,2,1,1998,0,0,0,0,0,0,0,0,0,0
180066,0,1,1998,22,22,22,22,22,22,22,22,22,22
180066,1,1,1998,7,7,7,7,7,7,7,7,7,7
180067,1,1,1998,10,10,10,10,10,10,10,10,10,10
180068,1,1,1998,0,15,0,15,18,0,19,11,33,0
180069,1,1,1998,0,0,0,0,0,0,0,0,0,0
180070,1,1,1998,0,0,0,0,0,0,0,0,0,0
180070,2,1,1998,0,0,0,0,0,0,0,0,0,0
180071,1,1,1998,0,0,0,0,0,0,0,0,0,0
180071,2,1,1998,0,0,0,0,0,0,0,0,0,0
180072,1,1,1998,0,0,0,0,0,0,0,0,0,0
180072,2,1,1998,0,4,0,0,0,0,27,0,0,13
180073,1,1,1998,0,0,0,0,0,0,0,0,0,0
180073,2,1,1998,0,0,0,0,0,0,0,0,0,0
180074,1,1,1998,0,0,0,0,0,0,0,0,0,0
180075,1,1,1998,0,0,0,0,0,0,0,0,0,0
180075,2,1,1998,0,0,0,0,0,0,0,0,0,0
180076,1,1,1998,0,0,0,0,0,0,0,0,12,0
180077,1,1,1998,0,0,0,0,0,0,0,0,0,0
180077,2,1,1998,0,0,0,0,0,0,0,0,0,0
180078,1,1,1998,5,0,7,14,20,11,0,0,0,0
180079,1,1,1998,25,25,25,25,25,25,25,25,25,25
180079,2,1,1998,0,0,0,0,0,0,0,0,0,0
180079,3,1,1998,0,0,0,0,0,0,0,0,0,0
180080,1,1,1998,18,26,11,19,16,20,11,38,17,22
180081,1,1,1998,0,24,23,18,22,19,0,0,0,10
180082,1,1,1998,18,18,18,18,18,18,18,18,18,18
180082,2,1,1998,14,0,0,0,0,0,0,0,12,0
180083,1,1,1998,0,23,0,0,0,0,0,0,0,0
180084,1,1,1998,0,0,0,0,0,0,0,0,0,0
180084,2,1,1998,0,0,0,0,0,0,0,0,0,0
180085,1,1,1998,20,20,20,32,12,17,24,16,16,32
180086,1,1,1998,0,0,0,0,0,7,0,0,0,0
180086,2,1,1998,0,0,0,0,0,0,0,0,0,0
180087,1,1,1998,0,0,0,0,0,0,0,0,0,0
180088,1,1,1998,0,0,0,0,0,0,0,0,0,0
180088,2,1,1998,0,0,0,0,0,0,0,0,0,0
180089,0,1,1998,6,17,0,0,18,0,0,0,0,0
180089,2,1,1998,34,0,0,0,0,11,0,16,22,15
180089,3,1,1998,0,0,0,0,0,0,0,0,0,0
180090,1,1,1998,15,0,0,0,0,27,0,0,0,0
180091,1,1,1998,0,0,0,0,0,0,0,0,0,0
180092,1,1,1998,25,24,22,17,17,10,28,22,4,14
180093,1,1,1998,0,0,0,0,0,0,0,0,0,0
180094,0,1,1998,0,0,0,0,0,0,0,0,0,0
180094,1,1,1998,0,0,0,0,0,0,0,0,0,0
180095,1,1,1998,0,0,0,13,0,0,0,0,12,0
180096,1,1,1998,0,0,0,0,0,0,0,0,0,0
180097,1,1,1998,0,0,0,0,0,0,0,0,0,0
180097,2,1,1998,0,0,0,0,0,0,0,0,0,0
180098,1,1,1998,0,0,0,0,0,0,0,0,0,0
180098,2,1,1998,0,0,0,0,0,0,0,0,0,0
180099,1,1,1998,14,14,14,14,14,14,14,14,14,14
180100,1,1,1998,0,0,6,0,0,0,13,0,0,0
180100,2,1,1998,0,0,0,0,0,0,0,0,0,0
180101,1,1,1998,0,0,0,0,0,0,0,0,0,0
180101,2,1,1998,0,0,0,0,0,0,0,0,0,0
180102,1,1,1998,0,0,0,0,0,0,0,0,0,0
180103,1,1,1998,0,9,0,0,0,0,0,0,0,16
180103,2,1,1998,0,0,0,0,0,0,0,0,0,0
180104,1,1,1998,3,3,3,3,3,3,3,3,3,3
180105,1,1,1998,0,0,0,0,0,0,0,0,0,0
180106,1,1,1998,21,21,21,21,21,21,21,21,21,21
180106,2,1,1998,0,0,0,0,0,0,30,0,0,0
180107,1,1,1998,0,0,0,0,0,0,0,0,0,0
180107,2,1,1998,0,0,0,0,0,0,12,0,0,0
180107,3,1,1998,0,0,0,0,0,0,0,0,0,0
180108,1,1,1998,0,0,0,0,0,0,0,0,0,0
180108,2,1,1998,0,0,0,0,0,0,0,0,0,0
180109,1,1,1998,1,1,1,1,1,1,1,1,1,1
180109,2,1,1998,0,0,0,0,17,0,0,0,0,0
180109,3,1,1998,1,1,1,1,1,1,1,1,1,1
180110,1,1,1998,19,19,19,19,19,19,19,19,19,19
180110,2,1,1998,0,0,0,0,0,0,0,0,0,0
180111,1,1,1998,0,0,0,0,0,0,0,0,0,0
180111,2,1,1998,0,0,0,0,0,0,0,0,0,0
180113,1,1,1998,0,22,16,31,24,0,19,0,13,19
180114,1,1,1998,10,8,9,12,0,18,14,0,0,11
180115,1,1,1998,14,14,14,14,14,14,14,14,14,14
180116,1,1,1998,0,0,14,0,0,23,11,0,0,0
180117,1,1,1998,0,0,0,0,9,0,0,0,0,0
180118,1,1,1998,2,2,2,2,2,2,2,2,2,2
180118,2,1,1998,0,0,0,0,0,0,0,0,0,0
180119,1,1,1998,36,36,36,36,36,36,36,36,36,36
180120,1,1,1998,0,0,0,0,0,0,0,0,0,0
180120,2,1,1998,0,0,0,0,0,0,0,5,0,0
180121,1,1,1998,0,0,0,0,0,0,0,0,0,0
180121,2,1,1998,0,0,0,0,0,0,0,0,0,0
180122,1,1,1998,0,0,0,0,0,0,0,0,0,0
180122,2,1,1998,0,0,0,0,0,0,0,0,0,0
180123,1,1,1998,19,19,19,19,19,19,19,19,19,19
180124,1,1,1998,0,0,0,0,0,0,0,0,0,0
180124,2,1,1998,0,0,0,0,0,0,0,0,0,0
180125,1,1,1998,8,8,8,8,8,8,8,8,8,8
180126,1,1,1998,0,0,0,0,0,0,0,0,0,0
180126,2,1,1998,0,0,0,22,0,0,0,0,0,0
180127,1,1,1998,0,0,0,0,0,19,0,0,0,0
180128,0,1,1998,0,0,0,0,0,0,0,0,0,0
180128,1,1,1998,0,0,0,0,0,0,0,0,0,0
180129,1,1,1998,0,0,0,0,0,0,0,0,0,0
180129,2,1,1998,0,0,0,12,0,0,0,0,0,0
180130,1,1,1998,0,16,0,0,0,0,23,13,0,11
180130,2,1,1998,0,0,0,0,0,0,0,0,0,0
180131,1,1,1998,17,30,22,19,37,34,12,10,22,9
180132,1,1,1998,21,21,21,21,21,21,21,21,21,21
180133,0,1,1998,0,0,0,0,0,0,0,0,0,0
180133,1,1,1998,0,0,0,0,0,0,0,0,0,0
180134,0,1,1998,0,0,0,0,0,0,0,0,0,0
180134,1,1,1998,0,0,10,0,7,22,0,29,9,0
180135,1,1,1998,21,0,21,0,0,0,0,0,0,0
180136,0,1,1998,0,5,0,0,0,14,13,0,22,22
180136,1,1,1998,0,0,0,0,0,0,0,0,0,0
180137,1,1,1998,16,16,16,16,16,16,16,16,16,16
180138,1,1,1998,0,12,4,0,16,0,14,0,0,13
180139,0,1,1998,14,40,27,36,17,18,10,16,17,25
180139,1,1,1998,0,0,0,0,0,0,0,0,0,0
180140,0,1,1998,0,0,0,0,0,0,0,0,0,0
180140,1,1,1998,0,0,0,0,0,0,0,0,0,0
180141,1,1,1998,5,5,5,5,5,5,5,5,5,5
180142,1,1,1998,0,0,0,0,0,0,0,0,0,0
180143,1,1,1998,8,0,15,22,15,11,0,8,27,0
180144,1,1,1998,0,0,0,0,0,0,0,0,0,0
180144,2,1,1998,0,0,0,0,0,0,0,0,0,0
180145,1,1,1998,0,0,0,0,0,0,0,0,0,0
180145,2,1,1998,12,12,12,12,12,12,12,12,12,12
180146,1,1,1998,0,0,0,0,0,0,0,0,0,0
180146,2,1,1998,0,0,0,0,0,0,0,0,0,0
180147,1,1,1998,1,1,1,1,1,1,1,1,1,1
180147,2,1,1998,0,0,0,0,0,0,0,0,0,0
180148,1,1,1998,0,0,0,0,0,0,0,0,0,0
180148,2,1,1998,0,0,0,0,0,0,0,0,0,0
180149,1,1,1998,33,33,33,33,33,33,33,33,33,33
180150,1,1,1998,9,15,14,0,0,15,26,19,13,0
180151,1,1,1998,33,0,3,4,8,16,18,27,27,14
180151,2,1,1998,3,3,3,3,3,3,3,3,3,3
180151,3,1,1998,0,0,0,0,0,0,0,0,0,0
180152,1,1,1998,0,0,0,0,0,0,19,17,0,0
180153,1,2,1998,25,24,10,34,0,19,23,29,0,11
180154,1,1,1998,0,0,0,0,0,0,0,0,0,0
180155,1,1,1998,0,0,0,0,0,0,0,0,0,3
180156,1,1,1998,0,0,0,0,0,0,0,0,0,0
180156,2,1,1998,0,0,6,0,0,0,0,0,0,0
180157,1,1,1998,0,0,0,0,0,0,0,0,0,0
180158,1,1,1998,18,18,18,18,18,18,18,18,18,18
180159,1,1,1998,0,0,0,0,0,0,0,0,0,0
180159,2,1,1998,0,0,0,0,0,0,0,0,0,0
180160,1,1,1998,26,10,18,0,12,9,0,28,11,31
180161,1,1,1998,0,0,0,0,0,0,0,0,0,0
180161,2,1,1998,0,0,0,0,0,0,11,0,0,0
180162,1,1,1998,0,0,0,0,0,0,0,0,0,0
180162,2,1,1998,0,0,0,0,0,0,0,0,0,0
180162,3,1,1998,0,0,0,0,0,0,0,0,0,0
180163,1,1,1998,24,24,24,24,24,24,24,24,24,24
180164,1,1,1998,20,20,20,20,20,20,20,20,20,20
180165,1,1,1998,0,0,0,0,0,0,0,0,0,0
180165,2,1,1998,0,0,0,0,0,0,0,0,0,0
180165,3,1,1998,0,0,0,0,0,0,0,0,0,0
180167,1,1,1998,0,0,0,0,0,0,0,0,0,0
180168,1,1,1998,15,15,15,15,15,15,15,15,15,15
180168,2,1,1998,0,0,0,0,0,0,0,0,0,0
180168,3,1,1998,0,0,0,0,0,0,0,0,0,0
180169,1,1,1998,27,31,15,26,21,13,33,20,21,0
180170,1,1,1998,0,0,0,0,0,0,0,0,0,0
180170,2,1,1998,0,0,0,0,0,0,0,0,15,0
180170,3,1,1998,0,0,0,0,0,0,0,0,0,0
180171,1,1,1998,0,0,0,0,0,0,0,0,0,0
180171,2,1,1998,0,0,0,11,0,0,0,0,0,0
180172,1,1,1998,0,0,0,0,0,0,0,0,0,0
180173,1,1,1998,0,0,0,0,0,0,0,0,0,0
180173,2,1,1998,0,0,0,0,0,0,0,0,0,0
180174,1,1,1998,6,6,6,6,6,6,6,6,6,6
180175,0,1,1998,28,28,28,28,28,28,28,28,28,28
180175,1,1,1998,0,0,0,0,0,0,0,0,0,0
180178,1,1,1998,12,12,12,12,12,12,12,12,12,12
180179,0,1,1998,20,20,0,17,42,26,22,0,0,23
180179,1,1,1998,0,0,0,0,0,0,0,0,0,0
180180,1,1,1998,0,0,13,0,0,0,0,0,0,0
180180,2,1,1998,0,0,0,0,0,0,0,0,0,0
180181,1,1,1998,12,12,12,12,12,12,12,12,12,12
180181,2,1,1998,18,17,27,27,0,22,0,15,19,23
180182,1,1,1998,0,0,0,0,0,0,0,0,0,0
180182,2,1,1998,0,0,0,6,16,3,0,12,0,7
180182,3,1,1998,0,0,0,0,0,0,0,0,0,0
180183,1,1,1998,18,17,8,31,11,4,14,15,24,15
180184,1,1,1998,0,0,0,0,0,0,0,0,0,0
180184,2,1,1998,0,0,0,0,0,0,0,0,0,0
180185,1,1,1998,0,0,0,0,0,0,0,0,0,0
180185,2,1,1998,0,0,0,0,0,0,0,12,0,0
180186,1,1,1998,0,0,0,0,0,0,0,0,0,0
180186,2,1,1998,0,0,0,0,0,0,0,0,0,0
180187,1,1,1998,46,21,11,16,0,18,0,21,25,24
180188,1,1,1998,22,22,22,22,22,22,22,22,22,22
180189,1,1,1998,16,10,0,31,0,0,21,0,33,17
180190,1,1,1998,13,0,6,13,0,0,5,13,8,9
180190,2,1,1998,0,0,0,0,0,0,0,0,0,0
180191,1,1,1998,0,0,0,0,0,0,0,0,0,0
180191,2,1,1998,0,0,0,0,0,0,0,0,0,0
180192,0,1,1998,11,23,0,15,32,8,32,7,21,15
180192,1,1,1998,15,15,15,15,15,15,15,15,15,15
180193,0,1,1998,12,0,0,0,16,0,0,0,0,0
180193,1,1,1998,0,0,0,0,0,0,0,0,0,0
180194,1,1,1998,15,15,15,15,15,15,15,15,15,15
180195,1,1,1998,0,0,0,9,0,22,0,11,30,22
180195,2,1,1998,0,0,0,0,0,0,0,0,13,3
180196,1,1,1998,0,7,0,18,0,0,12,4,0,0
180197,1,1,1998,25,25,25,25,25,25,25,25,25,25
180198,1,1,1998,43,11,6,5,0,22,32,9,28,4
180199,1,1,1998,0,0,0,0,0,0,0,0,0,0
180199,2,1,1998,39,39,39,39,39,39,39,39,39,39
180200,1,1,1998,31,31,31,31,31,31,31,31,31,31