ST_CASE,VEH_NO,PER_NO,YEAR,P1,P2,P3,P4,P5,P6,P7,P8,P9,P10
180200,2,1,1998,0,0,0,0,0,0,0,0,0,0
180201,1,1,1998,0,0,0,0,0,0,0,7,0,12
180201,2,1,1998,0,0,0,0,0,0,0,0,0,0
180201,3,1,1998,0,16,0,0,0,0,0,0,0,0
180202,1,1,1998,14,14,14,14,14,14,14,14,14,14
180202,2,1,1998,0,8,0,12,19,4,0,0,0,7
180203,0,1,1998,20,20,20,20,20,20,20,20,20,20
180203,1,1,1998,0,0,0,0,0,0,0,0,0,0
180203,2,1,1998,0,0,0,0,11,0,17,0,0,7
180204,1,1,1998,0,0,0,0,0,0,0,0,0,0
180204,2,1,1998,0,0,0,0,0,0,0,0,0,0
180205,1,1,1998,4,4,4,4,4,4,4,4,4,4
180205,2,1,1998,0,0,0,4,0,0,0,0,0,0
180206,1,1,1998,14,0,0,8,0,0,0,0,10,17
180207,1,1,1998,25,25,25,25,25,25,25,25,25,25
180207,2,1,1998,0,0,0,15,0,0,0,27,10,0
180208,1,1,1998,0,0,0,0,0,0,0,0,0,0
180208,2,1,1998,0,0,10,0,0,0,0,0,0,0
180209,1,1,1998,0,0,0,0,0,0,0,0,0,0
180209,2,1,1998,0,0,0,0,0,0,0,0,0,0
180210,1,1,1998,10,10,10,10,10,10,10,10,10,10
180210,2,1,1998,0,0,0,0,0,0,0,0,0,0
180210,3,1,1998,0,0,0,0,0,0,0,0,0,0
180211,1,1,1998,0,0,0,0,0,0,0,0,0,0
180211,2,1,1998,13,0,0,0,0,0,0,0,0,0
180212,1,1,1998,0,0,0,0,0,0,0,0,0,0
180213,1,1,1998,0,0,0,0,0,0,0,0,0,0
180213,2,1,1998,0,0,0,0,0,0,0,0,0,0
180214,1,1,1998,0,0,0,0,0,0,0,0,0,0
180214,2,1,1998,0,0,0,0,0,0,0,0,0,0
180215,1,1,1998,3,19,31,19,13,16,13,16,14,18
180216,1,1,1998,0,0,0,0,0,0,0,0,0,0
180216,2,1,1998,0,0,0,0,0,0,0,0,0,0
180217,1,1,1998,0,0,0,0,0,0,0,0,0,0
180217,2,1,1998,0,0,6,0,0,0,0,0,0,0
180218,1,1,1998,0,0,0,0,0,0,0,0,10,0
180219,1,1,1998,0,0,0,0,0,0,0,0,0,0
180219,2,1,1998,0,0,0,0,0,0,0,0,0,0
180220,1,1,1998,0,0,0,0,0,0,0,0,0,0
180221,0,1,1998,0,0,0,0,0,0,0,0,0,0
180221,1,1,1998,0,0,0,0,0,0,0,0,0,0
180222,1,1,1998,0,0,0,0,0,0,0,0,0,0
180222,2,1,1998,0,0,0,0,0,0,0,0,0,0
180223,1,1,1998,22,22,22,22,22,22,22,22,22,22
180224,1,1,1998,0,0,0,0,0,0,0,0,0,0
180224,2,1,1998,0,0,0,0,0,0,0,0,0,0
180225,1,1,1998,0,0,0,0,0,0,0,0,0,0
180225,2,1,1998,0,0,0,0,0,0,0,0,0,0
180226,1,1,1998,0,0,0,0,0,0,0,0,0,0
180226,2,1,1998,0,0,0,0,0,0,52,0,0,0
180227,0,1,1998,0,15,0,0,0,0,0,0,0,0
180227,1,1,1998,0,0,0,0,0,0,0,0,0,0
180228,1,1,1998,0,0,0,0,0,0,0,0,0,0
180228,2,1,1998,0,0,0,0,0,0,0,0,0,0
180229,1,1,1998,0,0,0,0,0,0,0,0,0,0
180229,2,1,1998,0,0,0,0,0,0,0,0,0,0
180230,1,1,1998,0,0,0,0,0,0,0,0,0,0
180230,2,1,1998,0,0,0,0,0,0,0,0,0,0
180231,0,1,1998,0,0,3,0,0,0,26,0,0,0
180231,1,1,1998,0,0,0,0,12,0,0,0,0,0
180232,1,1,1998,0,0,0,0,0,0,0,0,0,0
180232,2,1,1998,0,0,0,0,0,0,0,0,0,0
180232,3,1,1998,0,0,26,0,23,0,0,0,0,0
180232,4,1,1998,0,0,0,0,0,0,0,0,0,0
180232,5,1,1998,0,0,0,0,0,0,0,0,0,0
180232,6,1,1998,0,0,0,0,0,0,0,0,0,0
180233,0,1,1998,4,4,4,4,4,4,4,4,4,4
180233,1,1,1998,0,0,0,0,0,0,0,0,0,0
180235,1,1,1998,0,0,0,0,0,0,0,0,0,0
180235,2,1,1998,0,0,17,0,0,0,0,0,0,0
180236,0,1,1998,0,0,0,0,0,0,0,0,0,0
180236,1,1,1998,0,0,0,0,0,19,0,0,0,0
180237,1,1,1998,0,0,0,0,0,16,0,0,5,0
180238,1,1,1998,0,0,0,0,0,0,0,0,0,0
180238,2,1,1998,0,0,0,0,0,2,0,0,0,0
180239,1,1,1998,0,0,0,0,0,0,0,0,0,0
180239,2,1,1998,0,0,0,0,0,0,0,0,0,0
180240,1,1,1998,0,0,19,19,0,0,0,0,0,0
180241,1,1,1998,0,0,0,15,0,0,0,0,13,0
180242,1,1,1998,0,0,0,0,0,0,0,0,0,0
180242,2,1,1998,0,0,0,0,0,0,0,0,0,0
180243,1,1,1998,0,0,0,0,0,0,0,0,0,0
180243,2,1,1998,0,15,0,0,0,0,0,0,0,0
180243,3,1,1998,0,0,0,0,0,0,0,0,0,0
180244,1,1,1998,0,0,0,0,0,0,0,0,0,0
180244,2,1,1998,0,0,0,0,0,0,0,0,0,0
180245,1,1,1998,9,0,0,0,0,0,0,5,0,0
180245,2,1,1998,0,0,0,0,0,0,0,0,0,0
180246,1,1,1998,0,0,0,0,0,0,0,0,0,0
180247,1,1,1998,0,0,0,0,0,0,0,0,0,0
180248,1,1,1998,0,0,0,0,0,0,0,0,0,0
180248,2,1,1998,0,0,0,0,0,0,12,0,7,0
180249,1,1,1998,21,39,9,14,10,0,13,0,12,22
180250,1,1,1998,0,0,0,0,0,0,0,0,0,0
180250,2,1,1998,0,0,0,0,0,0,0,0,0,0
180251,1,1,1998,0,0,0,0,0,0,0,0,0,0
180252,1,1,1998,4,14,15,13,0,10,26,12,13,12
180252,2,1,1998,9,0,0,0,0,0,12,0,0,0
180253,1,1,1998,0,0,17,0,0,0,0,0,0,0
180254,1,1,1998,0,0,0,0,0,0,0,0,0,0
180254,2,1,1998,0,0,0,0,0,0,0,0,0,0
180255,1,1,1998,0,0,0,0,0,0,0,0,0,0
180256,1,1,1998,31,25,27,28,16,7,28,29,21,13
180257,1,1,1998,0,0,0,0,0,0,0,0,13,0
180257,2,1,1998,0,0,0,0,0,0,0,0,0,0
180258,1,1,1998,0,12,8,5,0,20,0,11,11,17
180259,1,1,1998,0,0,0,0,0,0,0,0,0,0
180260,1,1,1998,0,0,0,0,0,0,0,0,0,0
180261,1,1,1998,4,16,15,11,6,11,15,8,22,7
180261,2,1,1998,10,33,12,10,0,17,8,22,21,27
180262,1,1,1998,0,20,18,14,13,3,13,11,17,23
180263,1,1,1998,0,0,0,0,0,0,0,0,0,0
180263,2,1,1998,0,0,0,0,0,0,0,21,0,0
180264,1,1,1998,27,27,27,27,27,27,27,27,27,27
180264,2,1,1998,25,19,17,15,17,11,12,22,6,25
180265,1,1,1998,0,0,0,0,0,0,0,16,15,13
180266,0,1,1998,0,0,0,0,0,0,0,0,0,0
180267,1,1,1998,21,21,21,21,21,21,21,21,21,21
180268,1,1,1998,25,25,25,25,25,25,25,25,25,25
180268,2,1,1998,0,0,0,0,0,0,0,0,0,0
180268,3,1,1998,0,0,0,0,0,0,0,0,0,0
180269,1,1,1998,0,0,0,0,0,0,0,0,0,0
180270,1,1,1998,0,0,0,0,0,0,0,0,0,0
180270,2,1,1998,0,0,0,0,3,0,0,0,0,0
180270,3,1,1998,0,0,0,0,0,0,0,0,0,0
180270,4,1,1998,0,0,0,0,0,0,0,0,0,0
180271,1,1,1998,0,0,0,0,0,0,0,0,0,0
180271,2,1,1998,0,0,0,8,14,0,0,0,0,0
180272,0,1,1998,15,19,23,34,13,24,20,12,20,39
180272,1,1,1998,0,0,0,0,0,0,0,0,0,0
180273,1,1,1998,13,13,13,13,13,13,13,13,13,13
180274,1,1,1998,11,0,9,12,0,6,11,18,8,0
180275,1,1,1998,0,0,0,0,0,0,0,0,0,0
180276,1,1,1998,0,0,0,0,0,0,0,0,0,0
180276,2,1,1998,0,0,0,0,0,0,0,0,0,0
180277,1,1,1998,0,0,0,0,0,0,0,0,0,0
180277,2,1,1998,0,0,0,0,0,0,0,0,0,0
180278,1,1,1998,24,17,14,18,18,25,14,23,25,18
180279,1,1,1998,0,0,0,0,0,0,0,0,0,0
180279,2,1,1998,0,0,0,0,0,0,0,0,0,0
180279,3,1,1998,0,0,0,0,0,0,0,0,0,0
180280,1,1,1998,18,18,18,18,18,18,18,18,18,18
180280,2,1,1998,0,0,0,0,0,0,0,0,0,0
180280,3,1,1998,10,0,0,0,0,0,0,0,0,0
180281,1,1,1998,0,6,0,0,0,0,0,16,0,0
180281,2,1,1998,0,0,0,0,0,15,0,0,0,0
180282,1,1,1998,0,0,0,0,0,0,0,0,0,0
180283,1,1,1998,10,10,10,10,10,10,10,10,10,10
180284,1,1,1998,0,0,0,0,0,0,0,0,0,0
180284,2,1,1998,0,0,0,0,0,0,0,0,0,0
180285,1,1,1998,17,13,0,8,0,16,22,0,12,0
180285,2,1,1998,0,0,0,0,0,0,0,0,0,0
180286,0,1,1998,0,0,0,0,0,0,0,0,0,0
180286,1,1,1998,0,0,0,0,0,0,0,0,0,0
180287,1,1,1998,25,13,0,30,3,11,8,23,14,8
180287,2,1,1998,0,0,0,0,0,0,0,0,0,0
180288,1,1,1998,14,0,18,0,19,33,19,47,22,12
180289,1,1,1998,16,9,6,21,19,15,49,29,25,10
180289,2,1,1998,0,0,0,0,0,0,0,0,0,0
180290,1,1,1998,0,0,0,0,0,0,0,0,0,0
180291,0,1,1998,40,40,40,40,40,40,40,40,40,40
180291,1,1,1998,0,0,0,0,0,0,0,0,0,0
180292,1,1,1998,0,0,0,15,22,22,27,0,0,0
180293,1,1,1998,0,0,0,0,0,0,0,0,0,0
180293,2,1,1998,0,0,0,0,0,0,0,0,0,0
180293,3,1,1998,0,0,0,0,0,0,0,0,0,0
180293,4,1,1998,0,0,0,0,0,0,0,0,0,0
180293,5,1,1998,0,0,0,0,0,0,0,0,0,0
180293,6,1,1998,0,0,0,0,0,0,0,0,0,0
180293,7,1,1998,0,0,0,0,0,0,0,0,0,0
180293,8,1,1998,0,0,0,0,0,0,0,0,0,0
180294,1,1,1998,0,0,0,0,0,0,0,0,0,0
180294,2,1,1998,0,0,0,0,0,0,0,0,0,0
180295,1,1,1998,26,26,26,26,26,26,26,26,26,26
180296,1,1,1998,0,0,0,0,0,0,0,0,0,0
180296,2,1,1998,0,0,0,0,0,0,0,0,0,0
180297,1,1,1998,20,22,16,23,22,18,24,37,35,26
180298,1,1,1998,35,35,35,35,35,35,35,35,35,35
180299,0,1,1998,27,27,27,27,27,27,27,27,27,27
180299,1,1,1998,6,6,6,6,6,6,6,6,6,6
180299,2,1,1998,0,0,0,0,0,0,0,0,0,0
180300,1,1,1998,0,11,4,22,0,6,0,5,7,30
180300,2,1,1998,17,12,14,21,12,21,20,27,35,11
180301,1,1,1998,0,0,0,0,0,0,0,0,0,0
180302,1,1,1998,0,0,0,0,0,0,0,0,0,0
180302,2,1,1998,0,0,0,0,0,0,0,0,0,0
180303,0,1,1998,23,23,23,23,23,23,23,23,23,23
180303,1,1,1998,0,0,0,0,0,0,0,0,0,0
180304,1,1,1998,0,0,0,0,0,0,0,0,0,0
180305,1,1,1998,0,0,0,0,0,0,0,0,0,0
180306,1,1,1998,6,6,6,6,6,6,6,6,6,6
180307,1,1,1998,13,13,13,13,13,13,13,13,13,13
180307,2,1,1998,0,0,0,0,0,0,0,0,0,0
180308,1,1,1998,14,14,14,14,14,14,14,14,14,14
180309,1,1,1998,20,26,20,19,15,0,25,23,19,23
180310,1,1,1998,6,0,0,0,0,24,0,12,0,31
180311,1,1,1998,0,0,0,0,0,0,0,0,0,0
180312,1,1,1998,15,15,15,15,15,15,15,15,15,15
180312,2,1,1998,0,0,0,0,0,0,0,0,0,0
180313,1,1,1998,0,0,0,0,0,0,0,0,0,13
180313,2,1,1998,0,0,0,0,0,0,0,0,0,0
180314,1,1,1998,0,0,0,0,0,0,0,0,0,0
180314,2,1,1998,0,0,0,0,0,0,0,0,0,0
180315,1,1,1998,0,0,19,0,0,0,0,0,0,0
180316,1,1,1998,0,0,0,0,0,0,16,0,0,0
180317,1,1,1998,27,27,27,27,27,27,27,27,27,27
180318,1,1,1998,31,16,17,0,18,22,11,22,23,0
180319,1,1,1998,12,12,12,12,12,12,12,12,12,12
180319,2,1,1998,0,0,0,0,0,0,0,0,0,0
180320,1,1,1998,19,13,5,22,14,26,20,14,25,24
180321,1,1,1998,6,6,6,6,6,6,6,6,6,6
180322,1,1,1998,9,9,9,9,9,9,9,9,9,9
180323,1,1,1998,11,11,11,11,11,11,11,11,11,11
180324,1,1,1998,32,0,12,18,81,16,7,13,0,0
180325,1,1,1998,0,0,0,0,0,0,0,0,0,0
180325,2,1,1998,30,19,3,12,10,18,3,0,13,16
180326,1,1,1998,0,0,0,0,0,0,0,0,0,0
180327,1,1,1998,27,12,4,12,40,13,11,16,10,7
180327,2,1,1998,0,0,0,0,0,0,0,0,0,0
180328,1,1,1998,15,5,6,17,25,16,27,0,0,13
180328,2,1,1998,0,0,0,0,0,0,0,0,0,0
180329,1,1,1998,0,0,0,0,10,0,6,0,0,0
180330,0,1,1998,0,0,0,0,0,0,0,0,0,0
180330,1,1,1998,0,0,0,20,9,0,0,0,0,0
180331,1,1,1998,13,8,23,11,21,7,13,14,19,0
180332,1,1,1998,0,0,0,15,8,0,0,8,7,0
180333,1,1,1998,0,0,0,0,0,0,0,0,0,0
180333,2,1,1998,0,0,0,0,0,0,0,0,0,0
180334,1,1,1998,22,22,22,22,22,22,22,22,22,22
180334,2,1,1998,0,0,0,0,0,0,0,0,0,0
180335,1,1,1998,31,0,0,8,5,0,0,0,0,0
180336,1,1,1998,0,0,0,0,0,0,0,0,0,0
180336,2,1,1998,16,16,16,16,16,16,16,16,16,16
180337,1,1,1998,18,11,16,9,9,28,22,20,20,9
180338,1,1,1998,16,0,0,0,0,0,0,0,0,11
180339,1,1,1998,0,0,11,0,3,0,0,27,29,0
180340,1,1,1998,0,0,0,0,0,0,0,0,0,0
180340,2,1,1998,0,0,0,0,0,0,0,0,0,0
180341,1,1,1998,0,0,10,0,0,0,0,0,0,8
180341,2,1,1998,7,0,0,0,0,0,0,0,0,11
180342,1,1,1998,0,0,0,0,0,0,0,0,0,11
180343,1,1,1998,3,3,3,3,3,3,3,3,3,3
180343,2,1,1998,0,0,0,0,0,0,0,0,0,0
180344,1,1,1998,0,0,0,0,0,0,0,0,0,0
180345,1,1,1998,9,0,10,7,16,11,25,14,17,18
180345,2,1,1998,0,0,0,0,0,0,0,0,0,0
180346,1,1,1998,5,2,0,0,1,0,2,0,0,5
180346,2,1,1998,4,13,15,16,19,5,19,20,10,0
180346,3,1,1998,0,3,5,0,7,14,0,0,9,0
180347,1,1,1998,0,0,0,0,0,0,9,0,0,0
180347,2,1,1998,0,0,0,0,0,0,0,0,0,0
180347,3,1,1998,0,0,0,0,0,0,0,0,0,0
180349,1,1,1998,0,6,11,0,6,10,0,11,16,0
180349,2,1,1998,10,0,10,0,0,0,0,5,0,15
180350,1,1,1998,0,0,0,0,0,0,0,0,0,0
180350,2,1,1998,0,0,0,0,0,0,0,0,0,0
180351,1,1,1998,0,0,0,0,0,0,0,0,0,0
180351,2,1,1998,0,0,0,0,0,0,0,0,0,0
180352,1,1,1998,6,24,0,16,15,0,0,6,9,36
180353,1,1,1998,0,0,0,0,0,0,0,0,0,0
180353,2,1,1998,0,0,0,0,0,0,0,0,0,0
180354,1,1,1998,18,25,10,41,19,15,15,31,6,44
180355,0,1,1998,16,16,16,16,16,16,16,16,16,16
180355,1,1,1998,0,0,0,0,0,0,0,0,0,0
180356,1,1,1998,9,9,9,9,9,9,9,9,9,9
180356,2,1,1998,13,14,27,13,4,6,29,15,2,13
180357,1,1,1998,19,13,0,20,13,16,16,0,0,11
180358,1,1,1998,0,0,0,0,0,0,0,0,0,0
180358,2,1,1998,23,14,18,33,25,36,25,20,22,22
180359,1,1,1998,17,12,0,0,25,9,11,8,18,21
180360,1,1,1998,0,0,0,0,0,0,0,0,0,0
180360,2,1,1998,17,17,17,17,17,17,17,17,17,17
180361,1,1,1998,15,15,15,15,15,15,15,15,15,15
180362,1,1,1998,18,18,18,18,18,18,18,18,18,18
180363,0,1,1998,0,0,0,0,0,0,0,0,0,0
180363,1,1,1998,0,0,0,0,0,0,0,0,0,0
180364,1,1,1998,0,0,0,0,0,0,0,0,0,0
180365,1,1,1998,0,0,0,0,0,0,0,0,0,0
180365,2,1,1998,0,0,0,0,0,0,0,0,0,0
180366,1,1,1998,0,0,0,0,0,0,0,0,0,0
180366,2,1,1998,27,27,27,27,27,27,27,27,27,27
180367,1,1,1998,9,9,9,9,9,9,9,9,9,9
180367,2,1,1998,0,0,0,0,0,0,0,0,0,0
180368,0,1,1998,0,0,0,0,0,0,0,0,0,0
180368,1,1,1998,0,0,0,0,0,7,0,0,0,0
180369,1,1,1998,0,0,0,0,0,0,0,0,0,0
180370,1,1,1998,0,0,0,0,0,0,0,0,0,0
180371,1,1,1998,14,17,14,23,0,11,25,25,24,7
180372,1,1,1998,0,0,0,0,0,0,0,0,0,0
180372,2,1,1998,0,0,0,0,0,0,0,0,0,0
180373,1,1,1998,0,0,0,0,0,0,0,0,0,0
180374,0,1,1998,31,23,0,17,38,20,20,39,6,27
180374,1,1,1998,5,12,30,13,15,10,7,30,20,0
180375,1,1,1998,0,0,0,0,0,0,0,0,0,0
180376,1,1,1998,0,6,9,0,16,0,27,0,0,15
180377,1,1,1998,0,0,0,0,0,0,0,0,0,0
180378,1,1,1998,0,0,0,0,0,0,0,0,0,0
180378,2,1,1998,0,0,0,0,0,22,0,0,0,0
180379,1,1,1998,0,0,0,0,0,0,0,0,0,0
180379,2,1,1998,0,0,0,0,0,0,0,0,0,0
180380,1,1,1998,22,22,22,22,22,22,22,22,22,22
180381,1,1,1998,10,10,10,10,10,10,10,10,10,10
180382,1,1,1998,0,0,0,0,32,0,0,0,0,0
180382,2,1,1998,0,0,0,0,0,0,0,0,0,0
180383,1,1,1998,0,0,0,0,0,0,0,0,0,0
180383,2,1,1998,0,0,0,0,0,0,0,0,0,0
180383,3,1,1998,0,0,0,0,0,0,0,0,0,0
180384,1,1,1998,14,14,0,8,5,8,18,0,0,15
180384,2,1,1998,0,0,0,0,0,0,0,0,0,0
180385,1,1,1998,0,0,0,0,0,0,0,0,0,0
180385,2,1,1998,0,0,0,0,0,0,0,0,0,0
180386,1,1,1998,0,0,0,0,0,0,0,0,0,0
180386,2,1,1998,0,0,0,0,0,0,0,0,0,0
180386,3,1,1998,0,0,0,0,0,0,0,0,0,0
180387,1,1,1998,0,29,0,0,0,0,0,0,24,0
180387,2,1,1998,0,0,0,0,0,0,0,0,9,0
180388,1,1,1998,15,0,20,10,2,11,36,7,26,8
180389,1,1,1998,25,25,25,25,25,25,25,25,25,25
180389,2,1,1998,0,0,0,0,0,0,0,0,0,0
180390,0,1,1998,0,0,0,0,0,0,0,0,0,0
180390,1,1,1998,17,14,9,12,14,14,25,16,10,38
180391,1,1,1998,14,0,0,21,0,0,0,0,0,0
180392,1,1,1998,8,23,0,0,0,0,0,0,0,0
180392,2,1,1998,0,0,0,0,10,0,0,0,0,0
180393,1,1,1998,0,0,0,0,0,0,0,0,0,0
180393,2,1,1998,0,0,0,0,0,0,0,0,0,0
180394,0,1,1998,28,31,0,0,5,0,26,19,28,26
180394,0,2,1998,29,0,18,0,22,12,14,0,0,32
180394,1,1,1998,0,0,0,0,0,0,0,0,0,0
180395,1,1,1998,0,0,0,0,0,0,10,0,0,0
180395,2,1,1998,0,0,0,0,0,0,0,0,0,0
180396,1,1,1998,0,0,0,0,0,0,0,0,0,0
180396,2,1,1998,0,0,0,0,0,0,0,0,0,0
180397,1,1,1998,24,27,13,11,0,24,13,14,24,13
180398,1,1,1998,11,11,11,11,11,11,11,11,11,11
180399,1,1,1998,16,18,25,24,13,21,16,27,8,10
180401,0,1,1998,33,33,33,33,33,33,33,33,33,33
180401,1,1,1998,20,20,20,20,20,20,20,20,20,20
180402,1,1,1998,0,17,0,0,0,0,0,0,0,0
180402,2,1,1998,8,0,0,0,0,0,0,0,0,0
180403,1,1,1998,11,11,11,11,11,11,11,11,11,11
180404,1,1,1998,0,0,12,0,6,0,0,18,0,0
180405,1,1,1998,31,31,31,31,31,31,31,31,31,31
180406,1,1,1998,0,0,0,0,0,0,0,0,0,0
180406,2,1,1998,0,0,13,17,0,0,0,16,8,0
180407,1,1,1998,8,28,22,10,16,26,20,20,25,15
180408,1,1,1998,0,0,0,0,0,0,0,0,0,0
180409,1,1,1998,0,0,0,0,0,0,0,0,0,0
180410,1,1,1998,0,0,0,0,16,0,0,0,0,0
180410,2,1,1998,12,21,0,0,17,0,24,0,0,0
180410,3,1,1998,0,0,0,0,11,0,0,0,7,0
180411,1,1,1998,24,18,0,0,0,0,0,0,0,0
180412,1,1,1998,9,9,9,9,9,9,9,9,9,9
180412,2,1,1998,3,3,3,3,3,3,3,3,3,3
180413,1,1,1998,32,0,30,29,3,12,5,12,3,11
180413,2,1,1998,0,0,0,0,0,0,0,0,0,0
180414,1,1,1998,22,16,12,18,14,0,14,13,17,0
180415,0,1,1998,20,0,0,0,0,0,0,0,0,5
180415,1,1,1998,14,14,14,14,14,14,14,14,14,14
180416,1,1,1998,20,25,16,26,19,11,25,27,22,11
180417,1,1,1998,0,0,0,2,0,0,0,0,0,0
180417,2,1,1998,10,0,0,0,5,21,0,0,0,15
180418,1,1,1998,16,26,24,18,17,10,15,0,14,22
180418,2,1,1998,7,0,4,11,0,0,0,0,0,0
180419,1,1,1998,0,0,0,0,0,0,0,0,0,0
180419,2,1,1998,0,0,0,0,0,0,0,0,0,0
180420,1,1,1998,0,0,0,0,0,0,0,0,0,0
180420,2,1,1998,0,0,0,0,0,0,0,0,0,0
180421,1,1,1998,4,4,4,4,4,4,4,4,4,4
180422,1,1,1998,0,0,0,0,0,0,0,0,0,0
180422,2,1,1998,0,0,0,0,0,0,0,0,0,0
180423,1,1,1998,0,0,0,0,0,0,0,0,0,0
180423,2,1,1998,9,7,2,5,18,0,0,6,12,14
180424,1,1,1998,0,0,0,0,0,0,0,0,0,0
180424,2,1,1998,0,0,0,0,0,0,0,0,0,0
180424,3,1,1998,0,0,0,0,0,0,13,0,0,0
180424,4,1,1998,0,0,0,0,0,0,0,0,0,0
180424,5,1,1998,0,0,0,0,0,0,0,0,0,0
180424,6,1,1998,0,0,0,0,0,0,0,0,0,0
180424,7,1,1998,0,0,0,0,0,0,0,0,0,0
180425,1,1,1998,0,0,0,0,0,0,0,0,0,0
180426,1,1,1998,0,0,0,0,0,0,0,0,0,11
180426,2,1,1998,0,0,0,0,0,14,20,0,15,0
180427,1,1,1998,0,0,0,0,7,0,19,0,18,0
180428,1,1,1998,0,0,0,11,0,0,0,0,0,0
180428,2,1,1998,0,0,0,0,0,0,0,0,0,0
180429,1,1,1998,24,24,24,24,24,24,24,24,24,24
180430,1,1,1998,17,17,17,17,17,17,17,17,17,17
180431,0,1,1998,0,0,0,0,0,0,0,0,0,0
180431,1,1,1998,0,0,0,0,0,0,0,0,0,0
180432,1,1,1998,0,0,0,13,11,0,0,9,12,0
180432,2,1,1998,0,0,0,0,0,0,0,0,0,0
180433,1,1,1998,5,21,0,25,7,0,12,5,10,9
180434,1,1,1998,7,16,25,10,4,3,17,15,30,13
180435,1,1,1998,24,24,24,24,24,24,24,24,24,24
180436,1,1,1998,0,0,0,0,0,0,0,0,0,0
180436,2,1,1998,8,0,0,0,0,0,0,0,0,0
180437,1,1,1998,5,5,22,14,3,12,9,10,16,28
180438,1,1,1998,29,29,29,29,29,29,29,29,29,29
180439,1,1,1998,22,22,22,22,22,22,22,22,22,22
180440,1,1,1998,0,0,0,0,0,0,0,0,0,0
180440,2,1,1998,0,0,0,0,0,0,0,0,0,0
180440,3,1,1998,0,0,0,0,0,0,0,0,0,0
180441,0,1,1998,0,0,0,0,0,0,0,0,0,0
180441,1,1,1998,0,0,0,0,0,0,0,0,0,0
180442,1,1,1998,18,18,18,18,18,18,18,18,18,18
180443,1,1,1998,15,13,21,22,32,37,8,7,14,19
180444,1,1,1998,25,9,17,10,0,10,18,15,0,9
180445,1,1,1998,16,14,28,5,31,0,26,19,28,0
180446,0,1,1998,0,0,0,0,0,0,0,0,0,0
180446,1,1,1998,0,15,13,0,0,0,0,0,0,0
180447,1,1,1998,15,15,15,15,15,15,15,15,15,15
180448,0,1,1998,19,19,0,11,18,10,0,0,0,0
180448,1,1,1998,0,0,0,0,0,0,0,0,0,0
180449,1,1,1998,9,23,5,1,10,9,22,4,31,70
180450,1,1,1998,0,0,0,0,0,0,0,0,0,0
180450,2,1,1998,0,0,0,0,0,0,0,0,0,0
180450,3,1,1998,0,0,0,0,14,0,0,0,0,0
180451,1,1,1998,0,25,0,0,9,0,0,0,18,20
180452,1,1,1998,0,0,0,0,0,0,0,0,0,0
180452,2,1,1998,19,0,0,0,0,0,0,0,0,0
180453,1,1,1998,0,0,0,0,0,0,0,0,0,0
180454,1,1,1998,20,20,20,20,20,20,20,20,20,20
180454,2,1,1998,0,0,0,0,0,0,0,0,0,0
180455,1,1,1998,15,25,0,27,10,12,31,12,15,14
180456,1,1,1998,0,0,0,0,0,0,0,0,0,0
180456,2,1,1998,0,0,0,0,0,0,0,0,0,0
180456,3,1,1998,0,0,0,0,0,0,0,2,0,0
180456,4,1,1998,17,0,0,0,0,0,0,15,0,0
180457,0,1,1998,0,0,0,0,0,9,0,0,0,0
180457,1,1,1998,0,0,0,0,0,0,0,0,17,0
180458,0,1,1998,17,0,33,25,22,30,21,15,13,28
180458,1,1,1998,17,6,8,13,28,9,20,9,11,16
180459,1,1,1998,0,0,0,0,0,0,0,0,0,0
180460,1,1,1998,0,0,0,14,0,0,0,17,0,13
180461,1,1,1998,0,0,0,0,15,0,0,0,0,16
180461,2,1,1998,0,0,0,9,0,0,0,0,0,0
180462,0,1,1998,0,0,0,0,0,0,0,0,0,0
180462,1,1,1998,0,0,0,0,0,0,0,0,0,0
180463,1,1,1998,13,13,13,13,13,13,13,13,13,13
180463,2,1,1998,0,0,0,0,0,0,0,0,0,0
180464,1,1,1998,3,3,3,3,3,3,3,3,3,3
180465,1,1,1998,33,33,33,33,33,33,33,33,33,33
180466,1,1,1998,0,0,0,0,0,0,0,0,0,0
180467,1,1,1998,14,14,14,14,14,14,14,14,14,14
180467,2,1,1998,0,0,0,0,0,0,0,0,0,0
180468,1,1,1998,16,16,16,16,16,16,16,16,16,16
180468,2,1,1998,0,0,0,0,0,0,0,0,6,0
180469,1,1,1998,35,35,35,35,35,35,35,35,35,35
180470,1,1,1998,3,3,3,3,3,3,3,3,3,3
180471,1,1,1998,0,0,44,7,0,13,0,13,10,27
180472,1,1,1998,0,0,11,0,0,0,0,0,0,0
180472,2,1,1998,0,0,0,0,0,0,0,0,0,0
180473,1,1,1998,16,16,16,16,16,16,16,16,16,16
180473,2,1,1998,16,15,24,12,12,0,23,35,26,24
180474,1,2,1998,0,0,0,0,0,0,0,0,0,0
180474,2,1,1998,0,0,0,0,0,0,0,0,0,0
180475,0,1,1998,0,0,16,0,0,0,0,6,0,0