ST_CASE,VEH_NO,PER_NO,YEAR,P1,P2,P3,P4,P5,P6,P7,P8,P9,P10
180475,1,1,1998,0,0,0,0,0,0,0,0,0,0
180476,0,1,1998,0,0,0,0,0,0,0,0,0,0
180476,1,1,1998,0,0,0,0,0,0,0,0,0,0
180477,1,1,1998,0,0,0,0,0,0,0,0,0,0
180477,2,1,1998,34,34,34,34,34,34,34,34,34,34
180478,1,1,1998,3,0,0,0,0,14,0,0,12,0
180479,1,1,1998,0,0,0,0,0,0,0,0,0,0
180479,2,1,1998,0,0,0,0,0,0,0,0,0,0
180480,0,1,1998,24,24,24,24,24,24,24,24,24,24
180480,1,1,1998,14,2,0,0,0,0,0,0,14,0
180481,1,1,1998,0,0,0,0,0,0,0,0,0,0
180481,2,1,1998,0,0,24,0,8,0,0,0,0,0
180482,1,1,1998,0,0,0,0,0,0,0,0,13,6
180482,2,1,1998,0,0,0,0,0,0,0,0,0,0
180483,1,1,1998,0,0,0,0,0,0,0,0,0,0
180483,2,1,1998,0,0,0,0,0,0,0,0,0,0
180484,1,1,1998,0,0,0,11,0,0,0,0,18,0
180484,2,1,1998,0,0,0,0,0,0,0,0,0,0
180485,1,1,1998,8,8,8,8,8,8,8,8,8,8
180486,1,1,1998,0,0,0,0,14,17,0,21,0,0
180487,1,1,1998,0,0,0,0,7,18,41,36,0,0
180488,1,1,1998,0,0,0,0,0,0,0,0,0,0
180488,2,1,1998,0,0,0,0,9,0,0,0,0,0
180488,3,1,1998,0,0,0,0,8,0,0,0,0,0
180489,1,1,1998,0,0,0,0,0,0,0,0,0,0
180489,2,1,1998,0,0,0,0,5,0,0,3,0,0
180490,1,1,1998,21,25,17,15,14,37,20,32,22,25
180491,1,1,1998,0,0,0,0,0,0,0,0,0,0
180491,2,1,1998,0,0,0,0,0,0,0,0,0,0
180492,1,1,1998,0,0,0,0,0,0,0,0,0,0
180493,1,1,1998,18,0,0,0,0,0,0,0,0,0
180494,1,1,1998,0,0,0,0,0,0,0,0,0,0
180494,2,1,1998,0,0,12,0,0,0,0,0,0,0
180495,1,1,1998,14,0,18,0,0,19,14,17,25,0
180496,0,1,1998,0,0,0,0,0,0,0,0,0,0
180496,1,1,1998,0,0,0,0,0,0,0,0,0,0
180497,0,1,1998,0,0,0,0,0,0,0,0,0,0
180497,1,1,1998,0,0,0,0,0,0,0,0,0,0
180498,0,1,1998,0,32,0,0,0,0,0,0,0,0
180498,1,1,1998,0,0,0,0,0,0,0,0,0,0
180499,1,1,1998,0,10,0,0,0,0,0,0,14,0
180500,1,1,1998,0,11,19,17,22,0,31,19,2,0
180500,2,1,1998,0,0,0,0,0,0,0,0,0,0
180501,1,1,1998,5,5,5,5,5,5,5,5,5,5
180501,2,1,1998,0,0,0,0,0,0,0,0,0,0
180501,3,1,1998,0,0,0,0,0,0,0,0,0,0
180502,1,1,1998,0,0,0,0,0,0,0,0,0,0
180502,2,1,1998,0,0,0,0,0,0,0,0,0,0
180503,1,1,1998,0,0,0,0,0,0,0,0,0,0
180503,2,1,1998,0,0,0,0,0,0,0,0,0,0
180503,3,1,1998,0,0,0,0,0,0,0,0,0,0
180504,1,1,1998,0,0,0,0,0,0,0,0,0,0
180504,2,1,1998,0,0,0,0,0,0,0,0,0,0
180504,3,1,1998,0,0,0,0,0,0,0,0,0,0
180504,4,1,1998,0,0,0,0,0,0,0,0,5,0
180505,1,1,1998,0,0,0,0,0,0,0,0,0,0
180505,2,1,1998,0,0,0,0,0,0,0,0,0,0
180506,1,1,1998,13,0,0,0,10,0,0,0,17,17
180506,2,1,1998,0,0,0,0,0,0,0,21,0,0
180507,1,1,1998,9,9,9,9,9,9,9,9,9,9
180507,2,1,1998,0,0,0,0,0,0,0,0,0,0
180508,1,1,1998,20,21,13,11,29,0,25,30,15,12
180509,1,1,1998,0,0,0,0,0,0,0,6,0,0
180509,2,1,1998,0,0,0,0,0,0,0,0,0,0
180510,1,1,1998,0,0,19,26,0,9,7,0,0,0
180511,1,1,1998,0,0,0,0,0,0,0,0,0,0
180511,2,1,1998,0,0,0,0,0,0,0,0,3,0
180512,1,1,1998,24,24,24,24,24,24,24,24,24,24
180512,2,1,1998,0,0,0,0,0,0,0,0,0,0
180513,1,1,1998,0,0,0,0,0,0,0,0,0,0
180513,2,1,1998,0,0,0,0,0,0,0,0,0,0
180514,1,1,1998,0,0,0,0,0,0,0,0,0,0
180514,2,1,1998,0,0,0,0,0,0,0,0,0,0
180515,1,1,1998,0,0,0,0,0,0,0,0,0,0
180515,2,1,1998,0,0,0,0,0,0,0,0,0,0
180516,1,1,1998,0,0,0,0,0,0,0,0,0,0
180516,2,1,1998,0,0,0,0,0,0,0,0,0,0
180517,1,1,1998,17,25,28,5,15,23,15,0,9,13
180517,2,1,1998,0,0,0,0,0,0,0,0,0,0
180518,1,1,1998,36,36,36,36,36,36,36,36,36,36
180519,1,1,1998,0,0,0,0,0,0,16,0,0,17
180519,2,1,1998,0,0,0,0,0,0,0,0,0,0
180520,1,1,1998,0,9,11,0,0,0,0,0,0,7
180521,1,1,1998,0,0,0,0,0,0,0,0,0,0
180522,1,1,1998,0,0,0,0,0,0,0,0,0,0
180522,2,1,1998,0,0,0,0,0,0,0,0,0,0
180523,1,1,1998,0,0,0,0,0,0,0,0,0,0
180523,2,1,1998,0,0,0,0,0,0,0,0,0,0
180524,1,1,1998,0,0,0,0,0,0,0,0,0,0
180524,2,1,1998,0,0,0,0,0,0,0,0,0,0
180525,1,1,1998,0,0,0,0,0,0,0,0,0,0
180525,2,1,1998,0,0,0,0,0,0,0,0,0,0
180526,1,1,1998,0,0,0,0,0,0,0,0,0,0
180526,2,1,1998,0,0,0,0,0,0,0,0,0,0
180527,1,1,1998,0,0,0,0,0,0,0,0,0,0
180527,2,1,1998,0,0,0,0,0,0,0,0,0,0
180528,1,1,1998,19,19,19,19,19,19,19,19,19,19
180529,1,1,1998,0,0,0,0,0,0,0,0,0,0
180530,1,1,1998,0,0,0,0,0,0,0,0,0,0
180530,2,1,1998,0,0,0,0,0,0,0,0,0,0
180531,1,1,1998,0,0,0,0,0,0,0,0,0,0
180531,2,1,1998,0,0,0,0,0,0,0,0,0,0
180532,1,1,1998,0,0,0,0,0,0,0,0,0,0
180532,2,1,1998,0,0,0,0,0,0,0,0,0,0
180532,3,1,1998,0,0,0,0,0,5,0,0,0,0
180532,4,1,1998,0,0,0,0,0,0,0,0,0,0
180533,1,1,1998,0,0,0,0,0,0,0,0,0,0
180534,1,1,1998,0,15,0,0,8,0,10,0,0,0
180535,0,1,1998,22,19,30,0,20,0,0,0,20,17
180535,1,1,1998,21,21,21,21,21,21,21,21,21,21
180536,1,1,1998,24,24,24,24,24,24,24,24,24,24
180536,2,1,1998,0,0,0,0,0,0,0,0,0,0
180537,1,1,1998,0,7,0,0,4,0,0,0,6,17
180538,1,1,1998,25,25,25,25,25,25,25,25,25,25
180539,0,1,1998,5,21,22,21,23,6,42,17,17,0
180539,1,1,1998,0,0,0,0,0,10,0,0,0,12
180540,0,1,1998,0,0,0,0,0,0,0,0,0,0
180540,1,1,1998,0,0,0,11,0,0,0,0,0,0
180541,1,1,1998,0,0,0,0,0,0,0,0,0,0
180542,1,1,1998,25,25,25,25,25,25,25,25,25,25
180543,1,1,1998,0,0,0,16,0,0,0,0,0,0
180544,1,1,1998,21,21,21,21,21,21,21,21,21,21
180545,1,1,1998,18,18,18,18,18,18,18,18,18,18
180546,1,1,1998,0,0,0,0,0,0,0,0,0,0
180547,1,1,1998,0,0,2,0,0,0,0,0,0,0
180547,2,1,1998,0,0,0,0,0,0,0,0,0,0
180548,1,1,1998,0,0,0,0,0,0,0,0,0,0
180548,2,1,1998,0,0,0,0,0,0,0,0,0,0
180549,0,1,1998,0,0,0,0,0,0,0,0,0,0
180549,1,1,1998,0,0,0,0,0,0,0,0,0,0
180550,1,1,1998,0,0,0,0,0,0,0,0,0,0
180550,2,1,1998,0,0,0,0,0,0,15,0,0,0
180551,1,1,1998,0,0,0,0,0,0,0,0,7,0
180551,2,1,1998,0,0,0,29,33,0,0,0,0,0
180552,1,1,1998,0,0,0,0,0,0,0,0,0,0
180552,2,1,1998,0,0,0,0,0,0,0,0,0,0
180553,1,1,1998,14,0,16,0,0,14,0,0,0,0
180554,1,1,1998,0,0,0,0,0,0,0,0,0,0
180555,1,1,1998,0,0,0,0,0,0,0,0,0,0
180555,2,1,1998,0,0,0,0,0,0,0,0,0,0
180555,3,1,1998,0,0,0,0,0,0,0,0,0,0
180556,1,1,1998,0,0,0,0,0,0,0,0,0,0
180556,2,1,1998,0,0,0,0,0,0,0,0,0,0
180557,1,1,1998,0,0,0,0,0,0,0,0,0,0
180557,2,1,1998,0,0,0,0,0,0,0,0,0,0
180557,3,1,1998,0,0,0,0,0,0,0,0,0,0
180557,4,1,1998,1,1,1,1,1,1,1,1,1,1
180558,1,1,1998,0,0,8,0,0,0,0,0,17,0
180559,1,1,1998,0,0,0,10,0,12,6,0,18,21
180560,1,1,1998,0,0,0,0,0,0,0,0,23,0
180560,2,1,1998,0,0,0,0,0,0,0,0,0,0
180561,1,1,1998,0,13,0,19,0,0,0,0,0,0
180562,1,1,1998,0,0,0,0,0,0,0,0,0,0
180562,2,1,1998,0,0,0,0,0,0,0,0,0,0
180563,1,1,1998,7,7,7,7,7,7,7,7,7,7
180564,1,1,1998,0,24,0,0,25,0,0,0,24,0
180565,1,1,1998,0,0,0,0,0,0,0,0,0,0
180566,0,1,1998,0,0,0,0,0,0,0,0,0,0
180566,1,1,1998,0,8,0,0,0,0,0,0,0,0
180567,0,1,1998,0,0,0,0,0,0,0,0,0,0
180567,1,1,1998,0,0,0,0,0,0,0,0,0,0
180568,1,1,1998,26,26,0,0,0,0,0,3,0,0
180569,1,1,1998,15,15,15,15,15,15,15,15,15,15
180570,1,1,1998,0,0,0,0,0,0,0,0,0,0
180570,2,1,1998,0,0,0,0,0,0,0,0,0,0
180570,3,1,1998,0,0,0,0,0,0,0,0,0,0
180571,1,1,1998,19,19,19,19,19,19,19,19,19,19
180571,2,1,1998,0,0,0,0,0,0,0,0,0,0
180572,1,1,1998,0,0,0,0,0,0,0,0,0,0
180572,2,1,1998,0,0,0,4,14,0,0,0,0,0
180573,1,1,1998,8,13,17,0,7,18,0,17,0,23
180574,0,1,1998,0,0,0,0,0,0,0,0,0,0
180574,1,1,1998,0,0,0,0,0,0,0,0,0,0
180575,1,1,1998,0,9,0,24,0,0,31,33,0,0
180575,2,1,1998,0,0,0,0,0,0,0,0,0,0
180576,1,1,1998,0,20,16,21,12,27,24,11,17,19
180577,1,1,1998,0,0,0,0,0,0,0,0,15,0
180578,1,1,1998,25,25,25,25,25,25,25,25,25,25
180579,1,1,1998,22,22,22,22,22,22,22,22,22,22
180580,1,1,1998,12,12,12,12,12,12,12,12,12,12
180580,2,1,1998,0,0,0,0,0,0,0,0,0,0
180581,1,1,1998,0,0,0,0,0,0,0,0,0,0
180581,2,1,1998,0,0,0,0,0,0,0,0,0,0
180582,1,1,1998,0,0,0,0,0,0,0,0,0,0
180582,2,1,1998,0,0,0,0,0,0,0,0,0,0
180583,1,1,1998,0,0,0,0,0,0,0,0,0,0
180583,2,1,1998,0,0,0,0,0,0,0,0,0,0
180584,1,1,1998,24,9,28,11,14,33,20,18,15,0
180585,1,1,1998,14,14,14,14,14,14,14,14,14,14
180585,2,1,1998,0,0,0,0,0,0,0,0,0,0
180586,1,1,1998,20,20,20,20,20,20,20,20,20,20
180587,1,1,1998,0,0,0,0,0,0,0,0,0,0
180587,2,1,1998,0,0,0,0,0,0,0,0,0,0
180588,1,1,1998,0,0,0,0,0,0,0,0,0,0
180588,2,1,1998,0,0,0,0,0,0,0,0,0,0
180588,3,1,1998,0,0,0,0,0,0,0,0,0,0
180589,1,1,1998,0,0,0,0,0,0,0,0,0,0
180589,2,1,1998,0,0,0,0,0,0,0,0,0,0
180590,1,1,1998,0,0,0,0,0,0,0,0,0,0
180590,2,1,1998,0,0,0,0,0,0,0,0,0,0
180591,1,1,1998,0,0,0,0,0,0,0,0,0,0
180591,2,1,1998,0,0,0,0,0,0,0,0,0,0
180591,3,1,1998,0,0,0,0,0,0,2,0,0,0
180592,1,1,1998,0,0,0,0,0,0,0,0,0,0
180592,2,1,1998,0,0,0,0,0,0,0,0,0,0
180593,1,1,1998,0,0,0,0,0,0,0,0,0,0
180593,2,1,1998,0,0,0,0,0,0,0,0,0,0
180594,1,1,1998,0,0,12,0,0,0,0,30,0,0
180595,1,1,1998,0,0,0,0,0,0,0,0,0,0
180595,2,1,1998,0,0,0,0,0,0,0,0,0,0
180595,3,1,1998,0,0,0,0,0,0,0,0,0,0
180596,1,1,1998,13,13,13,13,13,13,13,13,13,13
180597,1,1,1998,19,0,0,15,0,0,0,0,0,0
180597,2,1,1998,0,0,0,0,0,0,0,0,0,0
180598,1,1,1998,0,0,0,0,0,0,0,0,0,0
180598,2,1,1998,0,0,0,0,0,0,0,0,0,0
180598,3,1,1998,0,0,0,0,0,0,0,0,0,0
180599,1,1,1998,0,0,0,0,0,0,0,0,0,0
180600,1,1,1998,0,0,0,0,0,0,0,0,0,0
180600,2,1,1998,0,0,24,13,0,10,0,0,0,0
180601,1,1,1998,0,0,0,0,0,0,0,0,0,0
180602,1,1,1998,3,3,3,3,3,3,3,3,3,3
180603,0,1,1998,34,34,34,34,34,34,34,34,34,34
180603,1,1,1998,0,0,0,0,0,0,0,0,0,0
180604,1,1,1998,0,0,0,0,0,0,0,0,0,0
180605,1,1,1998,0,0,0,0,0,0,0,0,0,0
180605,2,1,1998,0,0,0,0,0,0,0,0,0,0
180606,1,1,1998,13,13,13,9,0,0,0,36,12,0
180607,0,1,1998,0,21,0,34,33,20,14,30,0,0
180607,0,2,1998,0,0,0,0,0,0,0,0,0,0
180607,1,1,1998,8,0,0,0,0,0,0,0,0,0
180608,1,1,1998,0,0,0,16,35,0,0,0,0,0
180608,2,1,1998,0,0,0,0,0,0,0,0,0,0
180609,1,1,1998,20,20,20,20,20,20,20,20,20,20
180610,0,1,1998,0,0,0,0,0,0,0,0,7,0
180610,1,1,1998,0,0,0,0,0,0,0,0,0,0
180611,1,1,1998,0,0,0,0,0,0,0,0,0,0
180611,2,1,1998,0,0,0,0,0,0,0,0,0,0
180611,3,1,1998,0,0,0,0,0,0,0,0,0,0
180612,1,1,1998,8,8,8,8,8,8,8,8,8,8
180613,1,1,1998,0,0,0,0,0,0,0,0,0,0
180613,2,1,1998,3,3,3,3,3,3,3,3,3,3
180614,1,1,1998,0,0,0,0,0,0,0,0,0,0
180614,2,1,1998,0,0,0,18,0,0,0,0,0,0
180615,1,1,1998,19,20,13,21,7,44,15,20,22,12
180615,2,1,1998,0,0,0,0,0,0,0,0,0,0
180616,1,1,1998,0,0,0,0,0,0,0,0,0,0
180616,2,1,1998,0,0,0,0,0,0,9,7,0,0
180617,1,1,1998,0,0,0,0,0,0,0,0,0,0
180617,2,1,1998,0,0,0,0,0,0,0,0,0,0
180618,1,1,1998,0,0,0,0,0,0,0,9,0,0
180618,2,1,1998,0,0,0,0,0,0,0,0,0,0
180619,1,1,1998,0,48,0,0,0,8,0,0,24,28
180619,2,1,1998,0,0,0,0,0,0,0,0,0,0
180619,3,1,1998,0,0,0,0,0,0,0,0,0,0
180620,1,1,1998,0,0,0,0,0,0,0,16,0,0
180620,2,1,1998,0,0,0,0,0,0,0,0,0,0
180620,3,1,1998,0,0,0,0,0,0,0,0,0,0
180621,1,1,1998,14,14,14,14,14,14,14,14,14,14
180622,1,1,1998,0,0,0,0,0,0,0,0,0,0
180623,0,1,1998,16,16,16,16,16,16,16,16,16,16
180623,1,1,1998,0,0,0,0,0,0,0,0,0,0
180624,1,1,1998,20,8,0,0,0,0,16,0,0,0
180625,0,1,1998,16,16,16,16,16,16,16,16,16,16
180625,1,1,1998,7,7,7,7,7,7,7,7,7,7
180626,1,1,1998,0,0,15,0,0,12,0,0,0,0
180626,2,1,1998,0,0,0,0,0,0,0,0,0,0
180627,1,1,1998,0,0,0,0,0,0,0,0,0,7
180627,2,1,1998,0,0,0,0,0,0,0,0,0,0
180628,1,1,1998,0,0,0,0,0,0,0,0,0,0
180628,2,1,1998,0,0,0,0,0,0,0,0,0,0
180629,1,1,1998,0,0,0,0,0,0,0,0,0,0
180629,2,1,1998,0,0,0,0,0,0,0,0,0,0
180630,1,1,1998,0,0,0,0,0,0,0,0,0,2
180630,2,1,1998,0,0,0,0,0,0,0,0,0,0
180631,1,1,1998,0,0,0,0,0,0,0,0,0,0
180631,2,1,1998,0,0,0,0,0,0,9,0,0,0
180632,1,1,1998,0,0,0,0,0,0,0,0,0,0
180632,2,1,1998,0,0,0,0,0,0,0,0,0,0
180633,0,1,1998,0,0,0,0,11,0,0,0,0,26
180633,1,1,1998,0,0,0,5,0,0,0,0,0,0
180634,1,1,1998,0,0,0,0,0,0,0,0,0,0
180634,2,1,1998,0,0,0,0,0,0,0,0,0,0
180635,1,1,1998,29,29,29,29,29,29,29,29,29,29
180635,2,1,1998,0,16,0,0,0,0,0,0,0,0
180635,3,1,1998,0,0,0,0,0,0,0,0,0,0
180636,1,1,1998,0,0,0,0,0,0,0,0,0,0
180637,1,1,1998,0,0,0,0,0,0,0,0,0,0
180638,1,1,1998,0,0,0,0,0,0,0,0,0,0
180638,2,1,1998,0,0,18,0,13,0,0,20,15,7
180638,3,1,1998,0,0,0,0,0,0,0,0,0,0
180639,1,1,1998,0,0,0,0,0,0,0,0,0,0
180639,2,1,1998,0,0,0,0,0,0,0,0,0,0
180640,1,1,1998,8,9,0,0,0,0,0,0,0,0
180641,1,1,1998,0,0,0,0,0,0,0,0,0,0
180641,2,1,1998,0,0,0,0,0,0,0,0,0,0
180642,1,1,1998,0,0,0,0,0,0,0,0,0,0
180643,1,1,1998,20,20,20,20,20,20,20,20,20,20
180643,2,1,1998,0,0,0,0,0,0,0,0,0,0
180644,1,1,1998,0,0,0,0,4,0,0,0,11,0
180645,1,1,1998,26,22,0,0,0,21,23,20,26,14
180646,1,1,1998,2,2,2,2,2,2,2,2,2,2
180646,2,1,1998,2,2,2,2,2,2,2,2,2,2
180647,1,1,1998,0,0,0,0,0,0,0,0,0,0
180648,1,1,1998,0,0,0,0,0,0,0,0,0,0
180649,1,1,1998,0,0,0,0,0,0,0,0,0,0
180649,2,1,1998,0,0,0,0,0,0,0,0,0,0
180650,1,1,1998,24,24,24,24,24,24,24,24,24,24
180651,1,1,1998,19,10,0,20,16,41,11,23,20,8
180651,2,1,1998,0,0,17,0,0,0,0,0,0,0
180652,1,1,1998,0,0,7,0,0,0,0,0,0,0
180652,2,1,1998,0,0,0,0,0,0,0,0,0,0
180653,1,1,1998,0,0,0,0,0,0,0,0,0,0
180653,2,1,1998,0,0,0,0,0,0,0,0,0,0
180654,1,1,1998,0,0,0,0,0,0,0,0,0,0
180654,2,1,1998,0,0,0,0,0,0,0,0,0,0
180655,0,1,1998,0,0,0,0,0,0,0,0,0,4
180655,1,1,1998,0,0,0,0,0,0,0,0,0,0
180656,1,1,1998,0,0,0,0,0,0,0,0,0,0
180657,1,1,1998,0,0,0,0,0,0,0,0,12,0
180657,2,1,1998,0,8,0,0,0,0,0,0,0,0
180658,1,1,1998,0,0,0,0,0,0,0,0,0,0
180658,2,1,1998,0,0,0,0,0,0,0,0,0,0
180659,1,1,1998,0,0,0,0,0,0,0,0,0,0
180660,1,1,1998,19,19,19,19,19,19,19,19,19,19
180661,1,1,1998,0,0,0,0,0,1,0,0,0,0
180662,1,1,1998,11,0,27,7,0,0,0,0,0,0
180663,1,1,1998,0,0,0,0,0,0,0,0,0,0
180663,2,1,1998,0,0,0,0,0,0,0,0,0,0
180664,1,1,1998,0,0,0,0,0,0,0,0,0,0
180665,1,1,1998,0,0,0,0,0,0,0,0,0,0
180666,1,1,1998,0,0,0,0,0,0,0,0,0,0
180667,1,1,1998,0,0,0,0,0,0,0,0,0,0
180668,1,1,1998,0,0,0,0,0,0,0,0,0,0
180668,2,1,1998,0,0,0,0,0,0,0,0,0,0
180669,1,1,1998,0,0,0,5,0,7,0,0,10,0
180670,1,1,1998,16,7,18,10,14,14,24,0,0,12
180671,1,1,1998,0,0,0,0,0,0,0,0,0,0
180671,2,1,1998,0,0,0,0,0,0,0,0,0,0
180672,1,1,1998,0,0,0,17,0,15,0,0,0,0
180672,2,1,1998,0,0,0,0,0,0,0,0,0,0
180673,1,1,1998,0,0,0,0,0,0,6,0,9,0
180674,1,1,1998,0,0,0,0,0,0,0,0,0,0
180674,2,1,1998,14,21,18,11,19,17,6,9,10,16
180675,1,1,1998,0,0,0,0,0,0,0,0,0,0
180675,2,1,1998,16,16,16,16,16,16,16,16,16,16
180676,1,1,1998,0,0,0,0,0,0,0,0,0,0
180676,2,1,1998,0,0,0,0,0,0,0,0,0,0
180677,1,1,1998,23,17,10,26,11,20,21,9,9,12
180678,1,1,1998,0,0,0,0,0,0,0,0,0,0
180678,2,1,1998,0,0,0,0,0,0,0,0,0,0
180679,1,1,1998,0,0,0,0,0,0,16,0,0,0
180679,2,1,1998,0,0,0,0,0,0,0,0,0,0
180680,1,1,1998,0,0,0,0,0,0,0,0,0,0
180680,2,1,1998,0,0,0,0,0,0,0,0,0,0
180681,1,1,1998,0,0,0,0,16,0,0,0,0,0
180681,2,1,1998,0,0,0,0,0,0,0,0,0,0
180682,1,1,1998,0,0,0,0,0,0,0,0,0,0
180683,1,1,1998,25,0,0,11,3,0,0,0,0,30
180683,2,1,1998,0,0,0,0,0,0,0,0,0,0
180684,1,1,1998,0,0,0,0,0,12,0,0,0,0
180684,2,1,1998,0,0,0,0,0,0,0,0,0,0
180685,1,1,1998,0,0,0,0,0,0,0,0,0,0
180685,2,1,1998,0,0,0,0,0,0,0,0,0,0
180686,1,1,1998,0,0,0,0,0,0,0,0,6,0
180686,2,1,1998,0,0,0,0,0,0,0,0,0,0
180687,1,1,1998,0,0,0,0,0,0,0,0,0,0
180687,2,1,1998,0,0,0,0,0,0,0,0,0,0
180688,1,1,1998,0,0,25,0,15,0,0,25,24,0
180688,2,1,1998,0,0,0,0,0,0,0,0,0,0
180689,1,1,1998,20,23,16,22,23,18,5,30,23,25
180690,1,1,1998,0,0,0,0,0,0,0,0,0,2
180690,2,1,1998,0,0,0,0,0,0,0,0,0,0
180690,3,1,1998,0,0,0,0,0,0,0,0,0,0
180691,0,1,1998,0,0,0,0,0,0,0,0,0,0
180691,1,1,1998,0,0,0,0,0,0,0,0,0,0
180691,2,1,1998,0,0,0,0,0,0,0,0,0,0
180692,1,1,1998,0,0,0,0,0,0,0,0,0,0
180693,1,1,1998,0,0,0,0,0,0,0,13,0,0
180693,2,1,1998,11,0,0,0,0,0,0,0,0,0
180694,1,1,1998,0,0,0,0,0,0,0,0,0,0
180694,2,1,1998,0,0,0,0,0,0,0,0,0,0
180695,1,1,1998,10,10,10,10,10,10,10,10,10,10
180696,1,1,1998,0,0,0,0,0,0,0,0,0,0
180697,1,1,1998,0,0,0,0,0,0,0,0,0,0
180698,1,1,1998,19,19,19,19,19,19,19,19,19,19
180699,1,1,1998,0,0,0,0,0,0,0,0,0,0
180699,2,1,1998,0,0,0,0,0,0,0,0,0,0
180700,1,1,1998,0,0,0,0,0,0,0,0,0,0
180700,2,1,1998,0,0,0,0,0,0,0,0,0,0
180701,1,1,1998,23,0,0,0,0,0,0,0,7,0
180701,2,1,1998,0,0,0,0,0,0,0,0,0,0
180702,1,1,1998,24,24,24,24,24,24,24,24,24,24
180702,2,1,1998,0,0,0,0,0,0,0,0,0,0
180703,1,1,1998,0,0,0,0,0,0,0,0,0,0
180703,2,1,1998,0,0,0,0,0,0,0,0,0,0
180704,1,1,1998,21,21,21,21,21,21,21,21,21,21
180705,1,1,1998,0,0,0,0,0,0,27,0,7,0
180705,2,1,1998,0,0,0,0,0,0,0,0,0,0
180706,0,1,1998,0,0,0,0,0,0,0,0,0,0
180706,1,1,1998,0,0,20,0,0,10,6,0,0,9
180707,1,1,1998,38,9,22,37,0,30,9,18,17,23
180708,1,1,1998,0,0,0,0,0,0,0,0,0,0
180709,1,1,1998,0,0,0,0,0,0,0,0,0,0
180709,2,1,1998,0,0,0,0,0,0,0,0,0,0
180710,1,1,1998,0,0,0,8,26,23,19,18,33,14
180711,1,1,1998,0,0,0,0,0,0,0,0,0,0
180711,2,1,1998,0,0,0,0,0,0,0,0,0,0
180712,1,1,1998,0,0,0,0,0,0,0,0,0,0
180712,2,1,1998,0,0,0,0,0,0,0,0,0,0
180713,1,1,1998,0,0,0,18,0,0,0,8,0,9
180713,2,1,1998,0,0,0,0,0,0,0,0,0,0
180714,1,1,1998,0,0,0,0,0,0,0,0,0,0
180714,2,1,1998,0,0,0,0,0,0,0,0,0,0
180715,1,1,1998,0,0,0,0,0,0,0,0,0,0
180715,2,1,1998,0,0,0,0,0,0,0,0,0,0
180716,1,1,1998,0,0,0,0,0,0,0,0,0,0
180716,2,1,1998,0,0,0,0,0,0,0,0,0,0
180717,1,1,1998,0,0,0,0,0,0,0,0,0,0
180718,1,1,1998,0,0,0,0,0,17,0,0,0,12
180719,1,1,1998,23,23,23,23,23,23,23,23,23,23
180720,1,1,1998,0,0,0,0,0,0,0,0,0,0
180721,1,1,1998,16,10,12,21,7,14,15,14,4,7
180722,0,1,1998,0,0,0,0,0,0,0,0,0,0
180722,1,1,1998,0,0,0,0,0,0,0,0,0,0
180723,1,1,1998,0,24,18,26,12,0,20,21,6,13
180724,1,2,1998,10,0,22,19,0,7,0,10,24,13
180725,1,1,1998,0,0,0,0,0,0,0,0,0,0
180726,1,1,1998,18,18,18,18,18,18,18,18,18,18
180727,1,1,1998,16,16,16,16,16,16,16,16,16,16
180728,1,1,1998,0,0,0,0,0,0,0,0,0,0
180729,1,1,1998,20,20,20,20,20,20,20,20,20,20
180730,1,1,1998,0,0,0,0,0,0,0,0,0,0
180731,1,1,1998,28,28,28,28,28,28,28,28,28,28
180732,1,1,1998,4,4,4,4,4,4,4,4,4,4
180733,1,1,1998,0,0,0,0,0,0,0,0,0,0
180734,1,1,1998,6,6,0,0,0,0,0,0,0,0
180735,1,1,1998,28,28,28,28,28,28,28,28,28,28
180736,1,1,1998,29,29,29,29,29,29,29,29,29,29
180737,1,1,1998,0,0,0,12,0,0,7,17,0,10
180738,1,1,1998,0,0,0,0,0,0,0,0,0,0
180738,2,1,1998,0,0,0,0,0,0,0,0,0,0
180739,1,1,1998,36,24,8,0,30,6,5,16,8,38
180740,1,1,1998,19,38,14,19,18,15,19,15,27,34
180741,0,1,1998,17,8,7,21,21,0,37,10,15,17
180741,1,1,1998,0,0,0,0,6,0,0,0,0,0
180742,1,1,1998,0,0,0,0,0,0,0,0,0,0
180743,1,1,1998,0,0,0,0,19,0,0,0,0,0
180743,2,1,1998,0,0,0,0,0,0,0,0,0,0
180745,1,1,1998,0,0,0,0,0,0,0,0,0,0
180745,2,1,1998,0,0,0,0,0,0,0,0,0,0
180746,1,1,1998,13,7,31,15,16,16,0,30,9,0
180746,2,1,1998,0,0,0,0,0,0,0,0,0,0
180747,1,1,1998,0,0,0,0,0,0,0,0,0,0
180747,2,1,1998,0,0,0,0,0,0,0,0,0,0
180748,1,1,1998,0,0,0,0,0,0,0,0,0,0
180748,2,1,1998,0,0,0,0,0,0,0,0,0,0
180749,1,1,1998,21,21,21,21,21,21,21,21,21,21
180749,2,1,1998,0,0,0,0,0,0,0,0,0,0
180749,3,1,1998,9,9,9,9,9,9,9,9,9,9
180750,1,1,1998,25,25,25,25,25,25,25,25,25,25
180750,2,1,1998,0,0,0,0,0,0,0,15,0,18
180751,1,1,1998,27,27,27,27,27,27,27,27,27,27
180752,1,1,1998,0,0,0,0,0,0,0,0,0,0
180753,1,1,1998,6,0,15,10,0,0,0,0,0,0
180753,2,1,1998,0,0,0,0,0,0,21,0,0,0
180754,1,1,1998,0,0,0,0,0,0,0,0,0,0
180755,0,1,1998,5,28,0,34,11,5,0,0,28,0