ST_CASE,VEH_NO,PER_NO,YEAR,P1,P2,P3,P4,P5,P6,P7,P8,P9,P10
180755,1,1,1998,0,0,0,0,0,0,0,0,0,0
180756,1,1,1998,20,17,13,10,12,26,19,23,14,26
180757,1,1,1998,25,25,25,25,25,25,25,25,25,25
180757,2,1,1998,0,0,0,0,0,0,0,0,0,0
180758,1,1,1998,31,14,16,9,19,25,5,16,22,6
180759,1,1,1998,0,0,0,0,0,0,0,0,0,0
180760,1,1,1998,20,20,20,20,20,20,20,20,20,20
180761,1,1,1998,0,0,0,0,0,0,0,0,0,0
180761,2,1,1998,0,0,0,0,0,0,0,0,0,0
180762,1,1,1998,0,16,12,0,0,0,0,6,0,0
180763,1,1,1998,8,0,0,13,7,0,0,0,21,0
180764,1,1,1998,0,0,0,0,0,0,0,0,0,0
180764,2,1,1998,0,0,0,0,0,0,0,0,0,0
180765,1,1,1998,14,6,33,33,10,0,12,18,17,15
180766,1,1,1998,28,28,28,28,28,28,28,28,28,28
180766,2,1,1998,0,0,0,0,0,0,0,0,0,0
180767,1,1,1998,0,0,0,0,0,0,0,0,0,0
180767,2,1,1998,0,0,0,0,0,0,0,0,0,0
180768,0,1,1998,0,0,0,0,0,0,0,0,0,0
180768,1,1,1998,0,0,0,0,0,0,0,0,0,0
180769,1,1,1998,7,0,34,23,30,12,5,20,27,15
180770,1,1,1998,31,31,31,31,31,31,31,31,31,31
180771,1,1,1998,20,20,20,20,20,20,20,20,20,20
180772,1,1,1998,5,5,5,5,5,5,5,5,5,5
180772,2,1,1998,0,0,0,0,0,0,0,17,0,0
180773,0,1,1998,0,0,0,0,0,0,0,0,0,0
180773,1,1,1998,0,0,0,0,0,0,0,0,0,0
180774,1,1,1998,0,31,0,0,33,12,16,20,0,17
180775,1,1,1998,0,0,0,0,25,0,0,0,0,0
180775,2,1,1998,0,0,0,0,0,0,0,0,0,0
180776,1,1,1998,4,4,4,4,4,4,4,4,4,4
180777,1,1,1998,0,0,0,0,0,0,0,0,0,0
180777,2,1,1998,5,0,26,0,0,0,0,0,0,0
180778,1,1,1998,0,0,0,0,0,0,0,0,0,0
180778,2,1,1998,0,0,0,0,0,0,0,0,0,0
180779,1,1,1998,0,0,30,9,0,0,0,11,0,33
180780,1,1,1998,16,16,16,16,16,16,16,16,16,16
180780,2,1,1998,0,0,0,0,0,0,0,0,0,0
180781,1,1,1998,0,0,0,0,28,0,0,0,0,0
180782,0,1,1998,0,27,0,15,0,0,0,0,0,0
180782,1,1,1998,0,0,0,0,0,0,0,0,0,0
180783,1,1,1998,0,0,0,0,0,0,0,0,0,0
180783,2,1,1998,0,0,0,0,0,0,0,0,0,0
180783,3,1,1998,0,0,0,0,0,0,0,0,0,0
180784,1,1,1998,0,0,0,0,0,0,0,0,0,0
180784,2,1,1998,0,0,0,0,0,0,8,18,14,17
180785,1,1,1998,0,0,0,0,0,0,0,20,0,0
180785,2,1,1998,0,0,0,0,0,0,0,0,0,0
180786,0,1,1998,35,31,25,8,0,4,15,25,11,7
180786,1,1,1998,12,12,12,12,12,12,12,12,12,12
180787,1,1,1998,21,21,21,21,21,21,21,21,21,21
180788,1,1,1998,0,0,6,0,0,21,0,0,0,0
180789,1,1,1998,15,17,2,35,20,15,22,23,13,22
180790,1,1,1998,0,0,0,0,0,0,10,0,0,0
180790,2,1,1998,0,0,0,0,0,0,0,0,0,0
180791,1,1,1998,16,16,16,16,16,16,16,16,16,16
180791,2,1,1998,0,0,0,0,0,0,0,0,0,0
180791,3,1,1998,0,0,0,0,0,0,0,0,0,0
180791,4,1,1998,0,0,0,0,0,0,0,0,0,0
180792,1,1,1998,0,8,23,0,0,0,34,12,20,23
180792,2,1,1998,0,0,0,0,0,0,0,0,0,0
180793,1,1,1998,0,0,0,0,0,0,0,0,0,0
180793,2,1,1998,0,0,0,0,0,0,0,0,0,0
180794,1,1,1998,0,0,0,0,0,0,0,0,0,3
180794,2,1,1998,0,0,0,0,0,0,0,0,0,0
180795,1,1,1998,0,0,0,0,0,0,0,0,0,0
180795,2,1,1998,0,0,0,0,0,0,0,0,0,0
180796,1,1,1998,0,0,0,0,0,0,0,0,12,0
180796,2,1,1998,0,0,0,0,0,0,0,0,0,0
180797,0,1,1998,26,32,35,0,25,0,41,13,16,0
180797,1,1,1998,0,0,0,0,0,0,0,0,0,0
180797,2,1,1998,0,0,0,0,0,0,0,0,0,0
180798,1,1,1998,0,0,0,15,0,0,6,0,0,0
180799,1,1,1998,0,0,0,18,0,15,0,0,0,36
180799,2,1,1998,0,0,0,0,0,0,0,0,0,0
180800,1,1,1998,0,0,0,0,0,0,0,0,0,0
180800,2,1,1998,0,0,0,0,0,0,0,0,0,0
180801,1,1,1998,0,0,31,0,0,16,14,12,0,0
180801,2,1,1998,0,23,10,0,0,0,0,0,0,0
180802,1,1,1998,0,0,0,0,0,0,0,0,0,0
180803,1,1,1998,0,0,0,0,0,0,0,0,0,0
180803,2,1,1998,0,0,0,0,0,0,0,0,0,0
180804,1,1,1998,0,0,0,0,0,0,0,0,0,0
180804,2,1,1998,0,0,0,0,0,0,0,0,0,0
180805,1,1,1998,15,0,40,6,37,20,3,0,25,17
180806,1,1,1998,0,0,0,0,0,0,0,0,0,0
180807,1,1,1998,0,0,0,0,0,0,0,0,0,0
180807,2,1,1998,0,0,0,0,0,0,0,0,0,0
180808,1,1,1998,28,17,15,0,17,27,26,25,12,13
180808,2,1,1998,0,0,0,0,0,0,0,0,0,0
180809,1,1,1998,0,0,0,0,15,0,0,0,0,0
180809,2,1,1998,0,0,0,0,0,0,0,0,0,0
180810,1,1,1998,17,0,0,15,0,0,0,0,0,0
180811,1,1,1998,0,0,0,0,0,0,0,0,0,0
180812,1,1,1998,24,24,24,24,24,24,24,24,24,24
180813,1,1,1998,29,29,29,29,29,29,29,29,29,29
180814,1,1,1998,15,9,10,18,21,21,13,25,11,30
180815,1,1,1998,0,21,0,0,15,0,0,0,4,0
180816,1,1,1998,21,21,21,21,21,21,21,21,21,21
180817,1,1,1998,0,0,0,0,0,0,0,0,0,0
180818,1,1,1998,0,22,0,0,0,12,0,0,11,0
180819,1,1,1998,0,0,10,0,13,0,0,0,0,3
180820,1,1,1998,13,13,13,13,13,13,13,13,13,13
180821,1,1,1998,0,0,0,0,0,0,0,0,0,0
180822,1,1,1998,19,16,0,16,0,0,18,19,19,11
180823,1,1,1998,0,0,0,0,0,0,0,0,0,0
180824,1,1,1998,21,0,0,0,0,17,11,0,0,0
180825,0,1,1998,38,38,38,38,38,38,38,38,38,38
180825,1,1,1998,0,0,0,0,0,0,0,0,0,0
180826,1,1,1998,0,0,0,0,0,0,0,0,0,0
180827,1,1,1998,17,17,17,17,17,17,17,17,17,17
180827,2,1,1998,0,18,15,0,0,0,7,0,0,0
180828,1,1,1998,0,0,0,0,0,0,0,0,0,0
180828,2,1,1998,0,0,0,0,0,0,0,0,0,0
180829,1,1,1998,0,0,0,0,0,0,0,0,0,0
180829,2,1,1998,0,0,0,0,0,0,0,0,0,0
180830,1,1,1998,0,0,0,0,0,0,0,0,0,0
180830,2,1,1998,0,4,0,0,0,0,0,9,0,8
180831,1,1,1998,0,0,0,0,0,0,0,0,0,0
180831,2,1,1998,0,0,0,0,0,0,0,0,0,0
180831,3,1,1998,0,0,0,0,0,0,0,0,0,0
180832,1,1,1998,0,0,0,0,0,0,0,0,0,0
180832,2,1,1998,0,0,0,0,0,0,0,0,0,0
180833,1,1,1998,0,0,0,0,0,0,0,0,0,0
180833,2,1,1998,0,0,0,0,0,0,6,0,0,0
180834,1,1,1998,0,0,0,0,0,0,0,0,0,0
180835,1,1,1998,0,0,0,0,0,0,0,0,0,0
180835,2,1,1998,0,0,0,0,0,0,0,0,0,0
180835,3,1,1998,0,0,0,0,0,0,0,0,0,0
180836,0,1,1998,0,24,0,14,0,0,0,0,0,0
180836,1,1,1998,0,0,0,0,0,0,0,0,0,0
180837,1,1,1998,0,0,0,0,0,0,0,0,0,0
180837,2,1,1998,0,0,0,0,0,0,0,0,0,0
180838,1,1,1998,9,10,32,12,17,11,21,11,20,17
180839,1,1,1998,12,12,12,12,12,12,12,12,12,12
180840,0,1,1998,27,29,9,22,12,23,25,21,22,26
180840,1,1,1998,7,0,0,23,19,12,9,0,0,27
180841,0,1,1998,0,0,0,0,0,0,0,0,0,0
180841,1,1,1998,0,0,0,0,0,0,0,0,0,0
180842,1,1,1998,4,4,4,4,4,4,4,4,4,4
180842,2,1,1998,0,0,0,0,0,0,0,0,0,0
180842,3,1,1998,0,0,0,0,0,0,0,0,0,0
180842,4,1,1998,0,0,0,10,0,0,0,0,0,0
180843,0,1,1998,37,37,37,37,37,37,37,37,37,37
180843,1,1,1998,0,0,0,0,0,0,0,0,0,0
180844,1,1,1998,33,33,33,33,33,33,33,33,33,33
180845,1,1,1998,4,4,4,4,4,4,4,4,4,4
180845,2,1,1998,0,0,0,0,0,0,0,0,0,0
180846,1,1,1998,38,9,12,24,27,18,27,23,13,14
180846,2,1,1998,0,0,0,0,0,0,0,0,0,0
180847,1,1,1998,0,0,0,0,0,0,0,0,0,0
180847,2,1,1998,0,0,0,0,0,0,0,0,0,0
180848,1,1,1998,0,0,0,0,0,0,0,0,0,0
180848,2,1,1998,3,0,0,0,0,0,0,0,0,0
180849,1,1,1998,0,0,0,0,0,0,0,0,0,0
180849,2,1,1998,0,0,5,0,0,0,0,0,0,0
180850,1,1,1998,0,0,0,0,0,0,0,0,0,0
180850,2,1,1998,0,0,0,0,0,0,0,0,0,0
180851,1,1,1998,0,0,0,0,0,0,0,0,0,0
180851,2,1,1998,9,0,0,0,0,0,0,0,0,0
180852,1,1,1998,0,0,0,0,0,0,0,0,0,0
180852,2,1,1998,0,0,0,0,0,0,0,0,0,0
180853,1,1,1998,0,0,0,0,0,0,0,0,0,0
180853,2,1,1998,0,0,0,0,0,0,0,0,0,0
180854,1,1,1998,0,0,0,0,0,0,0,0,0,0
180854,2,1,1998,0,0,0,0,0,0,0,0,0,0
180855,1,1,1998,20,19,0,0,0,0,0,0,0,0
180855,2,1,1998,0,0,0,0,0,0,0,0,0,0
180856,1,1,1998,0,0,0,12,0,0,0,0,0,0
180856,2,1,1998,0,0,0,0,0,0,0,0,0,0
180857,1,1,1998,21,17,20,7,5,19,15,17,11,6
180858,0,1,1998,0,0,0,0,0,0,0,0,0,0
180858,1,1,1998,0,0,0,0,0,0,0,0,0,0
180859,0,1,1998,0,0,0,0,0,0,0,0,0,0
180859,1,1,1998,2,2,2,2,2,2,2,2,2,2
180860,1,1,1998,28,28,28,28,28,28,28,28,28,28
180861,1,1,1998,0,0,0,0,0,0,0,14,0,19
180862,1,1,1998,25,25,25,25,25,25,25,25,25,25
180863,1,1,1998,13,12,25,8,21,30,7,16,13,10
180864,1,1,1998,19,19,19,19,19,19,19,19,19,19
180865,0,1,1998,0,25,0,0,0,0,0,0,0,0
180865,1,1,1998,0,0,0,0,0,0,0,0,0,0
180866,1,1,1998,0,0,0,0,0,0,0,0,0,0
180867,1,1,1998,13,5,0,19,12,0,0,13,0,0
180868,1,1,1998,0,0,0,0,0,0,0,0,0,0
180868,2,1,1998,0,0,0,0,0,0,0,0,0,0
180869,1,1,1998,7,0,0,7,6,8,12,9,16,0
180869,2,1,1998,0,0,0,0,0,0,0,0,0,0
180870,1,1,1998,0,0,0,0,0,0,0,0,0,0
180870,2,1,1998,0,0,0,0,0,0,0,0,0,0
180871,1,1,1998,0,0,0,0,0,0,0,0,0,0
180871,2,1,1998,0,0,0,0,0,0,0,0,0,0
180872,1,1,1998,0,0,0,0,0,16,0,0,0,0
180872,2,1,1998,0,0,0,0,0,0,0,0,0,0
180873,1,1,1998,11,0,0,0,21,0,0,0,0,0
180873,2,1,1998,0,0,0,0,0,0,0,0,0,0
180874,0,1,1998,13,13,13,13,13,13,13,13,13,13
180874,1,1,1998,0,0,0,0,0,0,0,0,0,0
180875,1,1,1998,0,0,0,0,0,0,0,0,0,0
180875,2,1,1998,0,0,0,0,0,0,0,0,0,0
180876,1,1,1998,0,0,0,0,0,0,0,0,0,0
180876,2,1,1998,0,0,0,0,0,0,17,0,0,0
180877,1,1,1998,0,24,0,0,26,5,0,14,0,0
180878,1,1,1998,23,11,0,20,10,24,19,29,27,20
180879,1,1,1998,0,0,0,14,0,6,0,0,34,15
180880,1,1,1998,0,0,13,13,7,0,0,0,0,0
180881,1,1,1998,0,0,0,0,0,0,0,0,0,0
180881,2,1,1998,0,0,0,0,0,0,0,0,0,0
180881,3,1,1998,0,0,0,0,0,0,0,0,0,0
180882,1,1,1998,0,0,0,0,0,0,0,0,0,0
180882,2,1,1998,0,0,0,0,0,0,0,0,0,0
180883,1,1,1998,0,0,0,0,0,0,0,0,0,0
180883,2,1,1998,0,0,0,0,0,0,0,0,0,0
180884,1,1,1998,0,0,0,0,0,0,0,0,0,0
180885,1,1,1998,0,0,0,0,0,0,0,0,0,0
180885,2,1,1998,6,6,6,6,6,6,6,6,6,6
180886,1,1,1998,0,0,0,0,0,0,0,0,0,0
180886,2,1,1998,0,0,0,0,0,0,0,0,0,0
180887,1,1,1998,0,0,0,12,0,0,0,19,0,0
180888,1,1,1998,0,0,0,0,0,0,0,0,0,0
180889,1,1,1998,11,0,19,13,14,0,10,0,0,0
180890,1,1,1998,20,20,20,20,20,20,20,20,20,20
180890,2,1,1998,0,0,0,0,0,0,0,0,0,0
180891,1,1,1998,0,0,0,0,0,0,0,0,0,0
180891,2,1,1998,0,0,0,0,0,0,0,0,0,0
180892,1,1,1998,0,10,21,18,20,28,12,34,0,28
180893,1,1,1998,0,0,0,0,0,0,0,0,0,0
180893,2,1,1998,0,0,0,0,0,0,0,0,0,0
190001,1,1,1998,0,0,0,0,0,0,0,0,0,0
190001,2,1,1998,0,0,0,0,0,0,0,0,0,0
190002,1,1,1998,14,14,14,14,14,14,14,14,14,14
190003,1,1,1998,0,12,39,39,0,31,0,19,25,28
190004,1,1,1998,0,0,0,0,0,0,0,0,0,0
190004,2,1,1998,0,0,0,0,0,0,0,0,0,0
190005,1,1,1998,0,0,0,0,0,0,0,0,0,0
190005,2,1,1998,0,0,0,0,0,0,0,0,0,0
190006,1,1,1998,0,0,0,9,0,0,0,0,0,0
190007,1,1,1998,0,0,0,0,0,0,0,0,0,0
190007,2,1,1998,0,0,13,0,0,0,0,0,0,0
190007,3,1,1998,0,0,0,0,0,17,0,0,0,0
190008,1,1,1998,0,0,9,0,0,0,0,0,7,0
190008,2,1,1998,0,0,0,0,0,0,0,0,0,0
190008,3,1,1998,12,0,13,0,0,13,0,0,0,18
190009,1,1,1998,0,0,0,0,0,0,0,0,0,0
190009,2,1,1998,0,0,0,0,0,0,0,0,0,0
190010,1,1,1998,0,17,0,0,0,0,0,0,0,0
190010,2,1,1998,0,0,0,0,0,0,0,0,0,0
190011,1,1,1998,13,13,13,13,13,13,13,13,13,13
190012,1,1,1998,24,24,24,24,24,24,24,24,24,24
190012,2,1,1998,0,0,0,0,0,0,0,0,0,0
190013,1,1,1998,0,27,0,7,0,0,0,0,0,0
190014,1,1,1998,0,0,0,0,0,0,0,0,0,0
190014,2,1,1998,0,0,0,0,0,0,0,0,0,0
190015,1,1,1998,0,0,0,0,0,0,0,0,0,0
190015,2,1,1998,0,0,0,0,0,0,0,0,0,0
190016,1,1,1998,0,0,0,0,0,0,0,0,0,7
190016,2,1,1998,0,0,0,0,0,0,0,10,0,0
190017,1,1,1998,0,0,0,0,0,0,0,0,0,0
190017,2,1,1998,0,0,0,0,0,0,0,0,0,0
190018,1,1,1998,0,0,0,0,0,0,0,0,0,0
190018,2,1,1998,0,0,0,0,0,0,0,0,0,0
190018,3,1,1998,0,0,0,0,0,4,0,0,0,0
190019,1,1,1998,0,0,0,0,0,0,0,0,0,0
190019,2,1,1998,0,0,0,0,0,0,0,0,0,0
190020,1,1,1998,0,0,0,0,0,0,0,0,0,0
190020,2,1,1998,0,0,0,0,0,0,0,0,0,0
190021,1,1,1998,0,0,17,0,0,0,0,0,0,0
190021,2,1,1998,12,0,0,0,0,0,0,0,0,0
190022,1,1,1998,0,0,0,0,0,0,0,0,0,0
190022,2,1,1998,0,0,0,0,0,0,0,0,0,0
190023,1,1,1998,0,0,10,0,0,0,0,0,22,0
190024,0,1,1998,0,0,15,9,13,0,0,0,0,0
190024,1,1,1998,0,0,0,0,0,0,0,0,0,0
190025,1,1,1998,0,0,0,0,0,0,0,0,0,0
190025,2,1,1998,0,0,0,0,0,0,0,0,0,0
190026,1,1,1998,23,0,16,0,0,0,0,23,0,0
190027,1,1,1998,10,10,10,10,10,10,10,10,10,10
190027,2,1,1998,0,0,0,0,0,0,0,0,0,0
190028,1,1,1998,17,17,17,17,17,17,17,17,17,17
190029,1,1,1998,0,0,0,0,0,0,0,0,0,0
190029,2,1,1998,0,0,0,0,0,0,0,0,0,0
190029,3,1,1998,0,0,0,0,0,0,0,0,0,0
190030,1,1,1998,0,0,0,0,0,0,0,0,0,0
190030,2,1,1998,0,0,0,0,0,0,0,0,0,0
190031,1,1,1998,0,0,0,0,0,0,0,0,6,0
190032,1,1,1998,0,0,0,0,0,0,0,0,0,0
190032,2,1,1998,11,11,11,11,11,11,11,11,11,11
190033,1,1,1998,0,0,0,0,0,0,0,4,0,0
190033,2,1,1998,0,0,0,0,13,0,0,0,17,20
190034,1,1,1998,10,17,20,15,12,22,13,28,12,23
190035,1,1,1998,0,0,0,16,0,0,0,0,0,19
190036,1,1,1998,0,0,0,0,0,0,0,0,0,0
190036,2,1,1998,0,0,0,0,0,0,0,0,0,0
190036,3,1,1998,0,0,0,0,0,0,0,0,0,0
190037,1,1,1998,0,0,0,0,0,0,0,0,0,0
190037,2,1,1998,0,0,0,0,0,0,0,0,0,0
190038,1,1,1998,25,25,25,25,25,25,25,25,25,25
190039,1,1,1998,0,0,0,0,0,0,0,0,0,0
190039,2,1,1998,0,0,0,0,0,0,0,0,0,0
190040,1,1,1998,14,14,14,14,14,14,14,14,14,14
190040,2,1,1998,4,4,4,4,4,4,4,4,4,4
190041,1,1,1998,0,7,0,0,0,0,0,0,0,0
190041,2,1,1998,0,0,0,0,0,0,0,0,0,0
190042,1,1,1998,0,0,0,0,0,0,0,0,0,0
190042,2,1,1998,28,28,28,28,28,28,28,28,28,28
190043,1,1,1998,0,0,0,0,0,0,0,0,0,0
190043,2,1,1998,0,0,0,0,0,0,0,10,0,0
190044,0,1,1998,0,0,0,11,0,0,0,6,0,0
190044,1,1,1998,0,6,0,16,0,0,0,0,0,0
190045,1,1,1998,0,0,0,0,0,0,0,0,0,0
190045,2,1,1998,0,0,0,0,0,0,0,0,0,0
190046,1,1,1998,0,0,0,0,0,0,0,0,0,0
190046,2,1,1998,22,22,22,22,22,22,22,22,22,22
190047,1,1,1998,0,0,0,0,0,0,0,0,0,0
190047,2,1,1998,0,0,0,0,0,0,0,0,0,0
190047,3,1,1998,0,0,0,0,0,0,0,0,0,0
190049,1,1,1998,1,1,1,1,1,1,1,1,1,1
190049,2,1,1998,2,37,0,0,0,0,0,0,0,0
190050,1,1,1998,0,0,0,0,0,0,0,0,0,0
190051,1,1,1998,0,0,0,0,0,0,0,0,0,0
190052,1,1,1998,0,0,0,0,0,0,0,0,0,0
190052,2,1,1998,0,0,0,0,0,0,0,0,0,0
190053,0,1,1998,0,0,0,0,0,0,0,0,0,0
190053,1,1,1998,0,0,0,0,0,0,0,0,0,0
190054,1,1,1998,0,0,0,0,0,0,0,0,0,0
190054,2,1,1998,0,0,0,0,0,0,0,0,0,0
190055,1,1,1998,5,13,0,11,18,0,3,11,23,0
190056,1,1,1998,0,0,0,0,0,0,0,0,0,0
190056,2,1,1998,0,0,0,0,0,0,0,0,0,0
190057,1,1,1998,0,0,0,0,0,0,0,0,0,0
190057,2,1,1998,0,0,0,0,0,0,0,0,0,0
190058,1,1,1998,23,23,23,23,23,23,23,23,23,23
190059,1,1,1998,23,23,23,23,23,23,23,23,23,23
190060,1,1,1998,0,0,0,0,0,0,0,0,0,0
190061,1,1,1998,0,0,0,0,0,0,0,0,0,0
190061,2,1,1998,0,0,0,0,0,0,0,0,19,0
190062,1,1,1998,0,0,0,0,0,0,0,0,0,0
190062,2,1,1998,0,0,0,0,0,0,0,0,13,0
190063,1,1,1998,0,0,0,0,0,0,0,0,0,0
190064,1,1,1998,0,0,0,0,0,0,0,21,0,0
190064,2,1,1998,0,0,0,0,0,0,0,0,0,0
190065,1,1,1998,0,0,0,0,0,0,0,0,0,0
190065,2,1,1998,0,0,0,0,0,0,0,0,0,0
190066,1,1,1998,0,0,0,0,0,0,0,0,0,0
190066,2,1,1998,0,0,0,0,0,0,0,0,0,0
190067,1,1,1998,19,19,19,19,19,19,19,19,19,19
190067,2,1,1998,0,0,0,0,0,0,0,0,0,0
190067,3,1,1998,0,0,0,0,0,0,0,0,0,0
190068,1,1,1998,0,0,0,0,0,0,0,0,0,0
190068,2,1,1998,0,0,0,0,0,0,0,0,0,0
190069,1,1,1998,0,0,0,0,0,0,0,7,0,0
190069,2,1,1998,0,0,0,0,0,0,0,0,0,0
190070,1,1,1998,0,0,0,0,0,0,0,0,0,0
190070,2,1,1998,0,0,0,0,0,0,0,0,0,0
190071,1,1,1998,0,0,0,0,0,0,0,0,9,0
190071,2,1,1998,0,0,0,0,0,0,0,0,0,0
190072,1,1,1998,0,0,0,0,0,0,0,0,0,0
190072,2,1,1998,0,8,0,0,0,0,0,0,0,18
190073,1,1,1998,0,33,11,25,7,0,15,0,11,13
190073,2,1,1998,0,0,0,0,0,0,0,0,0,0
190074,1,1,1998,18,9,11,15,0,0,0,19,18,12
190075,1,1,1998,0,0,0,16,8,21,0,0,0,0
190076,1,1,1998,14,14,14,14,14,14,14,14,14,14
190077,1,1,1998,0,0,0,0,0,0,0,0,0,0
190077,2,1,1998,0,0,0,0,0,0,0,0,0,0
190078,0,1,1998,0,0,0,0,9,0,0,0,0,0
190078,0,2,1998,9,0,0,0,0,4,14,0,0,0
190078,0,3,1998,27,11,0,0,0,0,0,0,0,15
190078,1,1,1998,0,0,0,0,0,0,0,0,0,0
190079,1,1,1998,12,0,0,0,0,0,0,0,0,0
190079,2,1,1998,0,0,0,0,0,0,0,0,0,0
190081,1,1,1998,0,0,0,0,0,0,0,0,0,0
190081,2,1,1998,0,0,12,0,0,0,0,0,0,16
190082,1,1,1998,9,9,9,9,9,9,9,9,9,9
190083,0,1,1998,0,0,0,0,0,0,0,0,0,0
190083,1,1,1998,21,0,0,0,0,0,14,0,0,0
190084,1,1,1998,0,0,0,0,0,0,13,0,0,0
190084,2,1,1998,0,0,0,0,0,0,0,0,0,0
190085,1,1,1998,0,0,0,0,0,0,0,0,0,0
190085,2,1,1998,0,0,0,0,0,0,0,0,0,0
190085,3,1,1998,0,0,0,0,0,0,0,0,0,0
190086,1,1,1998,0,0,0,0,0,0,0,0,0,0
190086,2,1,1998,0,0,0,0,0,0,0,0,17,0
190087,0,1,1998,16,16,16,16,16,16,16,16,16,16
190087,1,1,1998,0,0,0,0,0,0,0,0,0,0
190088,1,1,1998,0,13,0,0,0,0,0,0,0,0
190088,2,1,1998,0,0,0,0,0,0,0,0,0,0
190089,1,1,1998,0,0,0,0,0,0,0,0,0,0
190089,2,1,1998,0,0,0,0,0,0,0,0,0,0
190090,0,1,1998,0,26,14,13,11,0,16,7,12,36
190090,1,1,1998,5,0,0,0,0,7,0,0,0,0
190091,1,1,1998,0,0,0,0,0,0,0,0,0,0
190091,2,1,1998,0,0,0,0,0,0,0,0,0,0
190092,1,1,1998,0,0,0,0,0,0,0,0,0,0
190092,2,1,1998,0,0,0,0,0,0,0,0,0,23
190093,1,1,1998,0,0,13,0,0,0,0,0,0,0
190094,1,1,1998,0,0,0,0,0,0,0,0,0,0
190094,2,1,1998,0,0,0,0,0,0,0,0,0,0
190095,1,1,1998,0,0,0,0,0,0,0,0,0,0
190095,2,1,1998,0,0,0,0,0,0,0,0,0,0
190096,1,1,1998,0,0,0,0,0,0,0,0,0,0
190097,1,1,1998,0,0,0,0,0,0,0,0,0,0
190098,1,1,1998,0,0,0,0,0,0,0,0,0,0
190098,2,1,1998,30,30,30,30,30,30,30,30,30,30
190099,0,1,1998,0,30,0,0,0,0,0,0,2,0
190099,0,2,1998,0,0,0,0,0,0,7,0,0,0
190099,1,1,1998,0,0,0,0,0,0,0,0,0,0
190100,0,1,1998,0,0,0,0,0,0,0,0,0,0
190100,1,1,1998,0,0,0,0,0,0,0,0,0,0
190101,1,1,1998,0,0,0,0,0,0,0,0,0,0
190102,1,1,1998,0,0,0,0,0,0,0,0,0,0
190102,2,1,1998,0,0,12,0,0,0,0,0,0,0
190103,1,1,1998,0,0,0,0,0,0,0,0,0,0
190103,2,1,1998,0,0,0,0,0,33,0,0,0,0
190103,3,1,1998,0,0,0,0,0,0,0,11,0,0
190104,1,1,1998,21,0,0,0,21,16,25,0,0,0
190105,1,1,1998,1,1,1,1,1,1,1,1,1,1
190106,1,1,1998,0,0,0,0,0,0,0,0,0,0
190106,2,1,1998,0,0,0,0,13,0,0,21,0,0
190107,1,1,1998,0,0,0,0,0,0,0,0,0,0
190107,2,1,1998,0,0,0,0,0,0,0,0,0,0
190108,1,1,1998,29,29,29,29,29,29,29,29,29,29
190109,1,1,1998,0,0,0,0,0,0,0,0,0,0
190109,2,1,1998,0,0,0,0,0,0,0,0,0,0
190109,3,1,1998,0,0,0,0,0,0,0,0,0,0
190109,4,1,1998,0,0,0,0,0,0,0,0,0,0
190110,1,1,1998,39,39,39,39,39,39,39,39,39,39
190111,1,1,1998,27,27,27,27,27,27,27,27,27,27
190112,1,1,1998,17,17,17,17,17,17,17,17,17,17
190113,1,1,1998,22,22,22,22,22,22,22,22,22,22
190114,1,1,1998,17,17,17,17,17,17,17,17,17,17
190115,1,1,1998,30,30,30,30,30,30,30,30,30,30
190116,1,1,1998,0,0,0,0,0,10,0,0,10,0
190116,2,1,1998,0,0,0,0,0,0,0,0,0,0
190117,1,1,1998,15,15,15,15,15,15,15,15,15,15
190118,1,1,1998,24,24,24,24,24,24,24,24,24,24
190119,1,1,1998,0,0,0,0,0,0,0,0,0,0
190119,2,1,1998,0,0,0,0,0,6,0,0,0,0
190120,1,1,1998,0,0,0,0,0,0,0,0,0,0
190121,1,1,1998,10,13,7,19,11,16,16,0,0,22
190122,1,1,1998,26,0,0,12,0,0,0,0,0,0
190122,2,1,1998,0,0,0,0,0,0,22,0,0,0
190123,0,1,1998,0,0,0,32,39,20,0,0,0,18
190123,1,1,1998,8,8,8,8,8,8,8,8,8,8
190124,1,1,1998,0,0,0,7,0,0,0,0,0,0
190124,2,1,1998,0,0,20,0,0,0,14,0,0,0
190125,1,1,1998,0,9,0,0,0,0,0,0,0,0
190125,2,1,1998,0,0,0,0,0,0,0,0,0,0
190126,2,1,1998,0,0,0,0,0,0,0,0,0,0
190127,1,1,1998,0,0,0,0,0,0,0,0,0,0
190127,2,1,1998,0,0,0,0,0,0,0,0,0,0
190128,1,1,1998,0,0,0,0,0,0,0,0,0,0
190128,2,1,1998,0,0,0,0,0,0,0,0,0,0
190129,1,1,1998,0,0,0,0,0,0,0,0,0,0
190129,2,1,1998,0,0,0,0,0,0,0,0,0,0
190130,1,1,1998,0,0,0,0,0,0,0,0,0,0
190130,2,1,1998,0,0,0,0,0,0,0,0,0,0
190130,3,1,1998,0,0,0,0,0,0,0,0,0,0
190131,1,1,1998,0,0,0,0,0,0,0,0,0,0
190131,2,1,1998,0,0,0,0,0,0,0,0,0,0
190132,1,1,1998,0,0,0,0,0,0,0,0,0,0
190132,2,1,1998,0,0,0,0,0,0,0,0,0,0
190133,1,1,1998,0,0,0,0,0,0,0,0,9,0
190133,2,1,1998,0,0,0,9,0,16,10,23,0,0
190133,3,1,1998,0,22,13,10,0,8,10,12,0,6
190134,1,1,1998,0,0,0,0,0,0,0,0,0,0