ST_CASE,VEH_NO,PER_NO,YEAR,P1,P2,P3,P4,P5,P6,P7,P8,P9,P10
190135,1,2,1998,0,0,0,0,13,0,0,0,0,0
190135,2,1,1998,18,0,16,17,0,24,0,0,0,9
190136,1,1,1998,0,34,0,0,0,0,3,0,10,0
190136,2,1,1998,0,0,0,0,0,0,0,0,0,0
190137,1,1,1998,15,15,15,15,15,15,15,15,15,15
190138,1,1,1998,0,0,0,0,0,0,0,0,0,0
190138,2,1,1998,0,0,0,0,0,0,0,0,0,0
190139,1,1,1998,0,0,0,0,0,0,0,0,0,0
190140,1,1,1998,18,18,18,18,18,18,18,18,18,18
190141,1,1,1998,0,0,0,0,0,0,0,0,0,0
190142,1,1,1998,26,26,26,26,26,26,26,26,26,26
190143,1,1,1998,25,25,25,25,25,25,25,25,25,25
190143,2,1,1998,0,0,0,0,0,0,0,0,0,0
190144,0,1,1998,0,0,0,0,0,0,0,0,0,0
190144,1,1,1998,0,0,0,0,0,0,0,0,0,0
190145,1,1,1998,0,0,0,0,0,0,0,0,7,0
190145,2,1,1998,16,0,0,2,0,13,10,0,0,0
190146,1,1,1998,27,27,27,27,27,27,27,27,27,27
190146,2,1,1998,0,0,0,0,0,0,0,0,0,0
190147,1,1,1998,14,14,14,14,14,14,14,14,14,14
190148,1,1,1998,0,0,0,0,0,11,0,0,0,0
190148,2,1,1998,0,0,0,0,0,0,0,0,0,0
190149,1,1,1998,0,0,0,0,0,0,0,0,0,0
190150,1,1,1998,0,6,23,0,9,0,12,4,0,9
190151,1,1,1998,19,19,19,19,19,19,19,19,19,19
190152,0,1,1998,0,0,0,0,0,0,0,0,0,0
190152,1,1,1998,0,0,0,0,0,0,0,0,0,0
190153,0,1,1998,33,33,33,33,33,33,33,33,33,33
190153,1,1,1998,12,12,12,12,12,12,12,12,12,12
190154,1,1,1998,12,12,12,12,12,12,12,12,12,12
190155,1,1,1998,0,0,0,0,0,0,0,0,0,0
190155,2,1,1998,4,4,4,4,4,4,4,4,4,4
190156,1,1,1998,0,0,25,0,0,0,0,0,0,0
190156,2,1,1998,0,0,0,0,0,0,0,0,11,0
190157,1,1,1998,0,0,0,0,0,0,20,0,6,0
190158,1,1,1998,0,8,0,0,0,7,18,9,0,0
190158,2,1,1998,0,0,0,0,0,0,0,0,0,0
190159,1,1,1998,0,0,0,0,0,0,0,0,0,0
190159,2,1,1998,0,0,0,11,0,0,0,0,0,0
190160,1,1,1998,7,7,7,7,7,7,7,7,7,7
190161,1,1,1998,0,0,0,0,0,0,0,0,0,0
190161,2,1,1998,0,0,0,0,0,0,0,0,0,0
190162,1,1,1998,0,0,0,0,0,0,0,0,0,0
190162,2,1,1998,0,0,0,0,0,0,0,0,0,0
190162,3,1,1998,0,0,0,0,0,0,0,0,0,4
190163,1,1,1998,0,0,0,0,0,0,0,0,0,0
190164,1,1,1998,0,0,0,0,0,0,0,0,0,0
190164,2,1,1998,0,0,0,0,0,0,0,0,0,0
190165,1,1,1998,0,0,0,0,0,0,0,0,17,0
190166,1,1,1998,0,0,0,7,0,0,0,0,0,6
190167,1,1,1998,0,0,0,0,0,0,0,0,0,0
190167,2,1,1998,0,0,0,0,0,0,0,0,0,0
190168,1,1,1998,0,0,0,0,0,0,0,0,0,0
190168,2,1,1998,0,0,0,0,0,0,0,0,0,0
190169,1,1,1998,17,17,17,17,17,17,17,17,17,17
190170,1,1,1998,9,9,9,9,9,9,9,9,9,9
190171,1,1,1998,0,0,0,0,0,0,0,0,0,0
190171,2,1,1998,0,0,0,0,0,0,0,0,0,0
190172,1,1,1998,18,18,18,18,18,18,18,18,18,18
190173,1,1,1998,21,21,21,21,21,21,21,21,21,21
190173,2,1,1998,0,0,0,0,0,0,0,0,0,0
190174,1,1,1998,0,0,0,0,0,0,0,0,0,0
190174,2,1,1998,0,0,0,0,0,0,0,0,0,0
190175,1,1,1998,0,0,0,0,0,0,0,0,0,0
190175,2,1,1998,0,0,0,0,0,0,0,0,0,0
190176,1,1,1998,0,0,0,0,0,0,0,0,0,0
190176,2,1,1998,0,0,0,0,0,0,0,0,0,0
190176,3,1,1998,0,0,0,0,0,0,17,0,0,0
190177,1,1,1998,0,0,0,0,0,0,0,0,0,0
190177,2,1,1998,3,3,3,3,3,3,3,3,3,3
190178,1,1,1998,14,14,14,14,14,14,14,14,14,14
190179,0,1,1998,0,0,0,0,0,0,0,0,0,0
190179,1,1,1998,0,0,0,0,0,0,0,0,0,0
190180,1,1,1998,0,12,2,13,0,5,6,0,0,0
190181,1,1,1998,6,6,6,6,6,6,6,6,6,6
190182,1,1,1998,0,0,0,0,0,0,0,0,0,0
190182,2,1,1998,0,0,0,0,0,0,12,0,0,0
190183,1,1,1998,8,8,8,8,8,8,8,8,8,8
190183,2,1,1998,14,0,0,0,0,0,0,0,0,0
190184,1,1,1998,11,11,11,11,11,11,11,11,11,11
190184,2,1,1998,0,0,0,0,0,0,0,0,0,0
190185,1,1,1998,17,17,17,17,17,17,17,17,17,17
190186,1,1,1998,2,0,16,0,0,0,0,0,0,0
190187,1,1,1998,0,0,0,0,0,0,0,0,0,0
190187,2,1,1998,0,24,0,20,0,12,0,19,16,0
190188,1,1,1998,15,15,15,15,15,15,15,15,15,15
190189,1,1,1998,0,0,0,0,0,0,0,0,0,0
190189,2,1,1998,13,0,0,0,0,0,0,0,19,0
190189,3,1,1998,0,0,0,0,0,0,0,0,16,6
190190,1,1,1998,0,0,0,0,0,0,0,0,0,16
190190,2,1,1998,9,0,27,0,2,0,0,0,0,7
190191,1,1,1998,0,0,0,0,0,0,0,0,0,0
190191,2,1,1998,0,0,0,0,0,0,0,0,0,13
190192,1,1,1998,22,22,22,22,22,22,22,22,22,22
190193,1,1,1998,0,0,0,0,0,0,0,0,0,0
190194,1,1,1998,25,25,25,25,25,25,25,25,25,25
190195,1,1,1998,0,0,13,0,0,0,0,0,3,0
190195,2,1,1998,0,0,0,0,0,0,0,0,0,0
190196,1,1,1998,0,0,0,0,0,0,0,0,0,0
190196,2,1,1998,0,0,0,0,21,0,0,0,0,0
190197,1,1,1998,0,0,0,0,0,0,0,0,0,0
190197,2,1,1998,11,11,11,11,11,11,11,11,11,11
190198,1,1,1998,30,30,30,30,30,30,30,30,30,30
190199,1,1,1998,0,0,0,0,0,0,0,0,0,0
190199,2,1,1998,0,0,0,0,0,0,0,0,0,10
190200,0,1,1998,0,0,19,0,0,0,0,0,0,0
190200,1,1,1998,0,0,5,0,0,0,0,0,0,0
190201,1,1,1998,16,16,16,16,16,16,16,16,16,16
190202,1,1,1998,0,0,0,0,0,0,0,3,0,0
190202,2,1,1998,0,8,0,9,0,0,17,13,0,0
190203,1,1,1998,14,14,14,14,14,14,14,14,14,14
190204,1,1,1998,20,20,20,20,20,20,20,20,20,20
190205,1,1,1998,19,0,22,0,9,0,0,0,0,0
190205,2,1,1998,0,0,0,0,0,0,0,0,0,0
190206,1,1,1998,0,0,0,0,0,0,0,0,0,0
190206,2,1,1998,0,0,0,0,0,0,0,0,11,0
190207,1,1,1998,24,0,0,0,0,14,0,0,0,0
190208,1,1,1998,0,0,0,0,0,0,0,0,0,0
190208,2,1,1998,0,0,0,0,0,0,0,0,0,0
190209,1,1,1998,2,2,2,2,2,2,2,2,2,2
190209,2,1,1998,0,0,0,0,0,0,0,0,0,0
190210,1,1,1998,33,0,0,12,0,17,10,0,0,0
190210,2,1,1998,0,0,0,0,0,0,0,0,0,0
190211,1,1,1998,16,16,16,16,16,16,16,16,16,16
190212,1,1,1998,0,0,0,0,0,0,0,0,0,0
190212,2,1,1998,0,0,0,0,0,0,0,0,0,0
190213,1,1,1998,15,15,15,15,15,15,15,15,15,15
190214,1,1,1998,0,0,0,0,0,0,0,0,0,0
190214,2,1,1998,0,0,0,0,0,0,0,0,0,0
190215,1,1,1998,0,0,0,0,0,0,0,0,0,0
190215,2,1,1998,0,0,0,0,0,0,0,0,0,0
190216,1,1,1998,0,0,0,0,0,0,0,0,0,0
190217,1,1,1998,0,0,0,0,0,0,0,0,0,0
190217,2,1,1998,0,0,17,27,9,0,0,10,11,0
190218,1,1,1998,0,0,0,0,0,0,0,0,0,0
190219,1,1,1998,0,0,0,0,0,0,0,0,0,0
190219,2,1,1998,0,0,0,0,0,0,0,0,0,0
190220,1,1,1998,0,0,0,0,0,0,0,0,0,0
190221,1,1,1998,0,10,0,13,0,0,0,0,0,0
190221,2,1,1998,0,0,0,0,0,0,0,0,0,0
190222,1,1,1998,20,20,20,20,20,20,20,20,20,20
190223,1,1,1998,0,2,0,0,0,0,0,0,0,0
190223,2,1,1998,1,1,1,1,1,1,1,1,1,1
190224,1,1,1998,18,18,18,18,18,18,18,18,18,18
190225,1,1,1998,36,36,36,36,36,36,36,36,36,36
190226,1,1,1998,0,0,0,0,0,0,0,0,0,0
190226,2,1,1998,0,0,0,0,0,0,0,0,0,0
190227,1,1,1998,0,13,0,0,0,0,11,5,0,0
190227,2,1,1998,0,0,0,0,0,0,0,0,0,0
190227,3,1,1998,0,0,0,0,0,0,0,0,12,27
190228,0,1,1998,0,0,22,19,0,0,13,52,26,18
190228,1,1,1998,0,0,0,0,0,0,0,0,0,0
190229,1,1,1998,13,0,0,0,4,0,0,0,0,0
190229,2,1,1998,0,0,0,0,0,0,0,0,0,0
190229,3,1,1998,0,0,0,0,0,0,0,0,0,0
190230,1,1,1998,0,0,0,0,0,0,0,0,0,0
190230,2,1,1998,0,0,0,0,0,0,0,0,0,0
190231,1,1,1998,0,10,0,0,0,0,0,0,0,0
190232,1,1,1998,0,0,0,0,0,0,0,0,0,0
190232,2,1,1998,0,0,0,0,0,0,0,0,20,0
190233,1,1,1998,30,30,30,30,30,30,30,30,30,30
190233,2,1,1998,0,0,0,0,0,0,0,0,0,0
190234,1,1,1998,0,0,0,0,0,0,0,0,0,0
190234,2,1,1998,0,0,0,0,0,0,0,0,0,0
190235,1,1,1998,17,9,0,0,0,0,0,0,16,0
190236,1,1,1998,0,0,0,0,0,0,0,0,0,0
190236,2,1,1998,0,0,11,0,0,0,0,16,17,0
190237,1,1,1998,0,0,0,0,0,0,0,0,0,0
190237,2,1,1998,0,0,0,0,0,0,0,0,28,0
190238,1,1,1998,13,13,13,13,13,13,13,13,13,13
190239,1,1,1998,0,0,0,0,0,14,0,0,0,0
190239,2,1,1998,0,17,0,11,0,0,11,0,0,0
190240,1,1,1998,0,0,0,0,0,0,17,0,0,0
190240,2,1,1998,0,0,0,0,0,0,0,0,0,0
190241,0,1,1998,19,14,0,0,0,0,0,0,0,0
190241,1,1,1998,18,0,0,0,0,0,0,0,0,0
190242,1,1,1998,0,0,0,0,0,0,0,0,13,0
190242,2,1,1998,0,0,0,0,0,0,0,0,0,0
190242,3,1,1998,0,0,0,0,0,0,0,0,0,0
190243,0,1,1998,20,0,0,0,0,16,9,24,0,0
190243,1,1,1998,0,0,0,0,0,0,0,0,0,0
190244,1,1,1998,0,31,31,0,26,15,0,0,0,15
190245,1,1,1998,0,0,0,0,0,0,0,0,0,0
190245,2,1,1998,0,0,0,0,0,0,6,0,0,0
190246,1,1,1998,0,0,0,0,0,0,0,0,0,0
190246,2,1,1998,0,0,0,0,0,0,0,0,0,0
190246,3,1,1998,0,0,0,0,0,0,0,0,0,0
190247,0,1,1998,0,0,0,0,0,0,0,0,0,0
190247,1,1,1998,0,0,0,0,0,0,0,0,0,0
190248,0,1,1998,0,0,0,0,0,0,0,0,0,0
190248,1,1,1998,0,0,0,0,0,0,0,0,0,0
190248,2,1,1998,17,0,0,0,0,10,0,0,0,0
190249,1,1,1998,0,0,0,0,0,0,0,0,0,0
190249,2,1,1998,0,0,0,0,0,0,0,0,0,0
190250,1,1,1998,6,0,0,16,0,0,0,14,10,0
190250,2,1,1998,0,0,7,0,0,0,5,21,0,0
190251,1,1,1998,5,21,8,0,0,0,0,0,0,9
190252,1,1,1998,17,17,17,17,17,17,17,17,17,17
190253,1,1,1998,9,0,0,0,0,0,0,0,0,0
190253,2,1,1998,0,6,0,0,12,0,0,0,0,0
190254,1,1,1998,0,0,0,0,0,0,0,0,0,0
190254,2,1,1998,13,24,14,20,0,0,0,0,18,0
190255,1,1,1998,0,16,15,0,10,0,15,12,0,37
190256,1,1,1998,0,0,0,0,0,0,0,0,0,0
190257,1,1,1998,0,0,0,0,0,0,0,0,0,0
190257,2,1,1998,0,0,0,0,0,0,0,0,0,0
190257,3,1,1998,0,0,0,0,0,0,0,0,0,10
190258,1,1,1998,0,0,0,0,0,0,0,0,0,0
190258,2,1,1998,0,0,0,0,0,0,0,0,0,0
190259,1,1,1998,0,0,0,0,9,0,0,0,0,0
190260,1,1,1998,13,13,13,13,13,13,13,13,13,13
190261,1,1,1998,13,13,13,13,13,13,13,13,13,13
190262,1,1,1998,0,0,0,0,0,0,0,0,0,0
190263,1,1,1998,28,28,28,28,28,28,28,28,28,28
190264,1,1,1998,13,13,13,13,13,13,13,13,13,13
190264,2,1,1998,0,0,0,0,0,0,0,0,0,0
190265,0,1,1998,0,0,0,0,0,0,0,0,0,6
190265,1,1,1998,0,0,0,0,0,0,0,0,0,0
190266,1,1,1998,0,0,0,0,0,0,0,0,0,0
190267,1,1,1998,0,0,0,0,0,0,0,0,0,0
190267,2,1,1998,5,0,0,0,0,0,0,0,0,0
190268,1,1,1998,8,8,17,0,5,5,17,21,0,0
190269,1,1,1998,0,0,0,0,0,0,0,0,0,0
190269,2,1,1998,0,0,0,0,0,0,0,0,0,0
190270,1,1,1998,0,0,0,0,0,0,0,0,0,0
190271,1,1,1998,0,0,0,0,0,0,0,0,0,0
190271,2,1,1998,0,0,0,14,18,0,0,23,0,0
190272,1,1,1998,0,0,0,0,0,0,0,0,0,0
190272,2,1,1998,0,0,0,0,0,0,0,0,0,0
190273,1,1,1998,0,0,0,0,0,0,0,0,0,0
190273,2,1,1998,0,0,0,0,0,0,0,0,0,0
190274,1,1,1998,18,18,18,18,18,18,18,18,18,18
190274,2,1,1998,0,0,0,0,0,0,0,0,0,0
190274,3,1,1998,0,0,0,0,0,0,0,0,0,0
190275,1,1,1998,13,13,13,13,13,13,13,13,13,13
190275,2,1,1998,0,0,8,0,0,0,0,0,0,0
190276,0,1,1998,0,0,0,0,0,0,0,0,0,0
190276,1,1,1998,0,0,0,0,0,0,0,0,0,0
190277,0,1,1998,0,0,0,0,0,0,0,0,0,0
190277,0,2,1998,0,0,0,0,0,0,0,0,0,0
190277,1,1,1998,15,13,0,20,32,30,14,0,11,12
190278,1,1,1998,9,7,8,27,21,0,0,11,11,14
190278,2,1,1998,0,0,0,0,0,0,35,0,0,0
190279,1,1,1998,0,0,0,0,0,0,0,0,0,0
190279,2,1,1998,20,0,21,0,0,10,0,0,0,16
190280,1,1,1998,0,0,0,0,0,0,0,0,0,0
190280,2,1,1998,0,0,0,0,0,0,0,0,0,0
190281,1,1,1998,30,30,30,30,30,30,30,30,30,30
190282,1,1,1998,0,0,0,0,0,0,0,0,0,0
190282,2,1,1998,0,0,0,0,0,0,0,0,0,0
190283,1,1,1998,0,0,0,0,0,0,0,0,0,0
190284,1,1,1998,0,0,0,0,0,0,0,0,0,0
190284,2,1,1998,0,0,0,0,0,0,0,24,0,0
190285,1,1,1998,15,15,15,15,15,15,15,15,15,15
190286,0,1,1998,0,0,0,0,0,0,0,0,0,0
190286,1,1,1998,0,0,0,4,0,0,0,0,0,0
190287,1,1,1998,17,17,17,17,17,17,17,17,17,17
190288,1,1,1998,0,0,0,0,0,0,0,0,0,0
190288,2,1,1998,0,0,10,0,4,0,15,0,0,0
190289,1,1,1998,0,0,0,0,0,0,0,0,0,0
190289,2,1,1998,0,0,0,0,0,0,0,0,0,0
190290,1,1,1998,0,0,0,0,0,0,0,0,0,0
190290,2,1,1998,0,0,0,0,0,0,0,0,0,0
190291,1,1,1998,15,15,15,15,15,15,15,15,15,15
190292,1,1,1998,0,0,0,0,0,0,0,0,0,0
190292,2,1,1998,0,0,0,0,0,0,0,0,0,0
190293,0,1,1998,0,0,0,0,0,0,0,0,0,0
190293,1,1,1998,0,0,0,0,0,0,0,0,0,9
190294,1,1,1998,0,0,0,0,0,0,0,0,0,0
190294,2,1,1998,0,0,14,23,0,0,0,0,0,15
190295,1,1,1998,0,0,0,0,0,0,0,0,0,15
190296,1,1,1998,0,0,0,0,0,0,0,0,0,0
190296,2,1,1998,13,13,13,13,13,13,13,13,13,13
190297,1,1,1998,0,0,0,0,0,0,0,0,0,0
190297,2,1,1998,0,0,0,0,0,0,0,0,0,0
190297,3,1,1998,0,0,0,0,0,0,0,0,0,0
190298,0,1,1998,0,0,0,0,0,0,0,0,0,0
190298,1,1,1998,0,0,16,0,20,0,0,0,0,0
190299,1,1,1998,0,0,0,0,0,0,0,0,0,0
190300,1,1,1998,4,16,0,0,0,22,0,15,13,31
190301,1,1,1998,0,0,0,0,0,0,0,0,0,0
190301,2,1,1998,0,0,0,0,0,0,0,0,0,0
190302,1,1,1998,0,0,0,0,0,0,0,0,0,0
190302,2,1,1998,0,0,0,0,0,0,0,0,0,0
190303,1,1,1998,1,1,1,1,1,1,1,1,1,1
190303,2,1,1998,0,0,0,0,0,0,0,0,0,0
190304,1,1,1998,0,0,12,0,11,22,0,0,0,0
190305,0,1,1998,18,18,18,18,18,18,18,18,18,18
190305,0,2,1998,12,0,33,0,8,0,0,0,14,0
190305,1,1,1998,0,0,0,0,0,0,0,0,0,0
190306,1,1,1998,16,0,0,0,17,0,0,16,0,0
190307,1,1,1998,0,0,0,0,0,0,0,0,0,0
190307,2,1,1998,0,7,0,0,15,0,0,0,0,0
190308,1,1,1998,0,0,0,0,0,0,0,0,0,6
190309,1,1,1998,0,0,0,0,0,0,11,11,15,6
190310,1,1,1998,11,0,0,0,0,3,0,0,0,0
190310,2,1,1998,0,0,0,0,0,0,0,0,0,0
190311,1,1,1998,0,0,0,0,0,0,0,0,0,0
190311,2,1,1998,0,0,0,0,0,0,0,0,0,0
190312,1,1,1998,0,0,0,0,0,0,0,0,0,0
190312,2,1,1998,0,0,0,0,0,0,0,0,0,0
190313,1,1,1998,17,17,17,17,17,17,17,17,17,17
190314,1,1,1998,0,0,0,0,0,0,0,0,0,0
190314,2,1,1998,1,1,1,1,1,1,1,1,1,1
190315,1,1,1998,3,3,3,3,3,3,3,3,3,3
190315,2,1,1998,0,0,0,0,0,0,0,0,0,0
190316,1,1,1998,0,0,0,0,0,0,0,0,0,0
190317,1,1,1998,0,0,0,0,0,13,0,28,0,0
190317,2,1,1998,0,0,0,0,0,0,0,0,0,0
190318,1,1,1998,11,11,11,11,11,11,11,11,11,11
190319,1,1,1998,9,9,9,9,9,9,9,9,9,9
190319,2,1,1998,0,0,0,0,0,0,0,0,0,0
190320,1,1,1998,15,15,15,15,15,15,15,15,15,15
190321,1,1,1998,0,0,0,26,0,0,21,0,22,0
190322,1,1,1998,0,0,0,0,0,0,0,0,0,10
190322,2,1,1998,21,21,21,21,21,21,21,21,21,21
190323,1,1,1998,8,8,8,8,8,8,8,8,8,8
190324,1,1,1998,0,27,0,3,44,0,19,0,0,0
190325,1,1,1998,14,0,0,0,7,12,0,0,0,0
190325,2,1,1998,0,0,0,0,0,0,6,0,0,0
190326,1,1,1998,26,26,26,26,26,26,26,26,26,26
190327,1,1,1998,0,0,0,0,0,0,0,0,26,0
190328,1,1,1998,12,12,12,12,12,12,12,12,12,12
190329,1,1,1998,0,0,0,0,0,22,0,0,0,0
190329,2,1,1998,0,0,0,0,0,0,0,0,0,0
190330,1,1,1998,0,0,0,0,0,0,0,0,0,0
190330,2,1,1998,0,0,0,0,0,0,0,0,0,0
190330,3,1,1998,5,0,0,0,0,0,0,0,12,0
190331,0,1,1998,0,0,16,0,13,22,7,13,0,11
190331,1,1,1998,0,0,0,0,0,0,0,0,0,0
190332,1,1,1998,0,0,0,0,0,0,0,0,0,0
190332,2,1,1998,0,0,0,0,0,0,0,0,0,0
190333,1,1,1998,0,0,0,0,0,0,0,0,0,0
190333,2,1,1998,0,0,0,0,0,0,0,0,0,0
190334,1,1,1998,20,20,20,20,20,20,20,20,20,20
190335,1,1,1998,0,0,0,0,0,0,0,0,0,0
190336,1,1,1998,0,0,0,0,0,0,0,0,0,0
190336,2,1,1998,0,0,0,0,7,0,0,0,0,0
190336,3,1,1998,0,0,0,0,0,0,0,0,0,0
190337,1,1,1998,0,0,0,0,0,0,0,0,0,0
190337,2,1,1998,0,0,0,0,0,0,0,0,0,0
190338,1,1,1998,18,18,18,18,18,18,18,18,18,18
190339,1,1,1998,0,0,0,0,0,0,0,0,0,0
190340,1,1,1998,14,14,14,14,14,14,14,14,14,14
190341,1,1,1998,0,0,0,0,0,0,0,0,0,0
190341,2,1,1998,11,11,11,11,11,11,11,11,11,11
190342,1,1,1998,0,0,0,0,0,0,0,0,0,0
190342,2,1,1998,0,0,0,22,0,0,0,0,0,0
190343,1,1,1998,0,0,0,0,0,0,0,10,0,18
190343,2,1,1998,0,0,0,0,0,0,0,0,0,0
190344,1,1,1998,3,3,3,3,3,3,3,3,3,3
190344,2,1,1998,0,0,0,0,0,0,0,0,0,0
190345,1,1,1998,0,0,0,22,0,0,12,0,0,0
190345,2,1,1998,0,0,0,0,0,0,0,0,0,0
190346,1,1,1998,0,0,0,0,0,0,0,0,0,0
190346,2,1,1998,0,0,0,0,0,0,0,0,0,0
190347,1,1,1998,15,16,0,0,13,0,0,10,0,0
190348,1,1,1998,0,0,0,0,0,0,0,0,0,0
190348,2,1,1998,0,0,0,0,0,0,0,0,0,0
190349,1,1,1998,0,0,0,0,0,0,0,0,0,33
190350,1,1,1998,15,15,15,15,15,15,15,15,15,15
190351,1,1,1998,0,5,0,0,0,16,0,0,0,0
190351,2,1,1998,0,0,0,0,0,0,0,0,0,0
190352,1,1,1998,22,22,22,22,22,22,22,22,22,22
190353,1,1,1998,0,0,0,0,0,0,0,0,0,0
190353,2,1,1998,0,0,0,0,0,0,0,0,0,0
190354,1,1,1998,0,0,0,0,0,0,0,0,0,0
190354,2,1,1998,0,0,0,0,0,0,0,0,0,0
190355,1,1,1998,0,20,0,0,0,23,0,0,0,0
190356,1,1,1998,0,0,0,0,0,0,0,0,0,0
190357,1,1,1998,13,13,13,13,13,13,13,13,13,13
190358,1,1,1998,0,0,0,0,0,0,0,0,0,0
190358,2,1,1998,0,0,0,0,0,0,0,0,0,0
190359,1,1,1998,0,0,0,0,0,0,0,0,0,0
190359,2,1,1998,0,0,0,0,0,0,0,0,0,0
190360,1,1,1998,6,6,6,6,6,6,6,6,6,6
190361,1,1,1998,0,0,0,0,0,0,0,0,0,0
190361,2,1,1998,0,0,0,0,0,0,0,0,0,0
190361,3,1,1998,0,0,0,0,0,0,0,0,0,0
190362,1,1,1998,0,0,0,0,0,0,0,0,0,0
190362,2,1,1998,0,0,0,0,0,0,0,0,0,0
190363,1,1,1998,0,0,0,0,0,0,0,12,0,0
190364,0,1,1998,0,0,0,0,0,0,0,0,0,0
190364,1,1,1998,0,0,0,0,0,0,0,0,0,0
190365,1,1,1998,0,0,0,0,0,0,0,0,7,0
190365,2,1,1998,0,0,0,7,0,0,0,0,0,0
190366,1,1,1998,0,0,0,0,10,0,0,0,0,0
190366,2,1,1998,0,0,0,0,0,0,15,0,0,0
190366,3,1,1998,0,0,0,0,0,0,0,0,0,0
190367,0,1,1998,0,0,0,0,0,0,0,0,0,0
190367,1,1,1998,0,0,0,0,0,0,0,0,0,12
190368,1,1,1998,0,0,0,0,0,0,0,0,0,0
190369,1,1,1998,19,21,0,0,13,36,0,23,14,0
190370,0,1,1998,0,0,0,0,0,0,0,0,0,0
190370,1,1,1998,0,6,0,0,0,0,14,0,0,0
190371,1,1,1998,0,0,0,0,0,0,0,0,0,0
190372,1,1,1998,9,9,9,9,9,9,9,9,9,9
190373,1,1,1998,0,0,0,0,0,0,0,0,0,0
190373,2,1,1998,0,0,0,0,0,0,0,0,0,0
190374,1,1,1998,0,0,0,0,0,0,0,0,0,0
190374,2,1,1998,0,0,0,0,0,0,0,0,0,0
190375,1,1,1998,19,19,19,19,19,19,19,19,19,19
190376,1,1,1998,0,0,0,0,0,0,0,0,0,0
190376,2,1,1998,0,14,0,0,14,21,0,0,23,0
190377,1,1,1998,0,0,0,0,0,0,0,0,0,0
190377,2,1,1998,0,0,0,0,0,0,0,0,0,0
190378,1,1,1998,0,0,0,0,0,0,0,0,0,0
190378,2,1,1998,0,0,0,0,0,0,0,0,0,0
190379,1,1,1998,0,15,0,0,15,0,14,17,18,0
190379,2,1,1998,0,0,0,0,0,0,0,0,0,0
190380,1,1,1998,0,0,0,0,0,0,0,0,0,0
190380,2,1,1998,0,0,0,0,0,0,0,0,0,0
190381,1,1,1998,2,2,2,2,2,2,2,2,2,2
190382,0,1,1998,0,0,0,0,0,0,0,3,0,0
190382,0,2,1998,0,0,0,0,0,0,0,0,0,0
190382,1,1,1998,0,0,0,0,0,0,0,0,0,0
190382,2,1,1998,0,0,0,0,0,0,0,0,0,0
190382,3,1,1998,0,0,0,0,0,0,0,0,0,0
190382,5,1,1998,0,0,0,0,0,0,0,0,0,0
190382,6,1,1998,0,0,0,0,4,0,0,0,0,0
190382,7,1,1998,0,0,0,0,0,0,11,0,0,0
190382,8,1,1998,0,0,0,0,0,0,0,0,0,0
190382,9,1,1998,0,0,0,0,0,0,0,0,0,0
190382,10,1,1998,0,0,0,0,0,0,0,0,0,0
190382,11,1,1998,0,0,0,0,0,0,0,0,0,0
190382,12,1,1998,0,0,0,0,0,0,0,0,0,0
190382,13,1,1998,0,0,0,0,0,0,0,0,0,0
190382,14,1,1998,0,0,6,0,0,0,0,0,0,0
190382,15,1,1998,0,0,0,0,0,0,0,0,0,0
190382,16,1,1998,0,0,0,6,0,0,0,0,5,0
190382,17,1,1998,0,0,0,0,0,0,0,0,0,0
190383,1,1,1998,0,0,0,0,0,0,0,0,0,0
190383,2,1,1998,0,0,0,0,0,0,0,0,0,0
190384,1,1,1998,0,0,0,0,0,0,0,0,0,0
190384,2,1,1998,10,14,0,0,25,0,0,17,0,0
190385,1,1,1998,0,0,0,0,18,0,0,0,7,0
190385,2,1,1998,0,0,0,23,16,22,2,0,6,0
190386,1,1,1998,13,0,0,0,0,0,0,0,0,0
190386,2,1,1998,0,0,0,0,0,0,0,0,0,0
190387,1,1,1998,0,0,0,0,0,0,0,0,0,0
190388,1,1,1998,0,0,0,0,0,0,0,28,9,0
190388,2,1,1998,0,0,21,23,0,0,23,0,0,0
190388,3,1,1998,0,0,0,21,0,0,0,0,4,0
200001,1,1,1998,0,0,0,0,25,0,0,0,0,0
200001,2,1,1998,15,20,15,12,26,27,17,15,12,13
200002,1,1,1998,0,0,0,0,0,0,0,0,0,0
200003,1,1,1998,0,0,0,0,0,0,0,0,0,0
200004,1,1,1998,0,0,0,0,0,0,0,0,0,0
200004,2,1,1998,0,0,0,0,0,0,0,0,0,0
200005,1,1,1998,0,0,0,0,0,0,0,0,0,0
200005,2,1,1998,0,0,0,0,0,0,0,0,0,0
200006,1,1,1998,28,28,28,28,28,28,28,28,28,28
200007,1,1,1998,0,0,0,0,0,0,0,0,0,0
200007,2,1,1998,0,0,0,0,0,0,0,0,0,0
200008,1,1,1998,0,0,0,0,0,0,0,0,0,0
200009,1,1,1998,0,0,0,0,0,0,0,0,0,0
200009,2,1,1998,0,0,0,0,0,0,0,0,0,0
200010,1,1,1998,0,0,0,0,0,0,0,0,0,0
200010,2,1,1998,0,0,0,0,0,0,0,0,0,0
200011,1,1,1998,7,20,0,0,0,0,0,0,16,0
200012,1,1,1998,26,26,26,26,26,26,26,26,26,26
200013,1,1,1998,23,23,23,23,23,23,23,23,23,23
200014,1,1,1998,0,0,0,0,0,0,0,0,0,0
200014,2,1,1998,0,0,0,0,0,0,0,0,0,0
200015,1,1,1998,0,0,0,0,0,0,0,0,0,0
200015,2,1,1998,0,0,0,0,0,0,0,0,0,0