ST_CASE,VEH_NO,PER_NO,YEAR,P1,P2,P3,P4,P5,P6,P7,P8,P9,P10
210151,1,1,1998,0,0,0,0,0,0,0,0,0,0
210151,2,1,1998,0,0,0,0,0,0,0,0,0,0
210152,1,1,1998,20,20,20,20,20,20,20,20,20,20
210153,1,1,1998,18,18,18,18,18,18,18,18,18,18
210154,1,1,1998,0,0,0,0,0,0,0,0,0,0
210154,2,1,1998,0,0,0,17,0,17,0,0,0,0
210155,1,1,1998,24,24,24,24,24,24,24,24,24,24
210156,1,1,1998,0,0,0,0,0,0,0,0,0,0
210156,2,1,1998,0,0,0,0,0,0,0,0,0,0
210157,1,1,1998,0,0,0,23,0,0,0,0,0,3
210158,1,1,1998,17,17,17,17,17,17,17,17,17,17
210159,1,1,1998,0,0,0,0,0,0,0,0,0,0
210159,2,1,1998,0,0,0,0,0,0,0,0,0,0
210160,1,1,1998,0,0,0,0,0,0,0,0,0,0
210161,1,1,1998,9,9,9,9,9,9,9,9,9,9
210162,1,1,1998,21,21,21,21,21,21,21,21,21,21
210163,1,1,1998,7,7,7,7,7,7,7,7,7,7
210164,1,1,1998,0,0,0,0,0,0,0,0,0,0
210164,2,1,1998,0,0,0,0,0,0,0,0,0,0
210165,1,1,1998,22,23,11,10,9,55,17,19,20,10
210166,0,1,1998,0,0,0,17,0,0,19,5,0,16
210166,1,1,1998,0,0,0,0,0,0,0,0,0,0
210167,0,1,1998,0,0,0,0,0,0,0,0,0,0
210167,1,1,1998,20,26,26,7,19,19,8,17,0,12
210167,2,1,1998,0,0,0,0,0,0,0,0,0,0
210168,0,1,1998,14,14,14,14,14,14,14,14,14,14
210168,1,1,1998,0,0,0,0,0,0,0,0,0,0
210169,0,1,1998,0,0,0,0,0,0,0,0,0,0
210169,1,1,1998,0,0,0,0,0,0,0,0,0,0
210170,1,1,1998,0,0,0,0,0,0,0,0,0,0
210171,0,1,1998,0,0,0,0,0,0,0,0,0,0
210171,1,1,1998,0,0,0,0,0,0,0,0,0,0
210172,1,1,1998,0,0,0,0,0,0,0,0,0,0
210172,2,1,1998,0,0,0,0,0,0,0,0,0,0
210173,1,1,1998,1,1,1,1,1,1,1,1,1,1
210173,2,1,1998,0,0,0,0,0,0,0,0,0,0
210174,1,1,1998,0,0,0,0,0,0,0,0,0,0
210174,2,1,1998,0,0,0,0,0,0,0,0,0,0
210175,1,1,1998,25,25,25,25,25,25,25,25,25,25
210175,2,1,1998,0,0,0,0,14,0,0,0,0,0
210176,1,1,1998,0,0,0,0,0,0,0,0,0,0
210177,1,1,1998,16,16,16,16,16,16,16,16,16,16
210178,0,1,1998,0,0,0,0,0,0,0,0,0,0
210178,1,1,1998,0,0,0,0,0,0,0,0,0,0
210179,1,1,1998,0,0,0,0,0,0,0,0,0,0
210179,2,1,1998,0,0,0,0,17,0,0,0,0,0
210180,1,1,1998,0,0,0,0,0,0,0,0,0,0
210180,2,1,1998,0,0,0,0,0,0,0,0,0,0
210181,1,1,1998,4,4,4,4,4,4,4,4,4,4
210182,1,1,1998,0,12,0,4,0,9,0,0,0,0
210183,1,1,1998,0,0,0,0,0,0,0,0,0,0
210184,1,1,1998,7,7,7,7,7,7,7,7,7,7
210185,1,1,1998,0,0,0,0,0,0,0,0,0,0
210185,2,1,1998,0,7,0,0,0,0,0,0,0,0
210186,1,1,1998,0,0,0,0,0,0,0,0,0,0
210186,2,1,1998,0,0,0,0,0,0,0,0,0,0
210187,1,1,1998,0,0,0,0,0,0,0,0,0,0
210187,2,1,1998,0,0,0,0,0,0,0,0,0,0
210188,1,1,1998,10,11,16,20,15,11,15,13,12,22
210188,2,1,1998,0,0,0,0,0,0,0,0,0,0
210189,1,1,1998,7,7,7,7,7,7,7,7,7,7
210190,1,1,1998,0,0,0,0,0,0,14,0,0,0
210191,1,1,1998,0,0,0,0,0,0,0,0,0,0
210191,2,1,1998,0,0,0,0,0,0,0,0,0,0
210192,0,1,1998,11,11,11,11,11,11,11,11,11,11
210192,1,1,1998,0,0,0,0,0,0,0,0,0,0
210192,2,1,1998,0,0,0,0,0,0,0,0,0,0
210193,1,1,1998,0,0,0,0,0,0,0,0,0,0
210194,1,1,1998,0,0,0,0,0,0,0,0,0,0
210195,1,1,1998,0,0,0,0,0,0,0,0,0,0
210196,1,1,1998,21,21,21,21,21,21,21,21,21,21
210197,1,1,1998,0,0,4,14,14,0,0,19,19,5
210198,1,1,1998,0,0,0,0,0,0,0,0,0,0
210199,1,1,1998,0,0,0,0,0,0,0,0,0,0
210199,2,1,1998,0,0,0,0,0,0,0,0,0,0
210200,1,1,1998,0,0,0,0,0,0,0,0,0,0
210200,2,1,1998,0,0,0,0,0,0,0,0,0,0
210201,1,1,1998,20,20,20,20,20,20,20,20,20,20
210201,2,1,1998,0,0,0,0,0,0,0,0,0,20
210202,1,1,1998,10,10,10,10,10,10,10,10,10,10
210203,1,1,1998,0,0,0,0,0,0,0,0,0,0
210204,1,1,1998,0,0,0,0,0,0,0,0,0,0
210204,2,1,1998,0,0,0,0,0,0,0,0,0,0
210205,1,1,1998,15,15,15,15,15,15,15,15,15,15
210206,0,1,1998,0,0,0,0,0,0,0,0,0,0
210206,1,1,1998,0,0,0,0,0,0,0,0,0,0
210207,1,1,1998,0,0,0,0,0,0,0,0,0,0
210207,2,1,1998,0,0,0,0,0,0,0,0,0,0
210208,1,1,1998,0,0,0,0,0,0,0,0,0,0
210209,1,1,1998,0,0,0,0,0,0,0,0,0,0
210210,1,1,1998,0,0,0,0,0,0,0,0,0,0
210211,1,1,1998,0,0,0,0,0,0,0,0,0,0
210211,2,1,1998,16,16,16,16,16,16,16,16,16,16
210212,1,1,1998,0,0,0,0,0,0,0,0,0,0
210213,1,1,1998,13,13,13,13,13,13,13,13,13,13
210214,1,1,1998,0,0,0,0,0,0,0,0,0,0
210214,2,1,1998,0,0,0,0,0,0,0,0,0,0
210215,1,1,1998,21,21,21,21,21,21,21,21,21,21
210216,1,1,1998,0,0,0,0,0,0,0,0,0,0
210216,2,1,1998,0,0,0,0,0,0,0,0,0,0
210217,1,1,1998,0,0,0,0,0,0,0,0,0,0
210217,2,1,1998,0,0,0,0,0,0,0,0,0,0
210218,1,1,1998,18,18,18,18,18,18,18,18,18,18
210219,0,1,1998,0,0,0,0,0,0,0,0,0,0
210219,1,1,1998,0,0,0,0,0,0,0,0,0,0
210220,1,1,1998,24,24,24,24,24,24,24,24,24,24
210220,2,1,1998,0,0,0,0,0,0,0,0,0,0
210221,1,1,1998,0,0,0,0,0,0,0,0,0,0
210222,1,1,1998,0,0,0,0,0,0,0,0,0,0
210222,2,1,1998,0,0,0,0,0,0,0,0,0,0
210223,1,1,1998,0,30,0,0,33,14,43,0,0,0
210224,1,1,1998,0,0,0,0,0,0,0,0,0,0
210225,1,1,1998,0,0,0,0,0,0,0,0,0,0
210226,1,1,1998,0,0,0,0,0,0,0,0,0,0
210226,2,1,1998,0,0,0,0,0,0,0,0,0,0
210227,1,1,1998,0,0,0,0,0,0,0,0,0,0
210228,1,1,1998,3,3,3,3,3,3,3,3,3,3
210229,1,1,1998,0,0,0,0,0,0,0,0,0,0
210230,1,1,1998,0,0,0,0,0,0,0,0,0,0
210230,2,1,1998,0,0,0,0,0,0,0,0,0,0
210231,1,1,1998,0,0,0,0,0,0,0,0,0,0
210231,2,1,1998,13,13,13,13,13,13,13,13,13,13
210232,1,1,1998,0,0,0,0,18,0,0,0,0,0
210232,2,1,1998,0,0,0,0,0,0,0,0,0,0
210233,1,1,1998,0,0,0,0,0,0,0,0,0,0
210234,1,1,1998,0,0,0,0,0,0,0,0,0,0
210234,2,1,1998,0,0,14,0,0,0,0,0,0,0
210235,1,1,1998,0,0,0,0,0,0,0,0,0,0
210235,2,1,1998,0,0,0,0,0,0,0,0,0,0
210236,1,1,1998,0,0,0,0,0,0,0,0,0,0
210236,2,1,1998,0,0,0,0,0,0,0,0,0,0
210237,1,1,1998,10,10,10,10,10,10,10,10,10,10
210238,1,1,1998,0,0,0,0,0,0,0,0,0,0
210239,1,1,1998,0,0,0,0,12,0,0,0,0,0
210240,0,1,1998,23,0,0,0,0,16,0,0,0,0
210240,1,1,1998,0,0,0,0,0,0,0,0,0,0
210241,1,1,1998,13,13,13,13,13,13,13,13,13,13
210242,1,1,1998,16,16,16,16,16,16,16,16,16,16
210243,1,1,1998,0,0,0,0,0,0,0,0,0,0
210243,2,1,1998,0,0,0,0,0,0,0,0,0,0
210244,1,1,1998,8,8,8,8,8,8,8,8,8,8
210245,1,1,1998,11,11,11,11,11,11,11,11,11,11
210246,1,1,1998,0,0,0,0,0,0,0,0,0,0
210246,2,1,1998,0,0,0,0,0,0,0,0,0,0
210247,1,1,1998,0,0,0,0,0,0,0,0,0,0
210248,1,1,1998,0,0,0,0,0,0,0,0,0,0
210248,2,1,1998,0,0,0,0,0,0,0,0,0,0
210249,1,1,1998,7,7,7,7,7,7,7,7,7,7
210249,2,1,1998,0,8,0,0,0,0,0,0,0,0
210250,0,1,1998,11,11,11,11,11,11,11,11,11,11
210250,1,1,1998,0,0,0,0,0,0,0,0,0,0
210251,1,1,1998,0,0,0,0,0,0,0,0,0,0
210252,1,1,1998,0,0,0,0,0,0,0,0,0,0
210253,1,1,1998,0,0,0,0,0,0,0,0,0,0
210254,1,1,1998,28,28,28,28,28,28,28,28,28,28
210255,1,1,1998,0,0,0,0,0,0,0,0,0,0
210255,2,1,1998,0,0,0,0,0,0,0,0,0,0
210256,1,1,1998,0,0,0,0,0,0,0,0,0,0
210256,2,1,1998,0,0,0,0,0,0,0,0,0,0
210257,1,1,1998,0,0,0,0,0,0,0,0,0,0
210258,1,1,1998,0,0,0,0,0,0,0,0,0,0
210259,1,1,1998,14,14,14,14,14,14,14,14,14,14
210260,0,1,1998,12,12,12,12,12,12,12,12,12,12
210260,1,1,1998,0,0,0,0,0,0,0,0,0,0
210261,1,1,1998,0,0,0,0,0,0,0,0,0,0
210261,2,1,1998,0,0,0,0,0,0,0,0,0,0
210262,1,1,1998,0,0,0,0,0,0,0,0,0,0
210262,2,1,1998,0,0,0,0,0,0,0,0,0,0
210263,1,1,1998,5,5,5,5,5,5,5,5,5,5
210264,1,1,1998,0,0,0,0,0,0,0,0,0,0
210264,2,1,1998,0,0,0,0,0,0,0,0,0,0
210265,1,1,1998,0,0,4,0,0,17,0,0,0,0
210266,1,1,1998,9,18,16,15,25,24,17,23,20,21
210267,1,1,1998,0,0,0,0,0,0,0,0,0,0
210267,2,1,1998,0,0,0,0,14,0,0,0,0,0
210267,3,1,1998,0,0,0,4,11,0,5,0,0,0
210267,4,1,1998,0,0,0,0,0,0,0,0,11,0
210268,1,1,1998,1,1,1,1,1,1,1,1,1,1
210269,1,1,1998,0,0,0,0,0,0,0,0,0,0
210269,2,1,1998,0,0,0,0,0,0,0,0,0,0
210270,1,1,1998,0,0,0,0,0,0,0,0,0,0
210270,2,1,1998,0,0,0,0,0,0,0,0,0,0
210271,0,1,1998,0,0,0,0,0,0,0,26,0,0
210271,1,1,1998,0,0,0,0,0,0,0,0,0,0
210272,1,1,1998,0,0,0,0,0,0,0,0,16,0
210273,1,1,1998,0,0,0,0,0,7,0,5,0,0
210273,2,1,1998,0,0,0,0,14,0,0,19,0,0
210274,1,1,1998,0,0,0,0,0,0,0,0,0,0
210274,2,1,1998,0,0,0,0,0,0,0,0,0,0
210275,0,1,1998,26,26,26,26,26,26,26,26,26,26
210275,1,1,1998,0,0,0,0,13,0,0,0,0,0
210276,1,1,1998,0,0,0,0,0,0,0,0,0,0
210276,2,1,1998,0,0,0,0,0,0,0,0,0,0
210277,1,1,1998,2,2,2,2,2,2,2,2,2,2
210277,2,1,1998,0,0,0,0,0,0,0,0,0,0
210278,1,1,1998,0,0,0,0,0,0,0,0,0,0
210279,1,1,1998,0,0,0,0,0,0,0,0,0,0
210279,2,1,1998,0,0,0,0,0,0,0,0,0,0
210280,1,1,1998,13,21,15,6,0,13,5,10,0,5
210280,2,1,1998,0,0,0,0,0,0,0,0,0,0
210281,1,1,1998,0,0,0,0,0,0,0,0,0,0
210281,2,1,1998,0,0,0,0,0,0,0,0,0,0
210282,1,1,1998,30,30,30,30,30,30,30,30,30,30
210282,2,1,1998,0,0,0,0,0,0,0,0,0,0
210283,1,1,1998,24,24,24,24,24,24,24,24,24,24
210283,2,1,1998,0,0,0,0,0,0,0,0,0,0
210284,1,1,1998,0,0,0,0,0,0,0,0,0,0
210285,1,1,1998,26,26,26,26,26,26,26,26,26,26
210285,2,1,1998,0,0,0,0,0,0,0,0,0,0
210286,1,1,1998,0,0,0,0,0,0,0,0,0,0
210286,2,1,1998,0,0,0,0,0,0,0,0,0,0
210286,3,1,1998,0,0,0,0,0,0,0,0,0,0
210286,4,1,1998,0,0,0,0,0,0,0,0,0,0
210286,5,1,1998,0,0,0,0,0,0,0,0,0,0
210287,1,1,1998,22,19,0,0,3,8,23,10,15,13
210288,1,1,1998,16,16,16,16,16,16,16,16,16,16
210288,2,1,1998,0,0,0,0,0,0,0,0,0,0
210289,1,1,1998,8,8,8,8,8,8,8,8,8,8
210290,1,1,1998,0,0,0,0,0,0,0,0,0,0
210291,1,1,1998,0,0,0,0,0,0,0,0,0,0
210291,2,1,1998,0,0,0,0,0,0,0,0,0,0
210292,1,1,1998,0,0,0,0,0,0,0,0,0,0
210292,2,1,1998,0,0,0,0,0,0,0,0,0,0
210293,1,1,1998,11,11,11,11,11,11,11,11,11,11
210294,1,1,1998,0,0,18,21,0,0,0,0,16,10
210295,1,1,1998,0,0,0,0,0,0,0,0,0,0
210295,2,1,1998,0,0,0,0,0,0,0,0,0,0
210296,1,1,1998,0,0,0,0,0,0,0,0,0,0
210296,2,1,1998,0,0,0,0,0,0,0,0,0,0
210297,1,1,1998,23,23,23,23,23,23,23,23,23,23
210297,2,1,1998,0,0,0,0,0,0,0,0,0,0
210298,1,1,1998,26,26,26,26,26,26,26,26,26,26
210299,1,1,1998,15,15,15,15,15,15,15,15,15,15
210300,1,1,1998,0,0,0,0,0,0,0,0,0,0
210300,2,1,1998,0,0,0,0,0,0,0,0,35,0
210301,1,1,1998,0,0,0,0,0,0,0,0,0,0
210302,1,1,1998,0,0,0,0,0,0,0,0,0,0
210303,1,1,1998,21,21,21,21,21,21,21,21,21,21
210304,0,1,1998,0,0,0,0,0,0,0,0,0,0
210304,1,1,1998,0,0,0,0,0,0,0,0,0,0
210305,1,1,1998,26,26,26,26,26,26,26,26,26,26
210306,1,1,1998,0,0,16,0,0,0,0,15,0,0
210306,2,1,1998,0,0,0,0,0,0,0,0,0,0
210306,3,1,1998,0,0,0,0,0,6,0,0,0,0
210307,1,1,1998,15,15,15,15,15,15,15,15,15,15
210307,2,1,1998,0,0,0,0,0,0,0,0,0,0
210308,1,1,1998,21,21,21,21,21,21,21,21,21,21
210309,1,1,1998,22,22,22,22,22,22,22,22,22,22
210310,1,1,1998,0,0,0,0,0,0,0,0,0,0
210310,2,1,1998,0,0,0,0,0,0,0,0,0,0
210311,1,1,1998,0,0,0,0,0,0,0,0,0,0
210311,2,1,1998,0,0,0,0,0,0,0,0,0,0
210312,1,1,1998,0,0,0,0,0,0,0,0,0,0
210312,2,1,1998,0,0,0,0,0,0,0,0,0,0
210313,1,1,1998,0,0,0,0,0,0,0,0,0,0
210314,1,1,1998,0,0,0,0,0,0,0,0,0,0
210314,2,1,1998,0,0,0,0,0,0,0,0,0,0
210315,1,1,1998,0,0,0,0,0,0,0,0,0,0
210315,2,1,1998,0,0,0,0,0,0,0,0,0,0
210316,1,1,1998,0,0,0,0,0,0,0,0,0,0
210316,2,1,1998,0,0,0,0,0,0,0,0,0,0
210317,1,1,1998,0,0,0,0,0,0,0,0,0,0
210317,2,1,1998,0,0,0,0,0,0,0,0,0,0
210318,1,1,1998,0,0,0,0,0,0,0,0,0,0
210318,2,1,1998,0,0,0,0,0,0,0,0,0,0
210319,1,1,1998,0,0,0,0,0,0,0,0,0,20
210319,2,1,1998,0,0,0,0,0,0,0,0,0,0
210320,1,1,1998,21,21,21,21,21,21,21,21,21,21
210320,2,1,1998,0,0,0,0,0,0,0,0,0,0
210321,1,1,1998,19,19,0,17,15,8,12,5,7,8
210321,2,1,1998,0,0,0,0,0,0,0,0,0,0
210322,1,1,1998,0,0,0,0,0,0,0,0,0,0
210322,2,1,1998,0,0,0,0,0,0,0,0,0,0
210323,1,1,1998,0,0,0,0,0,0,0,0,0,0
210324,1,1,1998,0,0,0,14,0,0,0,0,0,0
210324,2,1,1998,0,0,0,0,0,0,0,0,0,0
210325,1,1,1998,0,0,0,0,0,0,0,0,0,0
210325,2,1,1998,0,0,0,0,0,0,0,0,0,0
210326,1,1,1998,10,10,10,10,10,10,10,10,10,10
210326,2,1,1998,17,0,0,22,0,0,13,0,0,0
210327,1,1,1998,0,0,0,0,0,0,0,0,0,0
210327,2,1,1998,0,0,0,14,0,0,0,17,14,0
210327,3,1,1998,0,0,0,0,0,0,0,0,0,0
210328,1,1,1998,0,0,0,0,0,0,0,0,0,0
210328,2,1,1998,0,0,0,0,0,0,0,0,0,0
210328,3,1,1998,0,0,0,0,0,0,0,0,0,0
210329,1,1,1998,0,0,0,0,0,0,0,0,0,0
210329,2,1,1998,0,0,0,0,0,0,0,0,0,0
210330,1,1,1998,0,0,0,0,0,0,0,0,0,0
210330,2,1,1998,0,0,0,0,0,0,0,4,0,0
210331,1,1,1998,11,11,11,11,11,11,11,11,11,11
210332,1,1,1998,0,0,0,0,0,0,0,0,0,0
210332,2,1,1998,0,0,0,0,0,0,0,0,0,0
210333,1,1,1998,7,7,7,7,7,7,7,7,7,7
210333,2,1,1998,0,0,0,0,8,0,0,0,0,0
210334,1,1,1998,0,0,0,0,0,0,0,0,0,0
210335,1,1,1998,0,0,0,0,0,0,0,0,0,0
210336,1,1,1998,0,0,0,0,0,0,0,0,0,0
210337,1,1,1998,24,24,24,24,24,24,24,24,24,24
210338,1,1,1998,0,0,0,0,0,0,0,0,0,0
210338,2,1,1998,0,0,0,0,0,0,0,0,0,0
210339,1,1,1998,0,0,0,0,0,0,0,0,0,0
210339,2,1,1998,0,0,0,0,0,0,0,0,0,0
210339,3,1,1998,0,0,0,0,0,0,0,0,0,0
210339,4,1,1998,0,0,0,0,0,0,0,0,0,0
210339,5,1,1998,0,0,0,0,0,0,0,0,0,0
210340,1,1,1998,0,0,0,0,0,0,0,0,0,0
210341,1,1,1998,0,0,0,0,0,0,0,0,0,0
210341,2,1,1998,0,0,0,0,0,0,0,0,0,0
210341,3,1,1998,0,0,0,0,0,0,0,0,0,0
210341,4,1,1998,0,0,0,0,0,0,0,0,0,0
210342,1,1,1998,45,45,45,45,45,45,45,45,45,45
210342,2,1,1998,0,0,0,0,0,0,0,0,0,0
210343,1,1,1998,0,0,0,0,0,0,0,0,0,0
210343,2,1,1998,0,0,0,0,0,0,0,0,0,0
210344,1,1,1998,0,0,0,0,0,0,0,0,0,0
210344,2,1,1998,0,0,0,0,0,0,0,0,0,0
210345,1,1,1998,18,18,18,18,18,18,18,18,18,18
210346,1,1,1998,0,0,0,0,0,0,0,0,0,0
210346,2,1,1998,0,0,0,0,0,0,0,0,0,0
210347,1,1,1998,7,14,11,13,5,18,8,22,35,14
210348,1,1,1998,27,27,27,27,27,27,27,27,27,27
210349,1,1,1998,0,0,0,0,0,0,0,0,0,5
210349,2,1,1998,0,0,0,0,0,0,0,0,0,0
210350,1,1,1998,0,0,0,0,0,0,0,0,0,0
210350,2,1,1998,0,0,0,0,0,0,0,0,0,0
210351,1,1,1998,11,0,16,0,0,0,0,0,6,0
210351,2,1,1998,0,0,0,0,0,0,0,0,0,0
210352,1,1,1998,21,21,21,21,21,21,21,21,21,21
210353,0,1,1998,0,0,0,0,0,0,11,0,0,0
210353,1,1,1998,0,0,0,0,0,0,0,0,0,0
210354,1,1,1998,4,4,4,4,4,4,4,4,4,4
210355,1,1,1998,0,0,0,0,0,0,0,0,0,0
210355,2,1,1998,0,0,0,0,0,0,0,0,0,0
210356,1,1,1998,26,0,0,0,4,0,0,0,18,0
210357,1,1,1998,0,0,0,0,0,0,0,0,0,0
210358,1,1,1998,0,0,0,0,0,0,0,0,0,0
210358,2,1,1998,0,0,0,0,0,0,0,0,0,0
210360,1,1,1998,1,1,1,1,1,1,1,1,1,1
210360,2,1,1998,0,0,0,0,0,0,0,0,0,0
210361,1,1,1998,0,14,5,0,0,0,0,0,0,0
210362,1,1,1998,0,0,0,0,0,0,0,0,0,0
210363,1,1,1998,0,0,0,0,0,0,0,0,0,0
210364,1,1,1998,9,9,9,9,9,9,9,9,9,9
210365,1,1,1998,0,0,0,0,0,0,0,0,0,0
210366,1,1,1998,0,0,0,0,0,0,0,0,0,0
210367,1,1,1998,0,0,0,0,0,0,0,0,0,0
210367,2,1,1998,0,0,0,0,0,0,0,0,0,0
210368,1,1,1998,0,0,0,0,0,0,0,0,0,0
210369,1,1,1998,0,0,0,0,0,0,0,0,0,0
210369,2,1,1998,0,0,0,0,0,0,5,0,0,0
210369,3,1,1998,0,0,0,0,0,0,0,0,0,0
210370,1,1,1998,0,0,0,0,0,0,0,0,0,0
210371,1,1,1998,24,24,24,24,24,24,24,24,24,24
210371,2,1,1998,0,0,0,0,0,0,0,0,0,0
210372,1,1,1998,0,0,0,0,0,0,0,0,9,0
210372,2,1,1998,0,0,0,0,0,0,0,0,0,0
210373,1,1,1998,0,0,0,0,0,0,0,0,0,0
210373,2,1,1998,0,0,0,0,0,0,0,0,0,0
210374,1,1,1998,19,19,19,19,19,19,19,19,19,19
210375,1,1,1998,0,0,0,0,0,0,0,0,0,0
210375,2,1,1998,0,0,0,0,0,0,0,0,0,0
210376,1,1,1998,0,0,0,0,0,0,0,0,0,0
210376,2,1,1998,0,0,0,0,0,0,0,0,0,0
210377,1,1,1998,18,18,18,18,18,18,18,18,18,18
210379,1,1,1998,22,10,17,23,18,24,19,0,0,16
210380,1,1,1998,1,1,1,1,1,1,1,1,1,1
210381,1,1,1998,28,28,28,28,28,28,28,28,28,28
210382,1,1,1998,11,11,11,11,11,11,11,11,11,11
210383,1,1,1998,0,0,0,0,0,0,0,0,0,0
210383,2,1,1998,0,0,0,0,0,0,0,0,0,0
210384,1,1,1998,0,0,0,0,0,0,0,0,0,0
210384,2,1,1998,0,0,0,8,0,0,0,0,0,0
210385,1,1,1998,13,13,13,13,13,13,13,13,13,13
210386,0,1,1998,0,0,7,0,0,0,0,0,0,0
210386,1,1,1998,0,0,0,0,0,0,0,0,0,0
210387,1,1,1998,31,31,31,31,31,31,31,31,31,31
210388,0,1,1998,0,0,0,0,0,0,0,0,0,0
210388,1,1,1998,0,0,0,0,0,0,0,0,0,0
210389,1,1,1998,0,0,0,0,0,0,0,0,4,0
210389,2,1,1998,0,0,0,0,0,0,0,0,0,0
210390,1,1,1998,19,19,19,19,19,19,19,19,19,19
210391,1,1,1998,9,0,7,18,13,41,19,28,17,8
210392,1,1,1998,0,0,0,0,0,0,0,0,0,0
210392,2,1,1998,0,0,0,0,0,0,0,0,0,0
210393,1,1,1998,0,0,0,0,0,0,0,0,0,0
210394,1,1,1998,0,0,0,0,0,0,0,0,0,0
210394,2,1,1998,0,0,0,0,0,0,0,0,0,0
210394,3,1,1998,0,0,0,0,0,0,0,16,0,0
210395,1,1,1998,8,0,0,10,0,0,0,0,0,0
210396,1,1,1998,1,1,1,1,1,1,1,1,1,1
210397,1,1,1998,29,4,24,26,24,27,10,37,49,10
210397,2,1,1998,0,0,0,0,0,0,4,0,0,0
210398,1,1,1998,16,16,16,16,16,16,16,16,16,16
210399,1,1,1998,0,0,0,0,0,0,0,0,0,0
210399,2,1,1998,0,0,0,0,0,0,0,0,0,0
210400,1,1,1998,0,0,0,0,0,0,7,0,0,0
210401,1,1,1998,0,0,14,0,0,0,0,0,0,0
210402,1,1,1998,0,0,0,0,0,0,0,0,0,0
210402,2,1,1998,0,0,0,0,0,0,0,0,0,0
210403,1,1,1998,12,12,19,11,9,17,20,9,10,24
210404,1,1,1998,10,0,0,0,0,0,0,0,4,0
210404,2,1,1998,0,0,0,0,0,0,0,0,0,0
210405,1,1,1998,0,0,0,0,0,17,0,0,0,0
210405,2,1,1998,0,0,0,0,0,0,0,0,0,0
210406,1,1,1998,0,0,0,0,0,0,0,0,0,0
210406,2,1,1998,0,0,0,0,0,0,0,0,0,0
210407,1,1,1998,0,0,0,0,0,0,0,0,0,0
210407,2,1,1998,0,0,0,0,0,0,0,0,0,0
210408,1,1,1998,2,2,2,2,2,2,2,2,2,2
210408,2,1,1998,0,0,0,0,0,0,0,0,0,0
210409,1,1,1998,15,15,15,15,15,15,15,15,15,15
210409,2,1,1998,0,7,0,14,0,0,0,0,8,0
210409,3,1,1998,0,0,0,0,0,0,12,0,0,0
210409,4,1,1998,0,0,0,0,0,0,0,0,21,0
210410,1,1,1998,0,0,0,0,0,0,0,0,0,0
210410,2,1,1998,0,0,0,0,0,0,0,0,0,0
210411,1,1,1998,0,0,0,0,0,0,0,0,0,0
210411,2,1,1998,0,0,0,0,0,0,0,0,0,0
210411,3,1,1998,0,0,0,0,0,0,0,0,0,0
210412,1,1,1998,32,19,22,23,10,19,34,16,27,35
210412,2,1,1998,0,0,0,0,0,0,0,0,0,0
210413,1,1,1998,41,15,22,9,5,13,19,25,10,12
210413,2,1,1998,0,0,0,0,0,15,0,0,0,0
210414,1,1,1998,0,0,0,0,0,0,0,0,0,0
210415,1,1,1998,0,0,0,0,0,0,0,0,0,0
210416,1,1,1998,0,0,0,0,0,0,0,0,0,0
210416,2,1,1998,0,0,0,0,0,0,0,0,0,0
210416,3,1,1998,0,0,0,0,0,0,0,0,0,0
210417,1,1,1998,15,15,15,15,15,15,15,15,15,15
210417,2,1,1998,0,0,0,0,0,0,0,0,0,0
210418,1,1,1998,0,0,0,0,0,0,0,9,0,0
210418,2,1,1998,0,0,0,0,0,0,0,0,0,0
210419,1,1,1998,6,6,6,6,6,6,6,6,6,6
210419,2,1,1998,0,0,0,0,0,0,0,0,0,0
210420,0,1,1998,0,0,0,0,0,0,0,0,0,12
210420,1,1,1998,0,0,0,0,0,0,0,0,0,0
210421,1,1,1998,0,0,0,18,0,0,0,0,0,0
210421,2,1,1998,0,0,0,0,0,0,0,0,0,0
210422,1,1,1998,7,7,7,7,7,7,7,7,7,7
210423,1,1,1998,0,0,0,0,0,0,0,0,0,0
210423,2,1,1998,0,0,0,0,0,0,0,0,0,0
210424,1,1,1998,10,10,10,10,10,10,10,10,10,10
210425,0,1,1998,6,25,17,29,26,17,26,19,21,13
210425,1,1,1998,0,0,0,0,0,0,0,0,0,0
210426,1,1,1998,0,0,0,0,0,0,0,0,0,0
210427,1,1,1998,0,0,0,0,0,0,0,0,0,0
210427,2,1,1998,0,0,0,0,0,0,0,0,0,0
210428,1,1,1998,0,0,0,0,0,0,0,0,0,0
210429,1,1,1998,14,14,14,14,14,14,14,14,14,14
210430,1,1,1998,0,0,0,0,0,0,0,0,0,0
210430,2,1,1998,0,0,0,0,0,0,0,0,0,0
210431,0,1,1998,0,0,0,0,0,0,0,0,0,0
210431,1,1,1998,0,0,0,0,0,0,0,0,0,0
210432,1,1,1998,0,0,0,0,0,0,0,0,0,0
210432,2,1,1998,0,0,0,0,0,0,0,21,0,0
210433,1,1,1998,8,8,8,8,8,8,8,8,8,8
210433,2,1,1998,0,0,0,0,0,0,0,0,0,0
210434,1,1,1998,25,7,0,0,17,9,0,0,0,0
210434,2,1,1998,0,0,0,0,0,0,0,0,0,0
210435,1,1,1998,0,0,0,0,0,0,0,0,0,0
210436,1,1,1998,0,0,0,0,0,0,0,0,0,0
210436,2,1,1998,0,0,0,0,0,0,0,0,0,0
210437,1,1,1998,24,24,24,24,24,24,24,24,24,24
210438,1,1,1998,0,0,0,0,0,0,0,0,0,0
210439,1,1,1998,0,0,0,0,0,0,0,0,0,0
210439,2,1,1998,0,0,0,0,0,0,0,0,0,0