ST_CASE,VEH_NO,PER_NO,YEAR,P1,P2,P3,P4,P5,P6,P7,P8,P9,P10
210720,1,1,1998,0,0,0,0,0,0,0,0,0,0
210721,0,1,1998,19,19,19,19,19,19,19,19,19,19
210721,1,1,1998,0,0,0,0,0,0,0,0,0,0
210722,1,1,1998,0,0,0,0,0,0,0,0,14,0
210723,1,1,1998,0,0,0,0,0,0,0,0,0,0
210723,2,1,1998,0,0,0,0,0,0,0,0,0,0
210724,1,1,1998,0,0,0,16,0,0,0,0,0,0
210725,1,1,1998,35,35,35,35,35,35,35,35,35,35
210726,1,1,1998,0,0,0,0,0,0,0,0,0,0
210726,2,1,1998,0,0,0,0,0,0,0,0,0,0
210727,1,1,1998,5,5,5,5,5,5,5,5,5,5
210727,2,1,1998,0,0,0,0,0,0,0,0,0,0
210728,1,1,1998,0,17,0,0,0,0,0,10,0,0
210729,1,1,1998,0,0,0,0,0,0,0,0,0,0
210729,2,1,1998,0,0,0,0,0,0,0,0,0,0
210729,3,1,1998,0,0,0,0,0,0,0,0,0,0
210730,1,1,1998,0,0,0,0,0,0,0,0,0,0
210730,2,1,1998,0,0,0,0,8,0,0,0,0,0
210731,1,1,1998,0,0,0,0,0,0,0,0,0,0
210731,2,1,1998,0,0,0,0,0,0,0,0,0,0
210732,1,1,1998,0,10,3,0,0,6,0,18,15,0
210733,1,1,1998,31,31,31,31,31,31,31,31,31,31
210734,1,1,1998,0,0,0,12,0,0,0,6,0,0
210734,2,1,1998,0,0,0,0,0,0,0,0,0,0
210735,1,1,1998,0,0,0,0,0,0,0,0,0,0
210737,1,1,1998,0,0,0,0,0,0,0,0,0,8
210737,2,1,1998,0,0,0,0,0,0,0,0,0,8
210737,3,1,1998,0,0,0,0,0,0,0,0,0,0
210737,4,1,1998,0,0,0,0,0,0,0,0,0,0
210738,1,1,1998,0,0,0,0,0,0,0,0,0,0
210740,1,1,1998,0,0,0,0,0,0,0,0,0,0
210740,2,1,1998,0,0,0,0,0,0,0,0,0,0
210741,0,1,1998,17,28,31,12,0,0,0,25,28,33
210741,1,1,1998,0,0,0,0,0,0,0,0,0,0
210742,1,1,1998,23,22,8,36,15,17,9,25,21,17
210743,1,1,1998,0,0,0,0,0,0,0,0,0,20
210744,1,1,1998,0,0,0,0,0,0,0,0,0,0
210745,1,1,1998,26,26,26,26,26,26,26,26,26,26
210746,1,1,1998,0,0,0,0,0,0,0,0,0,0
210746,2,1,1998,0,0,0,0,0,0,0,0,0,0
210746,3,1,1998,0,0,0,0,0,0,0,0,0,0
210747,1,1,1998,22,0,13,0,0,19,0,0,0,21
210748,1,1,1998,0,0,0,0,0,0,0,0,0,0
210749,1,1,1998,7,15,10,24,9,13,10,14,13,22
210750,1,1,1998,0,0,0,0,0,0,0,0,0,0
210750,2,1,1998,0,0,0,0,0,0,0,0,0,0
210750,3,1,1998,0,0,0,0,0,0,0,0,0,0
210750,4,1,1998,0,0,0,0,0,0,0,0,0,0
210751,1,1,1998,0,0,0,0,0,0,0,0,0,0
210752,1,1,1998,20,20,20,20,20,20,20,20,20,20
210752,2,1,1998,0,0,0,0,0,0,0,0,0,0
210753,1,1,1998,17,17,17,17,17,17,17,17,17,17
210754,1,1,1998,11,11,11,11,11,11,11,11,11,11
210754,2,1,1998,0,0,0,0,0,0,0,0,0,0
210755,1,1,1998,13,23,23,13,0,15,10,10,27,22
210755,2,1,1998,0,0,0,0,0,0,0,0,0,0
210756,1,1,1998,19,19,19,19,19,19,19,19,19,19
210757,1,1,1998,18,18,18,18,18,18,18,18,18,18
210758,1,1,1998,9,9,9,9,9,9,9,9,9,9
210759,1,1,1998,0,0,0,0,0,10,0,0,0,0
210760,1,1,1998,0,0,0,0,0,0,10,0,0,0
210761,1,1,1998,0,0,0,0,0,0,0,0,0,0
210761,2,1,1998,0,0,0,0,0,0,0,0,0,0
210762,1,1,1998,0,0,0,0,0,0,8,0,0,0
210763,1,1,1998,0,0,0,10,0,0,0,0,0,0
210763,2,1,1998,0,0,0,0,0,0,0,0,0,0
210764,1,1,1998,0,0,0,0,0,0,0,0,0,0
210764,2,1,1998,0,0,0,0,0,0,0,0,0,0
210764,3,1,1998,23,3,19,0,0,0,0,0,10,9
210765,1,1,1998,24,24,24,24,24,24,24,24,24,24
210766,1,1,1998,0,0,0,0,0,0,0,0,0,0
210767,1,1,1998,0,0,0,0,0,0,0,0,0,0
210767,2,1,1998,0,0,0,0,0,0,0,0,0,0
210768,1,1,1998,0,0,0,0,13,0,10,0,0,0
210769,1,1,1998,0,0,0,0,0,0,0,0,0,0
210769,2,1,1998,0,0,0,0,0,0,0,0,0,0
210771,1,1,1998,20,20,20,20,20,20,20,20,20,20
210773,1,1,1998,0,0,0,0,0,0,0,0,0,0
210773,2,1,1998,0,0,0,0,0,0,0,0,0,0
210773,3,1,1998,0,0,0,0,0,0,0,0,0,0
210773,4,1,1998,0,13,0,0,0,0,0,0,0,0
210774,1,1,1998,0,0,0,0,0,0,0,0,0,0
210774,2,1,1998,0,0,0,0,0,0,0,0,0,0
210774,3,1,1998,0,0,0,0,0,0,0,0,0,0
210775,1,1,1998,0,0,0,0,0,0,0,0,0,0
210776,1,1,1998,21,21,21,21,21,21,21,21,21,21
210777,1,1,1998,0,22,4,9,15,0,5,0,13,12
220001,1,1,1998,0,0,10,10,0,0,5,11,24,14
220001,2,1,1998,0,0,0,0,0,0,0,0,0,0
220002,1,1,1998,17,0,0,11,22,0,10,0,0,0
220002,2,1,1998,19,32,0,33,20,0,0,0,0,7
220003,1,1,1998,24,24,24,24,24,24,24,24,24,24
220004,1,1,1998,26,26,26,26,26,26,26,26,26,26
220004,2,1,1998,0,0,0,0,0,0,0,0,0,0
220005,1,1,1998,0,0,0,0,0,0,0,0,0,0
220005,2,1,1998,0,0,0,0,0,0,0,0,0,0
220006,1,1,1998,0,0,0,0,0,0,0,0,0,0
220006,2,1,1998,0,0,0,0,0,0,0,0,0,0
220007,1,1,1998,0,0,0,0,0,0,0,0,0,0
220007,2,1,1998,0,0,0,0,0,0,0,0,0,0
220008,1,1,1998,0,0,0,0,0,21,0,0,0,0
220008,2,1,1998,0,0,0,0,0,0,0,0,0,0
220009,0,1,1998,0,0,0,0,0,0,0,0,0,0
220009,1,1,1998,0,0,0,0,0,0,0,0,0,0
220010,0,1,1998,0,0,0,0,0,0,0,0,0,0
220010,1,1,1998,0,0,0,0,0,0,0,0,0,0
220011,1,1,1998,28,0,14,29,24,13,0,16,28,18
220012,0,1,1998,0,4,10,0,0,0,0,16,18,0
220012,1,1,1998,0,0,0,0,0,0,0,0,0,0
220013,1,1,1998,22,22,22,22,22,22,22,22,22,22
220013,2,1,1998,32,32,32,32,32,32,32,32,32,32
220014,1,1,1998,22,22,22,22,22,22,22,22,22,22
220015,1,1,1998,0,0,0,0,0,0,0,0,0,0
220015,2,1,1998,0,0,0,0,0,0,0,0,0,0
220016,1,1,1998,21,14,0,15,19,0,5,0,2,0
220017,1,1,1998,10,10,10,10,10,10,10,10,10,10
220018,0,1,1998,16,16,16,16,16,16,16,16,16,16
220018,1,1,1998,0,0,0,0,0,0,0,0,0,0
220018,2,1,1998,2,2,2,2,2,2,2,2,2,2
220019,0,1,1998,17,17,17,17,17,17,17,17,17,17
220019,1,1,1998,0,0,0,0,0,0,0,0,0,0
220020,1,1,1998,0,0,0,0,0,0,0,0,0,0
220020,2,1,1998,0,0,0,0,0,0,0,0,0,0
220021,1,1,1998,0,32,0,0,0,21,0,21,0,3
220022,0,1,1998,24,24,24,24,24,24,24,24,24,24
220022,1,1,1998,0,0,0,0,0,0,0,0,0,0
220022,2,1,1998,0,0,0,0,0,0,0,0,0,0
220023,1,1,1998,0,0,0,21,0,0,0,0,0,0
220023,2,1,1998,0,0,20,12,0,0,0,0,0,0
220024,1,1,1998,0,0,0,0,0,0,0,0,0,0
220025,1,1,1998,0,0,0,0,0,0,0,0,0,0
220026,1,1,1998,0,0,0,0,0,0,0,0,0,0
220026,2,1,1998,0,0,0,0,0,0,0,0,0,0
220027,1,1,1998,19,19,19,19,19,19,19,19,19,19
220028,1,1,1998,11,11,11,11,11,11,11,11,11,11
220028,2,1,1998,0,0,0,0,0,0,0,0,0,0
220029,0,1,1998,17,12,2,0,25,0,37,26,26,0
220029,1,1,1998,0,0,0,0,0,0,0,0,0,0
220030,1,1,1998,0,0,0,0,0,0,0,0,0,0
220030,2,1,1998,13,0,0,0,0,0,0,0,0,0
220031,1,1,1998,27,27,27,27,27,27,27,27,27,27
220032,1,1,1998,0,0,0,0,0,0,0,0,0,0
220032,2,1,1998,0,0,0,0,0,0,0,0,0,0
220033,1,1,1998,28,28,28,28,28,28,28,28,28,28
220033,2,1,1998,6,6,6,6,6,6,6,6,6,6
220034,1,1,1998,0,0,0,21,0,0,0,0,0,0
220034,2,1,1998,0,4,12,14,0,0,0,12,27,0
220035,1,1,1998,16,16,16,16,16,16,16,16,16,16
220035,2,1,1998,0,0,0,0,0,0,0,0,0,0
220035,3,1,1998,0,0,0,0,0,0,0,0,0,13
220035,4,1,1998,0,0,0,0,0,0,0,0,5,5
220036,1,1,1998,0,0,0,0,0,0,0,0,0,0
220036,2,1,1998,0,0,0,0,0,0,0,0,0,0
220037,1,1,1998,0,0,0,0,0,0,0,0,0,0
220037,2,1,1998,0,0,0,0,0,0,0,0,0,0
220038,1,1,1998,0,0,0,0,0,0,0,0,0,0
220038,2,1,1998,0,0,0,0,0,0,0,0,0,0
220039,1,1,1998,0,0,0,0,0,0,0,0,0,0
220040,1,1,1998,11,11,11,11,11,11,11,11,11,11
220040,2,1,1998,0,0,0,0,0,0,0,0,0,0
220041,0,1,1998,28,0,16,0,23,0,0,0,0,20
220041,1,1,1998,0,0,0,0,0,0,0,0,0,0
220042,1,1,1998,0,0,0,0,0,0,0,0,0,14
220042,2,1,1998,0,0,0,0,0,0,0,0,0,0
220043,1,1,1998,20,20,20,20,20,20,20,20,20,20
220044,1,1,1998,11,11,11,11,11,11,11,11,11,11
220045,1,1,1998,0,0,0,0,0,0,0,0,0,0
220046,0,2,1998,0,0,0,0,0,0,0,0,0,0
220046,0,3,1998,0,14,14,0,35,12,9,0,23,0
220046,1,1,1998,17,7,0,0,18,11,20,7,0,0
220047,1,1,1998,10,0,0,0,0,0,20,0,0,0
220047,2,1,1998,18,0,9,0,0,0,18,0,9,11
220048,1,1,1998,0,0,0,0,0,0,0,0,0,0
220048,2,1,1998,0,0,0,0,0,0,0,0,0,0
220049,1,1,1998,15,15,15,15,15,15,15,15,15,15
220049,2,1,1998,0,0,0,0,37,29,0,14,0,11
220050,1,1,1998,0,8,0,0,7,0,0,0,15,0
220050,2,1,1998,0,0,0,0,0,0,0,0,0,0
220051,1,1,1998,0,0,0,0,0,0,0,0,0,0
220051,2,1,1998,0,0,0,0,0,0,0,0,0,0
220052,1,1,1998,18,17,20,18,21,31,19,15,15,25
220053,1,1,1998,16,14,24,0,24,18,14,18,0,0
220054,1,1,1998,0,13,0,0,0,0,0,0,9,0
220054,2,1,1998,0,0,0,0,0,0,0,0,0,0
220055,1,1,1998,0,19,0,0,27,26,0,0,18,0
220056,1,1,1998,0,12,30,16,21,0,8,18,35,4
220056,2,1,1998,29,10,10,16,2,0,9,0,5,23
220057,0,1,1998,0,0,0,0,0,0,0,0,0,0
220057,0,2,1998,25,21,22,24,6,42,0,0,18,30
220057,1,1,1998,0,0,0,0,0,0,0,0,0,0
220057,2,1,1998,0,0,0,0,0,0,0,0,0,0
220058,1,1,1998,0,0,0,0,0,0,0,0,0,0
220058,2,1,1998,0,0,0,0,0,0,0,0,0,0
220059,1,1,1998,0,0,0,0,0,0,0,0,0,0
220059,2,1,1998,0,0,0,0,0,0,0,0,0,0
220060,1,1,1998,0,0,0,0,0,0,0,0,0,0
220060,2,1,1998,0,0,0,0,0,0,0,0,0,0
220061,1,1,1998,17,17,17,17,17,17,17,17,17,17
220062,1,1,1998,12,12,12,12,12,12,12,12,12,12
220062,2,1,1998,13,13,13,13,13,13,13,13,13,13
220063,0,1,1998,0,0,0,0,0,0,0,0,0,0
220063,1,1,1998,0,0,0,0,0,0,0,0,0,0
220064,0,1,1998,0,0,0,0,0,0,0,0,0,0
220064,1,1,1998,1,1,1,1,1,1,1,1,1,1
220065,1,1,1998,0,0,0,8,0,0,0,0,0,0
220065,2,1,1998,0,0,0,0,0,0,0,0,0,0
220066,1,1,1998,0,0,0,0,0,0,0,0,0,0
220066,2,1,1998,0,0,0,0,0,0,0,0,0,0
220067,0,1,1998,21,19,0,0,14,15,7,0,24,20
220067,1,1,1998,13,13,13,13,13,13,13,13,13,13
220068,1,1,1998,14,0,0,0,12,0,0,0,0,0
220069,1,1,1998,0,0,0,0,0,0,0,0,0,0
220070,1,1,1998,19,19,19,19,19,19,19,19,19,19
220071,1,1,1998,0,0,0,0,0,0,0,0,0,0
220072,1,1,1998,0,0,0,0,0,0,0,0,0,0
220072,2,1,1998,0,0,0,0,0,0,0,23,0,0
220073,0,1,1998,0,0,0,0,0,0,0,0,0,0
220073,0,2,1998,0,0,0,0,0,0,0,0,0,0
220073,1,1,1998,25,25,25,25,25,25,25,25,25,25
220074,1,1,1998,0,0,0,0,0,0,0,0,0,0
220074,2,1,1998,0,0,0,0,0,0,0,24,0,0
220075,1,1,1998,0,0,0,0,0,0,0,0,0,0
220076,0,1,1998,29,30,0,10,0,0,8,0,0,19
220076,1,1,1998,8,8,8,8,8,8,8,8,8,8
220077,1,1,1998,15,15,15,15,15,15,15,15,15,15
220077,2,1,1998,15,15,15,15,15,15,15,15,15,15
220078,1,1,1998,0,0,0,0,0,0,0,0,0,0
220078,2,1,1998,0,0,0,0,0,0,0,0,0,0
220079,1,1,1998,0,0,0,0,0,0,0,0,0,0
220079,2,1,1998,0,0,8,0,17,0,17,0,0,0
220079,3,1,1998,0,0,0,0,0,0,0,0,0,0
220079,4,1,1998,2,2,2,2,2,2,2,2,2,2
220080,1,1,1998,21,21,21,21,21,21,21,21,21,21
220080,2,1,1998,0,0,0,0,0,0,0,0,0,0
220081,1,1,1998,0,15,17,0,0,0,0,0,0,21
220082,0,1,1998,0,0,0,0,0,0,0,0,0,0
220082,1,1,1998,0,0,0,10,0,0,15,0,0,0
220083,1,1,1998,0,0,0,0,0,0,0,0,0,0
220083,2,1,1998,0,0,0,0,0,0,0,0,0,0
220084,1,1,1998,19,0,0,0,0,0,0,0,0,0
220085,1,1,1998,0,0,0,5,0,0,0,0,0,0
220085,2,1,1998,0,0,0,0,0,0,0,0,0,0
220086,1,1,1998,3,20,20,24,16,5,14,8,8,5
220086,2,1,1998,0,0,19,22,4,14,16,13,13,0
220087,1,1,1998,26,16,16,30,38,10,19,0,0,33
220088,1,1,1998,20,18,21,0,6,23,0,25,22,11
220089,1,1,1998,0,0,0,0,0,0,0,0,0,0
220089,2,1,1998,0,0,0,0,0,0,0,0,0,0
220090,1,1,1998,19,0,0,0,0,0,0,0,4,0
220090,2,1,1998,0,0,0,0,0,0,0,0,0,0
220090,3,1,1998,0,0,0,5,0,0,0,0,0,0
220091,1,1,1998,0,0,0,0,0,0,0,19,0,0
220091,2,1,1998,0,20,4,0,0,13,0,0,0,19
220092,0,1,1998,0,0,0,0,0,0,0,0,0,0
220092,1,1,1998,0,0,0,0,0,0,0,0,0,0
220092,2,1,1998,0,0,0,0,0,0,0,0,0,0
220093,1,1,1998,0,0,0,0,0,0,0,0,0,0
220093,2,1,1998,0,0,0,0,0,0,0,0,0,0
220094,1,1,1998,15,15,15,15,15,15,15,15,15,15
220095,0,1,1998,0,0,0,0,0,0,0,0,0,0
220095,1,1,1998,0,0,0,0,0,0,0,0,0,0
220096,1,1,1998,0,0,0,17,12,17,11,0,13,0
220096,2,1,1998,0,0,0,0,0,0,0,0,0,0
220097,1,1,1998,0,0,0,0,0,0,0,0,0,0
220097,2,1,1998,0,0,0,0,0,0,0,0,0,4
220098,1,1,1998,0,0,0,0,13,31,0,0,0,0
220098,2,1,1998,0,0,0,0,0,0,0,0,0,0
220099,1,1,1998,7,0,11,14,15,0,0,0,8,14
220100,1,1,1998,10,10,10,10,10,10,10,10,10,10
220101,1,1,1998,13,13,13,13,13,13,13,13,13,13
220102,1,1,1998,0,0,0,0,0,0,0,0,0,0
220102,2,1,1998,0,0,0,0,0,0,0,0,0,0
220103,1,1,1998,0,0,0,0,0,0,0,0,0,0
220104,1,1,1998,0,0,0,0,0,0,0,0,0,0
220105,1,1,1998,16,16,16,16,16,16,16,16,16,16
220106,0,1,1998,8,8,8,8,8,8,8,8,8,8
220106,1,1,1998,0,0,0,0,0,0,0,0,0,0
220107,0,1,1998,0,0,0,0,0,0,0,0,0,0
220107,1,1,1998,0,0,0,0,0,0,0,0,0,0
220108,1,1,1998,0,14,0,0,0,0,0,0,0,0
220108,2,1,1998,0,0,0,0,15,0,0,0,0,0
220109,1,1,1998,0,0,0,0,0,0,0,0,0,0
220109,2,1,1998,0,0,0,0,0,0,0,0,0,0
220110,1,1,1998,8,22,0,0,0,7,0,14,9,0
220110,2,1,1998,14,15,0,0,23,0,0,0,0,0
220111,1,1,1998,15,0,12,0,15,0,0,0,10,0
220111,2,1,1998,0,0,0,0,0,0,0,0,0,0
220112,1,1,1998,0,0,0,0,0,0,0,0,0,0
220112,2,1,1998,0,9,0,17,8,0,0,0,0,0
220113,0,1,1998,0,17,22,21,30,0,0,0,34,0
220113,1,1,1998,0,0,0,0,0,0,0,0,0,0
220113,2,1,1998,0,0,0,0,0,0,0,0,0,0
220113,3,1,1998,0,15,11,16,0,19,6,0,13,23
220114,1,1,1998,15,15,15,15,15,15,15,15,15,15
220115,1,1,1998,32,13,21,24,33,26,17,16,18,25
220116,1,1,1998,5,0,21,16,12,0,0,11,0,4
220117,0,1,1998,0,0,0,0,0,0,0,0,0,0
220117,1,1,1998,0,0,0,0,0,0,0,0,0,0
220118,1,1,1998,0,0,0,0,0,0,0,0,8,0
220118,2,1,1998,0,0,0,0,0,0,0,0,0,0
220119,0,1,1998,0,0,0,0,0,0,0,0,0,0
220119,1,1,1998,0,0,0,0,0,0,0,0,0,0
220120,1,1,1998,0,0,0,0,0,0,0,0,0,0
220120,2,1,1998,18,0,0,9,0,0,20,0,0,0
220121,1,1,1998,10,10,10,10,10,10,10,10,10,10
220122,1,1,1998,15,15,15,15,15,15,15,15,15,15
220123,1,1,1998,15,15,15,15,15,15,15,15,15,15
220124,0,1,1998,0,0,0,0,4,0,0,0,17,46
220124,0,2,1998,0,0,24,5,18,10,19,0,25,14
220124,1,1,1998,7,7,7,7,7,7,7,7,7,7
220125,1,1,1998,0,0,0,0,0,28,0,0,0,0
220126,1,1,1998,0,0,0,0,0,0,0,0,0,0
220126,2,1,1998,0,0,0,0,0,0,0,0,0,0
220126,3,1,1998,0,0,0,0,0,0,0,0,0,0
220126,4,1,1998,0,0,0,0,0,0,0,0,0,0
220127,1,1,1998,10,10,10,10,10,10,10,10,10,10
220128,1,1,1998,9,9,9,9,9,9,9,9,9,9
220128,2,1,1998,9,0,0,0,0,0,0,0,0,0
220129,1,1,1998,0,0,14,0,17,0,5,21,18,0
220129,2,1,1998,0,0,0,0,0,0,0,0,0,0
220130,1,1,1998,11,11,11,11,11,11,11,11,11,11
220131,1,1,1998,32,0,0,0,20,19,25,10,12,0
220132,0,1,1998,30,30,30,30,30,30,30,30,30,30
220132,1,1,1998,0,17,0,0,4,13,34,0,19,24
220132,2,1,1998,0,0,0,5,0,0,0,0,0,0
220133,1,1,1998,3,3,3,3,3,3,3,3,3,3
220134,1,1,1998,0,0,0,0,0,0,0,0,0,0
220134,2,1,1998,0,0,0,0,0,0,0,0,0,14
220135,1,1,1998,0,0,0,0,0,0,0,0,0,0
220136,1,1,1998,0,0,0,0,0,0,0,0,0,0
220137,1,1,1998,0,0,0,0,0,0,0,0,0,0
220137,2,1,1998,0,0,0,0,0,0,0,0,0,0
220138,1,1,1998,0,15,19,0,0,26,11,24,0,0
220139,1,1,1998,18,0,0,0,0,0,16,0,0,0
220139,2,1,1998,0,0,0,0,0,0,27,0,14,0
220139,3,1,1998,0,0,0,0,0,0,0,0,0,0
220140,1,1,1998,24,0,0,47,15,0,0,0,0,0
220140,2,1,1998,0,0,0,0,0,0,0,0,0,0
220141,1,1,1998,0,0,0,0,0,0,0,0,0,0
220141,2,1,1998,0,0,0,0,0,0,0,0,0,0
220142,1,1,1998,0,0,0,0,0,0,0,0,0,0
220142,2,1,1998,0,0,0,0,0,0,0,0,0,0
220143,1,1,1998,0,0,0,0,0,0,0,0,0,0
220143,2,1,1998,0,0,0,0,0,0,0,0,0,0
220144,1,1,1998,0,0,0,0,0,0,0,0,0,0
220144,2,1,1998,0,0,0,0,0,0,0,0,0,0
220145,1,1,1998,0,18,0,17,14,31,23,24,0,17
220146,1,1,1998,0,0,0,0,0,0,0,0,0,0
220146,2,1,1998,0,0,0,0,0,0,0,0,0,0
220146,3,1,1998,0,0,0,0,0,0,0,0,0,0
220146,4,1,1998,0,0,0,0,0,0,0,0,0,0
220146,5,1,1998,3,3,3,3,3,3,3,3,3,3
220147,1,1,1998,10,10,10,10,10,10,10,10,10,10
220148,1,1,1998,0,0,0,0,0,0,0,0,0,0
220149,1,1,1998,0,0,0,0,0,0,0,0,0,0
220149,2,1,1998,0,0,0,0,0,0,0,0,0,0
220150,1,1,1998,0,0,12,0,0,0,0,0,0,0
220151,1,1,1998,0,0,0,0,0,0,0,0,0,0
220151,2,1,1998,0,0,0,0,0,0,0,0,0,0
220151,3,1,1998,0,0,0,0,0,0,0,0,0,0
220152,1,1,1998,0,0,0,0,0,0,0,13,0,0
220152,2,1,1998,0,0,0,0,0,0,0,0,0,0
220153,0,1,1998,0,0,0,0,0,0,0,0,0,0
220153,1,1,1998,0,0,0,0,0,0,0,0,0,0
220154,1,1,1998,0,0,0,0,5,0,0,0,0,26
220155,1,1,1998,0,0,0,0,0,0,0,0,0,0
220155,2,1,1998,0,0,0,0,0,0,0,0,0,0
220156,1,1,1998,0,0,0,0,0,0,0,0,0,0
220156,2,1,1998,0,0,0,0,0,0,0,0,0,0
220157,1,1,1998,15,0,0,17,0,0,15,0,0,0
220157,2,1,1998,0,0,0,0,0,0,0,0,0,0
220158,1,1,1998,14,14,14,14,14,14,14,14,14,14
220158,2,1,1998,14,14,14,14,14,14,14,14,14,14
220159,0,1,1998,11,11,11,11,11,11,11,11,11,11
220159,1,1,1998,0,0,0,0,22,0,0,0,39,25
220160,1,1,1998,23,23,23,23,23,23,23,23,23,23
220160,2,1,1998,11,12,6,18,18,22,0,5,21,7
220161,1,1,1998,0,0,0,0,0,0,0,0,0,0
220161,2,1,1998,0,0,0,7,0,0,0,0,0,0
220161,3,1,1998,0,0,0,0,0,0,0,0,0,0
220162,1,1,1998,17,17,17,17,17,17,17,17,17,17
220162,2,1,1998,0,0,0,0,0,0,0,0,0,0
220163,1,1,1998,6,6,6,6,6,6,6,6,6,6
220163,2,1,1998,0,0,0,0,0,0,0,0,0,0
220164,1,1,1998,0,0,0,0,0,0,0,0,0,0
220165,1,1,1998,0,0,0,0,0,0,0,0,0,0
220165,2,1,1998,0,0,0,0,0,0,0,0,0,3
220166,1,1,1998,0,0,0,0,0,0,0,0,0,0
220166,2,1,1998,0,0,0,0,0,11,0,0,0,0
220166,3,1,1998,0,0,0,0,0,0,0,0,0,0
220167,1,1,1998,2,2,2,2,2,2,2,2,2,2
220168,1,1,1998,0,0,0,0,14,0,0,33,11,14
220169,1,1,1998,0,0,0,0,0,0,0,0,0,0
220169,2,1,1998,0,0,0,0,0,0,0,0,0,0
220170,1,1,1998,0,0,0,0,30,0,0,13,0,13
220171,1,1,1998,20,0,0,11,0,0,28,0,15,0
220172,1,1,1998,11,0,0,0,0,0,0,11,9,0
220172,2,1,1998,0,0,0,0,0,0,0,0,0,0
220173,1,1,1998,15,15,15,15,15,15,15,15,15,15
220173,2,1,1998,0,0,0,0,0,0,0,0,0,0
220174,1,1,1998,0,0,0,0,0,0,0,0,0,0
220174,2,1,1998,0,0,0,0,0,0,0,0,0,0
220175,1,1,1998,5,5,5,5,5,5,5,5,5,5
220176,0,1,1998,0,0,0,0,0,0,0,0,0,0
220176,1,1,1998,0,0,0,0,0,0,0,0,0,0
220177,1,1,1998,0,0,0,0,0,0,0,0,0,0
220177,2,1,1998,0,0,0,0,0,0,0,0,0,0
220177,3,1,1998,0,0,0,0,0,0,0,0,0,0
220178,1,1,1998,25,0,0,0,0,0,0,0,0,0
220178,2,1,1998,0,0,0,0,0,0,0,0,0,0
220179,1,1,1998,0,0,0,0,0,0,0,0,0,0
220180,1,1,1998,0,0,0,0,0,0,0,0,0,0
220180,2,1,1998,0,0,0,0,0,0,0,0,0,0
220180,3,1,1998,0,0,0,0,0,0,0,0,0,0
220181,1,1,1998,0,0,0,0,0,0,0,0,0,0
220181,2,1,1998,0,0,0,0,0,0,0,0,0,0
220182,1,1,1998,0,0,0,0,0,0,0,0,0,0
220182,2,1,1998,0,0,0,0,0,0,0,0,0,0
220183,0,1,1998,0,18,0,0,0,0,0,0,0,7
220183,1,1,1998,0,0,0,0,0,0,0,0,0,0
220184,1,1,1998,17,17,17,17,17,17,17,17,17,17
220185,0,1,1998,0,0,0,0,0,0,0,0,10,0
220185,1,1,1998,0,0,0,0,0,0,0,0,0,0
220186,1,1,1998,0,10,0,28,0,0,7,15,0,0
220187,1,1,1998,0,0,0,0,0,0,0,0,0,0
220187,2,1,1998,0,0,0,0,0,0,0,0,0,0
220188,1,1,1998,0,0,0,0,0,0,0,0,0,0
220188,2,1,1998,0,0,0,0,0,0,0,0,0,0
220189,1,1,1998,0,0,0,0,0,0,0,0,0,0
220190,0,1,1998,0,0,0,0,0,0,0,0,0,0
220190,1,1,1998,0,0,0,0,0,0,0,0,0,0
220191,1,1,1998,8,8,8,8,8,8,8,8,8,8
220192,1,1,1998,1,1,1,1,1,1,1,1,1,1
220192,2,1,1998,0,0,0,0,0,0,0,0,0,0
220193,1,1,1998,26,26,26,26,26,26,26,26,26,26
220193,2,1,1998,0,0,0,0,0,0,0,0,0,0
220193,3,1,1998,19,0,29,22,10,24,0,0,21,9
220193,4,1,1998,0,0,0,0,0,0,0,0,0,0
220194,1,1,1998,14,14,14,14,14,14,14,14,14,14
220194,2,1,1998,0,0,0,0,0,0,0,0,0,0
220195,1,1,1998,0,0,0,0,0,0,0,0,0,0
220196,1,1,1998,30,30,30,30,30,30,30,30,30,30
220196,2,1,1998,3,3,3,3,3,3,3,3,3,3
220197,1,1,1998,8,8,8,8,8,8,8,8,8,8
220198,1,1,1998,18,18,18,18,18,18,18,18,18,18
220199,1,1,1998,9,9,9,9,9,9,9,9,9,9
220200,1,1,1998,0,0,0,0,0,0,0,0,0,0
220200,2,1,1998,0,0,0,0,19,0,0,0,0,0
220200,3,1,1998,0,0,0,0,0,0,0,0,0,0
220201,1,1,1998,15,15,15,15,15,15,15,15,15,15
220202,1,1,1998,0,0,0,0,0,0,0,0,0,0
220203,0,1,1998,0,0,0,0,0,0,0,0,0,0
220203,1,1,1998,0,0,0,0,0,0,0,0,0,0
220204,0,1,1998,0,6,0,29,0,12,0,0,0,0
220204,1,1,1998,0,0,0,0,0,0,0,0,0,0
220205,1,1,1998,0,0,0,13,11,15,0,26,0,0
220206,1,1,1998,0,0,0,0,0,0,0,0,0,0
220206,2,1,1998,0,0,0,0,0,0,0,0,0,0
220207,1,1,1998,3,3,3,3,3,3,3,3,3,3
220207,2,1,1998,0,0,0,0,0,0,0,0,0,0
220208,1,1,1998,0,0,0,0,0,0,0,0,0,0
220209,0,1,1998,0,0,0,0,0,0,0,0,0,0