ST_CASE,VEH_NO,PER_NO,YEAR,P1,P2,P3,P4,P5,P6,P7,P8,P9,P10
220209,1,1,1998,0,0,0,0,0,0,0,0,0,0
220210,1,1,1998,14,14,14,14,14,14,14,14,14,14
220211,1,1,1998,20,20,20,20,20,20,20,20,20,20
220211,2,1,1998,0,0,0,0,0,0,0,0,0,0
220212,1,1,1998,0,0,0,0,0,0,0,0,24,0
220213,0,1,1998,0,0,0,11,33,22,24,21,46,28
220213,1,1,1998,0,0,0,0,0,0,0,0,0,0
220214,0,1,1998,26,26,26,26,26,26,26,26,26,26
220214,1,1,1998,8,8,8,8,8,8,8,8,8,8
220215,0,1,1998,0,0,0,0,0,0,0,0,0,0
220215,1,1,1998,0,0,0,0,0,0,0,0,0,0
220216,1,1,1998,0,0,0,0,0,0,0,0,0,0
220216,2,1,1998,0,0,4,0,0,0,17,0,0,0
220217,0,1,1998,8,0,45,20,0,0,29,0,8,16
220217,1,1,1998,12,12,12,12,12,12,12,12,12,12
220218,1,1,1998,0,0,0,0,0,0,0,0,0,0
220218,2,1,1998,0,0,21,10,0,14,0,0,0,10
220219,1,1,1998,13,13,13,13,13,13,13,13,13,13
220220,1,1,1998,18,18,18,18,18,18,18,18,18,18
220220,2,1,1998,0,0,0,19,0,0,30,0,0,0
220220,3,1,1998,0,0,0,0,0,0,0,0,0,0
220220,4,1,1998,0,0,0,0,0,0,0,0,0,0
220221,1,1,1998,0,14,0,21,0,35,0,0,0,8
220222,0,1,1998,7,0,0,0,0,0,8,6,0,0
220222,0,2,1998,0,0,0,0,0,0,0,0,24,0
220222,0,3,1998,0,0,0,0,0,0,0,0,0,0
220222,1,1,1998,0,0,0,0,0,0,0,0,0,0
220222,2,1,1998,0,0,0,0,0,0,0,0,0,0
220223,1,1,1998,20,20,20,20,20,20,20,20,20,20
220224,1,1,1998,0,0,0,0,0,4,0,20,0,0
220224,2,1,1998,0,0,0,0,0,0,0,0,0,0
220225,1,1,1998,0,0,0,0,0,0,0,0,0,0
220225,2,1,1998,0,3,33,0,0,0,0,0,0,0
220226,1,1,1998,0,17,17,15,14,19,11,22,20,30
220227,0,1,1998,23,11,21,0,19,25,0,12,3,0
220227,1,1,1998,10,0,0,0,0,12,0,0,0,0
220227,2,1,1998,15,15,0,0,30,0,0,0,9,0
220228,1,1,1998,0,14,0,4,0,12,19,0,14,0
220228,2,1,1998,0,0,0,0,0,0,0,0,0,0
220229,1,1,1998,0,8,0,0,0,0,0,0,22,0
220229,2,1,1998,0,0,0,0,0,0,0,0,0,0
220229,3,1,1998,0,0,0,0,0,0,0,0,0,0
220230,1,1,1998,0,0,0,0,0,0,0,0,0,0
220230,2,1,1998,0,0,0,0,0,0,0,0,0,0
220231,1,1,1998,0,0,0,0,0,0,0,0,0,0
220231,2,1,1998,0,0,0,0,0,0,0,0,0,0
220232,1,1,1998,6,0,12,13,0,0,0,0,0,0
220233,1,1,1998,1,1,1,1,1,1,1,1,1,1
220233,2,1,1998,22,22,22,22,22,22,22,22,22,22
220233,3,1,1998,0,0,0,0,0,0,0,0,0,0
220234,1,1,1998,0,0,0,0,0,0,0,0,0,0
220234,2,1,1998,0,9,0,7,0,0,0,0,0,0
220234,3,1,1998,0,0,0,0,0,0,0,0,0,0
220234,4,1,1998,5,0,0,6,11,28,12,0,16,0
220235,1,1,1998,10,12,0,0,0,0,0,0,0,7
220235,2,1,1998,0,0,0,0,0,0,0,0,0,0
220236,1,1,1998,0,0,0,0,0,0,0,0,0,0
220236,2,1,1998,0,0,0,0,0,0,0,0,0,0
220237,1,1,1998,0,0,0,0,0,0,0,0,0,0
220238,1,1,1998,0,0,0,0,0,0,0,0,0,0
220238,2,1,1998,2,2,2,2,2,2,2,2,2,2
220238,3,1,1998,0,0,0,0,6,0,0,0,0,0
220238,4,1,1998,0,0,0,0,9,0,0,0,0,0
220239,1,1,1998,13,13,13,13,13,13,13,13,13,13
220239,2,1,1998,17,17,17,17,17,17,17,17,17,17
220240,1,1,1998,0,0,0,0,0,0,0,0,0,0
220241,0,1,1998,2,2,2,2,2,2,2,2,2,2
220241,1,1,1998,0,0,0,0,0,0,0,0,0,0
220241,2,1,1998,0,0,0,0,0,0,0,0,0,0
220242,1,1,1998,17,17,17,17,17,17,17,17,17,17
220243,1,1,1998,23,23,23,23,23,23,23,23,23,23
220244,1,1,1998,0,0,0,14,0,0,0,0,0,27
220244,2,1,1998,0,0,0,0,24,0,0,0,0,0
220245,1,1,1998,0,0,0,0,0,0,0,0,0,0
220246,1,1,1998,16,9,27,20,26,11,9,0,0,0
220247,1,1,1998,0,0,0,0,0,0,0,0,0,0
220248,1,1,1998,0,0,0,0,0,0,0,0,0,0
220249,1,1,1998,0,0,0,0,0,12,0,0,19,28
220249,2,1,1998,0,0,0,0,0,0,0,0,0,0
220250,0,1,1998,16,46,0,9,17,18,20,26,23,6
220250,1,1,1998,5,5,5,5,5,5,5,5,5,5
220251,1,1,1998,16,16,16,16,16,16,16,16,16,16
220251,2,1,1998,0,0,0,0,0,0,0,0,0,0
220252,1,1,1998,0,0,0,0,0,0,0,0,0,0
220252,2,1,1998,0,0,0,0,0,0,0,0,0,0
220253,0,1,1998,30,30,30,30,30,30,30,30,30,30
220253,1,1,1998,0,0,0,0,0,0,0,0,0,0
220254,0,1,1998,0,0,0,0,0,0,0,0,0,0
220254,1,1,1998,0,0,0,0,0,0,0,0,0,0
220254,2,1,1998,0,0,0,0,0,0,0,0,0,0
220255,1,1,1998,0,0,18,9,21,19,15,27,8,21
220256,0,1,1998,3,3,3,3,3,3,3,3,3,3
220256,1,1,1998,0,0,0,0,0,0,0,0,0,0
220257,0,1,1998,13,35,0,15,11,15,14,21,9,12
220257,1,1,1998,1,1,1,1,1,1,1,1,1,1
220258,1,1,1998,25,25,25,25,25,25,25,25,25,25
220259,1,1,1998,23,23,23,23,23,23,23,23,23,23
220260,1,1,1998,15,27,9,0,19,12,14,0,0,0
220261,1,1,1998,17,17,17,17,17,17,17,17,17,17
220262,1,1,1998,0,0,0,0,0,0,0,0,0,0
220262,2,1,1998,0,0,0,0,0,0,0,0,0,0
220263,0,1,1998,0,0,0,0,0,0,0,0,0,0
220263,1,1,1998,0,0,0,0,0,0,0,0,0,0
220263,2,1,1998,0,0,0,0,0,0,0,0,0,0
220264,1,1,1998,27,27,27,27,27,27,27,27,27,27
220264,2,1,1998,0,0,0,0,0,0,0,0,0,0
220265,1,1,1998,14,20,16,12,5,3,20,28,16,15
220266,1,1,1998,0,0,0,0,0,0,0,0,0,0
220266,2,1,1998,0,0,0,0,0,0,0,0,0,0
220266,3,1,1998,0,0,0,0,0,0,0,0,0,0
220266,4,1,1998,0,0,0,0,0,0,0,0,0,0
220267,1,1,1998,12,15,9,0,14,0,0,0,21,20
220268,1,1,1998,0,41,0,0,0,0,0,0,0,0
220269,1,1,1998,0,0,0,0,0,0,0,0,0,0
220270,1,1,1998,0,0,0,0,0,0,0,0,0,0
220270,2,1,1998,0,0,0,0,0,0,0,0,0,0
220271,1,1,1998,0,0,0,0,0,0,0,0,0,0
220271,2,1,1998,9,0,0,0,0,0,0,0,0,0
220272,1,1,1998,5,5,5,5,5,5,5,5,5,5
220273,1,1,1998,0,0,0,0,0,0,0,0,0,0
220273,2,1,1998,0,0,0,0,0,0,0,0,0,0
220274,1,1,1998,31,21,22,37,17,18,17,19,0,19
220274,2,1,1998,0,0,0,0,0,0,0,0,0,0
220274,3,1,1998,5,2,0,0,0,0,0,18,26,0
220275,1,1,1998,10,0,0,12,0,0,0,0,0,0
220276,1,1,1998,18,12,22,25,0,0,0,0,0,15
220277,1,1,1998,0,0,0,0,0,0,0,0,0,0
220277,2,1,1998,0,0,0,0,0,0,0,0,0,0
220278,1,1,1998,0,0,0,0,0,0,0,0,0,0
220278,2,1,1998,0,0,0,0,0,0,0,0,0,0
220279,1,1,1998,0,0,0,0,0,0,0,0,0,0
220279,2,1,1998,0,0,0,0,0,0,0,0,0,0
220280,1,1,1998,0,0,0,0,0,0,0,0,0,0
220280,2,1,1998,0,0,0,0,0,0,0,0,0,0
220281,1,1,1998,0,0,0,0,0,0,0,0,0,0
220282,1,2,1998,20,13,10,17,0,18,8,20,0,19
220283,1,1,1998,0,0,0,0,0,0,0,0,0,0
220284,1,1,1998,26,26,26,26,26,26,26,26,26,26
220285,1,1,1998,0,12,0,25,0,0,0,0,0,0
220285,2,1,1998,0,0,0,0,0,0,0,0,0,0
220286,1,1,1998,0,0,0,0,0,0,0,7,0,0
220286,2,1,1998,0,0,0,0,0,0,0,0,0,0
220287,1,1,1998,0,0,0,0,0,0,0,0,0,0
220288,1,1,1998,0,8,0,13,0,0,0,0,0,0
220288,2,1,1998,0,0,0,0,0,0,0,0,0,0
220288,3,1,1998,0,0,0,0,0,0,0,0,0,0
220289,1,1,1998,0,0,0,0,0,0,0,0,0,0
220289,2,1,1998,0,0,0,0,0,0,0,0,0,0
220290,1,1,1998,0,0,0,0,0,0,0,0,0,0
220291,1,1,1998,22,22,42,23,15,5,0,11,18,16
220292,1,1,1998,0,0,0,0,0,0,0,0,0,0
220292,2,1,1998,0,0,0,0,0,0,0,0,0,0
220293,1,1,1998,18,18,18,18,18,18,18,18,18,18
220293,2,1,1998,0,0,0,0,0,0,0,0,0,0
220294,1,1,1998,16,8,21,22,11,10,10,18,15,8
220295,1,1,1998,20,20,20,20,20,20,20,20,20,20
220295,2,1,1998,0,0,0,0,0,0,0,0,0,0
220295,3,1,1998,0,0,0,0,0,0,0,0,0,0
220296,1,1,1998,0,0,0,0,0,0,0,0,0,0
220296,2,1,1998,0,0,0,0,0,0,0,0,0,0
220297,0,1,1998,0,0,0,57,15,0,0,18,0,11
220297,1,1,1998,0,0,0,0,0,0,0,0,0,0
220298,1,1,1998,0,13,0,8,0,18,0,23,0,13
220299,1,1,1998,1,1,1,1,1,1,1,1,1,1
220300,1,1,1998,15,15,15,15,15,15,15,15,15,15
220301,1,1,1998,16,4,12,5,0,0,0,13,21,0
220302,0,1,1998,32,27,27,0,0,0,0,0,10,0
220302,1,1,1998,0,0,0,0,0,0,0,0,0,0
220303,0,1,1998,0,0,0,0,0,0,0,0,0,0
220303,1,1,1998,0,0,0,0,0,0,0,0,0,0
220304,1,1,1998,0,0,0,0,0,0,0,0,0,0
220304,2,1,1998,0,0,0,0,0,0,0,0,0,0
220305,1,1,1998,1,1,1,1,1,1,1,1,1,1
220305,2,1,1998,0,0,0,0,0,0,0,0,0,0
220306,1,1,1998,0,0,0,0,0,0,0,0,0,0
220307,0,1,1998,30,9,16,0,16,5,0,0,20,19
220307,0,2,1998,0,18,22,14,38,26,10,15,16,12
220307,0,3,1998,0,0,8,0,0,17,0,0,31,23
220307,1,1,1998,13,9,15,22,6,15,0,15,15,7
220308,1,1,1998,10,10,10,10,10,10,10,10,10,10
220309,1,1,1998,14,0,0,0,0,0,0,0,0,0
220309,2,1,1998,0,19,0,0,27,0,8,0,0,0
220309,3,1,1998,0,0,0,0,0,0,0,0,0,0
220310,1,1,1998,0,0,0,0,0,0,0,0,0,0
220311,1,1,1998,4,4,4,4,4,4,4,4,4,4
220311,2,1,1998,1,1,1,1,1,1,1,1,1,1
220311,3,1,1998,0,0,0,0,0,0,0,0,0,0
220312,1,1,1998,0,29,37,26,0,33,0,20,0,28
220313,1,1,1998,17,0,0,0,0,0,0,0,0,18
220314,1,1,1998,28,0,15,23,0,0,0,20,23,0
220315,1,1,1998,0,0,0,0,0,0,0,0,0,0
220316,1,1,1998,25,6,0,0,0,10,57,15,13,0
220317,1,1,1998,0,0,0,0,0,0,0,0,0,0
220317,2,1,1998,0,0,0,0,0,0,0,0,0,0
220318,1,1,1998,0,0,0,0,0,0,0,0,0,0
220319,1,1,1998,0,0,0,0,0,0,0,0,0,0
220320,1,1,1998,11,11,11,11,11,11,11,11,11,11
220321,1,1,1998,11,12,0,38,0,42,18,23,11,14
220322,1,1,1998,16,16,16,16,16,16,16,16,16,16
220323,1,1,1998,0,0,0,0,0,0,0,0,0,0
220323,2,1,1998,0,0,0,0,0,0,0,0,0,0
220324,1,1,1998,0,0,0,0,0,0,0,18,0,0
220325,1,1,1998,0,0,0,0,0,0,0,0,0,0
220325,2,1,1998,0,0,0,0,0,0,0,0,0,0
220326,1,1,1998,0,0,11,0,0,0,0,0,0,14
220326,2,1,1998,0,0,15,0,23,0,0,0,0,0
220327,1,1,1998,0,22,0,0,11,6,0,0,0,18
220327,2,1,1998,0,30,25,13,16,0,0,21,15,0
220328,1,1,1998,0,0,0,0,0,12,17,15,0,0
220329,0,1,1998,26,26,26,26,26,26,26,26,26,26
220329,1,1,1998,0,0,0,0,0,0,0,0,0,0
220330,1,1,1998,26,0,0,0,13,0,0,0,0,0
220330,2,1,1998,0,0,0,0,0,0,0,0,0,0
220331,1,1,1998,11,11,11,11,11,11,11,11,11,11
220332,0,1,1998,25,25,25,25,25,25,25,25,25,25
220332,1,1,1998,0,0,0,0,0,0,0,0,0,0
220333,1,1,1998,0,0,0,0,0,0,0,0,0,0
220333,2,1,1998,0,0,0,0,0,0,0,0,0,0
220334,1,1,1998,18,0,0,0,17,0,0,0,0,0
220334,2,1,1998,0,0,0,0,0,0,0,0,0,0
220335,1,1,1998,9,8,6,6,10,0,0,9,0,7
220336,0,1,1998,21,21,21,21,21,21,21,21,21,21
220336,1,1,1998,0,0,0,6,0,0,17,0,0,17
220337,1,1,1998,0,0,0,0,0,0,0,0,0,0
220338,1,1,1998,0,0,0,0,0,0,0,0,0,0
220339,1,1,1998,0,8,0,0,0,0,0,0,0,0
220339,2,1,1998,0,0,0,0,0,0,0,0,0,0
220340,1,1,1998,0,0,0,0,0,0,21,0,0,0
220341,1,1,1998,2,2,2,2,2,2,2,2,2,2
220342,0,1,1998,0,14,0,0,0,0,27,27,43,0
220342,1,1,1998,0,0,0,0,0,0,0,0,0,0
220342,2,1,1998,0,0,0,0,0,0,0,0,0,0
220343,1,1,1998,5,0,0,0,7,24,0,0,0,0
220344,1,1,1998,0,0,0,0,0,0,8,0,0,0
220344,2,1,1998,0,0,0,0,0,0,0,0,0,0
220345,1,1,1998,0,2,0,16,0,0,0,0,6,9
220345,2,1,1998,0,0,0,0,0,16,11,0,0,0
220346,0,1,1998,0,0,0,0,0,0,0,0,0,0
220346,1,1,1998,0,0,0,0,0,0,0,0,0,0
220347,1,1,1998,0,0,0,0,0,0,0,0,0,0
220347,2,1,1998,0,0,0,0,0,0,0,0,0,0
220348,0,1,1998,16,0,0,18,8,21,0,23,28,26
220348,1,1,1998,0,0,0,0,0,0,0,0,0,0
220349,1,1,1998,0,0,0,0,0,0,0,0,0,0
220349,2,1,1998,0,0,0,0,0,0,0,0,0,0
220350,1,1,1998,0,0,0,0,0,0,0,9,0,0
220351,1,1,1998,0,0,0,0,0,0,0,0,0,0
220351,2,1,1998,0,0,0,0,0,0,0,0,0,0
220352,1,1,1998,14,14,14,14,14,14,14,14,14,14
220353,1,1,1998,19,14,0,0,0,12,16,16,14,0
220354,1,1,1998,32,0,0,15,0,10,15,0,0,0
220354,2,1,1998,0,0,0,0,0,0,0,0,0,0
220355,1,1,1998,0,0,0,0,0,0,0,0,0,0
220356,1,1,1998,0,0,0,0,0,0,10,0,0,0
220357,0,1,1998,9,0,23,0,0,0,0,26,9,0
220357,1,1,1998,0,0,0,0,0,0,0,0,0,0
220357,2,1,1998,0,0,0,0,2,0,23,0,0,0
220357,3,1,1998,0,0,0,0,0,0,14,0,0,0
220358,0,1,1998,33,33,27,22,8,27,0,25,13,18
220358,1,1,1998,0,0,0,9,0,0,0,0,0,0
220359,0,1,1998,24,29,0,14,28,0,18,14,27,0
220359,1,1,1998,0,0,0,0,0,0,0,0,0,0
220360,1,1,1998,0,0,0,0,0,0,0,0,0,0
220360,2,1,1998,7,0,0,0,0,0,0,0,0,0
220361,1,1,1998,0,0,0,28,25,0,0,0,0,0
220362,1,1,1998,0,0,13,0,0,0,0,0,0,0
220363,1,1,1998,0,0,0,0,0,0,0,0,0,0
220363,2,1,1998,0,0,0,0,0,0,0,0,0,0
220364,1,1,1998,20,9,14,0,11,0,0,20,12,0
220365,1,1,1998,0,0,0,0,0,0,0,0,0,0
220365,2,1,1998,0,0,0,0,0,0,0,0,0,0
220366,1,1,1998,0,15,0,0,0,0,32,30,0,0
220367,1,1,1998,0,29,0,0,0,0,0,0,8,0
220367,2,1,1998,0,0,0,0,0,0,0,0,0,0
220368,1,1,1998,0,0,0,0,0,0,0,0,0,0
220368,2,1,1998,0,18,0,0,0,8,0,0,0,0
220369,0,1,1998,0,0,0,0,0,0,0,0,0,0
220369,1,1,1998,0,0,0,0,0,0,0,0,0,0
220370,1,1,1998,0,0,0,0,0,0,0,0,0,0
220370,2,1,1998,0,0,0,0,0,0,0,0,0,0
220370,3,1,1998,0,0,0,0,0,0,0,0,0,0
220371,1,1,1998,0,0,0,0,0,0,0,0,0,0
220372,1,1,1998,25,25,25,25,25,25,25,25,25,25
220372,2,1,1998,0,0,0,0,0,0,0,0,0,0
220372,3,1,1998,0,0,0,0,0,0,0,0,0,0
220373,1,1,1998,0,0,16,8,15,13,10,0,0,9
220374,1,1,1998,0,0,0,0,0,0,0,0,0,0
220374,2,1,1998,0,0,0,0,0,0,0,0,0,0
220374,3,1,1998,0,0,0,0,0,0,0,0,0,0
220374,4,1,1998,0,0,0,0,0,0,0,0,0,0
220374,5,1,1998,0,0,0,0,0,0,0,0,0,0
220375,1,1,1998,0,0,0,0,0,0,0,0,0,0
220375,2,1,1998,19,33,0,6,0,0,19,28,0,34
220376,1,1,1998,19,23,0,0,0,0,0,0,0,0
220376,2,1,1998,0,0,0,0,0,0,0,0,0,0
220377,1,1,1998,23,27,21,16,10,25,0,16,4,13
220378,1,1,1998,20,20,20,20,20,20,20,20,20,20
220379,1,1,1998,0,0,0,0,0,0,0,0,0,0
220379,2,1,1998,0,0,0,0,0,0,0,0,0,0
220379,3,1,1998,0,0,0,12,0,0,0,23,0,0
220379,4,1,1998,0,10,0,0,0,0,21,0,0,0
220379,5,1,1998,14,16,0,0,0,10,0,0,0,27
220379,6,1,1998,0,5,10,0,0,0,5,11,0,0
220380,1,1,1998,0,0,0,0,0,0,0,0,0,0
220380,2,1,1998,0,0,0,0,0,0,0,0,0,0
220381,1,1,1998,9,0,0,12,23,0,16,24,0,6
220381,2,1,1998,0,0,0,0,0,0,0,0,0,0
220382,1,1,1998,3,3,3,3,3,3,3,3,3,3
220382,2,1,1998,0,0,0,0,0,0,0,0,0,0
220383,1,1,1998,0,0,0,0,0,0,0,0,0,0
220383,2,1,1998,0,0,0,0,0,0,0,0,0,0
220384,1,1,1998,0,0,0,0,0,0,0,0,0,0
220384,2,1,1998,0,0,0,0,0,0,0,0,0,0
220385,1,1,1998,13,0,17,6,19,14,23,24,18,13
220386,1,1,1998,0,0,22,0,20,20,5,13,0,32
220386,2,1,1998,0,0,0,0,0,0,0,0,0,0
220387,1,1,1998,16,16,16,16,16,16,16,16,16,16
220388,1,1,1998,20,20,20,20,20,20,20,20,20,20
220389,1,1,1998,0,0,0,0,0,0,0,0,0,0
220390,1,1,1998,19,17,0,0,0,13,0,5,0,0
220391,1,1,1998,0,0,0,0,0,0,0,0,0,6
220391,2,1,1998,0,0,0,0,0,0,0,0,0,0
220392,1,1,1998,0,0,0,0,0,0,0,0,0,8
220393,1,1,1998,1,1,1,1,1,1,1,1,1,1
220393,2,1,1998,6,6,6,6,6,6,6,6,6,6
220394,1,1,1998,35,17,0,0,20,29,16,0,25,31
220395,1,1,1998,0,0,14,0,0,0,0,0,0,0
220396,0,1,1998,21,0,0,18,0,0,17,0,0,0
220396,1,1,1998,23,23,23,23,23,23,23,23,23,23
220397,1,1,1998,0,0,0,0,0,0,0,0,0,0
220398,1,1,1998,0,0,0,0,0,23,25,0,0,0
220399,1,1,1998,18,18,18,18,18,18,18,18,18,18
220400,1,1,1998,10,21,0,31,26,0,19,17,0,33
220401,1,1,1998,0,0,0,0,0,0,0,0,0,0
220401,2,1,1998,0,10,0,0,17,0,0,13,0,0
220402,1,1,1998,0,0,0,0,0,0,0,0,0,21
220402,2,1,1998,0,0,0,0,0,0,0,0,0,0
220403,1,1,1998,20,7,9,17,0,0,0,0,22,0
220404,0,1,1998,23,23,23,23,23,23,23,23,23,23
220404,1,1,1998,15,15,15,15,15,15,15,15,15,15
220405,1,1,1998,0,0,0,0,0,0,0,0,0,0
220406,1,1,1998,9,21,43,9,21,18,28,14,14,12
220407,0,1,1998,0,0,0,0,20,8,0,30,0,11
220407,1,1,1998,21,0,0,11,0,15,14,0,0,5
220408,1,1,1998,5,5,5,5,5,5,5,5,5,5
220409,0,1,1998,20,9,45,8,20,15,20,13,17,9
220409,1,1,1998,18,19,0,8,0,9,0,0,0,4
220409,2,1,1998,5,5,5,5,5,5,5,5,5,5
220409,3,1,1998,0,0,0,9,0,0,0,0,10,6
220410,1,1,1998,0,0,0,0,0,0,0,0,0,0
220410,2,1,1998,0,0,0,0,0,0,0,0,0,0
220411,1,1,1998,0,17,17,0,0,0,0,0,0,0
220411,2,1,1998,0,7,7,0,0,0,0,0,0,0
220412,1,1,1998,0,0,0,0,10,0,0,0,0,0
220412,2,1,1998,0,0,0,0,0,0,0,0,0,0
220412,3,1,1998,12,0,0,0,0,12,0,0,0,0
220412,4,1,1998,0,0,0,0,0,0,0,0,17,0
220412,5,1,1998,0,0,0,16,0,0,0,0,0,0
220412,6,1,1998,0,0,0,0,0,6,0,0,0,0
220412,7,1,1998,7,7,0,0,16,0,7,0,16,0
220412,8,1,1998,0,0,5,0,0,0,0,7,0,0
220412,9,1,1998,0,0,7,0,0,0,0,0,0,0
220412,10,1,1998,0,0,5,0,0,0,0,0,0,0
220412,11,1,1998,0,0,0,0,0,0,0,0,0,0
220412,12,1,1998,0,3,0,18,0,0,0,0,0,0
220412,13,1,1998,0,0,0,0,13,0,0,0,0,12
220412,14,1,1998,0,0,0,0,0,0,0,0,0,0
220412,15,1,1998,0,0,0,0,0,19,0,8,0,0
220412,16,1,1998,0,0,0,0,0,0,0,0,0,0
220412,17,1,1998,0,0,0,0,0,5,0,0,0,0
220412,18,1,1998,0,0,0,0,0,0,0,0,0,0
220413,0,1,1998,0,0,0,0,0,0,0,0,0,0
220413,1,1,1998,0,0,0,0,0,0,0,0,0,0
220414,1,1,1998,0,0,0,0,0,0,0,0,0,0
220415,1,1,1998,23,25,11,17,0,21,0,26,0,6
220416,0,1,1998,0,0,0,0,0,0,0,0,0,0
220416,1,1,1998,0,0,0,0,0,0,0,0,0,0
220417,0,1,1998,0,0,0,0,0,0,0,0,0,0
220417,1,1,1998,0,0,0,0,0,0,0,0,0,0
220418,1,1,1998,0,0,0,0,0,0,0,0,0,0
220418,2,1,1998,0,0,0,0,0,0,0,0,0,0
220419,1,1,1998,0,0,0,0,0,0,0,0,0,0
220420,1,1,1998,25,25,25,25,25,25,25,25,25,25
220421,1,1,1998,0,18,11,18,0,0,0,10,0,0
220421,2,1,1998,0,0,0,0,0,0,0,0,0,0
220422,1,1,1998,12,0,16,0,16,10,46,17,25,9
220422,2,1,1998,0,0,0,0,0,0,0,0,0,0
220423,1,1,1998,0,0,7,33,11,14,18,0,0,20
220423,2,1,1998,0,0,0,0,0,0,0,0,0,0
220424,1,1,1998,13,36,17,24,13,6,16,22,0,5
220425,1,1,1998,19,19,19,19,19,19,19,19,19,19
220425,2,1,1998,0,0,0,0,0,0,0,0,0,0
220426,1,1,1998,15,0,0,0,0,16,8,0,0,11
220427,1,1,1998,31,31,31,31,31,31,31,31,31,31
220428,1,1,1998,30,30,30,30,30,30,30,30,30,30
220429,1,1,1998,12,14,0,18,6,0,0,0,0,0
220429,2,1,1998,0,0,0,0,0,0,0,0,0,0
220429,3,1,1998,0,0,0,0,0,0,0,0,0,0
220430,1,1,1998,14,14,14,14,14,14,14,14,14,14
220431,1,1,1998,0,0,0,0,0,0,0,0,0,0
220432,1,1,1998,39,12,5,0,0,0,4,0,26,12
220432,2,1,1998,0,0,0,0,0,0,0,0,0,0
220433,0,1,1998,28,31,9,0,13,19,6,35,21,0
220433,1,1,1998,0,0,0,0,0,0,0,0,0,0
220434,1,1,1998,25,25,25,25,25,25,25,25,25,25
220435,1,1,1998,0,0,0,0,0,0,0,0,0,0
220435,2,1,1998,0,0,0,0,0,0,0,0,0,0
220436,1,1,1998,0,0,0,0,0,0,0,0,0,0
220436,2,1,1998,0,0,0,0,0,0,0,0,0,0
220437,1,1,1998,0,5,0,0,17,0,0,10,6,0
220438,1,1,1998,0,15,0,0,0,13,0,0,0,0
220439,0,1,1998,0,0,0,0,0,0,0,0,0,0
220439,1,1,1998,0,0,0,0,0,0,0,0,0,0
220440,1,1,1998,0,0,0,0,0,0,0,0,0,0
220440,2,1,1998,0,0,0,0,0,0,0,0,0,0
220441,1,1,1998,0,13,0,0,0,15,0,0,0,0
220442,1,1,1998,0,0,0,0,0,0,0,0,0,0
220442,2,1,1998,0,0,0,0,0,0,0,0,0,0
220443,1,1,1998,10,17,0,6,23,0,7,19,17,0
220443,2,1,1998,0,0,0,0,0,0,0,0,0,0
220444,1,1,1998,4,15,0,0,0,19,16,12,25,11
220445,1,1,1998,14,14,14,14,14,14,14,14,14,14
220446,0,1,1998,33,33,33,33,33,33,33,33,33,33
220446,1,1,1998,7,0,0,0,14,16,0,0,0,0
220447,1,1,1998,11,11,11,11,11,11,11,11,11,11
220447,2,1,1998,0,0,0,0,0,0,0,0,0,0
220448,1,1,1998,6,6,6,6,6,6,6,6,6,6
220448,2,1,1998,5,5,5,5,5,5,5,5,5,5
220449,1,1,1998,0,0,0,0,0,0,0,0,0,0
220450,1,1,1998,0,0,0,0,7,0,0,0,0,0
220450,2,1,1998,0,0,0,0,0,0,0,0,0,0
220451,1,1,1998,0,0,0,0,0,0,0,0,0,0
220452,1,1,1998,7,22,13,9,17,0,0,5,22,28
220452,2,1,1998,0,0,0,0,0,0,0,0,0,0
220452,3,1,1998,0,0,0,8,0,12,8,14,0,18
220453,1,1,1998,3,19,17,0,13,38,0,0,0,9
220454,1,1,1998,0,0,0,0,0,0,0,0,0,0
220454,2,1,1998,0,0,0,0,0,0,0,0,0,0
220455,1,1,1998,0,0,0,0,0,0,0,0,0,0
220455,2,1,1998,0,0,0,0,0,0,0,0,0,0
220456,1,1,1998,22,25,13,17,0,0,0,0,15,15
220457,1,1,1998,0,0,0,0,0,0,0,0,0,0
220458,0,1,1998,0,0,0,0,0,0,0,0,0,0
220458,1,1,1998,0,0,0,0,0,0,0,0,0,0
220459,1,1,1998,0,16,20,20,0,10,0,22,16,21
220460,1,1,1998,5,0,23,0,9,0,17,0,23,18
220461,1,1,1998,27,27,27,27,27,27,27,27,27,27
220462,0,1,1998,13,35,5,23,0,6,27,7,10,0
220462,1,1,1998,0,0,7,0,0,13,8,0,0,28
220463,1,1,1998,20,20,20,20,20,20,20,20,20,20
220464,1,1,1998,22,22,22,22,22,22,22,22,22,22
220465,1,1,1998,0,0,0,0,0,0,0,0,0,0
220465,2,1,1998,0,29,0,0,0,0,0,4,0,0
220465,3,1,1998,0,0,0,0,0,0,0,0,0,0
220466,0,1,1998,0,0,0,0,0,9,16,0,0,47
220466,1,1,1998,0,0,0,0,0,0,0,0,0,0
220467,1,1,1998,0,0,0,0,0,0,0,0,0,0
220467,2,1,1998,0,0,0,0,0,0,0,0,0,0
220468,1,1,1998,28,28,28,28,28,28,28,28,28,28
220469,1,1,1998,19,0,19,2,0,15,0,13,0,0