ST_CASE,VEH_NO,PER_NO,YEAR,P1,P2,P3,P4,P5,P6,P7,P8,P9,P10
220470,1,1,1998,0,0,0,0,0,0,0,0,0,0
220470,2,1,1998,0,0,0,13,0,0,0,0,0,0
220471,1,1,1998,18,18,18,18,18,18,18,18,18,18
220472,1,1,1998,0,0,0,0,0,0,0,0,0,0
220472,2,1,1998,0,0,0,0,0,0,0,0,0,0
220472,3,1,1998,0,0,0,0,0,0,0,0,0,0
220473,1,1,1998,17,17,17,17,17,17,17,17,17,17
220474,1,1,1998,0,0,0,0,0,0,0,0,0,0
220474,2,1,1998,0,0,10,0,0,0,0,0,9,0
220475,1,1,1998,24,24,24,24,24,24,24,24,24,24
220475,2,1,1998,0,0,0,0,0,0,0,0,0,0
220476,1,1,1998,11,10,0,0,20,8,0,0,0,0
220477,1,1,1998,0,0,0,0,0,0,0,0,0,0
220478,1,1,1998,22,22,22,22,22,22,22,22,22,22
220479,1,1,1998,0,0,0,0,0,0,0,0,0,0
220480,1,1,1998,20,20,20,20,20,20,20,20,20,20
220481,1,1,1998,0,0,0,0,0,0,0,0,0,0
220482,1,1,1998,10,19,0,0,20,26,0,19,0,0
220482,2,1,1998,10,19,17,0,19,0,0,15,16,25
220483,1,1,1998,0,21,0,0,26,0,0,0,0,18
220484,1,1,1998,9,9,9,9,9,9,9,9,9,9
220484,2,1,1998,3,3,3,3,3,3,3,3,3,3
220485,0,1,1998,0,0,0,0,0,0,0,0,0,0
220485,1,1,1998,20,20,20,20,20,20,20,20,20,20
220486,1,1,1998,23,23,23,23,23,23,23,23,23,23
220486,2,1,1998,0,0,0,0,0,0,0,0,0,0
220487,1,1,1998,17,17,17,17,17,17,17,17,17,17
220487,2,1,1998,0,0,0,0,0,0,0,0,0,0
220488,1,1,1998,0,0,0,0,0,0,0,0,0,0
220488,2,1,1998,0,0,0,0,0,0,0,0,0,0
220489,1,1,1998,0,0,31,0,0,0,0,0,0,0
220489,2,1,1998,0,0,0,0,0,0,0,0,0,0
220490,1,1,1998,10,14,15,19,0,13,0,11,0,0
220490,2,1,1998,0,0,0,0,0,0,0,0,0,0
220491,1,1,1998,13,13,13,13,13,13,13,13,13,13
220492,1,1,1998,14,0,12,0,0,0,0,0,0,0
220492,2,1,1998,0,0,0,0,0,0,0,0,0,0
220493,1,1,1998,0,0,0,0,0,0,0,0,0,0
220493,2,1,1998,0,0,0,0,0,0,0,0,0,0
220493,3,1,1998,0,0,0,0,0,0,0,0,0,0
220494,1,1,1998,0,0,0,0,0,0,0,0,0,0
220494,2,1,1998,0,0,14,0,11,2,0,0,0,0
220495,1,1,1998,19,19,19,19,19,19,19,19,19,19
220496,1,1,1998,0,0,0,0,0,0,0,0,0,0
220497,0,1,1998,32,32,32,32,32,32,32,32,32,32
220497,1,1,1998,0,0,0,0,0,0,6,9,14,0
220498,1,1,1998,0,0,0,0,0,0,0,0,0,0
220499,1,1,1998,9,9,9,9,9,9,9,9,9,9
220500,1,1,1998,14,14,14,14,14,14,14,14,14,14
220501,1,1,1998,0,0,0,0,0,0,0,0,0,0
220501,2,1,1998,0,0,0,0,0,0,0,0,0,0
220502,0,1,1998,0,28,16,0,27,0,27,17,15,23
220502,1,1,1998,0,0,0,0,0,0,0,0,0,0
220503,1,1,1998,0,0,0,0,0,0,0,0,0,0
220503,2,1,1998,0,0,0,0,0,0,0,0,0,0
220504,1,1,1998,16,16,16,16,16,16,16,16,16,16
220505,1,1,1998,0,0,0,0,0,0,0,0,0,0
220505,2,1,1998,5,0,0,24,0,8,0,0,0,0
220506,1,1,1998,0,0,0,0,0,0,0,0,0,0
220507,1,1,1998,0,0,0,0,0,0,13,0,0,0
220507,2,1,1998,0,0,0,0,0,0,0,0,0,0
220508,0,1,1998,0,0,24,0,0,0,15,0,0,23
220508,1,1,1998,0,0,23,12,0,0,0,0,0,0
220509,1,1,1998,16,18,0,7,0,0,17,20,0,13
220509,2,1,1998,0,0,0,0,0,0,0,0,0,0
220509,3,1,1998,0,0,0,21,0,0,0,0,8,8
220510,1,1,1998,0,29,0,0,12,0,0,15,6,0
220510,2,1,1998,0,0,0,0,0,0,0,0,0,0
220511,1,1,1998,28,28,28,28,28,28,28,28,28,28
220511,2,1,1998,0,0,0,0,0,0,0,0,0,0
220512,0,1,1998,24,24,24,24,24,24,24,24,24,24
220512,1,1,1998,0,0,0,0,0,0,0,0,0,0
220512,2,1,1998,1,1,1,1,1,1,1,1,1,1
220513,1,1,1998,15,15,15,15,15,15,15,15,15,15
220513,2,1,1998,0,0,0,0,0,0,0,0,0,0
220514,1,1,1998,27,27,27,27,27,27,27,27,27,27
220515,1,1,1998,0,0,0,0,0,0,0,0,0,0
220515,2,1,1998,0,0,0,0,0,0,0,0,0,0
220516,1,1,1998,14,14,14,14,14,14,14,14,14,14
220516,2,1,1998,0,0,20,0,20,16,0,0,0,0
220517,1,1,1998,0,0,0,0,0,0,0,0,0,0
220517,2,1,1998,0,0,0,0,0,0,0,0,0,0
220518,1,1,1998,0,0,0,0,0,0,0,0,0,0
220518,2,1,1998,0,0,11,0,0,0,0,0,0,0
220519,1,1,1998,0,16,0,0,0,27,0,0,0,0
220520,1,1,1998,11,0,16,11,18,14,0,13,16,16
220521,1,1,1998,0,0,0,0,0,0,0,0,0,0
220521,2,1,1998,0,0,0,0,0,0,0,0,0,0
220521,3,1,1998,0,0,0,0,0,0,0,0,0,0
220521,4,1,1998,0,0,0,0,0,0,0,0,9,0
220522,0,1,1998,36,36,36,36,36,36,36,36,36,36
220522,1,1,1998,0,0,0,0,0,0,0,0,0,0
220523,1,1,1998,12,12,12,12,12,12,12,12,12,12
220524,0,1,1998,0,0,0,0,0,0,0,0,0,0
220524,1,1,1998,10,10,10,10,10,10,10,10,10,10
220524,2,1,1998,0,0,0,9,10,0,2,0,0,13
220525,1,1,1998,0,0,0,0,0,0,0,0,0,0
220525,2,1,1998,0,0,0,0,0,0,0,0,0,0
220526,1,1,1998,0,0,0,0,0,0,0,0,0,0
220527,1,1,1998,0,0,0,0,0,0,0,0,0,0
220527,2,1,1998,0,0,0,0,0,0,0,0,0,0
220528,0,1,1998,0,0,0,0,0,0,0,0,0,0
220528,1,1,1998,22,22,22,22,22,22,22,22,22,22
220529,1,1,1998,0,0,0,0,0,0,0,0,0,0
220530,1,1,1998,20,20,20,20,20,20,20,20,20,20
220531,1,1,1998,0,0,0,0,0,0,0,0,0,0
220531,2,1,1998,7,7,7,7,7,7,7,7,7,7
220532,0,1,1998,0,0,0,0,0,0,0,17,0,0
220532,1,1,1998,0,0,0,0,0,0,0,0,0,0
220533,1,1,1998,22,14,11,22,15,13,20,12,8,9
220534,1,1,1998,1,1,1,1,1,1,1,1,1,1
220534,2,1,1998,0,0,0,0,0,0,0,0,0,0
220535,1,1,1998,0,0,0,9,16,0,0,7,0,3
220536,1,1,1998,0,0,0,0,0,0,0,0,0,0
220537,0,1,1998,0,0,0,0,0,0,0,0,0,0
220537,1,1,1998,0,0,0,0,0,0,0,0,0,0
220538,1,1,1998,19,0,0,0,0,15,12,16,0,0
220539,1,1,1998,29,29,29,29,29,29,29,29,29,29
220539,2,1,1998,0,0,0,0,0,0,0,0,0,0
220540,0,1,1998,0,21,20,22,18,37,8,9,0,33
220540,1,1,1998,0,0,0,0,0,0,0,0,0,0
220541,1,1,1998,12,12,12,12,12,12,12,12,12,12
220542,1,1,1998,0,0,0,0,0,0,0,0,0,0
220542,2,1,1998,0,0,0,0,0,0,0,0,0,0
220542,3,1,1998,0,0,0,0,0,0,0,0,0,0
220542,4,1,1998,0,0,0,0,0,0,0,0,0,0
220543,1,1,1998,18,18,18,18,18,18,18,18,18,18
220544,0,1,1998,28,24,35,19,11,19,0,0,28,0
220544,0,2,1998,18,8,6,0,0,9,0,0,0,0
220544,1,1,1998,7,14,11,16,15,11,35,18,4,27
220545,1,1,1998,0,0,0,0,0,0,0,0,0,0
220545,2,1,1998,0,0,0,11,0,0,0,0,0,17
220546,1,1,1998,27,27,27,27,27,27,27,27,27,27
220546,2,1,1998,0,0,0,0,0,0,0,0,0,0
220546,3,1,1998,0,0,0,0,0,0,0,0,0,0
220547,0,1,1998,0,0,0,0,0,0,0,0,0,0
220547,1,1,1998,0,0,0,0,0,0,0,0,0,0
220548,1,1,1998,0,0,0,0,0,0,0,0,0,0
220549,1,1,1998,0,0,0,0,0,0,0,0,0,0
220549,2,1,1998,26,0,0,0,0,0,0,0,8,7
220550,1,1,1998,0,5,0,20,0,15,0,11,14,0
220551,1,1,1998,0,0,0,0,19,28,0,15,0,19
220552,1,1,1998,0,0,0,0,0,0,0,0,0,0
220553,1,1,1998,0,0,0,0,0,0,0,0,0,0
220553,2,1,1998,0,0,0,0,0,0,0,0,0,0
220554,1,1,1998,5,5,5,5,5,5,5,5,5,5
220555,1,1,1998,0,0,0,0,0,0,0,0,0,0
220555,2,1,1998,0,0,0,0,0,0,0,0,0,0
220556,0,1,1998,27,27,27,27,27,27,27,27,27,27
220556,1,1,1998,16,0,23,20,9,14,0,13,16,17
220556,2,1,1998,14,0,13,0,25,30,4,26,0,0
220557,1,1,1998,10,10,10,10,10,10,10,10,10,10
220558,1,1,1998,0,0,0,0,0,0,0,0,0,0
220558,2,1,1998,0,0,0,0,0,0,0,0,0,0
220559,1,1,1998,0,8,11,0,0,0,20,0,0,0
220559,2,1,1998,31,31,31,31,31,31,31,31,31,31
220560,1,1,1998,11,11,11,11,11,11,11,11,11,11
220561,1,1,1998,25,25,25,25,25,25,25,25,25,25
220561,2,1,1998,0,0,0,0,0,0,0,0,0,0
220561,3,1,1998,0,5,0,11,0,0,0,0,0,0
220562,1,1,1998,0,0,14,18,0,17,0,10,0,7
220563,1,1,1998,0,0,0,0,0,0,0,0,0,0
220564,1,1,1998,0,0,0,0,0,0,0,0,0,0
220564,2,1,1998,22,22,22,22,22,22,22,22,22,22
220565,1,1,1998,0,0,0,0,0,0,0,0,0,0
220565,2,1,1998,0,0,0,0,0,0,0,0,0,0
220565,3,1,1998,0,0,0,0,0,0,0,35,0,0
220566,1,1,1998,27,27,27,27,27,27,27,27,27,27
220567,1,1,1998,0,0,0,0,0,0,0,0,0,0
220567,2,1,1998,0,0,0,0,0,9,0,0,0,0
220568,1,1,1998,0,0,0,0,0,0,0,0,0,0
220569,0,1,1998,0,0,0,0,0,0,0,0,0,0
220569,1,1,1998,0,0,0,0,0,0,0,0,0,0
220570,1,1,1998,4,4,4,4,4,4,4,4,4,4
220571,1,1,1998,22,22,22,22,22,22,22,22,22,22
220572,1,1,1998,18,0,0,18,0,0,8,0,0,0
220572,2,1,1998,0,0,0,0,0,0,0,0,0,0
220573,1,1,1998,0,0,0,0,0,0,0,0,0,0
220573,2,1,1998,0,0,0,0,0,0,0,0,0,0
220574,0,1,1998,39,39,39,39,39,39,39,39,39,39
220574,1,1,1998,0,10,0,0,0,12,8,0,0,0
220575,1,1,1998,10,10,10,10,10,10,10,10,10,10
220576,1,1,1998,0,0,0,0,0,0,0,0,0,0
220577,1,1,1998,5,5,5,5,5,5,5,5,5,5
220578,0,1,1998,15,15,15,15,15,15,15,15,15,15
220578,1,1,1998,0,0,0,0,0,0,0,0,0,0
220579,1,1,1998,0,15,26,0,25,0,0,20,0,0
220580,1,1,1998,18,18,18,18,18,18,18,18,18,18
220581,1,1,1998,11,14,16,0,25,0,17,0,8,14
220582,1,1,1998,23,23,23,23,23,23,23,23,23,23
220582,2,1,1998,0,0,0,0,0,0,0,0,0,0
220583,1,1,1998,0,0,0,0,0,0,0,0,0,0
220583,2,1,1998,0,0,0,0,0,0,0,0,0,0
220583,3,1,1998,0,0,0,0,0,0,0,0,0,0
220584,1,1,1998,37,37,37,37,37,37,37,37,37,37
220585,1,1,1998,0,0,0,0,0,0,0,0,0,0
220585,2,1,1998,0,0,0,0,0,0,0,0,0,0
220586,1,1,1998,0,0,0,0,0,0,0,0,0,0
220586,2,1,1998,0,0,0,0,0,0,0,0,0,0
220587,1,1,1998,0,0,0,0,0,0,0,0,0,0
220587,2,1,1998,0,0,0,0,0,0,0,0,0,0
220588,1,1,1998,0,0,0,0,0,0,0,0,0,0
220589,1,1,1998,0,0,0,0,0,0,0,0,0,0
220589,2,1,1998,0,0,0,0,0,0,0,0,0,0
220590,1,1,1998,30,29,22,7,14,29,18,17,0,11
220591,1,1,1998,11,0,13,0,0,0,4,0,0,0
220592,1,1,1998,0,0,0,0,0,0,0,0,0,0
220592,2,1,1998,13,0,0,0,14,0,9,0,0,0
220593,1,2,1998,0,0,0,0,38,0,12,15,17,0
220594,1,1,1998,10,10,10,10,10,10,10,10,10,10
220595,0,1,1998,0,0,0,0,0,0,0,0,0,0
220595,1,1,1998,0,0,0,0,0,0,0,0,0,0
220596,1,1,1998,26,26,26,26,26,26,26,26,26,26
220597,1,1,1998,23,23,23,23,23,23,23,23,23,23
220598,1,1,1998,0,0,0,0,0,0,0,0,0,0
220599,0,1,1998,5,5,5,5,5,5,5,5,5,5
220599,1,1,1998,0,0,15,0,0,9,0,13,11,0
220600,1,1,1998,0,0,0,0,0,0,0,0,0,0
220600,2,1,1998,0,0,0,0,0,0,0,0,0,0
220601,1,1,1998,0,0,0,16,0,0,0,13,0,15
220601,2,1,1998,0,0,0,0,0,0,0,0,2,0
220602,1,1,1998,0,0,0,0,0,0,0,0,0,0
220602,2,1,1998,0,0,0,0,0,0,0,0,0,0
220603,1,1,1998,0,0,0,0,0,0,0,0,0,0
220604,1,1,1998,0,0,0,18,0,0,0,0,0,0
220604,2,1,1998,0,0,0,0,0,25,0,0,0,0
220605,1,1,1998,0,0,0,0,0,0,0,0,0,0
220606,1,1,1998,0,19,0,0,0,0,0,8,0,0
220606,2,1,1998,0,0,0,0,10,0,0,0,0,0
220607,1,1,1998,11,0,0,0,0,0,13,6,0,0
220608,1,1,1998,5,5,5,5,5,5,5,5,5,5
220608,2,1,1998,0,0,0,0,0,0,0,0,0,0
220609,0,1,1998,21,20,14,0,0,30,0,0,20,0
220609,1,1,1998,0,0,0,0,11,0,0,6,15,0
220610,1,1,1998,0,0,0,0,0,0,0,0,0,0
220611,1,1,1998,0,9,0,0,0,10,0,0,0,10
220611,2,1,1998,0,0,0,0,0,0,0,0,0,15
220612,1,1,1998,0,0,0,0,0,0,0,0,0,0
220613,1,1,1998,19,0,0,0,27,29,16,21,15,15
220614,1,1,1998,18,18,18,18,18,18,18,18,18,18
220615,1,1,1998,0,0,0,0,0,21,0,0,0,0
220616,1,1,1998,0,0,0,0,0,0,0,0,0,0
220616,2,1,1998,0,0,0,0,0,0,0,0,0,0
220617,1,1,1998,12,0,0,0,0,0,16,0,0,16
220617,2,1,1998,0,0,0,0,0,0,0,0,0,0
220618,0,1,1998,17,0,0,0,0,0,0,0,16,0
220618,1,1,1998,0,0,0,0,0,0,0,13,0,0
220619,1,1,1998,0,20,0,0,16,18,23,15,0,0
220620,1,1,1998,0,0,0,0,0,0,0,0,0,0
220620,2,1,1998,0,0,0,0,0,0,0,0,0,0
220621,0,1,1998,0,15,7,8,14,10,32,21,24,0
220621,1,1,1998,0,21,11,6,0,0,11,0,12,0
220622,1,1,1998,17,0,0,10,0,0,0,17,0,0
220622,2,1,1998,0,0,0,0,0,17,0,0,0,16
220622,3,1,1998,0,0,0,11,0,0,0,0,0,6
220622,4,1,1998,10,0,0,0,0,0,0,0,0,0
220623,0,1,1998,4,4,4,4,4,4,4,4,4,4
220623,1,1,1998,0,0,0,0,0,0,0,0,0,0
220624,1,1,1998,6,6,6,6,6,6,6,6,6,6
220624,2,1,1998,0,30,15,0,0,13,18,16,0,14
220625,1,1,1998,16,16,16,16,16,16,16,16,16,16
220625,2,1,1998,0,24,11,17,0,20,24,0,7,12
220626,0,2,1998,0,0,0,0,6,0,0,0,32,0
220626,1,1,1998,0,0,0,0,0,0,0,0,0,0
220627,0,1,1998,16,16,16,16,16,16,16,16,16,16
220627,1,1,1998,0,0,0,0,0,0,0,0,0,0
220628,2,1,1998,12,12,12,12,12,12,12,12,12,12
220629,0,1,1998,0,0,0,0,0,0,0,0,0,0
220629,1,1,1998,1,1,1,1,1,1,1,1,1,1
220630,0,1,1998,29,16,0,15,19,0,0,17,0,0
220630,1,1,1998,0,0,0,0,0,0,0,0,0,0
220631,1,1,1998,0,0,0,0,0,0,0,0,0,0
220631,2,1,1998,0,0,0,0,25,0,0,0,0,0
220631,3,1,1998,0,0,0,0,0,0,0,0,0,0
220632,0,1,1998,0,0,0,0,0,0,0,0,0,0
220632,1,1,1998,0,0,0,0,0,0,0,0,0,0
220633,0,1,1998,0,31,0,0,0,0,19,0,18,0
220633,1,1,1998,0,0,0,0,0,0,0,0,0,0
220634,0,1,1998,21,21,21,21,21,21,21,21,21,21
220634,1,1,1998,0,0,0,0,0,0,0,0,0,0
220635,1,1,1998,8,8,8,8,8,8,8,8,8,8
220636,1,1,1998,0,0,0,0,0,0,0,0,0,0
220637,0,1,1998,21,17,15,20,9,0,23,23,18,22
220637,0,2,1998,16,17,10,35,16,0,22,0,6,24
220637,1,1,1998,30,30,30,30,30,30,30,30,30,30
220638,1,1,1998,0,0,0,0,0,0,0,0,0,0
220639,1,1,1998,0,0,0,0,0,0,0,0,0,0
220639,2,1,1998,0,0,0,0,0,0,0,0,0,0
220640,1,1,1998,0,0,0,0,0,0,0,0,0,0
220641,1,1,1998,0,0,0,0,0,0,0,0,0,0
220641,2,1,1998,29,29,29,29,29,29,29,29,29,29
220642,1,1,1998,0,0,0,0,0,0,0,0,0,0
220643,1,1,1998,9,9,9,9,9,9,9,9,9,9
220644,1,1,1998,0,0,0,0,0,0,0,0,0,0
220644,2,1,1998,19,19,19,19,19,19,19,19,19,19
220645,1,1,1998,0,0,0,0,0,0,0,0,0,0
220646,1,1,1998,0,0,0,0,0,0,0,0,0,0
220646,2,1,1998,0,0,0,0,0,0,0,0,0,0
220647,1,1,1998,0,14,0,0,0,0,0,0,0,0
220647,2,1,1998,0,11,0,0,0,0,0,0,0,0
220648,1,1,1998,0,0,0,0,0,0,0,0,0,0
220648,2,1,1998,0,0,0,0,4,0,0,0,0,0
220649,1,1,1998,12,12,12,12,12,12,12,12,12,12
220650,1,1,1998,0,0,0,0,0,0,0,0,0,0
220650,2,1,1998,0,0,0,0,0,0,0,0,0,0
220651,1,1,1998,0,0,0,0,0,0,0,0,0,0
220651,2,1,1998,0,0,0,0,0,0,0,0,0,0
220652,0,1,1998,33,25,0,0,0,0,16,20,34,0
220652,1,1,1998,0,0,0,0,0,0,0,0,0,0
220653,0,1,1998,0,0,0,0,0,0,0,0,0,0
220653,1,1,1998,1,1,1,1,1,1,1,1,1,1
220654,0,1,1998,19,39,38,0,6,39,20,11,2,0
220654,1,1,1998,7,7,7,7,7,7,7,7,7,7
220654,2,1,1998,0,0,0,0,0,0,0,0,0,0
220655,1,1,1998,0,0,0,0,0,0,0,0,0,0
220655,2,1,1998,0,0,0,0,0,0,0,0,0,0
220656,0,1,1998,23,3,0,22,6,0,36,0,25,0
220656,1,1,1998,0,0,0,0,0,0,0,0,0,0
220657,1,1,1998,10,0,11,17,21,8,31,12,16,12
220658,0,1,1998,0,0,0,0,0,0,0,0,0,0
220658,1,1,1998,0,0,0,0,0,0,0,0,0,0
220659,1,1,1998,0,9,0,0,0,0,0,0,0,0
220659,2,1,1998,0,0,0,0,15,0,0,4,0,0
220660,0,1,1998,0,0,34,0,18,13,11,0,24,13
220660,0,2,1998,0,17,6,39,24,12,18,0,27,11
220660,1,1,1998,0,0,0,0,0,0,0,0,0,0
220661,1,1,1998,0,0,0,0,0,0,0,0,0,0
220662,1,1,1998,16,33,11,26,12,26,20,18,0,29
220663,1,1,1998,0,2,12,0,0,31,13,19,0,0
220664,1,1,1998,0,0,23,0,13,0,0,0,0,19
220664,2,1,1998,0,0,0,0,0,0,0,0,0,0
220665,1,1,1998,0,0,0,0,0,0,0,0,0,0
220665,2,1,1998,0,4,0,0,0,0,0,0,0,0
220665,3,1,1998,0,0,0,0,0,0,0,0,0,0
220665,4,1,1998,0,0,0,0,0,0,0,0,0,0
220666,0,1,1998,4,4,4,4,4,4,4,4,4,4
220666,1,1,1998,7,0,0,0,0,0,4,0,0,0
220667,0,1,1998,35,35,35,35,35,35,35,35,35,35
220667,1,1,1998,0,0,0,0,0,0,0,0,0,0
220668,1,1,1998,0,0,0,0,0,0,0,0,0,0
220669,1,1,1998,11,11,11,11,11,11,11,11,11,11
220670,1,1,1998,20,20,20,20,20,20,20,20,20,20
220670,2,1,1998,0,0,0,0,0,0,0,0,0,0
220671,1,1,1998,0,0,0,0,0,0,0,0,0,0
220671,2,1,1998,0,0,0,0,0,0,0,0,0,0
220672,1,1,1998,10,36,23,34,0,33,21,21,14,19
220673,1,1,1998,20,0,0,0,0,0,0,24,0,12
220673,2,1,1998,0,0,0,0,0,0,0,0,0,0
220674,1,1,1998,13,13,13,13,13,13,13,13,13,13
220675,1,1,1998,20,20,20,20,20,20,20,20,20,20
220676,1,1,1998,8,8,8,8,8,8,8,8,8,8
220676,2,1,1998,15,15,15,15,15,15,15,15,15,15
220677,1,1,1998,13,13,13,13,13,13,13,13,13,13
220677,2,1,1998,0,0,0,0,0,0,0,0,0,0
220678,1,1,1998,19,19,19,19,19,19,19,19,19,19
220679,1,1,1998,18,18,18,18,18,18,18,18,18,18
220680,1,1,1998,0,0,0,0,0,0,0,0,0,0
220680,2,1,1998,0,0,0,0,0,0,0,0,0,0
220681,1,1,1998,0,0,0,0,0,0,0,0,0,0
220682,0,1,1998,2,2,2,2,2,2,2,2,2,2
220682,1,1,1998,0,0,0,0,0,0,0,0,0,0
220683,1,1,1998,20,20,20,20,20,20,20,20,20,20
220684,1,1,1998,25,25,25,25,25,25,25,25,25,25
220684,2,1,1998,0,0,0,0,0,0,0,0,0,0
220685,1,1,1998,11,11,11,11,11,11,11,11,11,11
220685,2,1,1998,0,0,0,0,0,0,0,0,0,0
220686,1,1,1998,19,26,5,13,27,26,15,14,10,21
220687,1,1,1998,0,19,14,0,0,20,23,0,13,26
220687,2,1,1998,0,0,0,0,0,0,0,0,0,0
220688,1,1,1998,15,15,15,15,15,15,15,15,15,15
220689,1,1,1998,0,0,0,0,0,0,0,0,0,0
220689,2,1,1998,0,0,0,0,0,0,0,0,0,0
220690,1,1,1998,0,0,0,0,0,0,0,0,0,0
220691,1,1,1998,19,19,19,19,19,19,19,19,19,19
220692,1,1,1998,19,19,19,19,19,19,19,19,19,19
220692,2,1,1998,25,8,0,0,0,0,0,0,0,0
220693,1,1,1998,12,12,12,12,12,12,12,12,12,12
220694,0,1,1998,0,0,0,0,0,0,0,0,0,0
220694,0,2,1998,0,3,21,19,12,0,0,0,27,0
220695,1,1,1998,0,0,0,32,0,0,13,0,0,11
220695,2,1,1998,0,0,0,0,0,0,0,13,0,0
220696,1,1,1998,0,0,18,23,0,0,0,0,9,0
220697,0,1,1998,26,33,16,21,0,27,25,0,31,20
220697,1,1,1998,11,11,11,11,11,11,11,11,11,11
220698,1,1,1998,0,0,21,13,27,0,0,0,24,0
220699,0,1,1998,27,34,0,0,18,4,0,0,31,0
220699,1,1,1998,0,0,0,0,0,0,0,0,0,0
220699,2,1,1998,19,19,19,19,19,19,19,19,19,19
220700,1,1,1998,55,21,21,31,26,31,22,26,38,20
220701,1,1,1998,0,0,0,0,0,0,0,0,0,0
220702,0,1,1998,16,0,0,0,0,0,0,16,0,44
220702,1,1,1998,22,0,0,0,0,0,0,0,0,0
220703,1,1,1998,0,0,12,0,0,0,0,0,0,0
220703,2,1,1998,0,0,0,0,0,0,0,0,0,0
220704,1,1,1998,17,17,17,17,17,17,17,17,17,17
220704,2,1,1998,0,0,0,0,0,0,0,0,0,0
220705,1,1,1998,0,0,0,0,0,0,0,0,0,0
220705,2,1,1998,0,0,0,10,0,0,0,0,0,0
220705,3,1,1998,0,0,0,0,0,0,0,0,0,0
220705,4,1,1998,0,0,0,0,0,0,0,0,0,0
220706,1,1,1998,21,21,21,21,21,21,21,21,21,21
220707,1,1,1998,7,0,12,0,0,34,26,0,0,0
220708,1,1,1998,0,0,0,0,0,0,0,0,0,0
220708,2,1,1998,0,0,0,0,0,0,0,0,0,0
220709,1,1,1998,0,0,0,0,0,0,0,0,0,0
220710,0,1,1998,18,0,26,0,0,0,0,0,0,0
220710,1,1,1998,0,0,0,0,0,12,0,0,0,0
220711,1,1,1998,0,0,0,0,0,0,0,0,0,0
220711,2,1,1998,0,0,0,0,0,0,0,0,0,0
220712,0,1,1998,23,15,0,32,0,0,22,25,0,15
220712,1,1,1998,0,12,0,0,13,0,0,0,0,0
220713,1,1,1998,0,0,0,11,0,0,0,21,19,0
220713,2,1,1998,0,0,0,0,0,0,0,11,0,0
220713,3,1,1998,0,0,32,0,0,0,0,0,0,0
220714,1,1,1998,0,0,0,0,0,0,0,0,0,0
220714,2,1,1998,0,0,0,0,0,0,0,0,0,0
220715,1,1,1998,14,24,15,4,15,12,20,0,0,0
220715,2,1,1998,0,10,0,0,0,0,0,0,0,9
220716,1,1,1998,0,23,0,7,7,0,24,9,9,18
220717,1,1,1998,25,25,25,25,25,25,25,25,25,25
220718,1,1,1998,36,39,10,18,6,11,0,20,16,0
220719,0,1,1998,27,0,0,0,3,12,0,0,19,12
220719,1,1,1998,0,0,27,0,0,0,0,0,15,20
220720,1,1,1998,0,0,27,0,12,0,0,18,0,0
220721,1,1,1998,3,3,3,3,3,3,3,3,3,3
220722,1,1,1998,14,14,14,14,14,14,14,14,14,14
220722,2,1,1998,0,0,0,0,0,0,0,0,0,0
220723,1,1,1998,0,0,0,0,0,0,0,0,0,0
220723,2,1,1998,0,0,0,0,0,0,0,0,0,0
220724,1,1,1998,22,22,22,22,22,22,22,22,22,22
220725,1,1,1998,29,29,29,29,29,29,29,29,29,29
220726,1,1,1998,5,5,5,5,5,5,5,5,5,5
220727,1,1,1998,0,0,0,19,0,17,0,0,0,9
220728,1,1,1998,0,14,15,15,0,0,20,0,15,0
220728,2,1,1998,0,0,0,0,0,0,0,0,0,0
220729,1,1,1998,0,0,0,0,0,0,0,0,0,0
220729,2,1,1998,12,12,12,12,12,12,12,12,12,12
220730,1,1,1998,0,0,0,0,0,0,6,0,0,0
220731,1,1,1998,22,22,22,22,22,22,22,22,22,22
220732,1,1,1998,0,0,0,0,0,0,0,0,0,0
220732,2,1,1998,0,0,0,0,0,0,0,0,0,0
220732,3,1,1998,0,0,0,0,0,0,0,0,0,0
220733,1,1,1998,0,0,0,0,0,0,5,0,0,0
220733,2,1,1998,0,0,0,0,0,5,0,0,12,0
220733,3,1,1998,0,17,0,0,15,13,13,0,0,0
220734,0,1,1998,21,21,21,21,21,21,21,21,21,21
220734,1,1,1998,0,0,0,0,0,0,0,0,0,0
220735,1,1,1998,12,12,12,12,12,12,12,12,12,12
220735,2,1,1998,0,0,7,0,18,0,0,0,0,0
220736,1,1,1998,0,0,0,0,0,0,0,0,0,0
220736,2,1,1998,0,0,0,0,0,0,0,0,0,0
220737,1,1,1998,10,10,10,10,10,10,10,10,10,10
220737,2,1,1998,0,0,0,0,0,0,0,0,0,0
220738,1,1,1998,0,10,0,0,0,0,3,0,0,0