ST_CASE,VEH_NO,PER_NO,YEAR,P1,P2,P3,P4,P5,P6,P7,P8,P9,P10
220738,2,1,1998,0,0,0,0,0,0,19,0,0,0
220739,1,1,1998,19,19,19,19,19,19,19,19,19,19
220740,1,1,1998,14,14,14,14,14,14,14,14,14,14
220741,1,1,1998,0,0,0,0,0,0,0,0,0,0
220741,2,1,1998,0,0,0,0,0,0,0,0,0,0
220741,3,1,1998,0,0,0,0,0,0,0,0,0,0
220742,1,1,1998,13,19,19,28,10,33,21,15,53,31
220743,1,1,1998,0,0,0,0,0,0,0,0,0,0
220743,2,1,1998,10,13,10,18,14,0,13,18,0,0
220744,0,1,1998,0,0,0,0,0,0,0,0,0,0
220744,1,1,1998,0,0,0,0,0,0,0,0,0,0
220745,1,1,1998,0,0,0,0,0,0,0,0,0,9
220745,2,1,1998,29,29,29,29,29,29,29,29,29,29
220746,1,1,1998,12,12,12,12,12,12,12,12,12,12
220747,1,1,1998,0,0,25,9,0,0,0,0,0,4
220748,1,1,1998,0,0,0,0,0,0,0,0,0,0
220748,2,1,1998,0,0,0,0,0,0,0,0,0,0
220749,1,1,1998,0,0,0,0,0,0,0,0,0,0
220750,1,1,1998,0,0,18,0,22,0,22,0,0,9
220750,2,1,1998,0,0,0,0,0,0,0,0,0,0
220751,1,1,1998,0,0,0,0,0,0,0,0,0,0
220751,2,1,1998,0,0,0,0,0,0,0,0,0,0
220752,1,1,1998,0,0,0,0,0,0,0,0,0,0
220752,2,1,1998,0,0,0,0,0,0,0,0,0,0
220753,0,1,1998,0,0,0,0,0,0,0,0,0,0
220753,1,1,1998,0,0,0,0,0,0,0,0,0,0
220754,1,1,1998,0,0,0,0,0,0,0,0,0,0
220754,2,1,1998,0,0,0,0,0,0,0,0,0,0
220755,1,1,1998,6,31,7,10,18,0,0,0,13,8
220756,1,1,1998,0,19,11,23,14,28,0,16,28,25
220756,2,1,1998,0,0,0,0,0,0,0,0,0,0
220757,1,1,1998,0,0,0,0,0,0,0,13,0,0
220757,2,1,1998,8,0,0,0,0,0,0,0,0,0
220758,0,1,1998,1,1,1,1,1,1,1,1,1,1
220758,1,1,1998,0,5,0,30,0,10,0,10,0,0
220759,1,1,1998,19,7,0,11,0,6,12,26,9,18
220760,0,1,1998,8,8,8,8,8,8,8,8,8,8
220760,1,1,1998,19,19,19,19,19,19,19,19,19,19
220761,1,1,1998,0,18,14,10,0,0,0,0,0,0
220761,2,1,1998,0,17,0,0,0,0,0,0,0,0
220762,1,1,1998,0,0,16,10,0,11,0,0,6,16
220763,1,1,1998,0,0,0,16,0,0,0,0,0,0
220763,2,1,1998,0,0,0,0,0,0,0,0,0,0
220764,1,1,1998,23,23,23,23,23,23,23,23,23,23
220765,1,1,1998,20,15,11,0,24,16,15,19,6,13
220766,1,1,1998,0,0,0,0,0,0,0,0,0,0
220767,1,1,1998,12,12,12,12,12,12,12,12,12,12
220767,2,1,1998,0,0,0,15,0,0,10,13,0,0
220768,1,1,1998,0,0,0,0,0,0,0,0,0,0
220768,2,1,1998,0,0,0,0,0,0,0,0,0,0
220769,1,1,1998,0,0,0,5,0,0,0,0,0,0
220769,2,1,1998,0,7,0,0,0,0,0,0,0,21
220770,1,1,1998,0,0,0,0,0,0,0,21,0,0
220770,2,1,1998,14,0,10,0,0,0,0,0,0,0
220770,3,1,1998,0,0,0,0,0,14,0,0,0,0
220771,1,1,1998,0,0,0,0,0,0,0,0,0,0
220771,2,1,1998,0,0,0,0,0,0,0,0,0,0
220771,3,1,1998,0,0,0,0,0,0,0,0,0,0
220771,4,1,1998,0,0,0,0,0,0,0,0,0,0
220772,1,1,1998,12,0,0,0,0,0,0,0,3,0
220773,1,1,1998,0,10,0,13,24,18,12,0,6,0
220774,1,1,1998,0,0,0,0,0,0,0,0,0,0
220774,2,1,1998,0,9,0,0,0,0,0,0,0,10
220775,1,1,1998,0,0,0,0,0,0,0,0,0,0
220776,1,1,1998,28,11,20,19,25,27,14,28,16,15
220777,1,1,1998,0,5,0,0,0,0,0,0,0,11
220778,1,1,1998,0,0,0,0,0,0,0,0,0,0
220778,2,1,1998,9,0,0,0,0,0,0,0,0,0
220779,0,1,1998,0,20,20,7,10,0,14,0,9,21
220779,1,1,1998,26,19,0,16,0,0,0,0,6,0
220780,0,1,1998,0,0,19,25,0,0,0,0,0,0
220780,1,1,1998,0,0,0,0,0,0,0,0,0,0
220781,1,1,1998,4,4,4,4,4,4,4,4,4,4
220781,2,1,1998,0,2,11,0,11,9,9,0,0,16
220782,1,1,1998,0,0,0,0,0,18,0,0,0,0
220782,2,1,1998,0,0,0,0,0,0,0,0,0,0
220782,3,1,1998,0,0,0,0,0,0,0,0,0,0
220783,1,1,1998,0,6,0,14,0,13,0,0,15,17
220783,2,1,1998,0,0,0,0,0,0,0,9,0,0
220783,3,1,1998,12,0,23,5,14,8,0,18,0,9
220784,0,1,1998,0,0,0,0,0,0,0,0,0,0
220784,1,1,1998,21,0,0,0,0,0,0,0,0,0
220785,1,1,1998,16,22,9,0,17,15,0,10,0,21
220786,0,1,1998,0,0,0,0,0,0,0,0,0,0
220786,1,1,1998,0,0,0,0,0,0,0,0,0,0
220787,1,1,1998,8,8,8,8,8,8,8,8,8,8
220787,2,1,1998,10,0,17,0,11,15,24,0,0,0
220788,0,1,1998,0,0,0,0,0,0,0,0,0,0
220788,0,2,1998,5,0,0,27,0,0,0,0,0,0
220788,0,3,1998,19,23,10,5,0,13,0,0,29,0
220788,1,1,1998,0,0,0,0,0,0,0,0,0,0
220789,1,1,1998,0,5,0,0,0,0,0,0,0,0
220789,2,1,1998,0,0,0,14,0,0,0,0,0,0
220789,3,1,1998,0,0,0,0,0,0,0,0,0,0
220790,1,1,1998,0,0,0,0,0,0,0,0,0,0
220791,1,1,1998,9,9,9,9,9,9,9,9,9,9
220792,0,1,1998,0,0,0,0,0,0,0,0,0,0
220792,1,1,1998,0,0,0,7,0,0,0,0,24,0
220793,1,1,1998,0,0,0,12,0,0,0,0,0,0
220794,1,1,1998,0,0,0,0,0,0,0,0,0,0
220794,2,1,1998,0,0,0,0,0,0,0,0,0,0
220795,1,1,1998,0,0,0,0,0,0,0,0,0,0
220796,1,1,1998,34,23,0,0,0,0,0,13,0,0
220797,1,1,1998,0,0,27,0,5,0,34,0,0,0
220798,1,1,1998,17,17,17,17,17,17,17,17,17,17
220799,1,1,1998,0,15,14,16,23,19,0,0,0,14
220799,2,1,1998,0,0,0,0,0,0,0,0,0,0
220800,1,1,1998,0,0,0,0,0,0,0,0,0,0
220800,2,1,1998,0,0,0,0,0,0,0,0,0,0
220801,1,1,1998,25,25,25,25,25,25,25,25,25,25
220801,2,1,1998,0,0,0,0,0,0,0,0,0,0
220802,1,1,1998,0,0,0,12,0,17,11,14,0,0
220803,1,1,1998,29,29,29,29,29,29,29,29,29,29
220803,2,1,1998,29,29,29,29,29,29,29,29,29,29
220804,0,1,1998,0,0,0,0,0,0,0,0,0,0
220804,1,1,1998,0,0,0,0,0,0,0,0,0,0
220805,1,1,1998,0,0,0,0,0,0,0,0,0,0
220805,2,1,1998,0,0,0,0,0,0,0,0,0,0
220806,1,1,1998,0,0,9,0,0,0,0,0,0,0
220806,2,1,1998,0,0,0,0,0,0,0,0,0,0
220806,3,1,1998,0,0,0,0,0,0,0,0,11,0
220807,1,1,1998,5,5,5,5,5,5,5,5,5,5
230001,1,1,1998,0,0,0,0,0,0,0,0,0,0
230001,2,1,1998,0,0,0,0,0,0,0,0,0,0
230002,1,1,1998,29,29,29,29,29,29,29,29,29,29
230003,1,1,1998,28,28,28,28,28,28,28,28,28,28
230004,1,1,1998,0,0,0,0,0,0,0,0,0,0
230005,1,1,1998,0,0,0,0,0,0,0,0,0,0
230006,1,1,1998,13,17,15,20,0,19,19,0,9,25
230006,2,1,1998,0,0,0,0,0,0,0,0,0,0
230007,1,1,1998,0,0,0,0,0,0,0,0,0,0
230007,2,1,1998,0,0,0,0,0,0,0,0,0,0
230008,1,1,1998,0,0,0,0,0,0,0,0,0,0
230008,2,1,1998,0,0,0,0,0,0,0,0,0,0
230009,0,1,1998,17,17,17,17,17,17,17,17,17,17
230009,1,1,1998,0,0,0,0,23,0,0,0,0,0
230010,1,1,1998,0,0,0,0,0,0,0,0,0,0
230010,2,1,1998,0,0,0,0,0,0,0,0,0,0
230011,1,1,1998,0,0,0,0,0,0,0,0,0,0
230011,2,1,1998,0,0,0,0,0,0,0,0,0,0
230012,0,1,1998,0,0,0,0,0,0,0,0,0,0
230012,1,1,1998,0,0,0,0,0,0,0,0,0,0
230013,1,1,1998,4,4,4,4,4,4,4,4,4,4
230013,2,1,1998,0,0,0,0,0,0,0,0,0,0
230013,3,1,1998,0,0,0,0,0,0,0,0,0,0
230014,0,1,1998,0,9,0,0,0,10,0,0,0,0
230014,1,1,1998,0,0,0,0,0,0,0,0,0,0
230015,1,1,1998,0,0,0,0,0,0,0,0,0,0
230016,1,1,1998,0,0,0,0,0,0,0,0,0,0
230016,2,1,1998,0,0,0,0,0,0,0,0,0,0
230016,3,1,1998,0,0,0,0,0,0,0,0,0,0
230017,1,1,1998,23,23,23,23,23,23,23,23,23,23
230017,2,1,1998,0,0,0,0,0,0,0,0,0,0
230017,3,1,1998,0,0,0,0,0,0,0,0,0,0
230018,0,1,1998,0,0,0,0,0,0,0,0,0,0
230018,1,1,1998,0,0,0,0,0,0,0,0,0,0
230019,1,1,1998,0,0,0,0,0,0,0,0,0,0
230019,2,1,1998,0,0,0,0,0,0,0,0,0,0
230020,1,1,1998,0,0,0,0,0,0,0,0,0,0
230021,1,1,1998,0,0,0,0,0,0,0,0,0,0
230021,2,1,1998,0,0,0,0,0,0,0,0,0,0
230022,1,1,1998,0,0,0,0,0,0,0,0,0,0
230022,2,1,1998,0,0,0,0,0,0,0,0,0,0
230023,1,1,1998,13,13,13,13,13,13,13,13,13,13
230024,1,1,1998,0,0,0,0,0,0,0,0,0,0
230025,1,1,1998,25,25,25,25,25,25,25,25,25,25
230025,2,1,1998,0,0,0,0,0,0,0,0,0,0
230025,3,1,1998,0,0,0,0,0,0,0,0,0,0
230026,1,1,1998,0,0,0,0,0,0,0,0,0,0
230027,1,1,1998,0,0,0,0,0,0,0,0,0,0
230028,1,1,1998,0,0,0,0,0,0,0,0,0,0
230028,2,1,1998,0,0,0,0,0,0,0,0,0,0
230029,1,1,1998,22,22,22,22,22,22,22,22,22,22
230030,1,1,1998,0,0,0,0,0,0,0,0,0,0
230030,2,1,1998,0,0,0,0,0,0,0,0,0,0
230031,1,1,1998,17,17,17,17,17,17,17,17,17,17
230032,1,1,1998,0,0,0,0,0,0,0,0,0,0
230033,1,1,1998,0,0,0,0,0,0,0,0,0,0
230033,2,1,1998,0,0,0,0,0,0,0,0,0,0
230034,1,1,1998,0,0,0,0,0,0,0,0,0,0
230034,2,1,1998,0,0,0,0,0,0,0,0,0,0
230034,3,1,1998,0,0,0,0,0,0,0,0,0,0
230035,0,1,1998,0,0,0,0,0,0,0,0,0,0
230035,1,1,1998,0,0,0,0,0,0,0,0,0,4
230036,0,1,1998,0,0,0,0,0,0,0,0,0,0
230036,1,1,1998,0,0,0,0,0,0,0,0,0,0
230037,0,1,1998,0,0,0,0,0,0,0,0,0,0
230037,1,1,1998,0,0,0,0,0,0,0,0,0,0
230038,1,1,1998,0,0,0,0,0,0,0,0,0,0
230039,1,1,1998,0,0,0,0,0,0,0,0,0,0
230040,1,1,1998,0,0,0,0,0,0,0,0,0,0
230040,2,1,1998,0,0,0,0,0,0,0,0,0,0
230041,0,1,1998,0,0,0,0,0,0,0,0,0,0
230041,1,1,1998,0,0,0,0,0,0,0,0,0,0
230042,1,1,1998,0,0,4,0,0,0,0,0,0,0
230043,1,1,1998,0,0,0,0,0,0,0,0,0,0
230043,2,1,1998,3,3,3,3,3,3,3,3,3,3
230044,1,1,1998,0,0,0,0,0,0,0,0,0,0
230045,1,1,1998,0,0,0,0,0,0,0,0,0,0
230046,1,1,1998,11,11,11,11,11,11,11,11,11,11
230047,1,1,1998,0,0,0,0,0,0,0,0,0,0
230047,2,1,1998,0,0,0,0,0,0,0,0,0,0
230048,0,1,1998,0,0,0,0,0,0,0,0,0,0
230048,0,2,1998,0,0,0,6,0,0,0,0,0,0
230048,1,1,1998,0,0,0,0,0,0,0,0,0,0
230049,1,1,1998,28,28,28,28,28,28,28,28,28,28
230050,1,1,1998,0,0,0,0,0,0,0,0,0,0
230050,2,1,1998,0,0,0,0,0,0,0,0,0,0
230051,1,1,1998,0,0,0,0,0,0,0,0,0,0
230052,1,1,1998,0,0,0,0,0,0,0,0,0,0
230053,1,1,1998,0,0,0,0,0,0,0,0,0,0
230054,1,1,1998,18,18,18,18,18,18,18,18,18,18
230055,1,1,1998,13,13,13,13,13,13,13,13,13,13
230056,1,1,1998,0,0,0,0,0,0,0,0,0,0
230057,1,1,1998,0,0,0,0,0,0,0,0,0,0
230058,1,1,1998,0,0,0,0,0,0,0,0,0,0
230058,2,1,1998,0,0,0,0,2,0,0,0,0,0
230059,1,1,1998,0,0,0,0,0,0,0,0,0,0
230059,2,1,1998,0,0,0,0,0,0,0,0,0,0
230060,1,1,1998,0,0,0,0,0,0,0,0,0,0
230060,2,1,1998,0,0,0,0,0,0,0,0,0,0
230061,0,1,1998,0,0,0,0,0,0,0,0,0,0
230061,1,1,1998,24,24,24,24,24,24,24,24,24,24
230062,1,1,1998,16,16,16,16,16,16,16,16,16,16
230063,1,1,1998,0,0,0,0,0,0,0,0,0,0
230064,1,1,1998,16,0,16,5,8,16,5,7,11,4
230065,1,1,1998,24,24,24,24,24,24,24,24,24,24
230066,0,1,1998,0,0,0,0,0,0,0,0,0,0
230066,1,1,1998,0,0,0,0,0,0,0,0,0,0
230067,1,1,1998,0,0,0,0,0,0,0,0,0,0
230068,1,1,1998,20,20,20,20,20,20,20,20,20,20
230069,1,1,1998,11,11,11,11,11,11,11,11,11,11
230070,1,1,1998,0,0,0,0,0,0,0,0,0,0
230071,1,1,1998,0,0,0,0,0,0,0,0,0,0
230072,1,1,1998,0,0,0,0,0,0,0,0,0,0
230073,1,1,1998,0,0,0,0,0,0,0,0,0,0
230074,1,2,1998,0,0,0,0,0,0,0,0,0,0
230075,1,1,1998,0,0,0,0,0,0,0,0,0,0
230076,1,1,1998,0,0,0,0,0,0,0,0,0,0
230076,2,1,1998,0,0,0,0,0,0,0,0,0,0
230077,1,1,1998,0,0,0,0,0,0,4,0,0,0
230077,2,1,1998,0,0,0,0,0,0,0,0,0,0
230078,1,1,1998,0,0,0,0,0,0,0,0,0,0
230078,2,1,1998,0,0,0,0,0,0,0,0,0,0
230079,1,1,1998,0,0,0,0,0,0,0,0,0,0
230079,2,1,1998,0,0,0,0,0,0,0,0,0,0
230080,1,1,1998,0,0,0,0,0,0,0,0,0,0
230081,1,1,1998,0,0,0,0,0,0,0,0,0,0
230081,2,1,1998,0,0,0,0,0,0,0,0,0,0
230082,1,1,1998,9,9,9,9,9,9,9,9,9,9
230083,1,1,1998,0,0,0,0,0,0,0,0,0,0
230084,1,1,1998,6,6,6,6,6,6,6,6,6,6
230085,1,1,1998,0,0,0,0,0,0,0,0,0,0
230085,2,1,1998,0,0,0,0,0,0,0,0,0,0
230086,1,1,1998,0,0,0,0,0,0,0,0,0,0
230087,1,1,1998,0,0,0,0,0,0,0,0,0,0
230088,1,1,1998,0,0,0,0,0,0,0,0,0,0
230089,1,1,1998,20,20,20,20,20,20,20,20,20,20
230090,1,1,1998,19,19,19,19,19,19,19,19,19,19
230091,1,1,1998,0,0,0,0,0,0,0,0,0,0
230091,2,1,1998,0,0,0,10,0,0,0,0,0,0
230092,1,1,1998,0,0,0,0,0,0,0,0,0,0
230093,1,1,1998,0,0,0,0,0,0,0,0,0,0
230094,1,1,1998,0,0,0,0,0,0,0,0,0,0
230095,0,1,1998,0,4,0,0,0,0,0,0,0,0
230095,1,1,1998,0,0,0,0,0,0,0,0,0,0
230096,1,1,1998,16,16,16,16,16,16,16,16,16,16
230097,1,1,1998,16,16,16,16,16,16,16,16,16,16
230098,1,1,1998,0,0,0,0,0,0,0,0,0,0
230098,2,1,1998,0,0,0,0,0,0,0,0,0,0
230098,3,1,1998,0,0,0,0,0,0,0,0,0,0
230099,0,1,1998,15,15,15,15,15,15,15,15,15,15
230099,1,1,1998,0,0,0,0,0,0,0,0,0,0
230100,1,1,1998,0,0,0,0,0,0,0,6,0,0
230100,2,1,1998,0,0,0,0,0,0,0,0,0,0
230101,1,1,1998,0,0,0,0,0,0,0,0,0,0
230101,2,1,1998,0,0,0,0,0,0,0,0,0,0
230102,1,1,1998,0,0,0,0,0,0,0,0,0,0
230103,0,1,1998,0,0,0,0,0,0,0,0,0,0
230103,0,2,1998,0,22,0,0,10,0,0,18,0,17
230103,1,1,1998,0,0,0,0,0,3,0,0,0,0
230104,1,1,1998,12,12,12,12,12,12,12,12,12,12
230105,1,1,1998,0,0,0,0,0,0,0,0,0,0
230106,1,1,1998,0,0,0,0,0,0,0,0,0,0
230106,2,1,1998,0,0,0,0,0,0,0,0,0,0
230107,1,1,1998,0,0,0,0,0,0,0,0,0,0
230108,1,1,1998,0,0,0,0,0,0,0,0,0,0
230108,2,1,1998,20,20,20,20,20,20,20,20,20,20
230109,1,1,1998,0,0,0,0,0,0,0,0,0,0
230109,2,1,1998,0,0,0,0,0,0,0,0,0,0
230110,1,1,1998,0,0,0,0,0,0,0,0,0,0
230110,2,1,1998,0,0,0,0,0,0,0,0,0,0
230111,1,1,1998,16,16,16,16,16,16,16,16,16,16
230112,1,1,1998,0,0,0,0,0,26,0,0,0,24
230113,1,1,1998,12,30,23,0,28,25,0,18,32,23
230114,1,1,1998,13,13,13,13,13,13,13,13,13,13
230115,1,1,1998,0,0,0,0,0,0,0,0,0,0
230115,2,1,1998,0,0,0,0,0,0,0,0,4,0
230116,0,1,1998,0,0,0,0,0,0,0,0,0,0
230116,1,1,1998,0,0,0,0,0,0,0,0,0,0
230117,1,1,1998,17,17,17,17,17,17,17,17,17,17
230118,1,1,1998,3,3,3,3,3,3,3,3,3,3
230119,1,1,1998,0,0,0,0,0,0,0,0,0,0
230119,2,1,1998,0,0,0,0,0,0,0,0,0,0
230120,1,1,1998,0,0,0,0,0,0,0,0,0,0
230120,2,1,1998,0,0,0,0,0,0,0,0,0,0
230121,1,1,1998,11,11,11,11,11,11,11,11,11,11
230121,2,1,1998,0,0,0,0,0,0,0,0,0,0
230122,1,1,1998,0,0,0,0,0,0,0,0,0,0
230122,2,1,1998,0,0,0,0,0,0,0,0,0,0
230123,1,1,1998,11,11,11,11,11,11,11,11,11,11
230124,1,1,1998,0,0,0,0,0,0,0,0,0,0
230125,0,1,1998,0,0,0,0,0,0,0,0,0,0
230125,0,2,1998,0,0,0,0,0,0,12,0,0,0
230125,1,1,1998,0,0,0,0,0,0,0,0,0,0
230125,2,1,1998,0,0,0,0,0,0,0,0,0,0
230126,1,1,1998,0,0,0,0,0,0,0,0,0,0
230126,2,1,1998,0,0,0,0,0,0,0,0,0,0
230127,0,1,1998,0,0,0,0,0,0,0,0,0,0
230127,0,2,1998,0,0,11,27,0,12,0,26,0,17
230127,1,1,1998,0,0,0,0,0,0,0,0,0,0
230128,1,1,1998,0,0,0,0,0,0,0,0,0,0
230128,2,1,1998,0,0,0,0,0,0,0,0,0,0
230129,1,1,1998,0,0,0,0,0,0,0,0,0,0
230130,1,1,1998,0,0,0,0,0,0,0,0,0,0
230130,2,1,1998,0,0,0,0,0,0,0,0,0,0
230130,3,1,1998,0,0,0,0,0,0,0,0,0,0
230130,4,1,1998,0,0,0,0,0,0,0,0,0,0
230131,1,1,1998,0,0,0,0,0,0,0,0,0,0
230131,2,1,1998,0,0,0,0,0,0,0,14,0,0
230131,3,1,1998,0,0,0,0,0,0,0,0,0,0
230131,4,1,1998,0,0,0,0,0,0,0,0,0,0
230132,1,1,1998,19,19,19,19,19,19,19,19,19,19
230133,1,1,1998,0,0,0,0,0,0,0,0,0,0
230134,1,1,1998,0,0,0,0,0,0,0,0,0,0
230135,1,1,1998,19,19,19,19,19,19,19,19,19,19
230136,1,1,1998,0,0,0,0,0,0,0,0,0,0
230137,1,1,1998,0,0,0,0,0,0,0,0,0,0
230137,2,1,1998,0,0,0,4,0,0,0,0,0,0
230138,1,1,1998,0,0,0,0,0,0,0,0,0,0
230139,1,1,1998,0,0,0,0,0,0,0,0,0,0
230139,2,1,1998,0,0,0,0,0,0,0,0,0,0
230140,1,1,1998,0,0,0,0,0,0,0,0,0,0
230141,1,1,1998,0,0,0,0,0,0,0,0,0,0
230142,1,1,1998,25,25,25,25,25,25,25,25,25,25
230143,1,1,1998,0,14,0,0,0,0,0,0,0,0
230144,1,1,1998,0,0,0,0,0,0,0,0,0,0
230145,1,1,1998,0,0,0,0,0,0,0,0,0,0
230145,2,1,1998,0,0,0,0,0,0,0,0,0,0
230146,1,1,1998,8,8,8,8,8,8,8,8,8,8
230146,2,1,1998,0,0,0,0,0,0,0,0,0,0
230147,1,1,1998,0,0,0,0,0,0,0,0,0,0
230147,2,1,1998,0,0,0,0,0,0,0,0,0,0
230148,1,1,1998,0,0,0,0,0,0,0,0,0,0
230148,2,1,1998,0,0,0,0,0,0,0,0,0,0
230149,1,1,1998,0,0,0,0,0,0,0,0,0,0
230150,1,1,1998,0,0,0,0,0,0,0,0,0,0
230150,2,1,1998,0,0,0,0,0,0,0,0,0,0
230151,1,1,1998,8,8,8,8,8,8,8,8,8,8
230152,1,1,1998,0,0,0,0,0,0,0,0,0,0
230152,2,1,1998,0,0,0,0,0,0,0,0,0,0
230152,3,1,1998,0,0,0,0,0,0,2,0,0,0
230153,1,1,1998,0,0,0,0,0,0,0,0,0,0
230153,2,1,1998,0,0,0,0,0,0,0,0,0,0
230154,1,1,1998,0,0,0,0,0,0,0,0,0,0
230155,1,1,1998,0,0,0,0,0,0,0,0,0,0
230156,0,1,1998,15,15,15,15,15,15,15,15,15,15
230156,1,1,1998,20,0,0,0,0,0,0,0,0,0
230158,1,1,1998,0,0,0,0,0,0,0,0,0,0
230158,2,1,1998,0,0,0,0,0,0,0,0,0,33
230159,1,1,1998,0,0,0,0,0,0,0,0,0,0
230160,1,1,1998,16,16,16,16,16,16,16,16,16,16
230161,1,1,1998,0,0,0,0,0,0,0,0,0,0
230161,2,1,1998,0,0,0,0,0,0,0,0,0,0
230162,1,1,1998,0,0,0,0,0,0,0,0,0,0
230162,2,1,1998,0,0,0,0,0,0,0,0,0,0
230163,1,1,1998,28,28,28,28,28,28,28,28,28,28
230164,1,1,1998,28,28,31,15,20,18,15,20,15,13
230165,1,1,1998,0,10,0,0,0,0,0,0,0,0
230166,1,1,1998,0,0,0,0,0,0,0,0,0,0
230167,1,1,1998,0,0,0,0,0,0,0,0,0,0
230168,1,1,1998,0,0,0,0,0,0,0,0,0,0
230168,2,1,1998,0,0,0,0,0,0,0,0,0,0
230169,1,1,1998,0,0,9,0,0,0,0,0,0,0
230169,2,1,1998,0,0,0,0,0,0,0,0,0,0
230170,1,1,1998,22,28,3,24,6,9,13,16,15,5
230171,1,1,1998,0,0,0,0,0,0,0,0,0,0
230171,2,1,1998,0,0,0,0,0,0,0,0,0,0
230172,1,1,1998,15,15,15,15,15,15,15,15,15,15
230173,0,1,1998,0,0,0,0,0,0,0,0,0,0
230173,1,1,1998,0,0,0,0,0,0,0,0,0,0
230174,1,1,1998,0,0,0,0,0,0,0,0,0,0
230174,2,1,1998,0,0,0,0,0,0,0,0,0,0
230175,1,1,1998,0,0,0,0,0,0,0,0,0,0
230175,2,1,1998,0,0,0,0,0,0,0,0,0,0
230176,1,1,1998,26,26,26,26,26,26,26,26,26,26
230177,1,1,1998,15,15,15,15,15,15,15,15,15,15
230177,2,1,1998,2,2,2,2,2,2,2,2,2,2
240001,1,1,1998,19,9,12,27,14,21,21,29,5,25
240002,1,1,1998,12,0,0,0,0,0,0,0,6,7
240003,1,1,1998,0,0,0,0,0,0,0,0,0,0
240003,2,1,1998,0,0,0,0,0,0,0,0,0,0
240004,1,1,1998,0,0,0,0,0,0,0,0,0,0
240005,1,1,1998,19,19,19,19,19,19,19,19,19,19
240006,1,1,1998,15,15,15,15,15,15,15,15,15,15
240007,0,1,1998,37,15,28,26,20,30,19,35,19,22
240007,1,1,1998,0,0,0,0,0,0,0,0,0,0
240008,1,1,1998,0,0,0,0,0,0,0,0,0,0
240008,2,1,1998,14,0,20,26,12,10,21,17,0,16
240008,3,1,1998,20,6,14,14,6,7,17,22,5,16
240009,1,1,1998,0,0,0,0,0,0,0,0,0,0
240009,2,1,1998,5,5,5,5,5,5,5,5,5,5
240009,3,1,1998,0,0,0,0,0,0,0,0,0,0
240010,1,1,1998,0,0,0,0,0,0,0,28,0,0
240011,0,1,1998,0,0,0,0,0,0,0,0,0,0
240011,1,1,1998,11,8,9,0,26,12,3,10,15,26
240012,1,1,1998,0,0,0,0,0,0,0,0,0,0
240013,0,1,1998,11,11,11,11,11,11,11,11,11,11
240013,1,1,1998,0,0,0,0,18,0,0,0,0,0
240013,2,1,1998,0,0,0,0,0,0,0,0,0,0
240014,1,1,1998,0,0,0,0,0,0,0,0,0,0
240015,1,1,1998,0,0,0,0,0,0,0,0,0,0
240015,2,1,1998,13,8,11,13,17,11,8,16,2,10
240016,1,1,1998,21,21,21,21,21,21,21,21,21,21
240017,1,1,1998,0,0,0,0,0,0,0,0,0,0
240017,2,1,1998,0,0,0,0,0,0,0,0,0,0
240018,1,1,1998,18,18,18,18,18,18,18,18,18,18
240019,1,1,1998,10,10,10,10,10,10,10,10,10,10
240020,1,1,1998,12,13,17,1,3,6,6,2,17,6
240021,1,1,1998,0,0,0,0,0,0,0,0,0,0
240022,1,1,1998,9,4,12,0,11,16,7,0,8,0
240022,2,1,1998,0,0,0,0,0,0,0,0,0,0
240023,0,1,1998,0,0,0,0,0,0,0,0,0,0
240023,1,1,1998,0,0,0,0,0,0,0,0,0,0
240024,1,1,1998,0,0,0,0,0,0,0,0,0,0
240024,2,1,1998,0,0,0,0,0,0,0,0,0,0
240024,3,1,1998,0,0,0,0,0,0,11,0,0,0
240024,4,1,1998,0,0,0,0,0,0,0,0,0,0
240025,1,1,1998,0,0,0,0,0,0,0,0,0,0
240026,1,1,1998,0,0,0,0,0,0,0,0,0,0
240026,2,1,1998,0,0,0,0,0,0,0,0,0,0
240027,1,1,1998,0,0,0,0,0,0,0,0,0,0
240027,2,1,1998,0,0,0,0,0,0,0,0,0,0
240028,1,1,1998,0,0,0,0,0,0,0,0,0,0
240028,2,1,1998,0,0,0,0,0,0,0,0,0,0
240029,1,1,1998,0,0,0,0,0,0,0,0,0,0
240030,1,1,1998,15,15,15,15,15,15,15,15,15,15
240030,2,1,1998,0,0,0,0,0,0,0,0,0,0
240030,3,1,1998,0,0,0,0,5,0,0,0,2,0
240031,1,1,1998,0,0,0,0,0,0,0,0,0,0
240031,2,1,1998,0,0,0,0,0,0,0,0,0,0
240032,1,1,1998,0,0,0,0,0,0,0,0,0,0
240032,2,1,1998,0,0,0,0,0,0,0,0,0,0
240033,0,1,1998,0,0,0,0,0,0,0,0,0,0
240033,1,1,1998,0,0,0,0,0,0,0,0,0,0
240034,1,1,1998,0,0,0,0,0,0,0,0,0,0
240035,1,1,1998,0,0,0,0,0,0,0,0,0,0
240036,0,1,1998,24,24,24,24,24,24,24,24,24,24
240036,1,1,1998,0,0,0,0,0,0,0,0,0,0
240037,1,1,1998,0,0,0,0,0,0,0,0,0,0
240038,1,1,1998,0,0,0,0,0,0,0,0,0,0
240039,1,1,1998,17,17,17,17,17,17,17,17,17,17
240040,1,1,1998,0,0,0,0,0,0,0,0,0,0
240040,2,1,1998,0,0,0,0,0,0,0,0,0,0
240041,1,1,1998,37,37,37,37,37,37,37,37,37,37
240042,1,1,1998,0,0,0,0,0,0,0,0,0,0