ST_CASE,VEH_NO,PER_NO,YEAR,P1,P2,P3,P4,P5,P6,P7,P8,P9,P10
250019,1,1,1998,0,0,0,0,0,0,0,0,0,0
250020,1,1,1998,11,11,11,11,11,11,11,11,11,11
250020,2,1,1998,0,0,0,0,0,0,0,8,0,0
250021,1,1,1998,10,10,10,10,10,10,10,10,10,10
250022,1,1,1998,25,25,25,25,25,25,25,25,25,25
250023,0,1,1998,14,14,14,14,14,14,14,14,14,14
250023,1,1,1998,7,4,10,22,5,20,24,17,7,15
250024,1,1,1998,0,0,0,0,0,0,0,0,0,0
250024,2,1,1998,0,0,0,0,0,0,15,0,0,0
250025,1,1,1998,0,0,0,0,0,0,0,0,0,0
250026,1,1,1998,0,0,0,0,0,0,0,0,0,0
250026,2,1,1998,16,0,0,11,0,0,11,0,0,0
250027,1,1,1998,27,27,27,27,27,27,27,27,27,27
250028,1,1,1998,0,0,10,0,0,0,0,0,0,8
250028,2,1,1998,0,0,0,5,0,0,0,30,0,0
250029,1,1,1998,25,25,25,25,25,25,25,25,25,25
250030,0,1,1998,0,0,0,0,0,0,0,0,0,0
250030,1,1,1998,0,0,0,0,0,20,0,0,0,0
250031,1,1,1998,0,0,0,0,0,0,0,0,0,0
250032,1,1,1998,0,0,0,0,0,0,0,0,0,0
250032,2,1,1998,0,0,0,0,0,0,0,0,0,0
250033,1,1,1998,0,0,0,0,0,0,0,0,0,0
250033,2,1,1998,0,15,0,0,9,0,17,0,0,7
250034,0,1,1998,0,0,0,0,0,0,0,0,0,0
250034,1,1,1998,0,0,0,0,0,0,0,0,0,0
250035,1,1,1998,17,17,17,17,17,17,17,17,17,17
250036,0,1,1998,0,0,0,0,0,0,0,0,0,0
250036,1,1,1998,15,0,0,0,0,0,0,0,0,0
250037,1,1,1998,0,0,0,0,0,0,0,0,0,0
250038,0,1,1998,0,0,0,0,0,0,0,0,0,0
250038,1,1,1998,0,8,0,0,16,0,0,0,0,0
250039,0,1,1998,0,0,0,0,0,0,0,0,0,0
250039,1,1,1998,0,0,0,0,14,6,0,0,0,0
250040,0,1,1998,12,12,12,12,12,12,12,12,12,12
250040,1,1,1998,0,0,0,0,0,0,0,8,0,0
250041,1,1,1998,0,17,8,0,17,0,16,7,8,0
250041,2,1,1998,0,0,0,0,0,0,0,0,0,0
250042,1,1,1998,0,0,19,0,0,0,0,0,23,0
250043,1,1,1998,14,14,14,14,14,14,14,14,14,14
250044,1,1,1998,2,2,2,2,2,2,2,2,2,2
250045,1,1,1998,11,11,11,11,11,11,11,11,11,11
250046,1,1,1998,0,0,0,0,0,0,0,0,0,0
250047,1,1,1998,0,0,0,0,0,0,0,0,0,0
250049,1,1,1998,18,18,18,18,18,18,18,18,18,18
250050,1,1,1998,22,22,22,22,22,22,22,22,22,22
250051,1,1,1998,26,9,19,0,0,0,15,0,0,0
250052,1,1,1998,34,34,34,34,34,34,34,34,34,34
250053,1,1,1998,20,20,20,20,20,20,20,20,20,20
250054,0,1,1998,1,1,1,1,1,1,1,1,1,1
250054,1,1,1998,0,0,0,0,0,0,0,0,0,0
250055,0,1,1998,0,0,0,0,0,0,0,0,0,0
250055,1,1,1998,0,0,0,0,0,0,0,0,0,0
250056,1,1,1998,0,0,0,0,0,0,0,0,0,0
250056,2,1,1998,0,0,0,0,0,0,0,0,0,0
250057,1,1,1998,43,43,43,43,43,43,43,43,43,43
250058,1,1,1998,8,8,8,8,8,8,8,8,8,8
250058,2,1,1998,0,0,0,0,0,0,0,0,0,0
250059,1,1,1998,0,0,0,0,0,0,0,0,0,0
250059,2,1,1998,0,0,0,0,0,0,0,0,0,5
250060,0,1,1998,0,0,0,0,0,0,0,0,0,0
250060,1,1,1998,20,18,16,14,18,19,0,17,8,10
250061,1,1,1998,22,22,22,22,22,22,22,22,22,22
250062,1,1,1998,20,20,20,20,20,20,20,20,20,20
250063,1,1,1998,0,0,0,0,0,23,0,0,0,0
250063,2,1,1998,0,0,0,0,0,0,0,0,0,0
250064,0,1,1998,0,0,0,0,0,0,0,0,0,0
250064,1,1,1998,0,0,16,0,0,17,0,0,0,19
250064,2,1,1998,0,0,0,0,0,0,0,0,0,0
250065,1,1,1998,4,13,0,0,16,18,20,9,15,23
250066,0,1,1998,0,0,0,0,0,0,0,0,0,0
250066,1,1,1998,0,4,0,0,14,0,24,29,0,21
250067,1,1,1998,0,0,0,0,0,0,0,0,0,0
250068,0,1,1998,23,23,23,23,23,23,23,23,23,23
250068,1,1,1998,0,0,0,0,0,0,0,0,0,0
250069,1,1,1998,0,0,0,0,0,0,0,0,0,0
250069,2,1,1998,0,0,0,0,0,6,0,0,0,0
250069,3,1,1998,29,0,0,0,0,0,0,0,0,0
250069,4,1,1998,24,24,24,24,24,24,24,24,24,24
250070,1,1,1998,0,0,0,0,0,0,0,0,0,0
250071,1,1,1998,0,0,0,0,0,0,0,0,0,0
250071,2,1,1998,0,0,0,0,0,0,0,0,0,0
250072,1,1,1998,0,0,0,0,0,11,18,0,0,0
250072,2,1,1998,25,25,25,25,25,25,25,25,25,25
250073,1,1,1998,0,0,0,0,0,0,0,0,0,18
250073,2,1,1998,0,0,0,0,0,0,0,0,0,8
250074,1,1,1998,0,0,0,0,0,0,0,0,0,0
250074,2,1,1998,0,0,0,0,0,0,0,0,0,0
250075,1,1,1998,19,19,19,19,19,19,19,19,19,19
250075,2,1,1998,14,8,0,18,26,23,21,10,5,0
250076,0,1,1998,0,0,0,0,0,0,0,0,0,0
250076,0,2,1998,0,25,37,0,15,0,0,0,0,19
250076,1,1,1998,11,0,24,0,12,19,7,20,21,11
250077,1,1,1998,13,0,0,20,0,0,0,0,6,0
250078,1,1,1998,0,0,0,0,0,0,0,0,0,0
250079,1,1,1998,0,0,0,0,0,0,0,0,0,0
250079,2,1,1998,0,0,0,0,0,0,0,0,0,0
250080,1,1,1998,0,0,0,0,0,0,0,0,0,0
250081,1,1,1998,0,10,0,22,0,0,20,0,0,0
250082,1,1,1998,15,10,0,0,9,15,2,0,0,13
250082,2,1,1998,17,17,17,17,17,17,17,17,17,17
250083,1,1,1998,22,22,22,22,22,22,22,22,22,22
250084,0,1,1998,0,0,0,0,0,0,0,0,0,0
250084,1,1,1998,0,0,0,0,0,0,0,0,0,13
250085,0,1,1998,10,10,10,10,10,10,10,10,10,10
250085,1,1,1998,0,0,0,0,0,0,0,0,0,0
250086,0,1,1998,0,0,0,0,0,0,0,0,0,0
250086,1,1,1998,0,0,0,0,0,0,0,0,0,12
250087,0,1,1998,0,0,0,0,0,0,0,0,0,0
250087,1,1,1998,0,0,0,0,0,0,0,0,0,0
250088,1,1,1998,0,0,0,0,0,0,0,0,0,0
250088,2,1,1998,0,0,0,0,0,0,0,0,0,0
250089,0,1,1998,1,1,1,1,1,1,1,1,1,1
250089,1,1,1998,19,0,0,9,0,0,9,0,0,0
250090,1,1,1998,0,0,0,0,0,0,0,0,8,19
250090,2,1,1998,0,0,0,0,14,0,4,14,0,26
250090,3,1,1998,0,0,0,26,0,0,0,15,8,23
250090,4,1,1998,16,0,0,8,0,0,0,0,0,0
250091,0,1,1998,0,0,0,0,0,0,0,0,0,0
250091,1,1,1998,0,0,0,0,0,0,0,0,0,0
250091,2,1,1998,0,0,0,0,0,0,0,0,0,0
250092,0,1,1998,0,0,0,0,0,0,0,0,0,0
250092,0,2,1998,7,12,12,0,5,13,0,0,0,0
250092,1,1,1998,13,11,9,24,14,24,20,15,23,8
250093,0,1,1998,0,0,0,0,0,0,0,0,0,0
250093,0,2,1998,0,0,0,0,19,23,21,0,7,0
250093,1,1,1998,0,0,0,0,0,0,0,0,0,0
250094,1,1,1998,0,0,0,0,0,0,0,0,0,0
250095,1,1,1998,0,0,0,0,0,0,0,0,0,0
250095,2,1,1998,0,0,0,0,0,0,0,0,0,0
250096,0,1,1998,0,0,0,0,0,0,0,0,0,0
250096,1,1,1998,6,0,0,0,0,0,0,0,12,0
250097,1,1,1998,0,0,0,0,0,0,0,0,0,0
250098,1,1,1998,0,0,0,0,0,0,0,0,0,0
250098,2,1,1998,9,0,0,0,0,0,0,20,7,0
250099,1,1,1998,0,0,0,19,0,0,0,0,0,0
250099,2,1,1998,0,0,0,0,0,0,0,0,0,0
250101,1,1,1998,0,0,0,0,0,0,0,0,0,0
250102,1,1,1998,0,0,0,0,0,0,0,0,0,0
250102,2,1,1998,0,0,0,0,0,0,0,0,0,0
250103,1,1,1998,0,0,0,0,0,0,0,0,0,0
250103,2,1,1998,11,0,0,8,0,8,30,0,0,0
250104,0,1,1998,0,0,0,0,0,0,0,0,0,0
250104,1,1,1998,0,0,0,0,3,0,0,15,0,13
250105,1,1,1998,8,8,8,8,8,8,8,8,8,8
250106,1,1,1998,11,11,11,11,11,11,11,11,11,11
250107,0,1,1998,0,0,0,0,0,0,0,0,0,0
250107,1,1,1998,0,2,0,0,0,0,0,0,0,0
250108,1,1,1998,0,0,0,0,0,0,4,0,0,0
250108,2,1,1998,0,0,0,0,0,0,0,0,0,0
250109,1,1,1998,29,29,29,29,29,29,29,29,29,29
250110,0,1,1998,0,0,0,0,0,0,0,0,0,0
250110,1,1,1998,24,3,0,17,16,13,19,0,0,0
250111,1,1,1998,0,32,0,0,0,0,18,12,0,13
250112,1,1,1998,0,0,0,0,0,0,0,0,0,0
250113,1,1,1998,0,0,0,0,0,0,0,0,0,0
250113,2,1,1998,0,0,0,0,0,0,0,0,0,0
250114,1,1,1998,0,0,0,0,0,0,0,0,0,0
250115,1,1,1998,8,0,0,0,0,0,0,0,0,0
250115,2,1,1998,0,0,0,0,0,0,0,0,0,0
250116,1,1,1998,17,28,35,11,13,17,5,15,11,14
250116,2,1,1998,0,0,0,0,0,0,0,0,0,0
250117,1,1,1998,0,0,0,0,0,0,0,0,0,0
250117,2,1,1998,1,1,1,1,1,1,1,1,1,1
250118,1,1,1998,5,5,5,5,5,5,5,5,5,5
250119,1,1,1998,23,23,23,23,23,23,23,23,23,23
250120,1,1,1998,0,0,0,0,0,0,0,0,0,0
250120,2,1,1998,0,0,0,0,0,0,0,0,0,0
250120,3,1,1998,0,0,0,0,0,0,0,0,0,0
250120,4,1,1998,0,0,0,0,0,0,0,0,0,0
250120,5,1,1998,0,0,0,0,0,0,0,0,12,0
250120,6,1,1998,0,0,0,0,0,0,0,0,0,0
250120,7,1,1998,0,0,0,0,0,0,0,0,0,0
250120,8,1,1998,0,0,0,0,0,0,0,6,0,0
250120,9,1,1998,0,0,0,0,0,0,0,0,0,0
250120,10,1,1998,0,0,0,0,0,0,11,0,0,0
250120,11,1,1998,0,0,0,0,0,0,0,0,0,0
250120,12,1,1998,0,0,0,0,0,0,0,0,0,0
250120,13,1,1998,0,0,0,0,0,0,0,0,0,0
250120,14,1,1998,0,0,0,0,0,0,0,0,0,0
250120,15,1,1998,0,0,0,0,0,0,0,0,0,0
250120,16,1,1998,0,0,0,0,0,0,0,0,0,0
250120,17,1,1998,14,0,0,0,0,0,0,0,0,0
250120,18,1,1998,0,0,0,0,0,0,0,0,0,0
250120,19,1,1998,0,0,0,0,0,0,0,0,0,0
250120,20,1,1998,0,0,0,0,0,0,0,0,0,0
250120,21,1,1998,0,0,0,0,0,0,0,0,0,0
250120,22,1,1998,0,0,0,0,0,0,0,0,0,0
250120,23,1,1998,0,0,0,0,0,10,0,0,0,0
250121,0,1,1998,0,0,0,0,0,0,0,0,0,0
250121,1,1,1998,0,0,0,0,0,0,0,0,0,0
250122,1,1,1998,0,0,0,0,0,0,0,0,0,0
250122,2,1,1998,0,0,0,0,0,0,0,0,0,0
250123,1,1,1998,0,0,0,0,0,0,0,0,0,0
250123,2,1,1998,0,0,0,0,12,0,0,0,0,0
250124,1,1,1998,0,0,0,0,0,0,0,0,0,0
250124,2,1,1998,0,0,0,0,0,0,0,0,0,0
250125,1,1,1998,0,0,0,0,0,0,0,0,0,0
250125,2,1,1998,0,0,0,0,0,0,0,0,0,0
250126,1,1,1998,17,17,17,17,17,17,17,17,17,17
250128,1,1,1998,0,6,8,0,7,0,5,0,22,0
250128,2,1,1998,22,22,22,22,22,22,22,22,22,22
250129,1,1,1998,0,0,0,0,0,0,0,0,0,0
250130,1,1,1998,25,0,0,17,7,12,0,0,0,0
250131,1,1,1998,0,5,15,6,5,19,6,8,11,7
250132,1,1,1998,17,0,17,0,18,0,3,0,24,14
250133,1,1,1998,0,0,0,0,0,0,0,0,0,0
250134,1,1,1998,0,0,0,0,0,0,0,0,0,0
250134,2,1,1998,0,0,0,0,0,0,0,0,0,0
250135,1,1,1998,0,0,0,0,0,0,0,10,7,0
250135,2,1,1998,0,0,0,0,0,0,0,0,0,0
250135,3,1,1998,0,0,0,0,0,0,0,0,0,0
250136,1,1,1998,0,13,0,0,4,4,0,0,6,0
250136,2,1,1998,23,0,0,0,13,0,0,11,0,0
250137,1,1,1998,0,0,0,0,0,0,0,0,0,0
250138,1,1,1998,0,0,0,0,0,0,0,0,0,0
250139,1,1,1998,0,0,0,0,0,0,0,10,4,0
250139,2,1,1998,0,0,0,0,0,0,0,0,0,0
250139,3,1,1998,0,0,0,0,0,0,0,0,0,0
250140,1,1,1998,1,1,1,1,1,1,1,1,1,1
250140,2,1,1998,0,7,20,0,0,0,10,0,14,0
250141,1,1,1998,0,0,25,10,0,0,0,0,0,0
250142,1,1,1998,0,15,24,0,0,15,0,0,6,0
250142,2,1,1998,9,0,0,0,0,0,0,0,0,0
250143,1,1,1998,15,7,28,2,13,0,25,9,4,16
250144,1,1,1998,1,1,1,1,1,1,1,1,1,1
250144,2,1,1998,27,14,4,3,12,14,10,10,26,17
250145,0,1,1998,1,1,1,1,1,1,1,1,1,1
250145,1,1,1998,0,0,0,18,21,0,0,0,0,0
250146,0,1,1998,0,0,0,0,0,0,0,0,0,0
250146,1,1,1998,0,5,0,16,0,0,18,14,8,0
250147,1,1,1998,24,24,24,24,24,24,24,24,24,24
250147,2,1,1998,2,2,2,2,2,2,2,2,2,2
250147,3,1,1998,16,0,0,0,10,0,0,0,3,0
250147,4,1,1998,0,11,0,0,0,0,0,0,0,0
250148,1,1,1998,16,16,16,16,16,16,16,16,16,16
250149,1,1,1998,0,0,0,0,0,0,0,0,0,0
250149,2,1,1998,0,0,0,0,0,0,0,0,0,0
250150,1,1,1998,0,0,0,0,0,0,0,0,0,0
250151,0,1,1998,4,4,4,4,4,4,4,4,4,4
250151,1,1,1998,0,0,0,0,0,0,0,0,0,0
250152,1,1,1998,0,0,0,0,0,0,0,0,13,0
250152,2,1,1998,0,0,8,0,0,0,0,8,0,0
250152,3,1,1998,0,0,0,55,5,0,42,0,0,0
250153,0,1,1998,29,29,29,29,29,29,29,29,29,29
250153,1,1,1998,0,16,0,0,8,8,0,8,0,0
250154,1,1,1998,0,0,17,0,0,29,0,0,0,38
250155,1,1,1998,37,37,37,37,37,37,37,37,37,37
250156,1,1,1998,21,21,21,21,21,21,21,21,21,21
250157,0,1,1998,0,0,0,0,0,0,0,0,0,0
250157,1,1,1998,0,0,0,0,0,0,0,5,0,8
250158,1,1,1998,0,0,0,0,0,0,0,0,0,0
250159,1,1,1998,13,13,13,13,13,13,13,13,13,13
250160,1,1,1998,0,0,0,0,0,0,0,0,0,0
250161,1,1,1998,7,7,7,7,7,7,7,7,7,7
250162,1,1,1998,12,12,12,12,12,12,12,12,12,12
250163,1,1,1998,0,0,0,0,0,0,0,0,0,0
250163,2,1,1998,0,25,0,0,0,0,9,13,23,0
250164,1,1,1998,0,0,0,0,0,0,0,0,0,0
250164,2,1,1998,0,0,0,0,0,0,0,0,0,0
250165,1,1,1998,19,19,19,19,19,19,19,19,19,19
250165,2,1,1998,0,0,0,0,0,0,0,4,0,0
250165,3,1,1998,0,0,0,12,0,0,0,0,0,0
250166,0,1,1998,0,0,0,0,0,0,0,0,0,0
250166,1,1,1998,0,0,0,0,0,0,0,0,0,0
250167,1,1,1998,0,0,0,0,0,0,0,0,0,0
250168,1,1,1998,4,4,4,4,4,4,4,4,4,4
250170,1,1,1998,28,18,10,17,25,13,11,18,12,0
250170,2,1,1998,0,3,0,0,0,0,0,0,0,10
250171,0,1,1998,0,0,0,0,0,0,0,0,0,0
250171,0,2,1998,0,12,0,20,0,0,13,0,0,13
250171,1,1,1998,0,0,10,0,0,0,0,0,0,13
250171,2,1,1998,0,0,0,0,0,0,0,0,0,0
250172,1,1,1998,14,23,24,0,15,0,0,14,16,22
250173,0,1,1998,0,0,0,3,0,0,0,23,0,0
250173,1,1,1998,0,0,0,0,0,17,0,0,0,0
250174,0,1,1998,1,1,1,1,1,1,1,1,1,1
250174,1,1,1998,0,0,0,0,0,0,0,0,0,0
250175,0,1,1998,0,0,0,0,0,0,0,0,0,0
250175,1,1,1998,0,0,0,0,0,0,0,0,0,0
250176,1,1,1998,0,0,0,0,0,0,0,0,0,0
250176,2,1,1998,0,0,0,0,0,0,0,0,0,0
250176,3,1,1998,0,0,0,0,0,0,0,0,0,0
250177,0,1,1998,0,0,0,0,0,0,0,0,0,0
250177,1,1,1998,0,0,0,0,0,0,0,20,0,0
250178,1,1,1998,0,0,0,0,0,0,0,0,0,0
250178,2,1,1998,0,0,0,0,15,0,11,0,0,0
250178,3,1,1998,0,0,0,0,0,0,0,0,0,0
250179,1,1,1998,31,31,31,31,31,31,31,31,31,31
250180,1,1,1998,0,0,11,7,3,10,9,11,4,12
250181,1,1,1998,0,0,0,0,0,0,0,0,0,0
250182,1,1,1998,0,0,0,0,0,0,0,0,0,0
250182,2,1,1998,15,0,16,18,0,0,0,0,0,0
250183,0,1,1998,0,0,0,0,0,0,0,0,0,0
250183,1,1,1998,0,0,24,0,0,15,25,0,0,0
250184,1,1,1998,0,17,0,0,15,13,0,20,0,0
250185,1,1,1998,0,0,0,0,0,0,0,0,4,0
250185,2,1,1998,0,0,0,0,0,0,0,0,0,0
250186,1,1,1998,3,3,3,3,3,3,3,3,3,3
250187,1,1,1998,25,21,19,13,13,13,11,0,11,0
250188,1,1,1998,0,0,0,0,0,0,0,0,0,0
250188,2,1,1998,0,0,0,0,0,0,0,0,0,0
250188,3,1,1998,0,0,0,0,0,0,0,0,0,0
250189,1,1,1998,25,25,25,25,25,25,25,25,25,25
250190,1,1,1998,0,0,0,0,0,0,0,0,0,0
250190,2,1,1998,0,0,0,0,0,0,15,0,0,0
250191,0,1,1998,0,0,0,0,0,0,0,0,0,0
250191,1,1,1998,0,0,24,6,0,0,0,2,26,0
250192,0,1,1998,0,0,0,0,0,0,0,0,0,0
250192,1,1,1998,0,0,0,0,15,9,0,0,11,9
250193,1,1,1998,0,0,0,0,0,0,0,0,0,0
250194,1,1,1998,2,2,2,2,2,2,2,2,2,2
250195,1,1,1998,4,4,4,4,4,4,4,4,4,4
250196,1,1,1998,14,17,26,7,5,4,13,16,14,0
250197,1,1,1998,17,0,11,0,0,0,0,17,0,0
250197,2,1,1998,0,0,0,0,0,0,0,0,0,0
250198,0,1,1998,0,0,0,0,0,0,0,0,0,0
250198,1,1,1998,0,0,0,0,0,0,0,0,0,0
250199,0,1,1998,0,0,0,0,0,0,0,0,0,0
250199,1,1,1998,0,0,0,0,0,0,0,0,0,0
250200,1,1,1998,1,1,1,1,1,1,1,1,1,1
250200,2,1,1998,0,0,0,0,0,0,0,0,0,0
250200,3,1,1998,0,0,0,0,0,0,14,0,0,0
250201,1,1,1998,0,0,0,0,0,0,0,0,0,0
250201,2,1,1998,17,0,0,0,12,0,0,0,0,0
250202,1,1,1998,8,18,0,15,0,0,0,0,0,0
250203,1,1,1998,19,19,19,19,19,19,19,19,19,19
250204,0,1,1998,1,1,1,1,1,1,1,1,1,1
250204,1,1,1998,0,7,0,0,0,0,2,0,12,0
250205,1,1,1998,0,0,13,0,7,0,0,0,0,0
250205,2,1,1998,5,18,11,8,6,7,21,9,23,11
250206,0,1,1998,0,0,0,0,0,0,0,0,0,0
250206,1,1,1998,0,0,0,0,0,0,0,8,0,0
250207,1,1,1998,0,0,0,0,0,0,0,0,0,0
250207,2,1,1998,8,16,12,23,2,27,8,13,8,0
250208,1,1,1998,0,0,0,0,0,0,0,7,0,16
250208,2,1,1998,0,0,0,0,0,9,0,0,0,0
250209,1,1,1998,22,23,29,15,22,0,0,0,14,19
250210,1,1,1998,6,6,6,6,6,6,6,6,6,6
250210,2,1,1998,0,21,5,16,29,0,0,0,0,0
250211,1,1,1998,0,2,17,0,0,0,0,0,9,0
250211,2,1,1998,0,0,0,0,0,0,0,0,0,0
250212,1,1,1998,0,0,0,0,0,0,0,0,0,0
250213,1,1,1998,11,6,0,0,0,0,0,0,0,0
250213,2,1,1998,0,0,6,0,0,0,0,0,0,0
250214,1,1,1998,0,0,0,0,0,0,0,0,0,0
250215,1,1,1998,23,23,23,23,23,23,23,23,23,23
250215,2,1,1998,26,15,20,0,0,10,0,0,0,14
250216,1,1,1998,0,0,0,0,0,0,0,0,0,0
250216,2,1,1998,0,0,0,0,0,0,0,0,0,0
250217,1,1,1998,0,0,0,0,0,0,0,0,0,0
250217,2,1,1998,0,0,14,0,0,0,0,0,0,0
250217,3,1,1998,0,0,0,0,0,0,0,0,0,0
250217,4,1,1998,0,0,0,0,0,0,0,0,4,0
250218,1,1,1998,18,18,18,18,18,18,18,18,18,18
250219,1,1,1998,0,0,0,0,0,0,0,0,0,0
250220,0,1,1998,14,14,14,14,14,14,14,14,14,14
250220,1,1,1998,0,13,32,15,7,33,8,9,9,11
250221,0,1,1998,6,6,6,6,6,6,6,6,6,6
250221,0,2,1998,32,20,22,35,0,11,0,0,35,14
250221,1,1,1998,14,18,15,20,15,27,9,24,20,24
250222,1,1,1998,0,0,10,19,0,0,0,0,0,0
250222,2,1,1998,0,13,10,10,0,11,0,15,0,0
250223,0,1,1998,7,20,31,0,0,0,0,0,0,12
250223,1,1,1998,0,0,0,0,0,0,13,0,0,0
250224,1,1,1998,0,0,0,0,0,0,0,0,0,0
250224,2,1,1998,0,0,0,11,0,7,17,0,0,0
250225,1,1,1998,0,0,0,0,0,0,0,0,0,0
250226,1,1,1998,4,4,4,4,4,4,4,4,4,4
250227,0,1,1998,0,0,16,11,27,0,13,0,18,0
250227,1,1,1998,0,0,0,0,0,0,0,19,0,0
250228,1,1,1998,0,0,0,0,0,0,0,0,0,0
250228,2,1,1998,0,0,0,0,0,0,0,0,0,0
250229,1,1,1998,0,0,0,0,0,0,0,0,0,0
250229,2,1,1998,0,14,0,0,0,0,14,0,0,0
250229,3,1,1998,0,0,0,0,0,0,0,0,0,0
250230,1,1,1998,17,17,17,17,17,17,17,17,17,17
250231,1,1,1998,19,19,19,19,19,19,19,19,19,19
250233,1,1,1998,0,0,0,0,0,0,0,0,0,0
250233,2,1,1998,0,0,0,0,0,0,0,0,0,0
250233,3,1,1998,0,0,0,0,0,0,0,0,0,0
250236,1,1,1998,0,0,0,0,0,0,0,0,0,0
250237,0,1,1998,0,0,0,0,0,0,0,0,0,0
250237,1,1,1998,0,0,0,0,0,0,0,0,0,0
250238,1,1,1998,0,0,0,0,0,0,0,0,0,0
250239,0,1,1998,35,35,35,35,35,35,35,35,35,35
250239,1,1,1998,0,0,8,0,0,0,0,0,0,0
250240,1,1,1998,0,0,0,0,0,0,0,0,0,0
250240,2,1,1998,0,0,0,0,0,0,0,0,23,0
250241,1,1,1998,19,19,19,19,19,19,19,19,19,19
250241,2,1,1998,0,0,0,0,0,0,0,0,0,0
250242,1,1,1998,2,2,2,2,2,2,2,2,2,2
250244,1,1,1998,38,38,38,38,38,38,38,38,38,38
250245,0,1,1998,0,0,0,0,0,0,0,0,0,0
250245,1,1,1998,0,0,0,0,0,0,0,0,0,0
250246,0,1,1998,41,41,41,41,41,41,41,41,41,41
250246,1,1,1998,0,0,0,0,0,0,0,0,0,0
250246,2,1,1998,0,0,0,0,0,0,0,0,0,0
250247,0,1,1998,0,0,0,0,0,0,0,0,0,0
250247,1,1,1998,0,0,0,0,19,33,16,13,11,6
250249,1,1,1998,5,5,5,5,5,5,5,5,5,5
250249,2,1,1998,0,8,22,18,14,13,0,0,0,0
250249,3,1,1998,0,7,0,18,0,0,0,0,0,0
250250,1,1,1998,0,0,0,0,0,0,0,0,0,0
250250,2,1,1998,0,0,0,0,0,0,16,0,0,0
250250,3,1,1998,0,0,0,0,0,0,0,0,0,0
250250,4,1,1998,0,0,0,0,0,0,0,0,0,0
250251,1,1,1998,0,0,0,0,0,0,0,0,0,0
250252,0,1,1998,26,26,26,26,26,26,26,26,26,26
250252,1,1,1998,0,0,0,0,0,7,0,7,0,0
250253,0,1,1998,0,0,9,0,0,0,13,0,0,4
250253,1,1,1998,0,0,0,0,0,0,0,0,0,0
250254,1,1,1998,0,0,17,0,0,0,0,0,30,0
250254,2,1,1998,0,0,0,0,0,0,0,0,0,0
250255,1,1,1998,0,0,0,15,0,0,0,0,0,0
250256,0,1,1998,0,0,0,0,0,0,0,0,0,0
250256,1,1,1998,0,0,0,0,0,0,5,17,0,0
250257,1,1,1998,0,0,0,0,0,0,0,0,0,0
250257,2,1,1998,0,0,0,0,0,0,0,0,0,0
250258,1,1,1998,0,0,0,0,0,0,0,0,0,0
250258,2,1,1998,0,0,0,0,0,0,0,0,0,0
250259,1,1,1998,0,0,0,0,0,0,0,0,0,0
250259,2,1,1998,0,0,0,0,0,0,0,0,0,0
250260,1,1,1998,0,0,0,9,0,0,0,15,0,0
250261,1,1,1998,19,0,0,0,0,0,0,14,0,0
250261,2,1,1998,0,0,0,0,0,0,0,0,0,0
250262,0,1,1998,0,0,0,0,0,0,0,0,0,0
250262,1,1,1998,0,0,0,0,0,0,0,0,0,0
250263,1,1,1998,1,1,1,1,1,1,1,1,1,1
250263,2,1,1998,15,15,15,15,15,15,15,15,15,15
250264,1,1,1998,0,0,0,0,0,0,0,0,0,0
250265,1,1,1998,27,27,27,27,27,27,27,27,27,27
250266,1,1,1998,0,0,0,0,0,0,0,0,0,0
250267,1,1,1998,18,18,18,18,18,18,18,18,18,18
250268,1,1,1998,0,0,0,0,0,0,0,0,0,0
250269,1,1,1998,0,14,0,19,12,0,26,0,0,19
250269,2,1,1998,0,10,7,0,9,19,0,16,0,15
250269,3,1,1998,3,3,3,3,3,3,3,3,3,3
250270,1,1,1998,30,30,30,30,30,30,30,30,30,30
250271,0,1,1998,0,0,0,0,0,0,0,0,0,0
250271,2,1,1998,0,0,0,0,0,0,0,0,0,0
250272,1,1,1998,0,0,0,0,0,0,0,0,0,0
250273,1,1,1998,0,0,0,0,0,0,0,0,0,0
250273,2,1,1998,0,0,0,0,0,0,0,0,0,0
250274,1,1,1998,0,0,0,0,0,0,0,0,0,0
250275,1,1,1998,0,0,0,0,0,0,0,0,0,0
250276,1,1,1998,0,0,0,0,0,0,0,0,0,0
250276,2,1,1998,0,0,0,0,0,0,0,0,0,0
250277,1,1,1998,0,14,0,0,0,0,0,0,0,0
250277,2,1,1998,0,0,0,0,0,0,0,0,0,0
250278,0,1,1998,0,0,0,0,0,0,0,0,0,0
250278,1,1,1998,0,5,0,0,0,0,0,0,0,0
250279,1,1,1998,13,13,13,13,13,13,13,13,13,13
250279,2,1,1998,0,0,0,0,0,0,0,0,0,0
250280,1,1,1998,0,0,0,0,0,0,0,0,0,0
250281,0,1,1998,0,0,0,0,0,0,0,0,0,0
250281,1,1,1998,11,14,26,0,0,0,0,0,0,0
250282,1,1,1998,0,0,0,0,0,0,0,0,0,0
250283,1,1,1998,0,0,0,0,0,0,0,0,0,0
250284,1,1,1998,0,0,0,0,0,0,0,0,0,0
250285,1,1,1998,14,14,14,14,14,14,14,14,14,14
250286,1,1,1998,0,0,0,0,0,0,0,0,0,0
250286,2,1,1998,0,0,18,0,0,7,0,0,0,0
250287,1,1,1998,20,20,20,20,20,20,20,20,20,20