ST_CASE,VEH_NO,PER_NO,YEAR,P1,P2,P3,P4,P5,P6,P7,P8,P9,P10
250288,1,1,1998,0,0,0,0,0,0,0,0,0,0
250288,2,1,1998,0,0,0,0,0,0,0,0,0,0
250289,1,1,1998,0,0,0,0,0,0,0,0,0,0
250289,2,1,1998,0,0,0,0,0,0,0,0,0,0
250290,1,1,1998,0,0,0,0,0,0,0,0,0,0
250291,1,1,1998,0,0,0,0,0,0,0,0,0,0
250291,2,1,1998,0,0,0,0,0,0,0,0,0,0
250292,1,1,1998,0,0,0,0,0,0,0,0,0,0
250292,2,1,1998,0,0,0,0,0,0,0,0,0,0
250293,0,1,1998,0,0,0,0,0,0,0,0,0,0
250293,1,1,1998,0,0,0,0,0,16,0,0,0,21
250294,1,1,1998,1,1,1,1,1,1,1,1,1,1
250295,1,1,1998,0,0,0,0,0,0,0,0,0,0
250296,1,1,1998,0,0,0,0,0,0,0,0,0,0
250296,2,1,1998,0,0,0,0,0,5,0,0,0,0
250296,3,1,1998,0,5,0,0,0,0,0,0,0,0
250298,1,1,1998,0,0,0,0,0,0,0,0,0,0
250299,1,1,1998,1,1,1,1,1,1,1,1,1,1
250300,0,1,1998,0,0,0,0,0,0,0,0,0,0
250300,1,1,1998,0,0,0,0,0,0,0,4,0,0
250301,0,1,1998,0,0,0,0,0,0,0,0,0,0
250301,1,1,1998,0,0,0,8,9,0,9,0,13,0
250302,1,1,1998,0,0,0,0,0,0,0,0,0,0
250302,2,1,1998,12,0,0,0,0,0,0,0,0,0
250303,0,1,1998,28,28,28,28,28,28,28,28,28,28
250303,1,1,1998,0,0,0,0,0,31,9,0,17,8
250304,1,1,1998,0,0,0,13,0,0,8,0,0,0
250304,2,1,1998,0,0,0,0,0,0,0,0,0,0
250306,1,1,1998,32,32,32,32,32,32,32,32,32,32
250307,0,1,1998,0,0,0,0,0,0,0,0,0,0
250307,1,1,1998,0,0,0,0,32,0,7,0,0,0
250308,1,1,1998,0,0,0,0,0,0,0,0,0,0
250309,1,1,1998,21,21,21,21,21,21,21,21,21,21
250310,1,1,1998,0,0,0,0,0,0,0,0,0,0
250311,1,1,1998,12,7,23,17,8,11,36,13,5,38
250312,1,1,1998,13,13,13,13,13,13,13,13,13,13
250313,1,1,1998,0,0,0,0,0,0,0,0,0,8
250314,1,1,1998,12,0,19,0,14,0,8,12,0,21
250315,0,1,1998,0,0,0,6,0,0,0,0,0,0
250315,1,1,1998,0,10,0,0,0,0,0,0,0,0
250316,0,1,1998,3,3,3,3,3,3,3,3,3,3
250317,0,1,1998,0,0,0,0,0,0,0,0,0,0
250317,1,1,1998,0,11,0,26,0,0,0,0,14,0
250318,0,1,1998,0,0,0,0,0,0,0,0,0,0
250318,1,1,1998,0,0,0,0,0,0,0,0,0,0
250319,0,1,1998,0,0,0,0,0,0,0,0,0,0
250319,1,1,1998,0,0,0,0,0,0,0,0,12,0
250320,1,1,1998,2,26,14,2,8,18,11,9,10,21
250320,2,1,1998,0,19,0,10,0,0,0,7,0,0
250321,1,1,1998,5,12,0,0,17,0,24,3,0,28
250322,1,1,1998,10,0,0,11,19,13,0,11,0,0
250323,1,1,1998,8,23,2,10,2,8,7,12,7,7
250324,1,1,1998,0,0,0,0,0,0,10,0,0,0
250324,2,1,1998,0,0,0,0,0,0,0,0,11,0
250324,3,1,1998,0,0,0,0,0,0,0,0,0,0
250325,0,1,1998,0,0,0,13,0,0,0,0,0,0
250325,1,1,1998,0,0,0,0,0,0,0,0,0,0
250326,0,1,1998,0,0,0,0,0,0,0,0,0,0
250326,1,1,1998,0,0,0,0,0,8,0,0,0,0
250327,0,1,1998,0,0,0,0,0,0,0,0,0,0
250327,1,1,1998,0,0,0,5,0,0,0,20,0,0
250328,1,1,1998,2,2,2,2,2,2,2,2,2,2
250329,1,1,1998,0,0,0,0,0,0,0,0,0,0
250330,1,1,1998,13,0,5,13,9,10,2,10,4,3
250331,1,1,1998,0,0,0,0,0,0,0,0,0,0
250332,1,1,1998,17,17,17,17,17,17,17,17,17,17
250334,0,1,1998,0,0,0,0,0,0,0,0,0,0
250334,1,1,1998,0,0,0,0,0,0,0,0,0,0
250335,0,1,1998,0,0,0,0,0,0,0,0,0,0
250335,1,1,1998,0,0,0,0,9,0,0,0,0,0
250336,1,1,1998,28,28,28,28,28,28,28,28,28,28
250337,1,1,1998,0,0,0,0,0,0,0,0,0,11
250337,2,1,1998,0,0,0,0,0,0,0,0,0,0
250338,0,1,1998,0,0,0,0,0,0,0,0,0,0
250338,1,1,1998,16,0,0,8,10,3,0,0,17,0
250338,2,1,1998,16,0,0,0,17,13,7,0,0,0
250339,0,1,1998,0,0,0,0,0,0,0,0,0,0
250339,1,1,1998,0,0,0,0,0,0,16,0,0,20
250340,1,1,1998,17,0,0,0,0,0,0,15,6,0
250340,2,1,1998,0,0,0,0,0,19,19,0,0,13
250341,1,1,1998,18,18,18,18,18,18,18,18,18,18
250342,1,1,1998,0,0,0,0,0,0,0,0,0,0
250342,2,1,1998,0,0,0,0,0,0,0,0,0,0
250343,1,1,1998,0,0,0,0,0,0,0,0,0,0
250343,2,1,1998,0,0,0,0,0,0,0,0,0,0
250344,1,1,1998,17,0,13,4,0,0,0,9,0,0
250344,2,1,1998,26,26,26,26,26,26,26,26,26,26
250345,1,1,1998,29,29,29,29,29,29,29,29,29,29
250345,2,1,1998,0,0,0,0,0,0,9,0,0,0
250346,1,1,1998,24,24,24,24,24,24,24,24,24,24
250347,1,1,1998,0,0,0,0,0,0,0,0,0,0
250347,2,1,1998,0,12,0,0,11,0,0,19,0,0
250348,1,1,1998,0,5,0,0,0,0,0,0,0,0
250348,2,1,1998,0,17,0,0,0,0,0,0,0,0
250349,1,1,1998,0,0,0,0,0,0,0,0,0,0
250349,2,1,1998,0,0,0,0,0,0,0,0,0,0
250350,1,1,1998,8,6,0,12,0,0,0,9,8,0
250351,0,1,1998,20,20,20,20,20,20,20,20,20,20
250351,1,1,1998,0,0,0,0,15,20,0,7,0,9
250352,0,1,1998,0,0,0,0,0,0,0,0,0,0
250352,0,2,1998,0,0,0,0,0,0,0,0,0,0
250352,1,1,1998,0,0,5,0,0,0,0,0,0,10
250353,1,1,1998,0,0,0,0,0,0,0,0,0,0
250353,2,1,1998,0,0,0,0,0,0,0,0,3,0
250354,1,1,1998,0,0,0,0,0,0,0,0,0,0
250354,2,1,1998,0,0,0,0,0,0,0,0,0,0
250355,1,1,1998,0,0,0,0,0,0,0,0,0,0
250355,2,1,1998,0,0,18,0,21,0,12,9,21,0
250356,1,1,1998,16,18,22,19,13,16,7,25,22,0
250357,1,1,1998,23,0,0,18,9,3,7,0,16,6
250357,2,1,1998,0,0,0,8,0,0,0,0,0,7
250358,1,1,1998,0,0,0,0,0,0,0,0,0,0
250358,2,1,1998,0,18,0,0,0,0,0,20,0,0
250358,3,1,1998,0,0,0,0,0,0,0,0,0,0
250359,1,1,1998,33,33,33,33,33,33,33,33,33,33
250360,0,1,1998,0,0,0,0,0,0,0,0,0,0
250360,1,1,1998,0,0,0,0,7,0,0,0,6,0
250361,0,1,1998,13,13,13,13,13,13,13,13,13,13
250361,1,1,1998,0,0,25,0,0,0,0,12,0,0
250361,2,1,1998,0,20,0,24,0,5,0,11,6,0
250361,3,1,1998,0,0,0,0,14,0,0,0,0,0
250362,1,1,1998,0,0,0,0,0,0,0,0,0,0
250362,2,1,1998,0,0,0,0,0,0,0,0,0,0
250363,1,1,1998,0,0,0,0,0,0,0,0,0,0
250363,2,1,1998,0,11,0,11,0,0,0,10,0,0
250364,1,1,1998,6,0,12,0,0,6,11,18,0,0
250364,2,1,1998,0,0,0,0,0,11,0,0,0,0
250365,1,1,1998,0,0,0,0,0,0,0,0,0,0
250365,2,1,1998,0,0,0,0,0,0,0,0,0,0
250366,1,1,1998,0,0,0,0,0,0,0,0,0,0
250366,2,1,1998,0,0,0,0,0,0,0,0,0,0
250367,0,1,1998,21,21,21,21,21,21,21,21,21,21
250367,1,1,1998,0,0,0,11,0,0,0,0,10,0
250368,1,1,1998,29,29,29,29,29,29,29,29,29,29
250369,1,1,1998,21,21,21,21,21,21,21,21,21,21
250369,2,1,1998,9,9,9,9,9,9,9,9,9,9
250370,0,1,1998,6,6,6,6,6,6,6,6,6,6
250370,1,1,1998,0,0,0,0,0,0,0,0,0,0
250371,1,1,1998,0,0,0,0,0,0,0,0,0,0
250372,1,1,1998,0,0,0,0,0,0,0,0,0,0
250372,2,1,1998,0,0,0,0,0,0,0,0,0,0
250373,0,1,1998,0,36,0,38,31,30,0,16,0,10
250373,0,2,1998,0,0,0,0,0,0,0,0,0,0
250373,0,3,1998,4,17,6,11,23,15,24,22,26,17
250373,2,1,1998,8,0,0,9,19,0,17,15,27,13
250373,3,1,1998,7,0,12,0,12,0,11,9,0,0
250374,0,1,1998,24,24,24,24,24,24,24,24,24,24
250374,1,1,1998,0,0,3,0,10,0,8,5,15,0
250374,2,1,1998,12,0,19,3,0,0,0,14,0,0
250374,3,1,1998,33,5,20,2,0,0,21,0,14,0
250375,1,1,1998,10,10,10,10,10,10,10,10,10,10
250376,1,1,1998,28,28,28,28,28,28,28,28,28,28
250377,1,1,1998,0,0,0,15,0,0,0,0,0,0
250378,1,1,1998,0,0,0,0,2,0,0,0,0,0
250379,1,1,1998,0,0,0,0,0,0,0,0,0,0
250380,1,1,1998,0,0,0,0,0,0,0,0,0,0
250380,2,1,1998,0,0,0,0,8,22,13,0,0,15
250382,1,1,1998,0,0,0,0,0,0,0,0,0,0
250383,0,1,1998,41,41,41,41,41,41,41,41,41,41
250383,1,1,1998,21,0,25,0,0,20,3,23,7,10
250384,1,1,1998,0,0,0,0,0,22,0,0,0,0
250384,2,1,1998,22,0,0,0,0,0,0,0,0,0
250385,0,1,1998,0,0,0,0,0,0,0,0,0,0
250385,1,1,1998,0,0,0,0,0,0,0,0,0,0
250386,1,1,1998,0,0,0,0,0,0,0,0,0,0
250386,2,1,1998,0,0,0,0,0,0,0,0,0,0
250387,1,1,1998,17,17,17,17,17,17,17,17,17,17
250388,1,1,1998,25,25,25,25,25,25,25,25,25,25
250389,0,1,1998,0,0,0,0,0,0,0,0,0,0
250389,1,1,1998,0,0,0,0,0,0,0,0,0,12
250390,1,1,1998,0,11,0,0,9,0,0,0,0,5
250390,2,1,1998,0,0,0,22,0,4,2,0,8,11
260001,1,1,1998,19,19,19,19,19,19,19,19,19,19
260002,1,1,1998,26,26,26,26,26,26,26,26,26,26
260003,0,1,1998,0,0,0,0,0,0,0,0,0,0
260003,1,1,1998,14,0,0,0,0,0,20,7,5,0
260004,1,1,1998,0,0,0,0,0,0,0,0,0,0
260005,1,1,1998,0,0,0,0,0,0,0,0,0,0
260006,1,1,1998,0,0,0,0,0,0,0,0,0,0
260007,1,1,1998,19,19,19,19,19,19,19,19,19,19
260008,1,1,1998,5,5,5,5,5,5,5,5,5,5
260009,0,1,1998,0,0,0,0,0,0,0,0,0,0
260009,1,1,1998,0,0,0,0,0,0,0,0,0,0
260009,2,1,1998,0,0,0,0,0,0,0,0,0,0
260009,3,1,1998,0,0,0,0,0,0,0,0,0,0
260010,0,1,1998,0,0,0,0,0,0,0,0,0,0
260010,1,1,1998,0,0,0,0,0,0,0,0,0,0
260011,1,1,1998,20,20,20,20,20,20,20,20,20,20
260012,1,1,1998,11,11,11,11,11,11,11,11,11,11
260013,1,1,1998,0,0,0,0,0,0,0,0,0,0
260014,1,1,1998,0,0,0,0,0,0,0,0,0,0
260014,2,1,1998,0,0,0,0,0,0,0,0,0,0
260015,1,1,1998,17,17,17,17,17,17,17,17,17,17
260016,0,1,1998,0,0,0,0,0,0,0,0,0,0
260016,1,1,1998,0,0,0,0,0,0,0,0,0,20
260017,1,1,1998,0,0,0,0,0,0,0,0,0,0
260017,2,1,1998,0,0,0,0,0,0,0,0,0,0
260018,1,1,1998,25,25,25,25,25,25,25,25,25,25
260018,2,1,1998,0,0,0,0,0,0,0,0,0,0
260019,1,1,1998,0,0,0,0,0,0,0,0,0,0
260019,2,1,1998,0,0,0,0,0,0,0,0,0,0
260020,1,1,1998,55,55,55,55,55,55,55,55,55,55
260020,2,1,1998,0,0,0,0,0,0,0,0,0,0
260021,1,1,1998,10,10,10,10,10,10,10,10,10,10
260021,2,1,1998,0,0,0,0,0,0,0,0,0,0
260022,1,1,1998,0,0,0,0,0,0,0,0,0,0
260022,2,1,1998,22,22,22,22,22,22,22,22,22,22
260023,1,1,1998,8,0,0,0,0,0,0,0,0,11
260024,1,1,1998,0,0,0,0,0,0,0,0,0,0
260025,1,1,1998,0,0,0,0,0,0,0,0,0,0
260025,2,1,1998,32,0,18,0,0,10,0,0,0,0
260026,1,1,1998,25,25,25,25,25,25,25,25,25,25
260026,2,1,1998,0,0,0,0,0,0,0,0,0,0
260027,1,1,1998,20,20,20,20,20,20,20,20,20,20
260028,1,1,1998,20,18,11,8,20,13,13,26,26,13
260028,2,1,1998,0,0,0,0,0,0,0,0,0,0
260029,1,1,1998,0,0,0,0,0,0,0,0,0,0
260030,1,1,1998,0,0,0,0,0,0,0,0,0,0
260030,2,1,1998,0,0,0,0,0,0,0,0,0,0
260031,0,1,1998,20,20,20,20,20,20,20,20,20,20
260031,1,1,1998,0,11,23,32,11,21,17,15,19,0
260032,1,1,1998,17,17,17,17,17,17,17,17,17,17
260033,0,1,1998,24,24,24,24,24,24,24,24,24,24
260033,1,1,1998,10,10,10,10,10,10,10,10,10,10
260034,1,1,1998,0,6,0,0,0,0,0,0,0,0
260034,2,1,1998,0,0,0,0,0,0,0,0,0,0
260035,1,1,1998,0,0,0,0,0,0,0,0,0,0
260036,1,1,1998,0,0,0,0,0,0,0,0,0,0
260036,2,1,1998,0,0,0,0,0,0,0,0,0,0
260036,3,1,1998,0,0,0,0,0,0,0,0,0,0
260036,4,1,1998,0,0,0,0,0,0,0,0,0,0
260037,1,1,1998,0,0,0,0,0,0,0,0,0,0
260037,2,1,1998,0,0,0,0,0,0,0,0,0,0
260038,1,1,1998,0,0,0,0,0,0,0,0,0,0
260038,2,1,1998,0,0,0,0,0,0,0,0,0,0
260039,1,1,1998,0,0,0,0,0,0,0,0,0,0
260040,1,1,1998,0,0,0,0,0,0,0,0,0,0
260040,2,1,1998,0,0,0,0,0,0,0,0,0,0
260041,1,1,1998,0,0,0,0,0,0,0,0,0,0
260041,2,1,1998,0,0,0,0,0,0,0,0,0,0
260042,1,1,1998,0,0,0,0,0,0,0,0,0,0
260042,2,1,1998,23,0,0,0,0,0,0,0,0,0
260043,1,1,1998,0,0,0,0,0,0,0,0,0,0
260043,2,1,1998,0,0,0,0,0,0,0,0,0,0
260043,3,1,1998,0,0,0,0,0,0,0,0,0,0
260044,1,1,1998,0,0,0,0,0,0,0,0,0,0
260044,2,1,1998,0,0,0,0,0,0,0,0,0,0
260045,1,1,1998,11,9,14,6,17,17,14,8,21,31
260046,1,1,1998,0,0,0,0,0,0,0,0,0,0
260047,0,1,1998,25,25,25,25,25,25,25,25,25,25
260047,1,1,1998,0,0,0,0,0,0,0,0,0,13
260048,1,1,1998,9,9,9,9,9,9,9,9,9,9
260049,1,1,1998,1,1,1,1,1,1,1,1,1,1
260049,2,1,1998,0,0,0,0,0,0,0,0,0,0
260050,1,1,1998,8,4,20,10,10,14,10,3,14,6
260050,2,1,1998,0,0,0,0,0,0,0,0,0,0
260050,3,1,1998,0,0,0,0,0,0,0,0,0,0
260051,1,1,1998,22,22,22,22,22,22,22,22,22,22
260052,1,1,1998,0,0,0,0,0,0,0,0,0,20
260052,2,1,1998,0,0,0,0,0,0,0,0,0,0
260053,1,1,1998,0,0,0,0,0,0,0,0,0,0
260054,1,1,1998,0,0,0,0,0,0,0,0,0,0
260054,2,1,1998,0,0,0,0,0,0,0,0,0,0
260055,1,1,1998,0,0,0,0,0,0,0,0,0,0
260055,2,1,1998,0,0,0,0,0,0,0,0,0,0
260056,1,1,1998,17,17,17,17,17,17,17,17,17,17
260057,1,1,1998,12,12,12,12,12,12,12,12,12,12
260058,1,1,1998,0,0,0,0,0,0,0,0,0,0
260058,2,1,1998,0,0,0,0,0,0,0,0,0,0
260059,1,1,1998,0,0,0,0,0,0,0,0,0,0
260059,2,1,1998,0,0,0,0,0,0,0,0,0,0
260060,1,1,1998,0,0,0,0,0,0,0,0,0,0
260060,2,1,1998,0,0,0,0,0,0,0,0,0,0
260061,1,1,1998,0,0,0,0,0,0,0,0,0,0
260061,2,1,1998,0,0,0,0,0,0,0,0,0,0
260062,1,1,1998,0,0,0,0,0,0,0,0,0,0
260062,2,1,1998,0,0,0,0,0,0,0,0,0,0
260062,3,1,1998,0,0,0,0,0,0,0,0,0,0
260062,4,1,1998,0,0,0,0,0,0,0,0,0,0
260063,1,1,1998,0,0,0,0,0,0,0,0,0,0
260064,1,1,1998,0,0,0,0,0,0,0,0,0,0
260065,0,1,1998,5,0,0,0,43,0,0,0,8,0
260065,1,1,1998,0,0,0,0,0,0,0,0,0,0
260066,1,1,1998,0,0,0,0,0,0,0,0,0,0
260066,2,1,1998,0,0,0,0,0,0,0,0,0,0
260067,1,1,1998,1,1,1,1,1,1,1,1,1,1
260067,2,1,1998,0,0,0,0,0,0,0,0,0,0
260068,1,1,1998,0,0,0,0,0,0,0,0,0,0
260068,2,1,1998,0,0,0,0,0,0,0,0,0,0
260069,1,1,1998,0,0,0,0,0,0,0,0,0,0
260069,2,1,1998,0,0,0,0,0,0,0,0,0,0
260070,1,1,1998,4,12,16,13,14,29,19,50,16,25
260070,2,1,1998,0,0,0,0,0,0,0,0,0,0
260071,1,1,1998,21,21,21,21,21,21,21,21,21,21
260072,1,1,1998,0,0,0,0,0,0,0,0,0,0
260073,1,1,1998,0,0,0,0,0,0,0,0,0,0
260073,2,1,1998,0,0,0,0,0,0,0,0,0,0
260074,1,1,1998,13,13,13,13,13,13,13,13,13,13
260074,2,1,1998,0,0,0,0,0,0,0,0,0,0
260075,1,1,1998,0,0,0,0,0,0,0,0,0,0
260075,2,1,1998,34,34,34,34,34,34,34,34,34,34
260076,1,1,1998,15,6,17,19,10,12,11,8,10,8
260076,2,1,1998,6,6,6,6,6,6,6,6,6,6
260077,0,1,1998,8,8,8,8,8,8,8,8,8,8
260077,1,1,1998,0,0,0,0,0,0,0,0,0,0
260078,1,1,1998,0,0,0,0,0,0,0,0,0,0
260078,2,1,1998,0,0,0,0,0,0,0,0,0,0
260079,0,1,1998,30,30,30,30,30,30,30,30,30,30
260079,1,1,1998,33,33,33,33,33,33,33,33,33,33
260080,1,1,1998,0,0,0,0,0,0,0,0,0,0
260080,2,1,1998,0,0,0,0,0,0,0,0,0,0
260081,1,1,1998,0,0,0,0,0,0,0,0,0,0
260081,2,1,1998,0,0,0,0,0,0,0,0,0,0
260081,3,1,1998,0,0,0,0,0,0,0,0,0,0
260082,1,1,1998,0,0,0,0,0,0,0,0,0,0
260082,2,1,1998,0,0,0,0,0,0,0,0,0,0
260083,1,1,1998,0,0,0,0,0,0,0,0,0,0
260083,2,1,1998,0,0,0,0,0,0,0,0,0,0
260084,1,1,1998,30,30,30,30,30,30,30,30,30,30
260084,2,1,1998,7,0,0,0,0,0,0,0,0,0
260084,3,1,1998,8,8,8,8,8,8,8,8,8,8
260085,1,1,1998,0,0,0,0,0,0,0,0,0,0
260085,2,1,1998,2,2,2,2,2,2,2,2,2,2
260085,3,1,1998,0,2,0,0,0,0,0,0,0,0
260086,1,1,1998,0,0,0,0,0,0,0,0,0,0
260086,2,1,1998,0,0,0,0,0,0,0,0,0,0
260086,3,1,1998,0,0,0,0,0,0,0,0,0,0
260087,0,1,1998,24,24,24,24,24,24,24,24,24,24
260087,1,1,1998,0,0,0,0,0,0,0,0,0,0
260088,1,1,1998,5,4,15,6,11,6,12,19,15,14
260088,2,1,1998,0,0,0,0,0,0,0,0,0,0
260089,1,1,1998,19,23,9,0,2,24,0,0,5,20
260090,1,1,1998,0,0,0,0,0,0,0,0,0,0
260090,2,1,1998,0,0,0,0,0,0,0,0,0,0
260091,0,1,1998,0,0,0,0,0,0,0,0,0,0
260091,1,1,1998,0,0,0,0,0,0,0,0,0,0
260092,1,1,1998,1,1,1,1,1,1,1,1,1,1
260092,2,1,1998,0,0,0,0,0,9,0,0,0,13
260093,1,1,1998,0,0,0,0,0,0,0,0,0,0
260093,2,1,1998,0,0,0,0,0,0,0,0,10,0
260094,1,1,1998,0,0,18,0,0,0,0,0,0,0
260094,2,1,1998,0,0,0,0,0,0,0,0,0,7
260095,0,1,1998,30,30,30,30,30,30,30,30,30,30
260095,1,1,1998,0,0,0,0,0,0,0,0,0,0
260096,1,1,1998,21,21,21,21,21,21,21,21,21,21
260097,1,1,1998,0,0,0,0,0,0,0,0,0,0
260098,1,1,1998,0,0,0,0,0,0,0,0,0,0
260098,2,1,1998,0,0,0,0,0,0,0,0,0,0
260098,3,1,1998,0,0,0,0,0,0,0,0,0,0
260099,0,1,1998,28,28,28,28,28,28,28,28,28,28
260099,1,1,1998,0,0,0,0,0,0,0,0,0,0
260100,1,1,1998,17,17,17,17,17,17,17,17,17,17
260101,1,1,1998,0,0,0,0,0,0,0,0,0,0
260101,2,1,1998,0,0,0,0,0,0,0,0,0,0
260102,1,1,1998,0,0,0,0,0,0,20,0,0,0
260103,1,1,1998,0,0,0,0,0,0,0,0,0,0
260103,2,1,1998,0,12,0,0,0,0,0,0,0,0
260104,1,1,1998,0,0,0,0,0,0,0,0,0,0
260104,2,1,1998,0,0,0,0,0,0,14,0,16,0
260105,1,1,1998,0,0,0,0,0,0,0,0,0,0
260105,2,1,1998,0,0,0,0,0,0,0,0,0,0
260105,3,1,1998,0,0,0,0,0,0,0,0,0,0
260105,4,1,1998,0,0,0,0,0,0,0,0,0,0
260107,1,1,1998,12,12,12,12,12,12,12,12,12,12
260107,2,1,1998,0,0,10,12,3,0,0,16,21,16
260108,0,1,1998,0,0,0,0,0,0,0,0,0,0
260108,1,1,1998,0,0,0,0,0,0,0,0,0,0
260109,0,1,1998,0,0,0,0,0,0,0,0,0,0
260109,1,1,1998,0,0,0,0,0,0,0,0,0,0
260110,0,1,1998,17,17,17,17,17,17,17,17,17,17
260110,1,1,1998,0,0,0,0,0,0,0,0,0,0
260110,2,1,1998,0,0,0,0,0,0,0,0,0,0
260111,1,1,1998,0,0,0,0,0,0,0,0,0,0
260111,2,1,1998,0,0,0,0,0,0,0,10,0,0
260111,3,1,1998,0,0,0,0,0,0,0,0,0,0
260111,4,1,1998,0,0,0,0,0,3,0,0,0,0
260112,1,1,1998,0,0,0,0,0,0,0,0,0,0
260112,2,1,1998,0,0,0,14,0,0,0,0,0,0
260113,0,1,1998,14,14,14,14,14,14,14,14,14,14
260113,1,1,1998,19,0,0,0,0,0,0,0,0,0
260113,2,1,1998,0,0,0,0,0,0,0,0,0,0
260113,3,1,1998,0,0,9,0,0,6,0,0,0,0
260114,1,1,1998,0,0,0,0,0,0,0,0,0,9
260115,1,1,1998,0,0,0,0,0,0,0,0,0,0
260115,2,1,1998,0,0,0,0,0,0,0,0,0,0
260116,1,1,1998,0,0,0,0,7,0,0,0,0,0
260116,2,1,1998,0,0,0,0,0,0,0,0,0,14
260117,0,1,1998,0,0,0,0,0,0,0,0,0,0
260117,1,1,1998,2,2,2,2,2,2,2,2,2,2
260118,1,1,1998,0,0,0,0,0,0,0,0,0,0
260118,2,1,1998,0,0,0,0,0,0,0,0,0,0
260119,1,1,1998,0,0,0,0,0,0,0,0,0,0
260120,0,1,1998,21,21,21,21,21,21,21,21,21,21
260120,1,1,1998,0,0,0,0,0,0,0,0,0,0
260121,1,1,1998,8,8,8,8,8,8,8,8,8,8
260122,1,1,1998,0,0,0,0,0,0,0,0,0,0
260123,1,1,1998,16,16,16,16,16,16,16,16,16,16
260124,0,1,1998,0,0,0,0,0,0,0,0,0,0
260124,1,1,1998,9,9,9,9,9,9,9,9,9,9
260125,1,1,1998,13,25,9,19,12,0,8,30,19,7
260125,2,1,1998,4,4,4,4,4,4,4,4,4,4
260126,0,1,1998,30,30,30,30,30,30,30,30,30,30
260126,1,1,1998,0,0,0,0,0,0,0,0,0,0
260127,1,1,1998,0,0,0,0,0,0,0,0,0,0
260127,2,1,1998,0,0,0,0,0,0,0,0,0,0
260128,1,1,1998,0,0,0,0,0,0,0,3,0,0
260128,2,1,1998,0,15,0,0,0,0,0,0,12,0
260129,1,1,1998,0,0,0,0,0,0,0,0,0,0
260129,2,1,1998,0,0,0,0,0,0,0,0,0,0
260130,0,1,1998,0,0,0,0,0,0,0,0,0,0
260130,1,1,1998,0,0,0,0,0,0,0,0,7,0
260131,1,1,1998,25,25,25,25,25,25,25,25,25,25
260132,1,1,1998,23,23,23,23,23,23,23,23,23,23
260133,1,1,1998,0,0,0,0,0,0,0,0,0,0
260134,1,1,1998,0,0,0,0,0,0,0,0,0,0
260135,1,1,1998,7,7,7,7,7,7,7,7,7,7
260135,2,1,1998,0,0,0,0,0,0,0,0,0,0
260136,1,1,1998,22,22,22,22,22,22,22,22,22,22
260136,2,1,1998,0,0,0,0,0,0,0,0,0,0
260136,3,1,1998,0,0,0,0,0,0,0,0,0,0
260137,1,1,1998,0,0,0,0,0,0,0,0,0,0
260137,2,1,1998,0,0,0,0,0,0,0,0,0,0
260138,0,1,1998,8,2,19,21,22,7,32,0,23,41
260138,0,2,1998,7,7,7,7,7,7,7,7,7,7
260138,1,1,1998,11,11,11,11,11,11,11,11,11,11
260139,1,1,1998,0,0,0,0,0,0,0,0,0,0
260141,1,1,1998,0,12,3,0,8,18,18,0,11,0
260141,2,1,1998,8,12,0,7,0,12,15,21,0,0
260142,0,1,1998,0,0,0,0,0,0,0,0,0,0
260142,1,1,1998,16,0,14,0,13,0,16,0,0,19
260143,1,1,1998,0,0,0,15,0,0,0,0,0,0
260143,2,1,1998,0,0,0,0,0,0,0,0,0,0
260144,1,1,1998,24,24,24,24,24,24,24,24,24,24
260145,1,1,1998,0,0,0,0,0,0,0,0,0,0
260145,2,1,1998,0,0,0,0,0,0,0,0,0,0
260145,3,1,1998,0,0,0,0,0,0,0,0,0,0
260146,1,1,1998,18,18,18,18,18,18,18,18,18,18
260147,1,1,1998,0,0,0,0,0,0,0,0,0,0
260147,2,1,1998,0,0,0,0,23,0,0,0,0,0
260148,1,1,1998,26,26,26,26,26,26,26,26,26,26
260149,1,1,1998,0,0,0,0,0,0,0,0,0,0
260149,2,1,1998,0,0,0,0,0,0,0,0,0,0
260150,1,1,1998,0,0,0,0,0,0,0,0,0,0
260150,2,1,1998,0,0,0,0,9,0,12,0,0,0
260151,1,1,1998,0,0,0,0,0,0,0,0,0,0
260151,2,1,1998,5,5,5,5,5,5,5,5,5,5
260152,1,1,1998,0,0,0,0,0,0,12,0,0,0
260152,2,1,1998,0,0,0,0,0,0,0,0,0,13
260153,0,1,1998,0,0,0,0,0,0,0,0,0,0
260153,1,1,1998,0,0,0,0,0,0,0,0,0,0
260154,1,1,1998,0,0,0,0,0,0,0,0,0,0
260155,1,1,1998,0,0,0,0,0,0,0,0,0,0
260156,1,1,1998,19,19,19,19,19,19,19,19,19,19
260157,1,1,1998,0,0,0,0,0,0,0,0,0,0
260158,1,1,1998,0,0,0,0,0,0,0,0,0,0
260158,2,1,1998,0,0,0,0,0,0,0,0,0,0
260158,3,1,1998,0,0,0,0,0,0,0,0,0,0
260159,1,1,1998,0,0,0,0,0,0,0,0,0,0
260159,2,1,1998,0,0,0,0,0,0,0,0,0,0
260160,1,1,1998,17,17,17,17,17,17,17,17,17,17
260160,2,1,1998,0,0,0,0,0,0,0,0,0,0
260161,1,1,1998,15,15,15,15,15,15,15,15,15,15