ST_CASE,VEH_NO,PER_NO,YEAR,P1,P2,P3,P4,P5,P6,P7,P8,P9,P10
260162,1,1,1998,0,0,0,0,0,0,0,0,0,0
260163,1,1,1998,18,18,18,18,18,18,18,18,18,18
260164,0,1,1998,0,0,0,0,0,0,0,0,0,0
260164,1,1,1998,0,0,0,0,0,0,0,0,0,7
260164,2,1,1998,0,0,0,0,0,0,0,0,0,0
260165,1,1,1998,0,0,0,0,0,0,0,0,0,0
260166,1,1,1998,0,0,0,0,0,0,0,0,0,0
260166,2,1,1998,0,0,0,0,0,0,0,0,0,0
260167,1,1,1998,20,20,20,20,20,20,20,20,20,20
260168,1,1,1998,0,0,0,0,0,0,0,0,0,0
260168,2,1,1998,0,0,0,0,0,0,0,0,0,0
260169,0,1,1998,0,0,0,0,0,0,0,0,0,0
260169,1,1,1998,0,0,0,0,0,0,0,0,0,0
260170,1,1,1998,0,0,0,0,0,0,0,0,0,0
260170,2,1,1998,0,0,0,0,0,0,0,0,0,0
260171,1,1,1998,0,0,0,0,8,0,0,0,0,0
260171,2,1,1998,0,0,0,0,0,0,0,0,0,0
260172,1,1,1998,17,17,17,17,17,17,17,17,17,17
260173,1,1,1998,13,13,13,13,13,13,13,13,13,13
260174,1,1,1998,0,0,0,0,0,0,0,0,0,0
260174,2,1,1998,0,0,0,0,0,0,0,0,0,0
260175,0,1,1998,0,0,0,0,0,0,19,0,0,0
260175,1,1,1998,0,0,0,0,0,0,0,0,0,0
260176,1,1,1998,0,0,0,0,0,0,0,0,0,0
260176,2,1,1998,0,0,0,0,0,0,0,0,0,0
260177,1,1,1998,0,0,0,0,0,0,0,0,0,0
260178,1,1,1998,0,0,0,0,0,0,0,0,0,0
260178,2,1,1998,0,0,0,0,0,0,0,0,0,0
260179,1,1,1998,23,23,23,23,23,23,23,23,23,23
260180,1,1,1998,24,24,24,24,24,24,24,24,24,24
260181,1,1,1998,9,14,14,11,16,21,0,15,10,12
260182,1,1,1998,0,0,0,0,0,0,0,0,0,0
260182,2,1,1998,0,0,0,0,0,0,0,0,0,0
260183,1,1,1998,0,0,0,0,0,0,0,0,0,0
260184,1,1,1998,25,25,25,25,25,25,25,25,25,25
260185,1,1,1998,0,0,0,0,0,0,0,0,0,0
260185,2,1,1998,0,0,0,0,0,0,0,0,0,0
260185,3,1,1998,0,0,0,0,0,0,0,0,0,0
260186,1,1,1998,0,0,0,0,0,0,0,0,0,0
260187,1,1,1998,12,12,12,12,12,12,12,12,12,12
260188,1,1,1998,26,26,26,26,26,26,26,26,26,26
260188,2,1,1998,0,0,0,0,0,0,0,0,0,0
260189,1,1,1998,0,0,0,0,0,0,0,0,0,0
260190,1,1,1998,18,18,18,18,18,18,18,18,18,18
260190,2,1,1998,0,0,0,0,0,0,0,7,0,0
260191,1,1,1998,0,0,0,0,0,0,0,4,0,0
260191,2,1,1998,0,0,0,0,0,0,0,0,0,0
260192,1,1,1998,16,16,16,16,16,16,16,16,16,16
260193,1,1,1998,18,18,18,18,18,18,18,18,18,18
260194,1,1,1998,0,0,0,0,0,10,0,0,0,0
260194,2,1,1998,0,0,0,0,0,0,0,0,0,0
260195,0,1,1998,0,0,0,0,0,0,0,0,0,0
260195,1,1,1998,0,0,0,0,0,0,0,0,0,0
260196,1,1,1998,0,0,0,0,0,0,0,0,0,0
260196,2,1,1998,0,0,0,0,0,0,0,0,0,0
260197,1,1,1998,0,0,0,0,0,0,0,0,0,0
260198,1,1,1998,0,0,0,0,0,0,0,0,0,0
260198,2,1,1998,0,0,0,12,0,0,0,0,0,0
260198,3,1,1998,0,0,0,0,0,0,0,0,0,0
260199,1,1,1998,0,0,0,0,0,0,0,0,0,0
260200,1,1,1998,30,30,30,30,30,30,30,30,30,30
260201,1,1,1998,0,0,0,0,0,0,6,0,0,0
260201,2,1,1998,0,0,0,0,0,0,0,0,0,0
260202,1,1,1998,20,20,20,20,20,20,20,20,20,20
260203,1,1,1998,0,0,0,0,0,0,0,0,0,0
260203,2,1,1998,0,0,0,0,0,0,0,0,0,0
260204,1,1,1998,13,13,13,13,13,13,13,13,13,13
260205,1,1,1998,0,0,0,0,0,0,0,0,0,0
260205,2,1,1998,0,0,0,0,0,0,0,0,0,0
260206,1,1,1998,0,0,0,0,0,0,0,0,0,0
260207,1,1,1998,35,35,35,35,35,35,35,35,35,35
260208,1,1,1998,0,0,0,0,0,0,0,0,0,0
260208,2,1,1998,0,0,0,0,0,0,0,0,0,0
260209,1,1,1998,19,19,19,19,19,19,19,19,19,19
260210,1,1,1998,0,0,0,0,0,0,0,0,0,0
260210,2,1,1998,0,0,0,0,0,0,0,0,0,0
260210,3,1,1998,0,0,0,0,0,0,0,0,0,0
260211,1,1,1998,0,0,0,0,0,0,0,0,0,0
260212,1,1,1998,0,0,0,0,0,0,0,0,0,0
260213,0,1,1998,0,0,0,0,0,0,0,0,0,0
260213,1,1,1998,0,0,0,0,0,0,0,0,0,0
260214,1,1,1998,0,0,0,0,0,0,0,0,0,0
260214,2,1,1998,0,0,0,0,0,0,0,0,0,0
260215,1,1,1998,29,29,29,29,29,29,29,29,29,29
260216,1,1,1998,26,26,26,26,26,26,26,26,26,26
260217,1,1,1998,0,0,0,0,0,0,0,0,0,0
260218,1,1,1998,3,3,3,3,3,3,3,3,3,3
260219,1,1,1998,17,17,17,17,17,17,17,17,17,17
260220,1,1,1998,25,25,25,25,25,25,25,25,25,25
260220,2,1,1998,0,0,0,0,0,0,0,0,0,0
260221,0,1,1998,7,7,7,7,7,7,7,7,7,7
260221,0,2,1998,21,25,28,0,12,10,0,31,0,0
260221,1,1,1998,0,0,0,0,0,0,0,0,0,0
260222,1,1,1998,0,0,0,0,0,0,0,0,0,0
260222,2,1,1998,0,0,0,0,0,0,0,0,0,0
260223,1,1,1998,0,0,0,0,0,0,0,0,0,0
260223,2,1,1998,0,28,16,0,21,0,0,0,0,14
260224,1,1,1998,21,21,21,21,21,21,21,21,21,21
260224,2,1,1998,0,0,0,0,0,0,0,0,0,0
260225,1,1,1998,0,0,0,0,0,0,0,0,0,0
260226,0,1,1998,0,0,0,0,0,0,0,0,0,0
260226,1,1,1998,0,0,0,0,0,0,0,0,0,0
260227,0,1,1998,0,0,0,0,0,0,0,0,0,0
260227,1,1,1998,0,0,0,0,0,0,0,0,0,0
260228,1,1,1998,17,17,17,17,17,17,17,17,17,17
260229,1,1,1998,29,29,29,29,29,29,29,29,29,29
260229,2,1,1998,21,15,8,17,9,13,18,17,17,7
260230,1,1,1998,0,0,0,0,0,0,0,0,0,0
260230,2,1,1998,0,0,0,0,0,0,0,0,0,0
260230,3,1,1998,0,0,0,0,0,0,0,0,0,0
260231,1,1,1998,9,9,9,9,9,9,9,9,9,9
260232,1,1,1998,0,0,0,0,0,0,0,0,0,0
260232,2,1,1998,0,0,0,0,0,0,0,0,0,0
260233,1,1,1998,0,0,0,0,0,0,0,0,0,0
260234,0,1,1998,0,0,0,0,0,0,0,0,0,0
260234,1,1,1998,14,10,24,18,8,20,24,14,13,15
260235,1,1,1998,0,0,0,0,0,0,0,0,0,0
260236,1,1,1998,0,0,21,19,22,0,0,5,0,8
260236,2,1,1998,0,9,0,9,0,10,0,14,0,10
260237,1,1,1998,0,0,0,0,0,0,0,0,0,0
260238,1,1,1998,0,0,0,11,0,0,0,0,0,7
260238,2,1,1998,0,0,0,0,0,0,0,0,0,0
260239,0,1,1998,0,0,0,0,0,0,0,0,0,0
260239,1,1,1998,0,0,0,0,0,0,0,0,0,0
260240,1,1,1998,28,28,28,28,28,28,28,28,28,28
260241,1,1,1998,0,0,0,0,0,0,0,0,0,0
260241,2,1,1998,0,0,0,0,0,0,0,0,0,0
260241,3,1,1998,0,0,0,0,0,0,0,10,0,0
260242,1,1,1998,0,5,0,0,7,0,26,0,0,0
260242,2,1,1998,0,0,0,0,0,0,8,0,0,0
260243,1,1,1998,0,0,0,0,0,0,0,0,0,0
260243,2,1,1998,0,0,0,10,0,0,0,0,0,0
260244,1,1,1998,0,0,0,0,0,0,0,0,0,0
260244,2,1,1998,0,0,0,0,0,0,0,0,0,0
260245,1,1,1998,24,24,24,24,24,24,24,24,24,24
260246,1,1,1998,0,0,0,0,0,0,0,0,0,0
260247,1,1,1998,0,0,0,0,0,0,0,0,0,0
260248,1,1,1998,14,10,3,0,12,3,24,2,23,13
260248,2,1,1998,0,0,0,0,0,0,0,0,0,0
260249,1,1,1998,0,0,0,0,0,0,0,0,0,0
260249,2,1,1998,0,0,0,0,0,0,0,0,0,0
260250,1,1,1998,0,0,0,0,0,0,0,0,0,0
260250,2,1,1998,0,0,0,0,0,0,0,0,0,0
260251,1,1,1998,0,0,0,0,0,0,0,0,0,0
260251,2,1,1998,1,1,1,1,1,1,1,1,1,1
260251,3,1,1998,0,0,0,0,0,0,0,0,0,0
260252,1,1,1998,6,6,6,6,6,6,6,6,6,6
260253,0,1,1998,0,0,0,0,0,0,0,0,0,0
260253,1,1,1998,0,0,0,0,0,0,0,0,0,0
260254,1,1,1998,0,0,0,0,0,0,0,0,0,0
260254,2,1,1998,0,12,0,0,0,0,0,0,0,0
260255,0,1,1998,0,0,0,0,0,0,0,0,0,0
260255,1,1,1998,8,8,8,8,8,8,8,8,8,8
260256,1,1,1998,11,11,11,11,11,11,11,11,11,11
260257,1,1,1998,40,40,40,40,40,40,40,40,40,40
260258,1,1,1998,0,0,0,0,0,0,0,0,0,0
260259,1,1,1998,0,0,0,0,0,0,0,0,0,0
260259,2,1,1998,0,0,0,0,0,0,0,0,0,0
260259,3,1,1998,0,0,0,0,0,0,0,0,0,0
260259,4,1,1998,0,0,0,0,0,0,0,0,0,0
260260,1,1,1998,0,0,0,0,0,0,0,0,0,0
260260,2,1,1998,0,0,0,0,0,0,0,0,0,0
260261,1,1,1998,0,0,0,0,0,0,0,0,0,0
260261,2,1,1998,0,0,0,0,0,0,0,0,0,0
260262,1,1,1998,0,0,0,0,0,0,0,0,0,0
260262,2,1,1998,0,0,0,0,0,0,0,0,0,0
260263,1,1,1998,0,0,0,0,0,0,0,0,0,0
260263,2,1,1998,5,5,5,5,5,5,5,5,5,5
260264,1,1,1998,11,11,11,11,11,11,11,11,11,11
260264,2,1,1998,0,0,0,0,0,0,0,0,0,0
260265,1,1,1998,23,23,23,23,23,23,23,23,23,23
260266,1,1,1998,0,0,0,0,11,0,0,0,0,0
260267,1,1,1998,21,21,21,21,21,21,21,21,21,21
260268,1,1,1998,17,17,17,17,17,17,17,17,17,17
260268,2,1,1998,21,21,21,21,21,21,21,21,21,21
260269,1,1,1998,9,9,9,9,9,9,9,9,9,9
260270,1,1,1998,22,22,22,22,22,22,22,22,22,22
260271,1,1,1998,14,14,14,14,14,14,14,14,14,14
260272,1,1,1998,17,17,17,17,17,17,17,17,17,17
260272,2,1,1998,0,0,0,0,0,0,0,0,0,0
260272,3,1,1998,0,0,0,0,0,0,0,0,0,0
260273,0,1,1998,0,0,0,0,0,0,0,0,0,0
260273,1,1,1998,0,0,0,0,0,0,0,2,0,0
260274,1,1,1998,9,9,9,9,9,9,9,9,9,9
260275,0,1,1998,0,0,0,0,0,0,0,0,0,13
260275,1,1,1998,0,0,0,0,0,0,0,0,0,0
260276,1,1,1998,21,21,21,21,21,21,21,21,21,21
260277,0,1,1998,0,0,0,0,0,0,0,0,0,0
260277,1,1,1998,21,0,0,0,0,0,0,0,0,0
260278,1,1,1998,0,0,0,0,0,0,0,0,0,0
260279,1,1,1998,24,10,13,18,11,30,25,28,25,15
260280,0,1,1998,0,0,0,0,0,0,0,0,0,0
260280,1,1,1998,0,0,0,0,0,0,0,0,0,0
260281,1,1,1998,20,20,20,20,20,20,20,20,20,20
260282,1,1,1998,22,22,22,22,22,22,22,22,22,22
260283,1,1,1998,16,16,16,16,16,16,16,16,16,16
260284,0,1,1998,0,0,0,0,0,0,0,0,0,0
260284,1,1,1998,0,0,0,0,0,0,0,0,0,0
260285,1,1,1998,13,13,13,13,13,13,13,13,13,13
260286,1,1,1998,21,21,21,21,21,21,21,21,21,21
260287,0,1,1998,27,27,27,27,27,27,27,27,27,27
260287,1,1,1998,18,41,0,0,4,14,0,0,10,0
260288,1,1,1998,15,15,15,15,15,15,15,15,15,15
260289,1,1,1998,0,0,0,0,0,0,0,0,0,0
260289,2,1,1998,1,1,1,1,1,1,1,1,1,1
260290,1,1,1998,0,0,0,0,0,0,0,0,0,0
260290,2,1,1998,10,14,0,0,0,0,5,0,0,0
260291,1,1,1998,0,0,0,0,0,0,0,0,0,0
260291,2,1,1998,0,0,0,0,0,0,0,0,0,0
260291,3,1,1998,0,0,0,0,0,0,0,0,0,0
260292,1,1,1998,0,0,0,0,0,0,0,0,0,0
260292,2,1,1998,0,0,0,0,0,0,0,0,0,0
260293,0,1,1998,0,0,0,0,0,0,0,0,0,0
260293,1,1,1998,0,0,0,0,0,0,0,0,0,0
260294,1,1,1998,26,20,35,21,15,32,0,14,14,13
260295,1,1,1998,32,32,32,32,32,32,32,32,32,32
260296,1,1,1998,1,1,1,1,1,1,1,1,1,1
260296,2,1,1998,0,0,0,0,0,0,0,0,0,0
260297,1,1,1998,0,0,0,0,0,0,0,0,0,0
260298,1,1,1998,0,0,0,0,0,0,0,0,0,0
260298,2,1,1998,0,0,0,0,0,0,0,0,0,0
260299,0,1,1998,0,0,0,0,0,0,0,0,0,0
260299,1,1,1998,0,0,0,0,0,0,0,0,0,0
260300,1,1,1998,0,0,0,0,0,0,0,0,0,0
260300,2,1,1998,0,0,0,0,0,0,0,0,0,0
260301,1,1,1998,26,26,26,26,26,26,26,26,26,26
260302,1,1,1998,0,0,0,0,0,0,0,0,0,0
260302,2,1,1998,0,0,0,0,0,0,0,0,0,0
260303,1,1,1998,0,0,0,3,0,0,0,0,0,0
260303,2,1,1998,0,0,0,0,0,0,0,0,0,0
260304,1,1,1998,12,12,12,12,12,12,12,12,12,12
260305,1,1,1998,28,28,28,28,28,28,28,28,28,28
260306,1,1,1998,0,0,0,0,0,0,0,0,0,0
260306,2,1,1998,0,0,0,0,0,0,0,0,0,0
260307,1,1,1998,0,0,0,0,0,0,0,0,0,0
260307,2,1,1998,0,0,0,0,0,0,0,0,0,0
260308,1,1,1998,15,15,15,15,15,15,15,15,15,15
260308,2,1,1998,0,0,0,0,0,0,0,0,0,0
260309,1,1,1998,0,0,0,0,0,0,0,0,0,0
260309,2,1,1998,0,0,0,0,0,0,0,0,0,0
260310,0,1,1998,22,22,22,22,22,22,22,22,22,22
260310,1,1,1998,0,0,0,0,0,0,0,0,0,0
260311,1,1,1998,5,5,5,5,5,5,5,5,5,5
260312,1,1,1998,0,0,0,0,0,0,0,16,0,0
260312,2,1,1998,0,0,0,0,0,0,0,0,0,0
260313,1,1,1998,0,0,0,0,0,0,0,0,0,0
260313,2,1,1998,0,0,0,0,0,0,0,0,0,0
260314,0,1,1998,0,0,0,0,0,0,0,0,0,0
260314,1,1,1998,0,0,0,0,0,0,0,0,0,0
260315,1,1,1998,19,19,19,19,19,19,19,19,19,19
260316,0,1,1998,0,0,0,0,0,0,0,0,0,0
260316,1,1,1998,0,0,0,0,0,0,0,0,0,0
260317,0,1,1998,39,39,39,39,39,39,39,39,39,39
260317,1,1,1998,0,0,21,0,0,0,0,16,0,9
260318,1,1,1998,0,0,0,0,0,0,0,0,0,0
260318,2,1,1998,0,0,0,0,0,0,0,0,0,0
260319,1,1,1998,0,0,0,0,0,0,0,0,0,0
260320,1,1,1998,0,0,0,0,0,0,0,0,0,0
260320,2,1,1998,0,0,0,0,0,0,0,0,0,0
260321,1,1,1998,13,13,13,13,13,13,13,13,13,13
260322,1,1,1998,15,15,15,15,15,15,15,15,15,15
260322,2,1,1998,8,8,8,8,8,8,8,8,8,8
260323,1,1,1998,0,0,0,0,0,0,0,0,0,0
260323,2,1,1998,0,0,0,0,0,0,0,0,0,0
260324,1,1,1998,0,0,0,0,0,0,0,0,0,0
260324,2,1,1998,0,0,0,0,0,0,0,0,0,0
260325,1,1,1998,0,0,0,0,0,0,0,0,0,0
260325,2,1,1998,0,0,0,0,0,0,0,0,0,0
260326,1,1,1998,0,0,0,0,0,0,0,0,0,0
260326,2,1,1998,0,0,0,0,0,0,0,0,0,0
260327,1,1,1998,32,32,32,32,32,32,32,32,32,32
260328,1,1,1998,0,0,0,0,0,0,0,0,0,0
260328,2,1,1998,0,0,0,0,0,0,0,0,0,0
260329,1,1,1998,11,11,11,11,11,11,11,11,11,11
260330,1,1,1998,0,0,0,0,0,0,0,0,0,0
260330,2,1,1998,0,0,0,0,0,0,0,0,0,0
260331,1,1,1998,0,0,0,0,0,0,0,0,0,0
260331,2,1,1998,0,0,0,0,0,0,0,0,0,0
260332,1,1,1998,24,24,24,24,24,24,24,24,24,24
260333,0,1,1998,0,0,0,0,0,0,0,0,0,0
260333,0,2,1998,0,0,0,0,0,0,0,0,0,0
260333,1,1,1998,5,5,5,5,5,5,5,5,5,5
260334,1,1,1998,7,0,0,0,0,0,0,0,0,0
260334,2,1,1998,0,0,0,0,0,0,0,0,0,0
260335,1,1,1998,0,0,0,0,0,0,0,0,0,0
260335,2,1,1998,0,0,0,0,0,0,0,0,0,0
260335,3,1,1998,0,0,0,0,0,0,0,0,0,0
260336,1,1,1998,0,0,0,0,0,0,0,0,0,0
260336,2,1,1998,0,0,0,0,0,0,0,0,0,0
260337,1,1,1998,15,33,27,23,23,16,6,13,15,19
260338,0,1,1998,0,0,0,0,0,0,0,0,0,0
260338,1,1,1998,0,0,0,0,0,0,0,0,0,0
260339,1,1,1998,0,0,0,0,0,0,0,0,0,0
260339,2,1,1998,0,0,0,0,0,0,0,0,0,0
260339,3,1,1998,0,0,0,0,0,0,0,0,0,0
260340,1,1,1998,0,0,0,0,0,0,0,0,0,0
260340,2,1,1998,0,0,0,0,0,0,0,0,0,0
260341,1,1,1998,0,0,0,0,0,0,0,0,0,0
260341,2,1,1998,0,0,0,0,0,0,0,0,0,0
260342,0,1,1998,0,0,0,0,0,0,0,0,0,0
260342,1,1,1998,0,0,0,0,0,0,0,0,0,0
260343,1,1,1998,0,0,0,0,0,0,0,0,0,0
260343,2,1,1998,0,0,0,0,0,0,0,0,0,0
260344,1,1,1998,18,18,18,18,18,18,18,18,18,18
260345,0,1,1998,38,38,38,38,38,38,38,38,38,38
260345,1,1,1998,0,0,0,0,0,0,0,0,4,0
260346,0,1,1998,26,26,26,26,26,26,26,26,26,26
260346,1,1,1998,0,0,0,0,0,0,0,0,0,0
260347,0,1,1998,10,10,10,10,10,10,10,10,10,10
260347,1,1,1998,17,17,17,17,17,17,17,17,17,17
260348,1,1,1998,24,24,24,24,24,24,24,24,24,24
260349,0,1,1998,0,0,0,0,0,0,0,0,0,0
260349,1,1,1998,0,0,0,0,0,0,0,0,0,0
260350,0,1,1998,0,0,0,0,0,0,0,0,0,0
260350,1,1,1998,0,0,0,0,0,0,0,0,0,0
260351,1,1,1998,22,22,22,22,22,22,22,22,22,22
260352,0,1,1998,14,14,14,14,14,14,14,14,14,14
260352,1,1,1998,0,0,0,0,0,0,0,0,0,0
260353,1,1,1998,0,0,0,0,0,0,0,0,0,0
260353,2,1,1998,0,0,0,0,0,0,0,0,0,0
260354,1,1,1998,0,0,0,0,0,0,0,0,0,0
260354,2,1,1998,0,0,0,0,0,0,0,0,0,0
260355,1,1,1998,15,15,15,15,15,15,15,15,15,15
260356,0,1,1998,0,0,0,0,0,0,0,0,0,0
260356,1,1,1998,13,13,13,13,13,13,13,13,13,13
260357,1,1,1998,0,0,0,0,0,0,0,0,0,0
260357,2,1,1998,0,0,0,0,0,0,0,0,0,0
260358,0,1,1998,0,0,0,0,0,0,0,0,0,0
260358,1,1,1998,0,0,0,0,0,0,0,0,0,0
260359,1,1,1998,0,0,0,0,0,0,0,0,0,0
260360,1,1,1998,0,0,0,0,0,0,0,0,0,0
260360,2,1,1998,0,0,0,0,0,0,0,0,0,0
260361,0,1,1998,0,0,0,0,0,0,0,0,0,0
260361,1,1,1998,0,0,0,0,0,0,0,0,0,0
260362,1,1,1998,0,0,0,0,0,20,0,10,0,0
260363,1,1,1998,0,0,0,0,0,0,0,0,0,0
260363,2,1,1998,0,0,0,7,0,0,0,0,0,0
260364,1,1,1998,0,0,0,0,0,0,0,0,0,0
260365,1,1,1998,0,0,0,0,0,0,0,0,0,0
260365,2,1,1998,0,0,0,0,0,0,0,0,0,0
260365,3,1,1998,0,0,0,0,0,0,0,0,0,0
260366,1,1,1998,25,25,25,25,25,25,25,25,25,25
260366,2,1,1998,0,0,0,0,0,0,0,0,0,0
260367,1,1,1998,21,21,21,21,21,21,21,21,21,21
260368,1,1,1998,0,0,17,0,0,0,0,0,0,0
260368,2,1,1998,0,0,0,0,0,0,0,0,0,0
260368,3,1,1998,7,0,0,0,0,0,0,0,0,0
260368,4,1,1998,0,0,0,0,0,0,0,0,0,0
260369,1,1,1998,0,0,0,0,0,0,0,0,0,0
260369,2,1,1998,0,0,0,0,0,0,0,0,0,0
260370,1,1,1998,0,0,3,0,0,19,0,0,0,0
260370,2,1,1998,0,0,0,0,0,0,0,0,0,0
260371,1,1,1998,19,19,19,19,19,19,19,19,19,19
260372,1,1,1998,24,24,24,24,24,24,24,24,24,24
260372,2,1,1998,0,0,0,0,0,0,0,0,0,8
260372,3,1,1998,0,0,0,0,0,0,0,0,0,0
260373,1,1,1998,0,0,0,0,0,0,0,0,0,0
260374,1,1,1998,0,0,0,0,0,0,0,0,0,0
260374,2,1,1998,0,0,0,0,0,0,0,0,0,0
260375,1,1,1998,23,27,7,14,8,20,4,27,14,0
260375,2,1,1998,0,0,0,0,0,0,0,0,0,0
260376,0,1,1998,0,0,0,0,0,0,0,0,0,0
260376,1,1,1998,0,0,0,0,0,0,32,0,0,0
260377,1,1,1998,0,0,0,0,0,0,0,0,0,0
260377,2,1,1998,0,0,19,8,0,2,0,0,0,0
260378,1,1,1998,0,0,0,0,0,0,0,0,0,0
260378,2,1,1998,0,0,0,0,0,0,0,0,0,0
260379,1,1,1998,14,14,14,14,14,14,14,14,14,14
260379,2,1,1998,0,0,0,0,0,0,0,0,0,0
260379,3,1,1998,0,22,0,0,0,0,10,0,0,0
260380,0,1,1998,0,0,0,0,0,0,0,0,0,0
260380,0,2,1998,0,25,14,0,0,0,0,0,0,26
260380,1,1,1998,0,0,0,0,0,0,0,0,0,0
260381,1,1,1998,0,0,0,0,0,0,0,0,0,0
260381,2,1,1998,0,0,0,0,0,0,0,0,0,0
260382,1,1,1998,0,0,0,0,0,0,0,0,0,0
260382,2,1,1998,10,0,0,0,0,0,0,0,0,0
260382,3,1,1998,0,0,0,0,0,0,0,0,0,0
260383,1,1,1998,0,0,0,0,0,0,0,0,0,0
260383,2,1,1998,0,0,0,0,0,0,0,0,0,0
260383,3,1,1998,0,0,6,0,0,0,0,0,0,0
260384,1,1,1998,0,0,0,0,0,0,0,0,0,0
260384,2,1,1998,9,9,9,9,9,9,9,9,9,9
260385,1,1,1998,20,20,20,20,20,20,20,20,20,20
260386,1,1,1998,0,0,0,0,0,0,0,0,0,0
260387,1,1,1998,0,0,0,0,0,0,0,0,0,0
260387,2,1,1998,0,0,0,0,0,0,0,0,0,0
260388,1,1,1998,0,0,0,0,0,0,0,0,0,0
260388,2,1,1998,0,0,0,0,0,0,0,0,0,0
260389,1,1,1998,0,0,0,0,0,0,0,0,0,0
260390,1,1,1998,0,0,0,0,0,0,0,0,0,0
260390,2,1,1998,0,0,0,0,0,0,0,0,0,0
260391,0,1,1998,0,0,0,0,0,0,0,0,0,0
260391,1,1,1998,0,0,0,0,0,0,0,0,0,0
260391,2,1,1998,0,0,22,0,0,0,8,12,0,0
260392,1,1,1998,0,12,0,0,0,0,0,0,0,0
260392,2,1,1998,0,11,0,0,18,9,0,0,2,12
260393,1,1,1998,13,13,13,13,13,13,13,13,13,13
260393,2,1,1998,9,9,9,9,9,9,9,9,9,9
260394,1,1,1998,11,18,20,14,10,11,18,17,29,19
260394,2,1,1998,0,0,0,0,0,0,0,0,0,0
260395,1,1,1998,0,0,0,0,0,0,0,0,0,0
260395,2,1,1998,0,0,0,0,0,0,0,0,0,0
260395,3,1,1998,0,0,0,0,0,0,0,0,0,0
260395,4,1,1998,0,0,8,0,0,0,0,0,6,7
260396,1,1,1998,0,0,0,0,0,0,0,0,0,0
260396,2,1,1998,47,47,47,47,47,47,47,47,47,47
260397,0,1,1998,0,0,0,0,0,0,0,0,0,0
260397,1,1,1998,0,0,0,0,0,0,0,0,0,0
260398,1,1,1998,13,0,17,0,0,0,0,0,0,16
260398,2,1,1998,0,0,0,0,0,0,0,0,0,12
260399,0,1,1998,0,0,0,0,0,0,0,0,0,0
260399,1,1,1998,0,0,0,0,0,0,0,0,0,0
260400,1,1,1998,0,0,0,0,0,0,0,0,0,0
260400,2,1,1998,0,0,0,0,0,0,0,0,0,0
260401,0,1,1998,21,21,21,21,21,21,21,21,21,21
260401,1,1,1998,0,0,0,0,0,0,0,0,0,0
260401,2,1,1998,0,14,0,0,0,23,0,11,5,0
260402,1,1,1998,18,18,18,18,18,18,18,18,18,18
260403,1,1,1998,19,19,19,19,19,19,19,19,19,19
260403,2,1,1998,0,0,0,0,0,0,0,0,0,0
260404,1,1,1998,18,18,18,18,18,18,18,18,18,18
260405,1,1,1998,0,0,0,0,0,0,0,0,0,0
260405,2,1,1998,0,0,0,0,0,0,0,0,0,0
260405,3,1,1998,0,0,0,0,0,0,0,0,0,0
260406,1,1,1998,0,0,0,0,0,0,0,0,0,0
260406,2,1,1998,0,0,0,0,0,0,0,0,0,0
260407,1,1,1998,5,5,5,5,5,5,5,5,5,5
260407,2,1,1998,0,0,0,0,0,0,0,0,0,0
260408,1,1,1998,0,0,0,0,0,0,0,0,0,0
260408,2,1,1998,0,0,0,0,0,0,0,0,0,0
260409,1,1,1998,0,0,0,0,0,0,0,0,0,0
260409,2,1,1998,0,0,0,0,0,0,0,0,0,0
260410,1,1,1998,0,0,0,0,0,0,0,0,0,0
260411,1,1,1998,19,15,5,23,19,10,27,17,17,18
260412,1,1,1998,0,0,0,0,0,0,0,0,0,0
260412,2,1,1998,0,0,0,0,0,0,0,0,0,0
260413,0,1,1998,0,0,0,0,0,0,0,0,0,0
260413,1,1,1998,0,0,0,0,0,0,0,0,0,0
260414,1,1,1998,0,0,0,0,0,0,0,0,0,0
260415,0,1,1998,0,0,0,0,0,0,0,0,0,0
260415,1,1,1998,12,12,12,12,12,12,12,12,12,12
260416,0,1,1998,0,0,0,0,0,0,0,0,0,0
260416,0,2,1998,14,13,39,10,20,0,0,7,16,14
260416,1,1,1998,12,12,12,12,12,12,12,12,12,12
260417,1,1,1998,7,7,7,7,7,7,7,7,7,7
260418,1,1,1998,0,0,0,0,0,0,0,0,0,0
260418,2,1,1998,0,0,0,0,0,0,0,0,0,0
260419,0,1,1998,34,34,34,34,34,34,34,34,34,34
260419,1,1,1998,15,15,15,15,15,15,15,15,15,15
260420,0,1,1998,0,0,0,0,0,0,19,0,0,6
260420,1,1,1998,0,0,0,0,0,0,0,0,0,0
260421,1,1,1998,0,0,0,0,0,0,0,0,0,0
260421,2,1,1998,0,0,0,0,0,0,0,0,0,0
260422,1,1,1998,0,0,0,0,0,0,0,0,0,0
260423,1,1,1998,0,0,0,0,0,0,0,0,0,0
260423,2,1,1998,0,0,0,0,0,0,0,0,0,0
260424,1,1,1998,0,0,0,0,0,0,0,0,0,0
260424,2,1,1998,0,0,0,0,0,0,0,0,0,0
260425,1,1,1998,0,0,0,0,0,0,0,0,0,0
260425,2,1,1998,0,0,0,0,0,0,0,0,0,0
260426,1,1,1998,23,23,23,23,23,23,23,23,23,23