ST_CASE,VEH_NO,PER_NO,YEAR,P1,P2,P3,P4,P5,P6,P7,P8,P9,P10
260694,3,1,1998,0,0,0,0,0,0,0,0,0,0
260695,1,1,1998,0,0,0,0,0,0,0,0,0,0
260695,2,1,1998,0,0,0,0,0,0,0,0,0,0
260696,1,1,1998,0,5,0,0,0,0,0,0,0,0
260696,2,1,1998,0,0,0,0,0,0,0,0,0,0
260697,1,1,1998,0,0,0,0,0,0,0,0,0,0
260697,2,1,1998,0,0,0,0,0,0,0,0,0,0
260698,1,1,1998,20,20,20,20,20,20,20,20,20,20
260699,1,1,1998,0,0,0,0,0,0,0,0,0,9
260700,1,1,1998,21,21,21,21,21,21,21,21,21,21
260701,1,1,1998,13,13,13,13,13,13,13,13,13,13
260702,1,1,1998,0,0,0,0,12,0,0,0,0,0
260702,2,1,1998,0,0,0,0,0,0,0,0,0,0
260703,1,1,1998,0,0,0,0,0,0,0,0,0,0
260704,1,1,1998,22,8,3,8,12,16,9,10,0,3
260704,2,1,1998,0,0,0,0,0,0,0,0,0,0
260705,1,1,1998,20,20,20,20,20,20,20,20,20,20
260706,0,1,1998,25,25,25,25,25,25,25,25,25,25
260706,1,1,1998,0,0,0,0,0,0,0,0,0,0
260707,1,1,1998,0,0,0,22,16,0,0,0,0,0
260708,1,1,1998,0,0,0,0,0,0,0,0,0,0
260708,2,1,1998,0,0,0,0,0,0,0,0,0,0
260709,1,1,1998,0,0,0,0,0,0,0,0,0,0
260709,2,1,1998,0,0,0,0,0,0,0,0,0,0
260710,1,1,1998,17,17,17,17,17,17,17,17,17,17
260711,1,1,1998,0,0,0,0,0,0,0,0,0,0
260713,1,1,1998,8,8,8,8,8,8,8,8,8,8
260714,0,1,1998,20,20,20,20,20,20,20,20,20,20
260714,1,1,1998,0,0,0,0,15,0,0,10,0,18
260715,1,1,1998,0,0,0,0,0,0,0,0,0,0
260716,1,1,1998,0,0,0,0,12,0,0,0,0,0
260716,2,1,1998,10,10,10,10,10,10,10,10,10,10
260717,0,1,1998,0,0,0,0,0,0,0,0,0,0
260717,1,1,1998,0,17,0,0,0,0,0,0,0,0
260718,1,1,1998,0,0,0,0,0,0,0,0,0,0
260719,1,1,1998,0,0,0,0,0,0,0,0,0,0
260719,2,1,1998,0,0,0,0,0,7,0,0,0,0
260720,1,1,1998,0,0,0,0,0,0,0,0,0,0
260720,2,1,1998,0,0,0,0,0,0,0,0,0,0
260721,1,1,1998,0,0,0,0,0,0,0,0,0,0
260721,2,1,1998,0,0,0,0,0,0,0,0,0,0
260722,1,1,1998,23,23,23,23,23,23,23,23,23,23
260723,1,1,1998,19,19,19,19,19,19,19,19,19,19
260724,1,1,1998,0,0,0,0,0,0,0,0,0,0
260724,2,1,1998,0,0,0,0,0,0,0,0,0,0
260725,1,1,1998,0,0,0,0,0,0,0,0,0,0
260725,2,1,1998,0,0,0,0,0,0,0,0,0,0
260726,0,1,1998,0,0,0,0,0,0,0,0,0,0
260726,1,1,1998,0,0,0,0,0,0,0,0,0,0
260727,1,1,1998,0,0,0,0,0,0,0,0,0,0
260727,2,1,1998,0,0,0,0,0,0,0,0,0,0
260728,0,1,1998,3,3,3,3,3,3,3,3,3,3
260728,1,1,1998,8,8,8,8,8,8,8,8,8,8
260729,1,1,1998,0,0,0,0,0,0,0,0,0,0
260729,2,1,1998,32,32,32,32,32,32,32,32,32,32
260730,1,1,1998,0,0,0,0,0,0,0,0,0,0
260731,1,1,1998,0,0,0,0,0,0,0,0,0,0
260731,2,1,1998,0,0,0,0,0,0,0,0,9,0
260732,1,1,1998,5,5,5,5,5,5,5,5,5,5
260733,1,1,1998,7,7,7,7,7,7,7,7,7,7
260734,1,1,1998,21,21,21,21,21,21,21,21,21,21
260735,1,1,1998,0,0,0,0,0,0,0,0,0,0
260735,2,1,1998,4,4,4,4,4,4,4,4,4,4
260735,3,1,1998,0,0,0,0,0,0,0,0,0,0
260736,1,1,1998,0,0,0,0,0,0,0,0,0,0
260736,2,1,1998,0,0,0,0,0,0,0,0,0,0
260737,1,1,1998,0,0,0,0,0,0,0,0,0,0
260738,0,1,1998,0,0,48,0,16,9,0,15,0,0
260738,0,2,1998,0,0,0,0,0,0,0,0,0,0
260738,0,3,1998,0,0,0,0,0,0,0,0,0,0
260738,0,4,1998,0,0,0,0,0,0,0,0,0,0
260738,1,1,1998,8,8,8,8,8,8,8,8,8,8
260739,1,1,1998,25,25,25,25,25,25,25,25,25,25
260740,1,1,1998,0,0,0,0,0,0,0,0,0,0
260740,2,1,1998,0,0,0,0,0,0,0,0,0,0
260740,3,1,1998,0,0,0,0,0,0,0,0,0,0
260741,1,1,1998,0,0,0,0,0,0,0,0,0,0
260741,2,1,1998,0,0,0,0,0,0,0,0,0,0
260742,1,1,1998,0,0,0,0,0,0,0,0,0,0
260743,1,1,1998,0,0,0,0,0,0,0,0,0,0
260743,2,1,1998,0,0,0,0,0,0,0,0,0,0
260744,1,1,1998,0,0,0,0,0,0,0,0,0,0
260744,2,1,1998,0,0,0,0,0,0,0,0,0,0
260745,0,1,1998,0,0,0,0,0,0,0,0,0,0
260745,1,1,1998,0,0,0,0,0,0,0,0,0,0
260746,1,1,1998,0,0,0,0,0,0,0,0,0,0
260747,1,1,1998,0,0,0,0,0,0,0,0,0,0
260747,2,1,1998,0,0,0,0,0,0,0,0,0,0
260747,3,1,1998,0,0,0,0,0,0,0,0,0,0
260748,1,1,1998,0,0,0,0,0,0,0,0,0,0
260749,1,1,1998,14,25,28,14,7,26,10,10,18,26
260749,2,1,1998,0,0,0,0,28,0,0,0,0,0
260749,3,1,1998,0,0,0,0,0,0,0,0,0,0
260750,1,1,1998,0,0,0,0,0,0,0,0,0,0
260750,2,1,1998,0,0,0,0,0,14,0,0,0,0
260750,3,1,1998,0,0,0,0,0,4,0,0,0,0
260750,4,1,1998,0,0,0,0,10,0,0,0,0,0
260751,0,1,1998,0,0,0,6,0,0,0,0,0,0
260751,1,1,1998,0,0,0,0,0,0,0,0,0,0
260752,0,1,1998,0,0,0,0,0,0,0,0,0,0
260752,1,1,1998,4,0,0,0,0,0,0,0,0,0
260753,1,1,1998,18,18,18,18,18,18,18,18,18,18
260754,1,1,1998,0,0,0,0,0,0,0,0,0,0
260754,2,1,1998,0,0,0,0,0,0,0,0,0,0
260755,1,1,1998,18,18,18,18,18,18,18,18,18,18
260755,2,1,1998,0,0,0,0,0,0,0,0,0,0
260756,1,1,1998,0,0,0,0,0,0,0,0,0,0
260757,1,1,1998,0,0,0,0,0,0,0,0,0,0
260758,0,1,1998,24,24,24,24,24,24,24,24,24,24
260758,1,1,1998,0,0,0,0,0,0,0,0,0,0
260759,1,1,1998,0,0,0,0,0,0,0,0,0,0
260759,2,1,1998,0,0,0,0,0,0,0,0,0,0
260759,3,1,1998,0,0,0,0,0,0,0,0,0,0
260760,1,1,1998,5,5,5,5,5,5,5,5,5,5
260760,2,1,1998,6,6,6,6,6,6,6,6,6,6
260761,1,1,1998,0,16,0,0,0,10,0,0,0,0
260762,0,1,1998,0,9,0,0,0,0,9,0,0,29
260762,1,1,1998,0,0,0,0,0,0,0,0,0,0
260763,1,1,1998,17,17,17,17,17,17,17,17,17,17
260764,1,1,1998,3,3,3,3,3,3,3,3,3,3
260764,2,1,1998,0,0,0,0,0,0,0,0,0,0
260765,0,1,1998,0,0,0,0,0,0,0,0,0,0
260765,1,1,1998,16,19,24,19,11,12,17,17,14,25
260766,0,1,1998,0,0,0,0,0,0,0,0,0,0
260766,1,1,1998,19,0,14,0,8,15,16,0,24,0
260767,1,1,1998,10,9,0,16,0,0,18,33,0,0
260767,2,1,1998,13,0,0,0,0,0,0,0,0,0
260768,1,1,1998,29,10,11,16,27,16,15,22,9,24
260769,1,1,1998,0,0,0,0,0,0,0,0,0,0
260770,1,1,1998,19,19,19,19,19,19,19,19,19,19
260770,2,1,1998,0,0,0,0,5,0,0,0,0,0
260771,0,1,1998,17,17,17,17,17,17,17,17,17,17
260771,0,2,1998,32,0,32,3,39,18,20,26,14,10
260771,1,1,1998,0,0,0,0,0,0,0,0,0,0
260772,1,1,1998,36,23,23,21,25,17,26,27,17,36
260773,1,1,1998,19,19,19,19,19,19,19,19,19,19
260774,1,1,1998,0,0,0,0,0,0,0,0,0,0
260774,2,1,1998,0,0,0,0,0,0,0,0,0,0
260775,1,1,1998,0,0,0,0,0,0,0,0,0,0
260776,1,1,1998,0,0,0,0,0,0,0,0,0,0
260777,1,1,1998,0,0,0,0,0,0,0,0,0,0
260777,2,1,1998,0,0,0,0,0,0,0,0,0,0
260778,1,1,1998,21,21,21,21,21,21,21,21,21,21
260779,1,1,1998,0,0,0,0,0,0,0,0,0,0
260780,1,1,1998,1,1,1,1,1,1,1,1,1,1
260780,2,1,1998,0,0,0,0,0,0,0,0,0,0
260781,0,1,1998,27,27,27,27,27,27,27,27,27,27
260781,1,1,1998,0,0,0,0,0,0,0,0,0,0
260782,1,1,1998,10,0,21,15,16,0,0,32,18,0
260782,2,1,1998,0,0,15,11,23,0,0,15,0,18
260783,1,1,1998,5,5,5,5,5,5,5,5,5,5
260784,0,1,1998,17,0,0,11,0,0,0,0,0,0
260784,1,1,1998,0,0,0,0,8,0,0,0,0,9
260785,0,1,1998,0,0,0,0,0,0,0,0,0,0
260785,1,1,1998,0,0,0,0,0,0,0,0,0,0
260786,1,1,1998,0,0,0,0,0,0,0,0,0,0
260786,2,1,1998,0,0,0,0,0,0,0,0,0,0
260787,1,1,1998,19,19,19,19,19,19,19,19,19,19
260788,0,1,1998,32,37,14,0,30,15,0,6,14,22
260788,1,1,1998,0,0,0,0,0,0,0,0,0,0
260789,1,1,1998,0,0,0,0,0,0,0,0,0,0
260789,2,1,1998,0,0,0,0,0,0,0,0,0,0
260790,1,1,1998,0,0,0,0,0,0,0,0,0,0
260790,2,1,1998,0,0,0,0,0,0,0,0,0,0
260791,1,1,1998,0,11,0,0,0,0,0,7,0,0
260791,2,1,1998,8,8,8,8,8,8,8,8,8,8
260792,0,1,1998,0,0,0,0,0,0,0,0,0,0
260792,1,1,1998,0,0,0,0,0,0,0,0,0,0
260793,1,1,1998,17,17,17,17,17,17,17,17,17,17
260794,1,1,1998,0,0,0,0,0,0,0,0,0,0
260794,2,1,1998,0,0,0,0,0,0,0,0,0,0
260795,0,1,1998,0,0,0,0,0,0,0,0,0,0
260795,1,1,1998,0,0,0,0,0,0,0,0,0,0
260796,1,1,1998,0,0,0,0,0,0,0,0,0,0
260796,2,1,1998,0,0,0,0,0,0,0,0,0,0
260797,1,1,1998,0,0,0,0,0,30,6,0,0,0
260798,1,1,1998,0,0,0,0,0,0,0,8,0,0
260798,2,1,1998,0,0,0,0,0,0,0,0,0,0
260799,1,1,1998,2,2,2,2,2,2,2,2,2,2
260800,1,1,1998,0,0,0,0,0,0,0,0,0,0
260800,2,1,1998,0,0,0,0,0,0,0,0,0,0
260801,1,1,1998,25,8,29,21,15,16,34,25,23,24
260802,1,1,1998,12,12,12,12,12,12,12,12,12,12
260803,1,1,1998,15,15,15,15,15,15,15,15,15,15
260804,1,1,1998,0,0,0,0,24,0,0,0,0,0
260804,2,1,1998,3,0,0,0,0,0,0,0,0,0
260805,1,1,1998,11,6,15,12,14,19,5,3,34,11
260806,1,1,1998,0,0,0,0,0,0,0,0,0,0
260806,2,1,1998,0,0,0,0,0,0,0,0,0,0
260807,1,1,1998,0,0,0,0,0,0,0,0,0,0
260807,2,1,1998,0,0,0,0,0,0,0,0,0,0
260808,1,1,1998,0,0,0,0,0,0,0,0,0,0
260808,2,1,1998,0,0,0,0,0,0,0,0,0,0
260809,1,1,1998,20,0,0,16,10,29,0,26,0,0
260809,2,1,1998,0,0,0,0,0,0,0,0,0,0
260810,1,1,1998,19,19,19,19,19,19,19,19,19,19
260810,2,1,1998,0,0,0,0,0,0,0,0,0,0
260811,1,1,1998,15,15,15,15,15,15,15,15,15,15
260811,2,1,1998,0,0,0,0,0,0,0,0,0,0
260812,1,1,1998,9,0,14,22,26,16,29,9,10,0
260812,2,1,1998,0,0,0,0,0,0,0,0,0,0
260813,1,1,1998,0,0,0,0,0,0,0,0,15,0
260813,2,1,1998,0,0,0,0,0,0,0,0,0,0
260814,1,1,1998,9,9,9,9,9,9,9,9,9,9
260816,1,1,1998,0,0,0,0,0,0,0,0,0,0
260816,2,1,1998,0,0,0,0,0,0,0,0,0,0
260817,1,1,1998,0,0,0,0,0,0,0,0,0,0
260818,1,1,1998,0,0,0,0,0,0,0,0,0,0
260818,2,1,1998,0,0,0,0,0,0,0,0,0,0
260819,1,1,1998,0,0,0,0,0,0,0,0,0,0
260820,1,1,1998,0,0,0,0,0,0,0,0,0,0
260820,2,1,1998,0,0,0,0,0,0,19,0,0,0
260820,3,1,1998,0,0,0,0,0,0,0,0,0,0
260821,1,1,1998,13,26,18,32,11,23,21,23,18,15
260821,2,1,1998,0,0,0,0,0,0,0,0,0,0
260822,1,1,1998,0,0,0,0,0,0,0,0,0,0
260822,2,1,1998,0,0,0,23,0,0,0,0,0,0
260823,1,1,1998,0,0,0,0,0,0,0,0,0,0
260823,2,1,1998,0,0,0,0,11,0,0,0,0,0
260825,1,1,1998,14,14,14,14,14,14,14,14,14,14
260826,1,1,1998,22,11,0,9,16,0,15,10,14,22
260827,1,1,1998,11,11,11,11,11,11,11,11,11,11
260828,1,1,1998,15,15,15,15,15,15,15,15,15,15
260829,1,1,1998,0,0,0,0,0,0,0,0,0,0
260830,0,1,1998,0,0,0,0,0,0,0,0,0,0
260830,1,1,1998,0,0,0,0,0,0,0,0,0,0
260831,1,1,1998,15,15,15,15,15,15,15,15,15,15
260831,2,1,1998,10,10,10,10,10,10,10,10,10,10
260832,1,1,1998,0,0,0,0,0,0,0,0,0,6
260832,2,1,1998,0,0,0,0,0,0,0,0,0,0
260833,1,1,1998,0,0,0,0,0,0,0,0,0,0
260833,2,1,1998,0,0,0,0,0,0,0,0,0,0
260834,1,1,1998,0,0,0,0,0,0,0,0,0,0
260834,2,1,1998,0,0,0,0,0,0,0,0,0,0
260835,1,1,1998,0,0,0,0,0,0,0,0,0,0
260835,2,1,1998,11,0,0,18,0,0,0,0,0,0
260835,3,1,1998,0,0,0,0,0,0,0,0,0,0
260835,4,1,1998,0,0,9,0,0,0,0,0,0,0
260836,0,1,1998,1,1,1,1,1,1,1,1,1,1
260836,1,1,1998,0,0,0,0,0,0,0,0,0,0
260836,2,1,1998,0,0,0,0,0,0,0,0,0,0
260837,1,1,1998,18,18,18,18,18,18,18,18,18,18
260838,1,1,1998,32,32,32,32,32,32,32,32,32,32
260838,2,1,1998,0,0,0,0,0,0,0,0,0,0
260839,0,1,1998,0,0,0,0,0,0,0,0,0,0
260839,1,1,1998,0,0,0,0,0,0,0,0,0,0
260840,1,1,1998,0,0,0,0,0,0,0,0,0,0
260840,2,1,1998,32,32,32,32,32,32,32,32,32,32
260841,1,1,1998,0,0,0,0,0,0,0,0,0,0
260841,2,1,1998,0,0,0,0,0,0,0,0,0,0
260842,1,1,1998,21,21,21,21,21,21,21,21,21,21
260842,2,1,1998,0,0,0,0,14,0,0,0,0,0
260843,1,1,1998,0,0,0,0,0,0,0,0,0,0
260843,2,1,1998,0,0,0,0,0,0,0,0,0,0
260844,1,1,1998,0,0,0,0,0,0,0,0,0,0
260845,1,1,1998,21,21,21,21,21,21,21,21,21,21
260846,1,1,1998,0,0,0,0,0,0,0,0,0,0
260847,1,1,1998,0,0,0,0,0,0,0,0,0,0
260847,2,1,1998,0,0,0,0,0,0,0,0,0,0
260848,1,1,1998,16,16,16,16,16,16,16,16,16,16
260849,1,1,1998,0,0,0,0,0,0,0,0,0,0
260849,2,1,1998,0,0,0,0,0,0,0,0,0,0
260850,1,1,1998,14,14,14,14,14,14,14,14,14,14
260850,2,1,1998,8,0,0,0,8,0,6,0,0,0
260850,3,1,1998,15,28,13,15,7,5,0,10,15,4
260851,1,1,1998,0,0,0,0,0,0,0,0,0,0
260851,2,1,1998,0,0,0,0,0,0,0,0,0,0
260852,0,1,1998,0,0,0,0,0,0,0,0,0,0
260852,1,1,1998,0,0,0,0,0,0,0,0,0,0
260853,1,1,1998,0,0,0,0,0,0,0,0,0,0
260853,2,1,1998,0,0,0,0,0,0,0,0,0,0
260854,1,1,1998,0,0,0,0,0,0,0,0,0,0
260854,2,1,1998,0,0,0,0,0,0,0,0,0,0
260855,0,1,1998,0,0,0,0,0,0,0,0,0,0
260855,1,1,1998,0,0,0,0,0,0,0,0,0,0
260855,2,1,1998,0,0,0,0,0,0,0,0,0,0
260856,1,1,1998,17,17,17,17,17,17,17,17,17,17
260857,1,1,1998,0,0,14,0,0,0,25,23,0,0
260858,0,1,1998,0,0,0,0,0,0,0,0,0,0
260858,1,1,1998,0,0,0,0,0,0,0,0,0,0
260858,2,1,1998,0,0,0,0,12,0,0,0,0,0
260859,0,1,1998,0,0,0,0,0,0,0,0,0,0
260859,1,1,1998,0,0,0,0,0,0,0,0,0,0
260860,1,1,1998,1,1,1,1,1,1,1,1,1,1
260860,2,1,1998,0,0,0,0,0,0,0,0,0,0
260861,1,1,1998,18,18,18,18,18,18,18,18,18,18
260862,1,1,1998,0,0,0,0,0,0,0,0,0,0
260862,2,1,1998,0,0,0,0,0,0,0,0,0,0
260863,1,1,1998,15,15,15,15,15,15,15,15,15,15
260864,1,1,1998,12,12,12,12,12,12,12,12,12,12
260864,2,1,1998,0,0,0,0,0,0,0,0,0,0
260865,2,1,1998,0,0,0,0,0,0,0,0,0,0
260865,3,1,1998,4,4,4,4,4,4,4,4,4,4
260866,1,1,1998,0,0,0,0,0,0,0,0,0,0
260866,2,1,1998,0,0,0,0,0,0,0,0,0,0
260867,1,1,1998,0,0,0,0,0,0,0,0,0,0
260867,2,1,1998,0,0,0,0,0,0,0,0,0,0
260868,1,1,1998,5,15,13,0,7,20,19,9,11,3
260869,0,1,1998,0,0,0,0,0,0,0,0,0,0
260869,1,1,1998,0,0,0,0,0,0,0,0,0,0
260870,1,1,1998,0,0,0,0,0,0,0,0,0,0
260870,2,1,1998,0,0,0,0,0,0,0,0,0,0
260870,3,1,1998,0,0,0,0,0,0,0,0,0,0
260871,1,1,1998,0,0,0,0,0,0,0,0,0,0
260872,1,1,1998,0,0,0,0,0,0,0,0,0,0
260872,2,1,1998,0,0,0,0,0,0,0,0,0,0
260873,0,1,1998,0,0,0,0,18,0,0,0,0,0
260873,1,1,1998,0,0,0,0,0,0,0,0,0,0
260874,1,1,1998,0,0,0,0,0,0,0,0,0,0
260874,2,1,1998,0,0,0,0,0,0,0,0,0,0
260875,1,1,1998,0,0,0,0,0,0,0,0,0,0
260875,2,1,1998,0,0,0,0,0,0,0,0,0,0
260876,1,1,1998,19,19,19,19,19,19,19,19,19,19
260877,0,1,1998,21,21,21,21,21,21,21,21,21,21
260877,1,1,1998,0,0,0,0,0,0,0,0,0,0
260878,1,1,1998,0,0,0,0,0,0,0,0,0,0
260878,2,1,1998,0,0,0,0,0,0,0,0,0,0
260879,1,1,1998,0,0,0,0,0,0,0,0,0,0
260880,1,1,1998,0,0,0,0,0,0,0,0,0,0
260881,1,1,1998,0,0,0,0,0,0,0,0,0,0
260881,2,1,1998,0,0,0,0,0,0,0,0,0,0
260882,1,1,1998,0,0,0,0,0,0,0,0,0,0
260882,2,1,1998,0,0,0,0,0,0,0,0,0,0
260883,1,1,1998,0,0,0,0,0,0,0,0,0,0
260883,2,1,1998,0,0,0,0,0,0,0,0,0,0
260884,1,1,1998,0,0,0,0,0,0,0,0,0,0
260885,1,1,1998,0,0,0,0,0,0,0,0,0,0
260885,2,1,1998,0,0,0,0,0,0,0,0,0,0
260886,0,1,1998,1,1,1,1,1,1,1,1,1,1
260886,1,1,1998,0,0,0,0,0,0,0,0,0,0
260887,1,1,1998,0,0,0,0,0,0,0,0,0,0
260887,2,1,1998,0,0,0,0,0,0,0,0,0,0
260888,1,1,1998,0,0,0,0,0,0,0,0,0,0
260888,2,1,1998,0,0,0,0,0,0,0,0,0,0
260889,1,1,1998,13,13,13,13,13,13,13,13,13,13
260890,1,1,1998,30,30,30,30,30,30,30,30,30,30
260891,1,1,1998,11,18,10,19,24,26,27,8,39,18
260892,1,1,1998,0,0,0,0,0,0,0,0,0,0
260892,2,1,1998,0,0,0,0,0,0,0,0,0,0
260893,1,1,1998,0,0,0,0,0,0,0,0,0,0
260893,2,1,1998,0,0,0,0,0,0,0,0,0,0
260893,3,1,1998,0,0,0,0,0,0,0,0,0,0
260893,4,1,1998,0,0,0,0,0,0,0,0,0,0
260893,5,1,1998,0,0,0,0,0,0,0,0,0,0
260893,6,1,1998,0,0,0,0,0,0,0,0,0,0
260894,1,1,1998,0,0,0,0,0,0,0,0,0,0
260895,1,1,1998,0,0,0,0,0,0,0,0,0,0
260895,2,1,1998,0,0,0,0,0,0,0,0,0,0
260896,1,1,1998,24,24,24,24,24,24,24,24,24,24
260896,2,1,1998,0,0,0,0,0,0,0,0,0,0
260897,1,1,1998,0,0,0,0,0,0,0,0,0,0
260898,1,1,1998,0,0,0,0,0,0,0,0,0,0
260899,0,1,1998,0,0,0,0,0,0,0,0,0,0
260899,1,1,1998,0,0,0,0,0,0,0,0,0,0
260899,2,1,1998,0,0,0,0,0,0,0,0,0,0
260900,0,1,1998,0,0,0,0,0,0,0,0,0,17
260900,1,1,1998,0,0,0,0,0,0,0,0,0,0
260901,1,1,1998,0,0,0,0,0,0,0,0,0,0
260901,2,1,1998,0,0,0,0,0,0,0,0,0,0
260902,1,1,1998,9,12,5,8,7,16,2,7,12,13
260903,1,1,1998,24,24,24,24,24,24,24,24,24,24
260904,1,1,1998,0,0,0,0,0,0,0,0,0,0
260905,1,1,1998,0,0,0,0,0,0,0,0,0,0
260905,2,1,1998,24,24,24,24,24,24,24,24,24,24
260906,1,1,1998,18,18,18,18,18,18,18,18,18,18
260906,2,1,1998,8,0,0,0,0,7,0,0,0,0
260907,1,1,1998,23,23,23,23,23,23,23,23,23,23
260908,0,1,1998,0,0,0,0,0,0,0,0,0,0
260908,1,1,1998,0,0,0,0,0,0,0,0,0,0
260909,0,1,1998,0,0,0,0,0,0,0,0,0,0
260909,1,1,1998,0,0,0,0,0,0,0,0,0,0
260910,1,1,1998,0,0,0,0,0,0,0,0,0,0
260910,2,1,1998,0,0,0,0,0,0,0,0,0,0
260911,0,1,1998,0,0,0,0,0,0,0,0,0,0
260911,1,1,1998,0,0,0,0,0,0,0,0,0,0
260912,1,1,1998,0,0,0,0,0,0,0,0,0,0
260912,2,1,1998,0,0,0,0,0,0,0,0,0,0
260912,3,1,1998,9,9,9,9,9,9,9,9,9,9
260913,1,1,1998,0,0,0,0,0,0,0,0,0,0
260913,2,1,1998,0,0,0,0,0,0,0,0,0,0
260913,3,1,1998,0,0,0,0,0,0,0,0,0,0
260914,1,1,1998,0,0,0,0,0,0,0,0,0,0
260914,2,1,1998,0,0,0,0,0,0,0,0,0,0
260915,1,1,1998,13,20,34,41,17,17,8,14,27,18
260916,1,1,1998,34,34,34,34,34,34,34,34,34,34
260917,1,1,1998,14,14,14,14,14,14,14,14,14,14
260918,1,1,1998,0,0,0,0,0,0,0,0,0,0
260918,2,1,1998,0,0,0,0,0,0,0,0,0,0
260919,1,1,1998,35,23,26,23,34,14,17,25,21,13
260920,1,1,1998,0,18,2,0,0,0,0,0,0,0
260920,2,1,1998,0,0,0,0,0,0,0,0,0,0
260921,1,1,1998,0,0,0,0,0,0,0,0,0,0
260921,2,1,1998,0,0,0,0,0,0,0,0,0,0
260922,1,1,1998,0,0,0,0,0,0,0,0,0,0
260922,2,1,1998,0,20,0,0,0,0,12,0,8,0
260923,1,1,1998,0,0,0,0,0,0,0,0,0,0
260923,2,1,1998,0,0,0,0,0,0,0,0,0,0
260924,0,1,1998,0,0,0,0,0,0,0,0,0,0
260924,1,1,1998,0,0,0,0,0,0,0,0,0,0
260925,1,1,1998,0,0,0,0,0,0,0,0,22,0
260925,2,1,1998,0,0,0,0,0,0,0,0,0,0
260926,1,1,1998,0,0,0,0,0,0,0,0,0,0
260926,2,1,1998,0,0,0,0,0,0,0,0,0,0
260927,1,1,1998,0,0,0,0,0,0,0,0,0,0
260928,1,1,1998,0,0,0,0,0,0,0,0,0,0
260928,2,1,1998,0,0,0,0,0,0,0,0,0,0
260929,0,1,1998,22,20,21,17,26,13,41,22,14,9
260929,1,1,1998,17,0,17,0,0,0,0,0,0,0
260930,0,1,1998,0,0,0,0,0,0,0,0,0,0
260930,1,1,1998,0,0,0,0,0,0,0,0,11,6
260931,1,1,1998,0,0,0,0,0,0,0,0,0,0
260932,0,1,1998,0,0,0,0,9,0,0,0,0,8
260932,1,1,1998,0,0,0,0,0,0,0,0,0,0
260933,1,1,1998,0,0,0,0,0,0,0,0,0,0
260933,2,1,1998,0,0,0,0,0,0,0,0,0,0
260934,1,1,1998,22,22,22,22,22,22,22,22,22,22
260934,2,1,1998,0,0,0,0,0,0,0,0,0,0
260935,1,1,1998,16,16,16,16,16,16,16,16,16,16
260936,1,1,1998,0,0,0,0,0,0,0,0,0,0
260936,2,1,1998,0,0,0,0,0,0,0,0,0,0
260938,1,1,1998,25,20,14,29,32,9,21,21,16,8
260939,1,1,1998,0,0,0,0,0,0,0,0,0,0
260940,1,1,1998,0,0,0,0,0,0,0,0,0,0
260941,1,1,1998,0,0,0,0,0,0,0,0,0,0
260941,2,1,1998,0,0,0,0,0,0,0,0,0,0
260942,1,1,1998,0,0,0,0,0,0,0,0,0,0
260942,2,1,1998,0,0,0,0,0,0,0,0,0,0
260943,1,1,1998,0,0,0,0,0,0,0,0,0,0
260943,2,1,1998,0,0,0,0,0,0,0,0,0,0
260943,3,1,1998,0,0,0,0,0,0,0,0,0,0
260943,4,1,1998,0,0,0,0,0,0,0,0,0,0
260943,5,1,1998,0,0,0,0,0,0,0,0,0,0
260944,1,1,1998,2,2,2,2,2,2,2,2,2,2
260944,2,1,1998,0,0,0,0,0,0,0,0,0,0
260945,1,1,1998,0,0,0,0,0,0,0,0,0,0
260945,2,1,1998,0,0,0,0,0,0,0,0,0,0
260946,1,1,1998,18,18,18,18,18,18,18,18,18,18
260946,2,1,1998,0,0,0,0,0,0,0,0,0,0
260946,3,1,1998,0,0,0,0,0,0,0,0,0,0
260947,1,1,1998,0,0,12,0,0,0,0,0,0,0
260947,2,1,1998,0,0,0,0,0,0,0,0,0,0
260948,1,1,1998,0,0,0,0,0,0,0,0,0,0
260948,2,1,1998,0,0,0,20,0,0,19,0,0,28
260949,1,1,1998,0,0,0,0,0,0,0,0,0,0
260949,2,1,1998,8,8,8,8,8,8,8,8,8,8
260950,1,1,1998,6,6,6,6,6,6,6,6,6,6
260950,2,1,1998,10,0,0,0,0,0,0,0,0,0
260951,0,1,1998,0,0,0,0,0,0,0,0,0,0
260951,1,1,1998,0,0,0,0,0,0,0,0,0,0
260952,0,1,1998,0,0,0,0,0,0,0,0,0,0
260952,0,2,1998,12,3,0,8,19,22,12,0,21,12
260952,1,1,1998,9,2,7,0,0,4,13,0,11,8
260953,1,1,1998,16,16,16,16,16,16,16,16,16,16
260954,1,1,1998,0,0,0,0,0,0,0,0,0,0
260954,2,1,1998,0,0,0,0,0,0,0,0,0,0
260955,1,1,1998,0,0,0,0,0,0,0,0,0,0
260955,2,1,1998,0,0,0,0,0,0,0,0,0,0
260956,0,1,1998,0,0,0,0,0,0,0,0,0,0
260956,1,1,1998,0,0,0,0,0,0,0,0,0,0
260957,0,1,1998,0,0,5,0,9,9,9,0,12,0
260957,1,1,1998,0,0,0,0,0,0,0,0,0,0
260958,0,1,1998,0,0,15,0,0,0,0,10,0,10
260958,1,1,1998,0,0,0,0,0,0,0,0,0,0
260959,1,1,1998,1,1,1,1,1,1,1,1,1,1
260959,2,1,1998,0,0,0,0,0,0,0,0,0,0
260960,1,1,1998,25,25,25,25,25,25,25,25,25,25