ST_CASE,VEH_NO,PER_NO,YEAR,P1,P2,P3,P4,P5,P6,P7,P8,P9,P10
260960,2,1,1998,0,0,0,0,0,0,0,0,0,0
260961,1,1,1998,4,4,4,4,4,4,4,4,4,4
260962,1,1,1998,0,0,0,0,0,0,0,0,0,0
260962,2,1,1998,0,0,0,0,0,0,0,0,0,0
260963,1,1,1998,7,0,0,11,0,0,0,0,0,0
260964,1,1,1998,17,17,17,17,17,17,17,17,17,17
260965,0,1,1998,16,16,16,16,16,16,16,16,16,16
260965,1,1,1998,0,0,0,0,0,0,0,0,0,0
260966,1,1,1998,0,0,0,0,0,0,0,0,0,0
260966,2,1,1998,0,0,0,0,0,0,0,0,0,0
260967,1,1,1998,17,17,17,17,17,17,17,17,17,17
260968,1,1,1998,0,0,0,0,0,0,0,0,0,0
260969,1,1,1998,0,0,0,0,0,0,0,0,0,0
260969,2,1,1998,0,0,0,0,0,0,0,0,0,0
260970,1,1,1998,0,0,0,0,0,0,0,0,0,0
260970,2,1,1998,0,0,0,0,0,0,0,0,0,0
260971,0,1,1998,0,0,0,0,0,0,0,0,0,0
260971,1,1,1998,0,0,0,0,13,0,0,0,0,0
260972,1,1,1998,27,27,27,27,27,27,27,27,27,27
260973,1,1,1998,0,0,0,0,0,0,0,0,0,0
260974,1,1,1998,0,0,0,0,0,0,0,0,0,0
260974,2,1,1998,0,0,0,0,0,0,0,0,0,0
260975,1,1,1998,22,22,22,22,22,22,22,22,22,22
260975,2,1,1998,0,0,0,0,0,0,0,0,0,0
260976,0,1,1998,21,21,21,21,21,21,21,21,21,21
260976,1,1,1998,8,8,8,8,8,8,8,8,8,8
260977,1,1,1998,18,4,9,5,12,8,9,13,20,7
260977,2,1,1998,0,8,18,8,17,26,9,3,7,3
260978,1,1,1998,3,3,3,3,3,3,3,3,3,3
260978,2,1,1998,1,1,1,1,1,1,1,1,1,1
260980,0,1,1998,0,0,0,0,0,0,0,0,0,0
260980,1,1,1998,0,0,0,0,0,0,0,0,0,0
260981,1,1,1998,0,0,0,0,0,0,0,0,0,0
260981,2,1,1998,0,0,0,0,22,0,0,0,0,0
260981,3,1,1998,0,0,0,0,0,0,0,0,0,0
260982,1,1,1998,14,14,14,14,14,14,14,14,14,14
260982,2,1,1998,0,0,0,0,0,0,0,0,0,0
260983,1,1,1998,0,0,14,0,0,14,4,0,0,13
260983,2,1,1998,0,0,0,0,0,0,0,0,0,0
260984,1,1,1998,0,0,0,0,0,0,0,0,0,0
260984,2,1,1998,0,0,0,0,0,0,0,0,0,0
260985,1,1,1998,0,0,0,0,0,0,0,0,0,0
260985,2,1,1998,0,0,0,0,0,0,0,0,0,0
260986,1,1,1998,0,0,0,0,0,0,0,0,0,0
260986,2,1,1998,0,0,0,0,0,0,0,0,0,0
260987,1,1,1998,16,16,16,16,16,16,16,16,16,16
260987,2,1,1998,0,0,0,0,0,0,0,0,0,0
260988,0,1,1998,0,0,0,0,0,0,0,0,0,0
260988,1,1,1998,0,0,0,0,0,0,0,0,0,0
260989,1,1,1998,0,0,0,0,0,0,0,0,0,0
260989,2,1,1998,0,0,0,0,0,0,0,0,0,0
260990,1,1,1998,5,5,5,5,5,5,5,5,5,5
260991,1,1,1998,0,0,0,0,0,0,0,0,0,0
260992,1,1,1998,19,19,19,19,19,19,19,19,19,19
260993,1,1,1998,20,20,20,20,20,20,20,20,20,20
260993,2,1,1998,0,0,0,0,0,0,0,0,0,0
260993,3,1,1998,0,0,0,0,0,0,0,0,0,0
260994,1,1,1998,0,0,0,0,0,0,0,0,0,0
260995,1,1,1998,0,0,0,0,0,0,0,0,0,0
260996,1,1,1998,0,0,0,0,0,0,0,0,0,0
260996,2,1,1998,2,2,2,2,2,2,2,2,2,2
260997,1,1,1998,0,0,0,0,0,16,12,0,0,0
260997,2,1,1998,0,0,17,0,0,0,0,0,0,0
260998,1,1,1998,0,0,0,0,0,0,0,0,0,0
260998,2,1,1998,0,0,0,0,0,0,0,0,0,0
260999,1,1,1998,0,0,0,0,0,0,0,0,0,0
260999,2,1,1998,0,0,0,0,0,0,0,0,0,0
261000,1,1,1998,0,0,0,0,25,0,0,0,0,0
261000,2,1,1998,0,0,0,0,0,0,0,0,0,0
261001,1,1,1998,0,0,0,0,0,0,0,0,0,0
261002,1,1,1998,9,9,9,9,9,9,9,9,9,9
261002,2,1,1998,0,0,0,0,0,0,0,0,0,0
261003,1,1,1998,0,0,0,0,0,0,0,0,0,0
261004,0,1,1998,0,0,0,0,0,0,0,0,0,0
261004,0,2,1998,9,0,0,8,0,16,0,0,12,0
261004,1,1,1998,0,0,0,0,0,0,0,0,0,0
261005,1,1,1998,17,17,17,17,17,17,17,17,17,17
261006,1,1,1998,0,0,0,0,0,0,0,0,0,0
261007,1,1,1998,16,0,0,0,0,0,0,0,0,0
261007,2,1,1998,0,0,0,0,0,0,0,0,0,0
261008,0,1,1998,11,11,11,11,11,11,11,11,11,11
261008,1,1,1998,11,2,17,23,13,7,17,0,12,29
261009,1,1,1998,3,3,3,3,3,3,3,3,3,3
261010,0,1,1998,0,0,0,0,0,0,0,0,0,0
261010,1,1,1998,7,8,4,9,19,32,14,9,17,7
261011,1,1,1998,0,0,0,0,0,0,0,0,0,0
261011,2,1,1998,0,0,0,0,0,0,0,0,0,0
261012,1,1,1998,15,13,13,12,24,8,15,13,29,14
261012,2,1,1998,0,0,0,0,0,0,0,0,0,0
261012,3,1,1998,0,0,0,0,0,0,0,0,0,0
261013,1,1,1998,13,13,13,13,13,13,13,13,13,13
261014,0,1,1998,0,0,0,0,0,0,0,0,0,0
261014,2,1,1998,0,0,0,0,0,0,0,0,0,0
261014,3,1,1998,0,0,0,0,0,0,0,0,0,0
261015,1,1,1998,22,22,22,22,22,22,22,22,22,22
261016,1,1,1998,0,0,0,0,0,0,0,0,6,0
261016,2,1,1998,0,0,0,0,0,0,0,0,0,0
261017,1,1,1998,0,0,0,0,0,0,0,0,0,0
261017,2,1,1998,0,0,0,0,0,0,0,0,0,0
261017,3,1,1998,0,0,0,0,0,0,0,0,0,0
261018,1,1,1998,0,0,0,0,0,0,0,0,0,0
261018,2,1,1998,0,0,0,0,0,0,0,0,0,0
261018,3,1,1998,0,0,0,0,0,0,0,0,0,0
261018,4,1,1998,0,0,0,0,0,0,0,0,0,0
261019,1,1,1998,0,0,0,0,0,0,0,0,0,0
261019,2,1,1998,0,0,0,0,0,0,0,0,0,0
261020,1,1,1998,0,0,0,0,0,0,0,0,0,0
261021,0,1,1998,0,0,0,0,0,0,0,0,0,0
261021,1,1,1998,0,0,0,0,0,0,0,0,0,0
261022,1,1,1998,22,22,22,22,22,22,22,22,22,22
261023,0,1,1998,17,40,0,13,18,32,24,23,27,13
261023,1,1,1998,12,14,0,18,12,27,7,7,18,18
261024,1,1,1998,0,0,13,40,0,0,15,7,16,0
261024,2,1,1998,4,4,4,4,4,4,4,4,4,4
261025,0,1,1998,0,0,0,0,0,0,0,0,0,0
261025,0,2,1998,0,0,0,0,0,0,0,0,0,0
261025,0,3,1998,0,0,0,0,0,0,14,24,0,0
261025,1,1,1998,0,0,0,24,0,0,0,0,23,12
261026,1,1,1998,12,4,17,14,6,1,23,14,4,17
261026,2,1,1998,4,20,0,0,0,0,0,4,0,10
261027,1,1,1998,0,0,0,0,0,0,0,0,0,0
261027,2,1,1998,0,0,0,0,0,0,0,0,0,0
261028,1,1,1998,0,0,0,18,0,0,0,0,0,9
261028,2,1,1998,0,0,0,0,0,0,0,0,0,0
261029,1,1,1998,8,8,8,8,8,8,8,8,8,8
261030,1,1,1998,14,14,14,14,14,14,14,14,14,14
261031,1,1,1998,26,26,26,26,26,26,26,26,26,26
261032,1,1,1998,0,0,0,0,0,0,0,0,0,0
261032,2,1,1998,0,0,0,0,0,0,0,0,0,0
261033,1,1,1998,0,0,0,0,0,0,0,0,0,0
261033,2,1,1998,0,0,0,0,0,0,0,0,0,0
261034,1,1,1998,0,0,0,0,0,0,0,0,0,0
261034,2,1,1998,0,0,0,0,0,0,0,0,0,0
261035,1,1,1998,34,0,0,0,0,0,0,21,0,0
261035,2,1,1998,0,0,0,0,7,0,0,0,0,0
261036,1,1,1998,0,0,0,0,0,0,0,0,0,0
261036,2,1,1998,0,0,0,0,0,0,0,0,0,0
261036,3,1,1998,0,0,0,0,0,0,0,0,0,0
261037,0,1,1998,22,5,13,0,14,19,0,0,32,0
261037,2,1,1998,7,7,7,7,7,7,7,7,7,7
261038,1,1,1998,8,8,8,8,8,8,8,8,8,8
261038,2,1,1998,0,0,0,0,0,0,0,0,0,0
261039,1,1,1998,5,5,5,5,5,5,5,5,5,5
261040,1,1,1998,0,0,0,0,0,0,0,0,0,0
261040,2,1,1998,0,0,0,0,0,0,0,0,0,0
261041,1,1,1998,13,13,13,13,13,13,13,13,13,13
261041,2,1,1998,0,0,0,0,0,0,0,0,0,0
261042,1,1,1998,10,10,10,10,10,10,10,10,10,10
261043,0,1,1998,0,0,0,0,0,0,0,0,0,0
261043,1,1,1998,29,0,0,0,0,0,0,0,0,0
261044,1,1,1998,0,0,0,0,0,0,0,0,0,0
261044,2,1,1998,0,0,0,0,0,0,0,0,0,0
261045,1,1,1998,0,0,0,0,0,0,0,0,0,0
261045,2,1,1998,0,0,0,0,0,0,0,0,0,0
261046,1,1,1998,0,0,0,0,0,0,0,0,0,0
261047,0,1,1998,0,0,0,0,0,0,0,0,0,0
261047,0,2,1998,18,23,17,0,0,0,0,0,0,0
261047,0,3,1998,0,0,0,0,0,0,0,0,0,0
261047,1,1,1998,0,0,0,0,0,0,0,0,0,0
261048,1,1,1998,0,10,23,0,0,0,23,0,6,0
261048,2,1,1998,0,0,0,0,0,0,0,0,0,0
261049,1,1,1998,19,29,20,0,0,0,0,12,0,23
261050,0,1,1998,0,0,0,0,0,0,0,0,0,0
261050,1,1,1998,0,6,0,0,0,0,15,0,0,0
261051,1,1,1998,0,0,0,0,0,0,0,0,0,0
261051,2,1,1998,0,0,0,0,0,0,0,0,0,0
261052,1,1,1998,18,18,18,18,18,18,18,18,18,18
261053,1,1,1998,8,8,8,8,8,8,8,8,8,8
261054,1,1,1998,11,11,11,11,11,11,11,11,11,11
261054,2,1,1998,0,0,0,0,0,0,0,0,0,0
261055,1,1,1998,10,0,0,0,0,0,0,0,0,0
261055,2,1,1998,0,0,0,7,0,0,0,0,8,11
261055,3,1,1998,0,0,0,0,0,15,0,0,0,0
261055,4,1,1998,0,0,0,0,0,0,0,0,0,0
261056,1,1,1998,0,0,0,0,0,0,0,0,0,0
261056,2,1,1998,0,0,0,0,0,0,0,0,0,0
261056,3,1,1998,0,0,0,0,0,0,0,0,0,0
261057,1,1,1998,0,0,0,0,0,0,0,0,0,0
261057,2,1,1998,0,0,0,0,0,0,0,0,0,8
261057,3,1,1998,0,0,0,0,0,0,0,0,0,0
261057,4,1,1998,0,0,0,0,0,0,0,0,0,0
261057,5,1,1998,0,0,0,0,0,0,0,0,0,0
261058,1,1,1998,0,0,0,0,0,0,0,0,0,0
261058,2,1,1998,0,0,0,0,0,0,0,0,0,0
261059,1,1,1998,0,0,0,0,0,0,0,0,0,0
261059,2,1,1998,0,0,33,0,0,0,0,0,0,0
261060,1,1,1998,0,0,0,0,0,0,0,0,0,0
261060,2,1,1998,0,0,0,0,0,0,10,0,0,0
261061,1,1,1998,0,0,0,0,0,0,0,0,0,0
261061,2,1,1998,0,0,0,0,0,0,0,0,0,0
261062,1,1,1998,0,0,0,0,0,0,0,0,0,0
261062,2,1,1998,0,0,0,0,0,0,0,0,0,0
261063,1,1,1998,0,0,0,0,0,0,0,0,0,0
261064,1,1,1998,0,0,0,0,0,0,0,0,0,0
261064,2,1,1998,0,0,0,0,0,0,0,0,0,0
261065,1,1,1998,0,0,0,0,0,0,0,0,0,0
261065,2,1,1998,23,23,23,23,23,23,23,23,23,23
261066,0,1,1998,0,0,0,0,0,0,0,0,0,0
261066,1,1,1998,0,0,0,0,0,0,0,0,0,0
261066,2,1,1998,0,0,0,0,0,0,0,0,0,0
261067,1,1,1998,20,20,20,20,20,20,20,20,20,20
261068,1,1,1998,0,0,0,0,0,0,0,19,0,0
261068,2,1,1998,0,0,0,0,0,0,0,0,0,8
261069,1,1,1998,0,0,0,0,0,0,0,0,0,0
261069,2,1,1998,0,0,0,0,0,0,0,0,0,0
261070,1,1,1998,0,0,0,0,0,0,0,0,0,0
261070,2,1,1998,0,0,0,0,0,0,0,0,0,0
261071,1,1,1998,0,0,0,0,0,0,0,0,0,0
261072,1,1,1998,0,0,0,0,0,0,0,0,0,0
261072,2,1,1998,0,0,0,0,0,0,0,0,0,0
261072,3,1,1998,0,0,0,0,0,0,0,0,0,0
261072,4,1,1998,0,0,0,0,0,0,0,0,0,0
261073,0,1,1998,0,0,0,0,0,0,0,0,0,0
261073,1,1,1998,0,0,0,0,0,0,0,0,0,0
261074,1,1,1998,0,0,0,0,0,0,0,0,0,0
261075,1,1,1998,20,58,15,43,13,14,24,11,15,19
261076,1,1,1998,0,0,0,0,0,0,0,0,0,0
261076,2,1,1998,0,0,0,0,0,0,0,0,0,0
261077,1,1,1998,9,9,9,9,9,9,9,9,9,9
261078,1,1,1998,0,0,0,0,18,0,0,0,0,0
261078,2,1,1998,0,9,0,0,0,16,0,0,10,0
261079,1,1,1998,0,0,0,0,0,0,0,0,0,0
261079,2,1,1998,0,0,0,0,0,0,0,0,0,0
261080,1,1,1998,0,0,0,0,0,0,0,0,0,0
261080,2,1,1998,0,0,0,0,0,0,0,0,0,0
261081,1,1,1998,0,0,0,0,0,0,0,0,0,0
261081,2,1,1998,0,0,0,0,0,0,0,0,0,0
261081,3,1,1998,0,0,0,0,0,0,0,0,0,0
261082,1,1,1998,0,0,0,0,0,0,0,0,0,0
261083,1,1,1998,17,17,17,17,17,17,17,17,17,17
261084,1,1,1998,0,0,0,0,0,0,0,0,0,0
261084,2,1,1998,0,0,0,0,0,0,0,0,0,0
261085,1,1,1998,0,0,0,0,0,0,0,0,0,0
261085,2,1,1998,0,0,20,0,0,0,0,0,0,0
261086,1,1,1998,24,24,24,24,24,24,24,24,24,24
261087,0,1,1998,10,17,16,15,21,0,28,36,22,9
261087,1,1,1998,0,0,0,0,0,0,0,0,18,0
261088,1,1,1998,0,0,0,0,0,0,0,0,0,0
261089,1,1,1998,0,0,0,0,0,0,0,0,0,0
261089,2,1,1998,0,0,0,0,0,0,0,0,0,0
261090,1,1,1998,0,0,0,0,0,0,0,0,0,0
261090,2,1,1998,0,0,0,0,0,0,0,0,0,0
261091,1,1,1998,16,16,16,16,16,16,16,16,16,16
261092,1,1,1998,18,13,0,13,0,0,0,14,0,10
261093,1,1,1998,13,0,0,0,0,0,0,18,0,0
261093,2,1,1998,0,18,7,5,9,0,0,6,0,10
261094,0,1,1998,0,0,0,0,0,0,0,0,0,0
261094,1,1,1998,0,0,0,0,0,0,0,0,0,0
261095,1,1,1998,0,0,0,0,0,0,0,0,0,0
261095,2,1,1998,0,0,0,0,0,0,0,0,0,0
261096,1,1,1998,0,0,0,0,0,0,0,0,0,0
261097,0,1,1998,24,24,24,24,24,24,24,24,24,24
261097,1,1,1998,0,0,0,0,0,0,0,0,0,0
261098,1,1,1998,0,0,0,0,0,0,0,0,0,0
261099,1,1,1998,0,0,0,0,0,0,0,0,0,0
261099,2,1,1998,0,0,10,0,0,9,0,0,0,0
261100,1,1,1998,0,0,0,0,0,0,0,0,0,0
261100,2,1,1998,0,0,0,0,0,0,0,0,0,0
261101,1,1,1998,0,0,0,0,0,0,0,0,0,0
261101,2,1,1998,0,0,0,0,0,0,0,0,0,0
261102,1,1,1998,0,0,0,0,0,0,0,0,0,0
261102,2,1,1998,0,0,0,0,0,0,0,0,0,0
261103,1,1,1998,0,0,0,0,0,0,0,0,0,0
261104,1,1,1998,0,0,0,0,0,0,9,0,0,0
261104,2,1,1998,0,0,0,0,0,0,0,0,0,0
261105,1,1,1998,0,0,0,0,0,0,0,0,0,0
261106,1,1,1998,0,23,8,0,11,15,25,33,16,11
261107,1,1,1998,0,0,0,0,0,0,0,0,0,0
261107,2,1,1998,0,0,0,11,0,0,0,0,0,0
261108,1,1,1998,0,0,0,0,0,0,0,0,0,0
261108,2,1,1998,0,0,0,0,0,0,0,0,0,0
261109,1,1,1998,0,0,0,0,0,0,5,0,0,0
261109,2,1,1998,0,0,0,0,0,0,0,0,0,0
261110,1,1,1998,0,0,0,0,0,0,0,0,0,0
261110,2,1,1998,0,0,0,0,0,0,0,0,0,0
261110,3,1,1998,0,0,0,0,0,0,0,0,0,0
261110,4,1,1998,0,0,0,0,0,0,0,0,0,0
261110,5,1,1998,0,0,0,0,0,0,0,0,0,0
261111,1,1,1998,0,0,0,0,0,0,0,0,0,0
261112,1,1,1998,7,7,7,7,7,7,7,7,7,7
261113,1,1,1998,19,19,19,19,19,19,19,19,19,19
261113,2,1,1998,0,0,0,0,0,0,0,0,0,0
261114,1,1,1998,0,0,0,0,0,0,0,0,0,0
261114,2,1,1998,0,0,0,0,0,0,0,0,0,0
261114,3,1,1998,0,0,0,0,0,0,0,0,0,0
261115,1,1,1998,18,21,14,15,26,20,24,14,10,27
261116,1,1,1998,0,0,0,0,0,0,0,0,0,0
261116,2,1,1998,0,0,0,0,0,0,0,0,0,0
261116,3,1,1998,0,0,0,0,0,0,0,0,0,0
261117,1,1,1998,0,0,0,0,0,0,0,0,0,0
261117,2,1,1998,0,0,0,0,0,0,0,0,0,0
261118,1,1,1998,0,0,0,0,0,0,0,0,0,13
261118,2,1,1998,0,0,0,0,0,0,0,0,0,0
261119,1,1,1998,18,16,0,0,0,0,0,7,0,19
261120,1,1,1998,0,0,0,0,0,0,0,0,0,0
261120,2,1,1998,0,0,0,0,0,0,0,0,0,0
261121,1,1,1998,0,0,0,0,0,0,0,0,0,0
261121,2,1,1998,0,0,0,0,0,0,0,0,0,0
261122,1,1,1998,0,0,0,0,0,0,0,0,0,0
261122,2,1,1998,0,0,0,0,0,0,0,0,0,0
261123,1,1,1998,0,25,0,0,0,0,0,0,0,17
261123,2,1,1998,0,0,0,0,0,0,0,0,0,0
261124,1,1,1998,4,0,0,22,0,0,0,0,0,0
261125,1,1,1998,0,0,0,0,0,0,0,0,0,0
261125,2,1,1998,0,0,0,0,0,0,0,0,0,0
261125,3,1,1998,0,0,0,0,0,0,0,0,0,0
261126,0,1,1998,5,5,5,5,5,5,5,5,5,5
261126,1,1,1998,0,0,0,0,0,0,0,0,0,0
261127,1,1,1998,0,0,0,0,0,0,0,0,0,0
261127,2,1,1998,22,22,22,22,22,22,22,22,22,22
261127,3,1,1998,0,0,0,0,0,0,0,0,0,0
261128,1,1,1998,14,14,14,14,14,14,14,14,14,14
261129,1,1,1998,13,13,13,13,13,13,13,13,13,13
261130,1,1,1998,22,22,22,22,22,22,22,22,22,22
261131,1,1,1998,17,17,17,17,17,17,17,17,17,17
261131,2,1,1998,0,0,0,0,0,0,0,0,0,0
261132,1,1,1998,0,0,0,0,0,0,0,0,0,0
261132,2,1,1998,0,0,0,0,0,0,0,0,0,0
261133,1,1,1998,0,0,0,0,0,0,0,0,0,0
261133,2,1,1998,0,0,0,0,0,0,14,0,0,0
261134,1,1,1998,0,0,0,0,0,0,0,0,0,0
261135,1,1,1998,22,22,22,22,22,22,22,22,22,22
261135,2,1,1998,0,0,0,0,0,0,0,0,3,0
261136,1,1,1998,0,0,0,0,0,0,0,0,0,0
261136,2,1,1998,0,0,0,0,0,0,0,0,0,0
261137,1,1,1998,0,0,0,0,0,0,0,0,0,0
261137,2,1,1998,0,0,0,0,0,0,0,0,0,0
261138,1,1,1998,13,16,21,6,10,10,9,4,9,13
261139,1,1,1998,0,0,0,0,0,0,0,0,0,0
261139,2,1,1998,0,0,0,0,0,0,0,0,0,0
261140,1,1,1998,1,1,1,1,1,1,1,1,1,1
261140,2,1,1998,0,0,0,0,0,0,0,0,0,0
261141,1,1,1998,0,0,0,0,0,0,0,0,0,0
261141,2,1,1998,0,0,0,0,0,0,0,0,4,0
261142,1,1,1998,10,10,10,10,10,10,10,10,10,10
261143,1,1,1998,27,27,27,27,27,27,27,27,27,27
261144,1,1,1998,10,10,10,10,10,10,10,10,10,10
261144,2,1,1998,0,0,0,0,0,0,0,0,0,0
261145,1,1,1998,0,0,0,0,0,0,0,0,0,0
261145,2,1,1998,0,0,0,0,0,0,0,0,0,0
261146,1,1,1998,0,0,0,0,0,0,0,0,0,0
261146,2,1,1998,0,0,0,0,0,0,0,0,0,0
261147,1,1,1998,0,0,3,0,0,0,0,0,0,0
261147,2,1,1998,0,0,0,0,0,0,0,0,0,0
261148,1,1,1998,0,0,0,0,0,0,0,0,0,0
261148,2,1,1998,0,0,0,0,0,0,0,0,0,0
261149,1,1,1998,0,0,0,0,0,0,0,0,0,0
261149,2,1,1998,0,0,0,0,0,0,0,0,0,0
261150,1,1,1998,0,0,0,0,0,0,0,0,0,0
261150,2,1,1998,0,0,0,0,0,0,0,8,0,0
261151,1,1,1998,0,0,0,0,0,0,0,0,0,0
261151,2,1,1998,0,0,0,0,0,0,0,0,0,0
261152,1,1,1998,0,0,20,0,0,0,0,0,0,0
261152,2,1,1998,0,0,0,0,0,0,0,0,0,0
261152,3,1,1998,9,0,0,0,0,0,0,0,0,0
261153,1,1,1998,20,20,20,20,20,20,20,20,20,20
261154,1,1,1998,1,1,1,1,1,1,1,1,1,1
261154,2,1,1998,0,0,0,0,0,0,0,0,0,0
261155,0,1,1998,0,0,0,0,0,0,0,0,0,0
261155,1,1,1998,0,7,0,0,0,0,0,0,0,0
261156,1,1,1998,9,9,9,9,9,9,9,9,9,9
261156,2,1,1998,0,0,0,0,0,0,0,0,0,0
261157,1,1,1998,32,32,32,32,32,32,32,32,32,32
261158,0,1,1998,13,13,13,13,13,13,13,13,13,13
261158,1,1,1998,0,0,0,0,0,0,0,0,0,0
261159,1,1,1998,0,0,27,0,0,0,14,0,0,0
261160,1,1,1998,0,0,0,0,0,0,0,0,0,0
261161,1,1,1998,0,0,0,0,0,0,0,0,0,0
261161,2,1,1998,0,0,0,0,0,0,0,0,0,0
261162,0,1,1998,0,0,0,0,0,0,0,0,0,0
261162,1,1,1998,0,0,0,0,0,0,0,0,0,0
261163,1,1,1998,0,0,0,0,0,0,0,0,0,0
261163,2,1,1998,0,0,0,0,0,0,0,0,0,0
261164,0,1,1998,0,0,0,0,0,0,0,0,0,0
261164,1,1,1998,0,0,0,0,0,0,0,0,0,0
261165,1,1,1998,0,0,0,0,0,0,0,0,0,0
261165,2,1,1998,0,0,0,0,14,0,12,0,14,0
261166,0,1,1998,22,22,22,22,22,22,22,22,22,22
261166,1,1,1998,0,0,0,0,0,0,0,0,0,0
261167,0,1,1998,32,32,32,32,32,32,32,32,32,32
261167,1,1,1998,0,0,0,0,0,0,0,0,0,0
261167,2,1,1998,0,0,0,0,0,0,0,0,0,0
261168,0,1,1998,21,21,21,21,21,21,21,21,21,21
261168,1,1,1998,0,0,0,0,0,0,0,0,0,0
261169,0,1,1998,0,0,0,0,0,0,0,0,0,0
261169,1,1,1998,0,0,0,0,0,0,0,0,0,0
261170,1,1,1998,0,0,0,0,0,0,0,0,0,0
261170,2,1,1998,0,0,0,0,0,0,0,0,0,0
261171,1,1,1998,0,0,0,0,0,0,0,0,0,0
261171,2,1,1998,0,0,0,0,0,0,0,0,0,0
261172,0,1,1998,23,23,23,23,23,23,23,23,23,23
261172,1,1,1998,0,0,0,24,0,0,0,0,0,0
261173,1,1,1998,0,0,0,0,0,0,0,0,0,0
261174,1,1,1998,25,25,25,25,25,25,25,25,25,25
261175,1,1,1998,0,0,0,0,0,0,0,0,0,0
261176,1,1,1998,0,0,0,0,0,0,0,0,0,0
261176,2,1,1998,24,24,24,24,24,24,24,24,24,24
261177,1,1,1998,0,0,0,0,0,0,0,0,0,0
261177,2,1,1998,0,0,0,0,0,0,0,0,0,0
261178,0,1,1998,21,21,21,21,21,21,21,21,21,21
261178,1,1,1998,3,3,3,3,3,3,3,3,3,3
261179,1,1,1998,0,0,0,0,0,0,0,0,0,0
261180,1,1,1998,18,18,18,18,18,18,18,18,18,18
261181,1,1,1998,12,12,12,12,12,12,12,12,12,12
261181,2,1,1998,0,0,0,0,0,0,0,0,0,0
261182,1,1,1998,0,0,8,0,7,0,0,0,0,15
261182,2,1,1998,13,0,19,28,17,33,25,0,27,0
261183,0,1,1998,9,0,0,0,0,0,0,0,0,0
261183,1,1,1998,0,0,0,0,0,0,0,0,0,0
261183,2,1,1998,0,0,0,0,0,0,0,0,0,0
261184,1,1,1998,0,0,0,0,0,0,0,0,0,0
261184,2,1,1998,0,0,0,0,0,0,0,0,16,0
261184,3,1,1998,0,0,0,0,0,0,0,14,0,0
261185,1,1,1998,0,0,0,0,0,0,0,0,0,0
261185,2,1,1998,0,0,0,0,0,0,0,0,0,0
261186,1,1,1998,0,0,0,0,0,0,0,0,0,0
261186,2,1,1998,0,0,0,10,0,0,0,0,0,0
261186,3,1,1998,0,0,0,0,0,15,0,0,0,0
261187,1,1,1998,21,21,21,21,21,21,21,21,21,21
261188,1,1,1998,0,0,0,0,0,0,0,0,0,0
261189,1,1,1998,16,16,16,16,16,16,16,16,16,16
261190,1,1,1998,0,0,0,0,0,0,0,0,0,0
261191,1,1,1998,19,19,19,19,19,19,19,19,19,19
261192,1,1,1998,18,18,18,18,18,18,18,18,18,18
261192,2,1,1998,2,17,0,7,4,19,20,2,4,14
261193,1,1,1998,0,0,0,0,0,0,0,0,0,0
261193,2,1,1998,2,2,2,2,2,2,2,2,2,2
261194,1,1,1998,17,17,17,17,17,17,17,17,17,17
261194,2,1,1998,0,0,0,0,0,0,0,0,0,0
261194,3,1,1998,0,0,0,0,0,9,0,0,0,0
261195,1,1,1998,0,0,0,0,0,0,0,0,0,0
261195,2,1,1998,22,22,22,22,22,22,22,22,22,22
261196,1,1,1998,20,15,28,13,15,18,23,0,13,0
261197,1,1,1998,18,18,18,18,18,18,18,18,18,18
261198,1,1,1998,0,0,0,0,0,0,0,0,0,0
261198,2,1,1998,0,0,0,0,0,0,0,0,0,0
261199,1,1,1998,0,0,0,0,0,0,0,0,0,0
261200,1,1,1998,0,0,0,0,0,0,0,0,0,0
261200,2,1,1998,0,0,0,0,0,0,0,0,0,0
261201,0,1,1998,0,0,0,0,0,0,0,0,0,0
261201,1,1,1998,0,0,0,0,0,0,0,0,0,0
261202,1,1,1998,0,0,0,0,0,0,0,0,0,0
261202,2,1,1998,0,0,0,0,0,0,0,0,0,0
261203,0,1,1998,0,0,0,0,0,0,0,0,0,0
261204,0,1,1998,0,0,0,0,0,0,0,0,0,0
261204,1,1,1998,0,0,0,0,0,0,0,0,0,0
261205,1,1,1998,0,0,0,0,0,0,0,0,0,0
261205,2,1,1998,0,0,0,0,0,0,0,0,0,0
261206,1,1,1998,0,0,0,0,0,0,0,0,0,0
261206,2,1,1998,0,0,0,0,0,0,0,0,0,0
261207,1,1,1998,0,0,0,0,0,0,0,0,0,0
261208,1,1,1998,31,31,31,31,31,31,31,31,31,31
261209,0,1,1998,0,0,0,0,0,0,0,0,0,0
261209,1,1,1998,0,0,0,0,0,0,0,0,0,0
261210,1,1,1998,0,0,0,0,0,0,0,0,0,0
261211,1,1,1998,19,19,19,19,19,19,19,19,19,19
261211,2,1,1998,0,0,0,0,0,0,0,0,0,0
261211,3,1,1998,0,0,0,0,0,0,0,0,0,0
261212,1,1,1998,0,13,0,0,0,0,0,0,0,0
261212,2,1,1998,0,0,0,0,0,0,0,0,0,0
261213,0,1,1998,0,0,14,0,0,0,22,0,0,0
261213,1,1,1998,5,0,0,0,0,13,0,31,0,9
261214,0,1,1998,18,13,12,16,18,22,19,11,35,15
261214,1,1,1998,0,0,0,0,22,8,9,13,18,0
261215,0,1,1998,0,0,9,12,0,0,0,0,0,16
261215,1,1,1998,0,0,0,0,0,0,0,0,15,0
261216,1,1,1998,13,0,9,0,19,0,0,0,9,0