ST_CASE,VEH_NO,PER_NO,YEAR,P1,P2,P3,P4,P5,P6,P7,P8,P9,P10
261216,2,1,1998,0,13,0,17,18,0,0,26,24,0
261217,1,1,1998,0,15,0,28,0,8,0,13,17,26
261217,2,1,1998,7,0,0,0,0,19,0,0,0,0
261218,0,1,1998,25,25,25,25,25,25,25,25,25,25
261218,1,1,1998,1,1,1,1,1,1,1,1,1,1
261219,0,1,1998,14,14,7,18,30,9,22,20,30,11
261219,1,1,1998,0,0,0,0,0,0,0,0,0,0
261220,1,1,1998,0,0,0,0,0,0,0,0,0,0
261220,2,1,1998,0,23,0,0,0,0,0,0,7,0
261221,1,1,1998,0,0,0,0,0,0,0,0,0,0
261221,2,1,1998,0,0,0,0,0,0,0,0,0,0
261222,0,1,1998,0,0,0,0,0,0,0,0,0,0
261222,1,1,1998,0,0,0,0,0,0,0,0,0,0
261223,1,1,1998,20,20,20,20,20,20,20,20,20,20
261224,0,1,1998,0,0,0,0,0,0,0,0,0,47
261224,1,1,1998,0,0,0,0,0,0,0,0,0,0
261225,1,1,1998,22,22,22,22,22,22,22,22,22,22
261226,1,1,1998,0,0,0,0,0,0,0,0,0,0
261226,2,1,1998,8,8,8,8,8,8,8,8,8,8
261227,1,1,1998,0,0,0,0,0,0,0,0,0,0
261227,2,1,1998,0,0,0,0,0,0,0,0,0,0
261228,1,1,1998,0,0,0,0,0,0,0,0,0,0
261228,2,1,1998,0,0,0,0,0,0,0,0,0,0
261228,3,1,1998,0,0,0,0,0,0,0,0,0,0
261229,1,1,1998,0,0,0,0,0,0,0,0,25,0
261230,0,1,1998,26,0,0,0,26,0,0,16,0,0
261230,1,1,1998,0,0,4,0,0,0,0,0,0,6
261231,1,1,1998,30,30,30,30,30,30,30,30,30,30
261232,0,1,1998,0,0,0,0,0,0,0,0,0,0
261232,1,1,1998,0,0,0,0,0,0,0,0,0,0
261232,2,1,1998,0,0,0,0,0,0,0,0,0,0
261233,1,1,1998,14,14,14,14,14,14,14,14,14,14
261234,1,1,1998,10,10,10,10,10,10,10,10,10,10
261235,0,1,1998,0,0,0,0,0,0,0,0,0,0
261235,1,1,1998,0,0,0,0,0,0,0,0,0,16
261236,1,1,1998,0,0,0,0,0,11,0,0,4,0
261236,2,1,1998,0,0,0,0,0,0,0,0,0,0
261237,1,1,1998,0,0,0,0,0,0,0,0,0,0
261238,0,1,1998,16,27,19,0,10,21,20,12,26,16
261238,1,1,1998,0,0,9,11,0,0,0,0,0,0
261239,0,1,1998,0,0,0,0,0,0,0,0,0,0
261239,1,1,1998,0,0,0,0,0,0,0,0,0,0
261240,0,1,1998,10,0,0,0,0,0,0,0,0,0
261240,1,1,1998,0,0,0,0,0,0,0,0,0,0
261241,1,1,1998,0,0,0,9,0,23,14,0,8,28
261242,1,1,1998,0,0,0,0,0,0,0,0,0,0
261242,2,1,1998,0,0,0,0,0,0,0,0,0,8
261242,3,1,1998,0,0,0,0,0,0,0,0,0,0
261242,4,1,1998,0,0,0,0,0,0,0,0,0,0
261242,5,1,1998,0,0,0,0,0,0,0,0,0,0
261242,6,1,1998,0,0,0,0,0,0,0,0,0,0
261242,7,1,1998,0,0,0,0,0,0,0,0,0,0
261242,8,1,1998,0,0,0,0,0,0,0,0,0,0
261242,9,1,1998,0,0,0,0,0,0,0,0,0,0
261242,10,1,1998,0,0,0,0,0,0,0,0,0,0
261242,11,1,1998,0,0,0,0,0,0,0,0,0,0
261242,12,1,1998,0,0,0,0,0,0,0,0,0,0
261242,13,1,1998,0,0,0,0,0,0,0,0,0,0
261242,14,1,1998,0,0,0,0,0,0,0,0,0,0
261242,15,1,1998,0,0,0,0,0,0,0,0,0,0
261242,16,1,1998,0,0,0,0,0,0,0,0,0,0
261242,17,1,1998,0,0,0,0,0,0,0,0,0,0
261242,18,1,1998,0,0,0,0,0,0,0,0,0,0
261242,19,1,1998,0,0,0,0,0,0,0,0,0,0
261242,20,1,1998,0,0,0,0,0,0,0,0,0,0
261242,21,1,1998,0,0,0,0,0,0,0,0,0,0
261242,22,1,1998,0,0,0,0,0,0,0,0,0,0
261242,23,1,1998,0,0,0,0,0,0,0,0,0,0
261242,24,1,1998,0,0,0,0,0,0,0,0,0,0
261242,25,1,1998,0,0,0,0,0,0,0,0,0,0
261242,26,1,1998,0,0,0,0,0,0,0,0,0,0
261242,27,1,1998,0,0,0,0,0,0,0,0,0,0
261242,28,1,1998,0,0,0,0,0,0,0,0,0,0
261242,29,1,1998,0,0,0,0,0,0,0,0,0,0
261242,30,1,1998,0,0,0,0,0,0,0,0,0,0
261242,31,1,1998,0,0,0,0,0,0,0,0,0,0
261242,32,1,1998,0,0,0,0,0,0,0,0,0,0
261242,33,1,1998,0,0,0,0,0,0,0,0,0,0
261242,34,1,1998,0,0,0,0,0,0,0,0,0,0
261242,35,1,1998,0,0,0,0,0,0,0,0,0,0
261242,36,1,1998,0,0,0,0,0,0,0,0,0,0
270001,1,1,1998,23,23,23,23,23,23,23,23,23,23
270002,1,1,1998,0,0,0,0,0,0,0,0,0,0
270003,1,1,1998,29,29,29,29,29,29,29,29,29,29
270004,1,1,1998,22,22,22,22,22,22,22,22,22,22
270005,1,1,1998,25,25,25,25,25,25,25,25,25,25
270006,1,1,1998,13,13,13,13,13,13,13,13,13,13
270007,1,1,1998,0,0,0,0,0,0,0,0,0,0
270007,2,1,1998,0,0,0,0,0,0,0,0,0,0
270008,1,1,1998,0,0,0,0,0,0,0,0,0,0
270008,2,1,1998,0,0,0,0,0,0,0,0,0,0
270008,3,1,1998,0,0,0,0,0,0,0,0,0,0
270009,1,1,1998,26,26,26,26,26,26,26,26,26,26
270010,1,1,1998,15,15,15,15,15,15,15,15,15,15
270011,1,1,1998,0,0,0,0,0,0,0,0,0,0
270012,1,1,1998,0,0,0,0,0,0,0,0,0,0
270012,2,1,1998,0,0,0,0,0,0,0,0,0,0
270013,1,1,1998,0,0,0,0,0,0,0,0,0,0
270013,2,1,1998,0,0,0,0,0,0,0,0,0,0
270014,1,1,1998,0,9,0,0,0,14,19,24,19,0
270015,1,1,1998,0,0,0,0,0,0,0,0,0,0
270016,1,1,1998,26,26,26,26,26,26,26,26,26,26
270016,2,1,1998,0,0,0,0,0,0,0,0,0,0
270017,1,1,1998,0,0,0,0,0,0,0,0,0,0
270018,1,1,1998,0,0,0,0,0,0,0,0,0,0
270018,2,1,1998,0,0,0,0,0,0,0,0,0,0
270019,1,1,1998,0,0,0,0,0,0,0,0,0,0
270019,2,1,1998,0,0,0,0,0,0,0,0,0,0
270020,1,1,1998,26,26,26,26,26,26,26,26,26,26
270020,2,1,1998,13,13,13,13,13,13,13,13,13,13
270021,1,1,1998,17,17,17,17,17,17,17,17,17,17
270022,0,1,1998,0,0,0,0,0,0,0,0,0,0
270022,1,1,1998,0,0,0,0,0,0,0,0,0,0
270023,1,1,1998,0,0,0,0,0,0,0,0,0,0
270024,1,1,1998,8,0,0,0,0,0,0,16,0,0
270025,1,1,1998,0,0,0,0,0,0,0,0,0,0
270025,2,1,1998,0,0,0,0,0,0,0,0,0,0
270026,1,1,1998,0,0,0,0,0,0,0,0,0,0
270026,2,1,1998,0,0,0,0,0,0,0,0,0,0
270027,1,1,1998,0,0,0,0,0,0,0,0,0,0
270027,2,1,1998,0,0,0,0,0,0,0,0,0,0
270028,1,1,1998,32,32,32,32,32,32,32,32,32,32
270028,2,1,1998,0,0,0,0,0,0,0,0,0,0
270029,0,1,1998,0,0,0,0,0,0,0,0,0,0
270029,1,1,1998,0,0,0,0,0,0,0,0,0,0
270030,1,1,1998,24,24,24,24,24,24,24,24,24,24
270030,2,1,1998,0,0,0,0,0,0,0,0,0,0
270030,3,1,1998,0,0,0,0,0,0,0,0,0,0
270031,1,1,1998,0,0,0,0,0,0,0,0,0,0
270031,2,1,1998,0,0,0,0,9,0,0,0,0,0
270032,1,1,1998,0,0,0,0,0,0,0,0,0,0
270032,2,1,1998,0,0,0,0,0,0,0,0,0,0
270033,1,1,1998,0,0,0,0,0,0,0,0,0,0
270033,2,1,1998,0,0,0,0,0,0,0,0,0,0
270034,1,1,1998,0,0,0,0,0,0,0,0,0,0
270034,2,1,1998,0,0,0,0,0,0,0,0,0,0
270035,1,1,1998,18,18,18,18,18,18,18,18,18,18
270036,1,1,1998,0,0,0,0,0,0,0,0,0,0
270036,2,1,1998,9,9,9,9,9,9,9,9,9,9
270036,3,1,1998,0,0,0,0,0,0,0,0,0,0
270037,1,1,1998,28,28,28,28,28,28,28,28,28,28
270038,1,1,1998,18,18,18,18,18,18,18,18,18,18
270039,1,1,1998,0,0,0,0,0,0,0,0,0,0
270039,2,1,1998,0,0,0,0,0,0,0,0,0,0
270040,1,1,1998,0,0,0,0,0,0,0,0,0,0
270040,2,1,1998,0,0,0,0,0,0,0,0,0,0
270041,1,1,1998,0,0,0,0,0,0,0,0,0,0
270041,2,1,1998,0,0,0,0,0,0,0,0,0,0
270042,1,1,1998,0,0,0,0,0,0,0,0,0,0
270042,2,1,1998,0,0,0,0,0,0,0,0,0,0
270043,1,1,1998,0,0,0,0,0,0,0,0,0,0
270044,1,1,1998,8,8,8,8,8,8,8,8,8,8
270045,1,1,1998,0,0,0,0,0,0,0,0,0,0
270045,2,1,1998,0,0,0,0,0,0,0,0,0,0
270046,0,1,1998,42,42,42,42,42,42,42,42,42,42
270046,1,1,1998,0,0,0,0,0,0,0,0,0,0
270047,1,1,1998,0,0,0,0,0,0,0,0,0,0
270047,2,1,1998,0,0,0,0,0,0,0,0,0,0
270048,1,1,1998,10,10,10,10,10,10,10,10,10,10
270049,1,1,1998,0,0,0,0,0,0,0,0,0,0
270049,2,1,1998,0,0,0,0,0,0,0,0,0,0
270050,1,1,1998,15,15,15,15,15,15,15,15,15,15
270051,1,1,1998,0,0,0,0,0,0,0,0,0,0
270051,2,1,1998,0,0,0,0,0,0,0,0,0,0
270052,1,1,1998,0,0,0,0,0,0,0,0,0,0
270052,2,1,1998,0,0,0,0,0,0,0,0,0,0
270053,1,1,1998,12,12,12,12,12,12,12,12,12,12
270054,1,1,1998,0,0,0,0,0,0,0,0,0,0
270054,2,1,1998,0,0,0,0,0,0,0,0,0,0
270055,1,1,1998,0,0,0,0,0,0,0,0,0,0
270056,1,1,1998,0,0,0,0,5,0,0,0,0,0
270056,2,1,1998,0,0,0,0,0,0,0,0,0,0
270056,3,1,1998,0,0,0,0,0,0,0,0,0,0
270057,1,1,1998,0,0,0,0,0,0,0,0,0,0
270057,2,1,1998,2,2,2,2,2,2,2,2,2,2
270058,1,1,1998,12,12,12,12,12,12,12,12,12,12
270059,1,1,1998,0,0,0,0,0,0,0,0,0,0
270059,2,1,1998,0,0,0,0,0,0,0,0,0,0
270060,1,1,1998,7,7,7,7,7,7,7,7,7,7
270061,1,1,1998,0,0,0,0,0,0,0,0,0,0
270061,2,1,1998,0,0,0,0,0,0,0,0,0,0
270061,3,1,1998,0,0,0,0,0,0,0,0,0,0
270062,1,1,1998,0,0,0,0,0,0,0,0,0,0
270063,0,1,1998,0,0,30,0,50,0,41,0,0,34
270063,1,1,1998,0,0,0,0,0,0,4,13,0,0
270064,1,1,1998,19,16,21,12,14,0,12,23,32,0
270065,1,1,1998,4,4,4,4,4,4,4,4,4,4
270065,2,1,1998,0,0,8,0,0,0,0,0,0,0
270065,3,1,1998,0,0,0,0,0,0,0,0,0,0
270066,1,1,1998,0,0,0,0,0,0,0,0,0,0
270066,2,1,1998,0,0,0,0,0,0,0,0,0,0
270067,1,1,1998,11,19,14,0,17,16,18,0,0,21
270068,1,1,1998,0,0,0,0,0,0,0,0,0,0
270068,2,1,1998,0,0,0,0,0,0,0,0,0,0
270069,0,1,1998,13,13,13,13,13,13,13,13,13,13
270069,1,1,1998,0,0,0,0,0,0,0,0,0,0
270070,1,1,1998,0,0,0,0,0,0,0,0,0,0
270070,2,1,1998,0,0,0,0,0,0,0,0,0,0
270070,3,1,1998,0,0,0,0,0,0,0,0,0,0
270071,1,1,1998,0,0,0,0,0,0,0,0,0,0
270072,1,1,1998,0,0,0,0,0,0,0,0,0,0
270073,1,1,1998,0,0,0,0,0,0,0,0,0,0
270073,2,1,1998,0,0,0,0,0,0,0,0,0,0
270074,1,1,1998,0,0,0,0,6,10,0,0,0,0
270074,2,1,1998,0,0,0,0,0,0,0,0,0,0
270075,1,1,1998,0,15,0,0,0,0,0,0,0,0
270076,1,1,1998,12,12,12,12,12,12,12,12,12,12
270077,1,1,1998,7,7,7,7,7,7,7,7,7,7
270077,2,1,1998,13,13,13,13,13,13,13,13,13,13
270078,1,1,1998,22,22,22,22,22,22,22,22,22,22
270079,0,1,1998,37,19,33,17,44,36,29,13,30,29
270079,1,1,1998,0,0,0,0,0,0,0,0,0,0
270080,1,1,1998,0,0,0,0,0,0,0,0,0,0
270080,2,1,1998,0,0,0,0,0,0,0,0,0,0
270081,1,1,1998,0,0,0,0,0,0,0,0,0,0
270081,2,1,1998,16,16,16,16,16,16,16,16,16,16
270082,1,1,1998,0,0,0,0,0,0,0,0,0,0
270083,1,1,1998,34,34,34,34,34,34,34,34,34,34
270084,1,1,1998,0,0,0,0,0,0,0,0,0,0
270085,1,1,1998,0,0,0,0,0,0,0,0,0,0
270086,1,1,1998,11,11,11,11,11,11,11,11,11,11
270086,2,1,1998,0,0,0,0,18,15,0,11,0,10
270087,1,1,1998,0,0,0,0,0,0,0,0,0,0
270087,2,1,1998,0,0,0,0,0,0,0,0,0,0
270088,1,1,1998,0,0,0,0,0,0,0,0,0,0
270088,2,1,1998,0,0,0,0,0,0,0,0,0,0
270089,0,1,1998,0,0,0,0,0,0,0,0,0,0
270089,1,1,1998,0,0,0,0,0,0,0,0,0,0
270090,1,1,1998,13,13,13,13,13,13,13,13,13,13
270091,0,1,1998,30,30,30,30,30,30,30,30,30,30
270091,1,1,1998,22,22,22,22,22,22,22,22,22,22
270092,1,1,1998,0,0,0,0,0,0,0,0,0,0
270092,2,1,1998,0,0,0,0,0,0,0,0,0,0
270093,1,1,1998,0,0,0,0,0,0,0,0,0,0
270093,2,1,1998,0,0,0,0,0,0,0,0,0,0
270094,0,1,1998,27,27,27,27,27,27,27,27,27,27
270094,0,2,1998,34,34,34,34,34,34,34,34,34,34
270094,1,1,1998,0,0,0,0,0,0,0,0,0,0
270095,1,1,1998,14,12,21,13,13,5,18,13,20,18
270096,1,1,1998,0,0,0,0,0,0,0,0,0,0
270096,2,1,1998,0,0,0,0,0,0,0,0,0,0
270097,1,1,1998,0,0,0,0,0,0,0,0,0,0
270097,2,1,1998,0,0,0,0,0,0,0,0,0,0
270098,1,1,1998,11,11,11,11,11,11,11,11,11,11
270098,2,1,1998,0,0,0,0,0,0,0,0,0,0
270099,1,1,1998,0,0,0,0,0,0,0,0,0,0
270099,2,1,1998,0,0,0,0,0,0,0,0,0,0
270100,1,1,1998,0,0,0,0,0,0,0,0,0,0
270100,2,1,1998,0,0,0,0,0,0,0,0,0,0
270101,1,1,1998,10,10,10,10,10,10,10,10,10,10
270102,1,1,1998,0,0,0,0,0,0,0,0,0,0
270102,2,1,1998,0,0,0,0,0,0,0,0,0,0
270103,0,1,1998,2,2,2,2,2,2,2,2,2,2
270103,1,1,1998,0,0,0,0,0,0,0,0,0,0
270104,1,1,1998,23,23,23,23,23,23,23,23,23,23
270105,1,1,1998,0,0,0,0,0,0,0,0,0,0
270105,2,1,1998,0,0,0,0,0,0,0,0,0,0
270106,1,1,1998,0,0,0,0,0,0,0,0,0,0
270107,1,1,1998,0,0,0,0,0,0,0,0,0,0
270108,1,1,1998,14,14,14,14,14,14,14,14,14,14
270109,0,1,1998,0,0,0,0,0,0,0,0,0,0
270109,1,1,1998,0,0,0,0,0,0,0,0,0,0
270110,1,1,1998,0,0,0,0,0,0,0,0,0,0
270110,2,1,1998,0,0,0,0,0,0,0,0,0,0
270111,1,1,1998,0,0,13,0,0,0,0,10,0,0
270112,1,1,1998,11,11,11,11,11,11,11,11,11,11
270113,1,1,1998,0,0,0,0,0,0,0,0,0,0
270113,2,1,1998,0,0,0,0,0,0,0,0,0,0
270114,1,1,1998,0,0,0,0,0,0,0,0,0,0
270114,2,1,1998,0,0,0,0,0,0,0,0,0,0
270115,1,1,1998,0,0,0,0,0,0,0,0,0,0
270116,1,1,1998,32,32,32,32,32,32,32,32,32,32
270117,1,1,1998,0,0,0,0,0,0,0,0,0,0
270118,1,1,1998,0,0,0,0,0,0,0,0,0,0
270119,1,1,1998,19,19,19,19,19,19,19,19,19,19
270120,1,1,1998,0,0,0,0,0,0,0,0,0,0
270120,2,1,1998,0,0,0,0,0,0,0,0,0,0
270121,1,1,1998,0,0,0,0,0,0,0,0,0,0
270121,2,1,1998,0,0,0,0,0,0,0,0,0,0
270122,1,1,1998,13,13,13,13,13,13,13,13,13,13
270123,1,1,1998,0,0,0,0,0,0,0,0,0,0
270123,2,1,1998,0,0,0,0,0,0,0,0,0,6
270123,3,1,1998,13,13,13,13,13,13,13,13,13,13
270124,1,1,1998,0,0,0,0,0,0,0,0,0,0
270124,2,1,1998,0,0,0,0,0,0,0,0,0,0
270125,1,1,1998,0,0,0,0,0,0,0,0,0,0
270125,2,1,1998,0,0,0,0,0,0,0,0,0,0
270125,3,1,1998,0,0,0,0,0,0,0,0,0,0
270126,1,1,1998,0,0,0,0,0,0,0,0,0,0
270126,2,1,1998,0,0,0,0,0,0,0,0,0,0
270127,1,1,1998,0,0,0,0,0,0,0,0,0,0
270128,1,1,1998,0,0,0,0,0,0,0,0,0,0
270128,2,1,1998,0,0,0,0,0,0,0,0,0,0
270128,3,1,1998,0,0,0,0,0,0,0,0,0,0
270129,1,1,1998,10,10,10,10,10,10,10,10,10,10
270130,1,1,1998,25,25,25,25,25,25,25,25,25,25
270131,1,1,1998,2,2,2,2,2,2,2,2,2,2
270132,1,1,1998,19,19,19,19,19,19,19,19,19,19
270133,1,1,1998,0,0,0,0,0,0,0,0,0,0
270134,1,1,1998,0,0,0,0,0,0,0,0,0,0
270134,2,1,1998,0,0,0,0,0,0,0,0,0,0
270135,1,1,1998,25,0,0,33,0,0,12,0,0,0
270136,1,1,1998,0,0,0,0,0,0,0,0,0,0
270136,2,1,1998,0,0,0,0,0,0,0,0,0,0
270137,1,1,1998,0,0,0,0,0,0,0,0,0,0
270137,2,1,1998,0,0,0,0,0,0,0,0,0,0
270137,3,1,1998,0,0,0,0,0,0,0,0,0,0
270138,1,1,1998,0,0,0,0,0,0,0,0,0,0
270138,2,1,1998,0,0,0,0,0,0,0,0,0,0
270138,3,1,1998,0,0,0,0,0,0,0,0,0,0
270139,1,1,1998,0,0,0,0,0,0,0,0,0,0
270139,2,1,1998,0,0,0,0,0,0,0,0,0,0
270140,1,1,1998,0,0,0,0,0,0,0,0,0,0
270140,2,1,1998,0,0,0,0,0,0,0,0,0,0
270141,1,1,1998,4,4,4,4,4,4,4,4,4,4
270141,2,1,1998,0,0,0,0,0,0,0,0,0,0
270142,1,1,1998,0,0,0,0,0,0,0,0,0,0
270142,2,1,1998,0,0,0,0,0,0,0,0,0,0
270143,1,1,1998,4,4,4,4,4,4,4,4,4,4
270144,1,1,1998,0,0,0,0,0,0,0,0,0,0
270144,2,1,1998,0,0,0,0,0,0,0,0,0,0
270145,1,1,1998,16,16,16,16,16,16,16,16,16,16
270146,1,1,1998,0,0,0,0,0,0,0,0,0,0
270146,2,1,1998,0,0,0,0,0,0,0,0,0,0
270147,1,1,1998,0,0,0,0,0,0,0,0,0,0
270148,1,1,1998,0,0,0,0,0,0,0,0,0,0
270149,1,1,1998,0,0,0,0,0,0,0,0,0,0
270149,2,1,1998,22,22,22,22,22,22,22,22,22,22
270150,1,1,1998,0,0,0,0,0,0,0,0,0,0
270150,2,1,1998,0,0,0,0,0,0,0,0,0,0
270151,0,1,1998,0,0,0,0,0,0,0,0,0,0
270151,1,1,1998,0,0,0,0,0,0,0,0,0,0
270152,1,1,1998,0,0,0,0,0,0,0,0,0,0
270152,2,1,1998,0,0,0,0,0,0,0,0,0,0
270153,1,1,1998,20,0,0,0,0,0,0,0,0,0
270153,2,1,1998,0,0,0,0,0,0,0,0,0,0
270154,1,1,1998,27,27,27,27,27,27,27,27,27,27
270155,1,1,1998,0,0,0,0,0,0,0,0,0,0
270155,2,1,1998,0,0,0,0,0,0,0,0,0,0
270155,3,1,1998,0,0,0,0,0,0,0,0,0,0
270156,1,1,1998,0,0,0,0,0,0,0,0,0,0
270156,2,1,1998,0,0,0,0,0,0,0,0,0,0
270157,1,1,1998,0,0,0,0,0,0,0,0,0,0
270157,2,1,1998,0,0,0,0,0,0,0,0,0,0
270158,0,1,1998,0,0,0,0,0,0,0,0,0,0
270158,1,1,1998,5,5,5,5,5,5,5,5,5,5
270159,1,1,1998,0,0,0,0,0,0,0,0,0,0
270160,1,1,1998,19,19,19,19,19,19,19,19,19,19
270161,1,1,1998,16,16,16,16,16,16,16,16,16,16
270162,1,1,1998,0,0,12,14,0,0,0,0,0,23
270163,1,1,1998,0,0,0,0,0,0,0,0,0,6
270163,2,1,1998,0,0,0,0,0,0,0,0,0,0
270163,3,1,1998,0,0,0,0,0,0,0,0,0,0
270164,1,1,1998,0,0,0,0,0,0,0,0,0,0
270164,2,1,1998,0,0,0,0,0,0,0,0,0,0
270165,1,1,1998,18,18,18,18,18,18,18,18,18,18
270166,1,1,1998,0,0,0,0,0,0,0,0,0,0
270166,2,1,1998,0,0,0,0,0,0,0,0,0,0
270167,1,1,1998,0,0,0,0,0,0,0,0,0,0
270168,1,1,1998,0,0,0,0,0,0,0,0,0,0
270168,2,1,1998,0,0,0,0,0,0,0,0,0,0
270168,3,1,1998,0,0,0,0,0,0,0,0,0,0
270169,1,1,1998,23,23,23,23,23,23,23,23,23,23
270170,1,1,1998,0,0,0,0,0,0,0,0,0,0
270171,1,1,1998,0,0,0,0,0,0,0,0,0,0
270172,1,1,1998,8,8,8,8,8,8,8,8,8,8
270173,1,1,1998,13,13,13,13,13,13,13,13,13,13
270174,1,1,1998,13,11,14,0,8,39,0,20,0,0
270175,1,1,1998,0,0,0,0,0,0,0,0,0,0
270175,2,1,1998,0,0,0,0,0,0,0,0,0,0
270176,1,1,1998,10,10,10,10,10,10,10,10,10,10
270176,2,1,1998,0,0,0,0,0,0,0,0,0,0
270177,1,1,1998,0,0,0,0,0,0,0,0,0,0
270177,2,1,1998,0,0,0,0,0,0,0,0,0,0
270177,3,1,1998,0,0,0,0,0,0,0,0,0,0
270178,1,1,1998,0,0,0,0,0,0,5,0,0,0
270178,2,1,1998,0,0,0,0,0,0,0,0,0,0
270179,1,1,1998,11,11,11,11,11,11,11,11,11,11
270179,2,1,1998,0,0,0,0,0,0,0,0,0,0
270180,1,1,1998,0,0,0,0,0,0,14,0,0,0
270181,1,1,1998,23,23,23,23,23,23,23,23,23,23
270182,1,1,1998,0,0,0,0,0,0,0,0,0,0
270183,1,1,1998,21,21,21,21,21,21,21,21,21,21
270183,2,1,1998,6,6,6,6,6,6,6,6,6,6
270184,1,1,1998,36,36,36,36,36,36,36,36,36,36
270185,1,1,1998,0,0,0,0,0,0,0,0,0,0
270186,1,1,1998,16,16,16,16,16,16,16,16,16,16
270187,1,1,1998,0,0,0,0,0,0,0,0,0,0
270187,2,1,1998,0,0,0,0,0,0,0,0,0,0
270188,1,1,1998,0,0,0,0,0,0,0,0,0,0
270188,2,1,1998,0,0,0,0,0,0,0,0,0,0
270189,1,1,1998,0,0,0,0,0,0,0,0,0,0
270189,2,1,1998,0,0,0,0,0,0,0,0,0,0
270190,1,1,1998,0,0,0,0,0,0,0,0,0,0
270190,2,1,1998,0,0,0,0,0,0,0,0,0,0
270191,1,1,1998,0,0,0,0,0,0,0,0,0,0
270192,1,1,1998,15,15,15,15,15,15,15,15,15,15
270192,2,1,1998,18,18,18,18,18,18,18,18,18,18
270193,1,1,1998,9,9,9,9,9,9,9,9,9,9
270194,0,1,1998,0,0,0,0,0,0,0,0,0,0
270194,1,1,1998,0,0,0,0,0,0,0,0,0,0
270195,1,1,1998,0,0,0,0,0,0,0,0,0,0
270195,2,1,1998,0,0,0,0,0,0,0,0,0,0
270196,1,1,1998,0,0,0,0,0,0,0,0,0,0
270196,2,1,1998,0,0,0,0,0,0,0,0,0,0
270196,3,1,1998,0,0,0,0,0,0,0,0,0,0
270197,1,1,1998,0,0,0,0,0,0,0,0,0,0
270197,2,1,1998,0,0,0,0,0,0,0,0,0,0
270198,1,1,1998,0,0,0,0,0,0,0,0,0,0
270198,2,1,1998,0,0,0,0,0,0,0,0,0,0
270199,1,1,1998,0,26,6,0,15,0,26,8,14,5
270200,1,1,1998,0,0,0,0,0,0,0,0,0,0
270200,2,1,1998,0,0,0,0,0,0,0,0,0,0
270201,1,1,1998,0,0,0,0,0,0,0,0,0,0
270201,2,1,1998,0,0,0,0,0,0,0,0,0,0
270202,1,1,1998,0,0,0,0,0,0,0,0,0,0
270202,2,1,1998,4,4,4,4,4,4,4,4,4,4
270203,1,1,1998,1,1,1,1,1,1,1,1,1,1
270204,1,1,1998,0,0,0,0,0,0,0,0,0,0
270205,1,1,1998,19,19,19,19,19,19,19,19,19,19
270206,1,1,1998,0,0,0,0,0,0,0,0,0,0
270206,2,1,1998,13,13,13,13,13,13,13,13,13,13
270207,1,1,1998,4,4,4,4,4,4,4,4,4,4
270208,1,1,1998,0,0,0,0,0,0,0,0,0,0
270208,2,1,1998,6,6,6,6,6,6,6,6,6,6
270209,1,1,1998,2,2,2,2,2,2,2,2,2,2
270210,1,1,1998,19,19,19,19,19,19,19,19,19,19
270211,1,1,1998,0,0,0,0,0,0,0,0,0,0
270212,1,1,1998,0,0,0,0,0,0,0,0,0,0
270212,2,1,1998,0,0,0,0,0,0,0,0,0,0
270212,3,1,1998,0,0,0,0,0,0,0,0,0,0
270213,1,1,1998,0,0,0,0,0,0,0,0,0,0
270213,2,1,1998,0,0,0,0,0,0,0,0,0,0
270214,1,1,1998,0,0,0,0,0,0,0,0,0,0
270214,2,1,1998,19,19,19,19,19,19,19,19,19,19
270215,1,1,1998,9,9,9,9,9,9,9,9,9,9
270215,2,1,1998,0,0,0,0,0,0,0,0,0,0
270216,1,1,1998,0,0,0,0,0,0,0,0,0,0
270217,1,1,1998,2,2,2,2,2,2,2,2,2,2
270217,2,1,1998,0,0,0,0,0,0,0,0,0,0
270218,1,1,1998,0,0,0,0,0,0,0,0,0,0
270218,2,1,1998,0,0,0,0,0,0,0,0,0,0
270219,1,1,1998,2,2,2,2,2,2,2,2,2,2
270220,1,1,1998,0,0,0,0,0,0,0,0,0,0
270221,1,1,1998,1,1,1,1,1,1,1,1,1,1
270222,1,1,1998,37,37,37,37,37,37,37,37,37,37
270223,1,1,1998,0,0,0,0,0,0,0,0,0,0
270223,2,1,1998,0,0,0,0,0,0,0,0,0,0
270224,1,1,1998,0,0,0,0,0,0,0,0,0,0
270224,2,1,1998,0,0,0,0,0,0,0,0,0,0
270225,1,1,1998,0,0,0,0,0,0,0,0,0,0
270226,1,1,1998,0,0,0,0,0,0,0,0,0,0
270226,2,1,1998,0,0,0,0,0,0,0,0,0,0
270227,0,1,1998,0,0,0,0,0,0,0,0,0,0
270227,1,1,1998,0,0,0,0,0,0,0,0,0,0
270228,1,1,1998,0,0,0,0,0,0,0,0,0,0
270228,2,1,1998,0,0,0,0,0,16,0,0,0,0
270228,3,1,1998,0,0,0,0,0,0,0,0,0,0
270229,1,1,1998,0,0,0,0,0,0,0,0,0,0
270230,1,1,1998,0,0,0,0,0,0,0,0,0,0
270230,2,1,1998,0,0,0,0,0,0,0,0,0,0
270230,3,1,1998,0,0,0,0,0,0,0,0,0,0
270231,1,1,1998,0,0,0,0,0,0,0,0,0,0
270231,2,1,1998,0,0,0,0,0,0,0,0,0,0
270231,3,1,1998,0,0,0,0,0,0,0,0,0,0
270231,4,1,1998,0,0,0,0,0,0,0,0,0,0