ST_CASE,VEH_NO,PER_NO,YEAR,P1,P2,P3,P4,P5,P6,P7,P8,P9,P10
270231,5,1,1998,0,0,0,0,0,0,0,0,0,0
270232,1,1,1998,0,0,0,0,0,0,0,0,0,0
270232,2,1,1998,0,0,0,0,0,0,0,0,0,0
270232,3,1,1998,13,0,0,0,0,0,0,0,0,0
270233,1,1,1998,20,20,20,20,20,20,20,20,20,20
270234,1,1,1998,14,14,14,14,14,14,14,14,14,14
270234,2,1,1998,0,0,0,0,0,0,0,0,0,0
270235,1,1,1998,0,0,0,0,0,0,0,0,0,0
270235,2,1,1998,0,0,0,0,0,0,0,0,0,0
270236,1,1,1998,0,0,0,0,0,0,0,0,0,0
270237,1,1,1998,26,26,26,26,26,26,26,26,26,26
270238,1,1,1998,0,0,0,0,0,0,0,0,0,0
270238,2,1,1998,0,0,0,0,0,0,0,0,0,0
270239,1,1,1998,0,0,0,0,0,0,0,0,0,0
270240,1,1,1998,1,1,1,1,1,1,1,1,1,1
270240,2,1,1998,0,0,0,0,0,0,0,0,0,0
270241,1,1,1998,0,0,0,0,0,0,5,0,0,0
270241,2,1,1998,0,0,0,0,0,0,0,0,0,0
270242,1,1,1998,20,20,20,20,20,20,20,20,20,20
270243,1,1,1998,0,0,0,0,0,0,0,0,0,0
270243,2,1,1998,0,0,0,0,0,0,0,0,0,0
270244,1,1,1998,0,0,0,0,0,0,0,0,0,0
270245,0,1,1998,0,0,0,0,0,0,0,0,0,0
270245,1,1,1998,0,0,0,0,0,0,0,0,0,0
270246,1,1,1998,18,18,18,18,18,18,18,18,18,18
270246,2,1,1998,0,0,0,0,0,0,0,0,0,0
270247,0,1,1998,0,0,0,0,0,0,0,0,0,0
270247,1,1,1998,0,0,0,0,0,0,0,0,0,0
270248,1,1,1998,0,0,0,0,0,0,0,0,0,0
270248,2,1,1998,0,0,0,0,0,0,0,0,0,0
270249,1,1,1998,0,0,0,0,0,0,0,0,0,0
270249,2,1,1998,0,0,0,0,0,0,0,0,0,0
270250,1,1,1998,0,0,0,0,0,0,0,0,0,0
270251,1,1,1998,0,0,0,0,0,0,0,0,0,0
270252,0,1,1998,0,0,0,0,0,0,0,0,0,0
270252,1,1,1998,0,0,0,0,0,0,0,0,0,0
270253,1,1,1998,0,0,0,0,0,0,0,0,0,0
270253,2,1,1998,0,0,0,0,0,0,0,0,0,0
270254,1,1,1998,0,0,0,0,0,0,0,0,0,0
270254,2,1,1998,0,0,0,0,0,0,0,0,0,0
270255,1,1,1998,0,0,0,0,0,0,0,0,0,0
270255,2,1,1998,0,0,0,0,0,0,0,0,0,0
270256,1,1,1998,0,0,0,0,0,0,0,0,0,0
270256,2,1,1998,0,0,0,0,0,0,0,0,0,0
270257,1,1,1998,25,25,25,25,25,25,25,25,25,25
270258,1,1,1998,0,0,0,0,0,0,0,0,0,0
270258,2,1,1998,0,0,0,0,0,0,0,0,0,0
270259,1,1,1998,0,0,0,0,0,0,0,0,0,0
270259,2,1,1998,0,0,0,0,0,0,0,0,0,0
270260,0,1,1998,5,5,5,5,5,5,5,5,5,5
270260,1,1,1998,0,0,0,23,0,16,0,5,0,9
270261,1,1,1998,0,0,0,0,0,0,0,0,0,0
270261,2,1,1998,0,0,0,0,0,0,0,0,0,0
270262,1,1,1998,1,1,1,1,1,1,1,1,1,1
270262,2,1,1998,0,0,0,0,0,0,0,0,0,0
270263,1,1,1998,0,0,0,0,0,0,0,0,0,0
270263,2,1,1998,0,0,0,0,0,0,0,0,0,0
270264,1,1,1998,0,0,0,0,0,0,0,0,0,0
270264,2,1,1998,19,19,19,19,19,19,19,19,19,19
270265,0,1,1998,12,12,12,12,12,12,12,12,12,12
270265,0,2,1998,11,25,21,11,0,0,0,0,27,0
270265,1,1,1998,15,15,15,15,15,15,15,15,15,15
270266,1,1,1998,21,21,21,21,21,21,21,21,21,21
270267,1,1,1998,0,0,0,0,0,0,0,0,0,0
270268,1,1,1998,23,23,23,23,23,23,23,23,23,23
270269,1,1,1998,0,0,0,0,0,0,0,0,0,0
270269,2,1,1998,0,0,0,0,0,0,0,0,0,0
270270,0,1,1998,25,25,25,25,25,25,25,25,25,25
270270,1,1,1998,0,0,0,0,0,0,0,0,0,0
270271,1,1,1998,0,0,0,0,0,0,0,0,0,0
270272,1,1,1998,0,0,0,0,0,0,0,0,0,0
270273,1,1,1998,0,0,0,0,0,0,0,0,0,0
270273,2,1,1998,0,0,0,0,0,0,0,0,0,0
270274,0,1,1998,28,28,28,28,28,28,28,28,28,28
270274,1,1,1998,0,0,0,13,0,0,0,0,0,0
270274,2,1,1998,0,0,0,0,0,0,0,0,0,0
270275,1,1,1998,17,17,17,17,17,17,17,17,17,17
270275,2,1,1998,0,0,0,0,0,0,0,0,0,0
270276,1,1,1998,0,0,0,0,0,0,0,0,0,0
270277,1,1,1998,0,0,0,0,0,0,0,0,0,0
270277,2,1,1998,0,0,0,0,0,0,0,0,0,0
270278,1,1,1998,12,12,12,12,12,12,12,12,12,12
270278,2,1,1998,0,0,0,0,0,0,0,0,0,0
270279,1,1,1998,0,0,0,0,0,15,13,0,0,0
270280,1,1,1998,0,0,0,0,0,0,0,0,0,0
270281,1,1,1998,0,0,0,0,0,0,0,0,0,0
270281,2,1,1998,0,0,0,0,0,0,0,0,0,0
270282,1,1,1998,0,0,0,0,0,0,0,0,0,0
270283,1,1,1998,10,10,10,10,10,10,10,10,10,10
270283,2,1,1998,0,0,0,0,0,0,0,0,0,0
270284,1,1,1998,0,0,0,0,0,0,0,0,0,0
270284,2,1,1998,0,0,0,0,0,0,0,0,0,0
270285,1,1,1998,0,0,0,0,0,0,0,0,0,0
270286,1,1,1998,0,0,0,0,0,0,0,0,0,0
270287,1,1,1998,0,0,0,0,0,0,0,0,0,0
270288,1,1,1998,0,0,0,0,0,0,0,0,0,0
270288,2,1,1998,0,0,0,0,0,0,0,0,0,0
270289,1,1,1998,15,15,15,15,15,15,15,15,15,15
270290,1,1,1998,10,10,10,10,10,10,10,10,10,10
270291,1,1,1998,0,0,0,0,0,0,0,0,0,0
270292,1,1,1998,13,13,13,13,13,13,13,13,13,13
270293,1,1,1998,8,8,8,8,8,8,8,8,8,8
270294,1,1,1998,13,13,13,13,13,13,13,13,13,13
270294,2,1,1998,0,0,0,0,0,0,0,0,0,0
270295,0,1,1998,26,26,26,26,26,26,26,26,26,26
270295,1,1,1998,0,0,0,0,0,0,0,0,0,0
270296,1,1,1998,0,0,0,0,0,0,0,0,0,0
270297,1,1,1998,0,0,0,0,0,0,0,0,0,0
270297,2,1,1998,0,0,0,0,0,0,0,0,0,0
270298,1,1,1998,0,0,0,0,0,0,0,0,0,0
270298,2,1,1998,0,0,0,0,0,0,0,0,0,0
270299,1,1,1998,0,0,13,8,0,0,14,0,0,2
270299,2,1,1998,0,0,0,0,0,0,0,0,0,0
270299,3,1,1998,0,0,0,0,0,0,0,0,0,0
270300,1,1,1998,27,27,27,27,27,27,27,27,27,27
270301,1,1,1998,0,0,0,0,0,0,0,0,0,0
270301,2,1,1998,19,0,0,0,0,0,4,0,0,0
270302,1,1,1998,0,0,0,0,0,0,0,0,0,0
270303,1,1,1998,0,0,0,0,0,0,0,0,0,0
270303,2,1,1998,0,0,0,0,0,0,0,0,0,0
270304,1,1,1998,24,24,24,24,24,24,24,24,24,24
270305,1,1,1998,29,29,29,29,29,29,29,29,29,29
270306,1,1,1998,18,18,18,18,18,18,18,18,18,18
270307,1,1,1998,0,0,0,0,0,0,0,0,0,0
270307,2,1,1998,0,0,0,0,0,0,0,0,0,0
270308,1,1,1998,34,34,34,34,34,34,34,34,34,34
270309,1,1,1998,21,21,21,21,21,21,21,21,21,21
270309,2,1,1998,0,0,0,0,0,0,0,0,0,0
270310,1,1,1998,30,30,30,30,30,30,30,30,30,30
270311,1,1,1998,15,15,15,15,15,15,15,15,15,15
270312,0,1,1998,28,28,28,28,28,28,28,28,28,28
270312,1,1,1998,1,1,1,1,1,1,1,1,1,1
270313,1,1,1998,7,7,7,7,7,7,7,7,7,7
270313,2,1,1998,0,0,0,0,0,0,0,0,0,0
270314,1,1,1998,0,0,0,0,0,0,0,0,0,0
270314,2,1,1998,0,0,0,0,0,0,0,0,0,0
270315,0,1,1998,0,0,0,11,8,0,13,0,0,0
270315,1,1,1998,2,2,2,2,2,2,2,2,2,2
270316,1,1,1998,20,20,20,20,20,20,20,20,20,20
270317,1,1,1998,36,36,36,36,36,36,36,36,36,36
270317,2,1,1998,0,0,0,0,0,0,0,0,0,0
270317,3,1,1998,0,8,0,0,0,0,0,0,0,0
270318,1,1,1998,0,0,0,0,0,0,0,0,0,0
270319,1,1,1998,9,9,9,9,9,9,9,9,9,9
270319,2,1,1998,0,0,0,0,0,0,0,0,0,0
270320,1,1,1998,0,0,0,0,0,0,0,0,0,0
270320,2,1,1998,0,0,0,0,0,0,0,0,5,0
270321,1,1,1998,0,0,0,0,0,0,0,0,0,0
270322,1,1,1998,0,0,0,0,5,0,0,0,30,0
270322,2,1,1998,0,0,0,0,0,0,0,0,0,0
270323,1,1,1998,0,0,0,0,0,0,0,0,0,0
270323,2,1,1998,0,0,0,0,0,0,0,0,0,0
270324,1,1,1998,10,10,10,10,10,10,10,10,10,10
270324,2,1,1998,0,0,0,0,0,0,0,0,0,0
270325,1,1,1998,21,21,21,21,21,21,21,21,21,21
270326,0,1,1998,0,0,0,0,0,0,0,0,0,0
270326,1,1,1998,0,0,0,0,0,0,0,0,0,0
270327,1,1,1998,21,21,21,21,21,21,21,21,21,21
270328,1,1,1998,0,0,0,0,0,0,0,0,0,0
270328,2,1,1998,0,0,0,0,0,0,0,0,0,0
270328,3,1,1998,0,0,0,0,0,0,0,0,0,0
270329,1,1,1998,18,18,18,18,18,18,18,18,18,18
270330,1,1,1998,0,0,0,0,0,0,0,0,0,0
270330,2,1,1998,0,0,0,0,0,0,0,0,0,0
270331,1,1,1998,0,0,0,0,0,0,0,0,0,0
270331,2,1,1998,0,0,0,0,0,0,0,0,0,0
270332,1,1,1998,0,0,0,0,0,0,0,0,0,0
270333,1,1,1998,0,0,0,0,0,0,0,0,0,0
270333,2,1,1998,0,0,0,0,0,0,0,0,0,0
270334,1,1,1998,0,0,0,0,0,0,0,0,0,0
270334,2,1,1998,0,0,0,0,0,0,0,0,0,0
270334,3,1,1998,0,0,0,0,0,0,0,0,0,0
270334,4,1,1998,0,0,0,0,0,0,0,0,0,0
270335,1,1,1998,0,0,0,0,17,0,0,0,0,0
270335,2,1,1998,0,0,0,0,0,0,0,0,0,0
270336,1,1,1998,14,14,14,14,14,14,14,14,14,14
270337,1,1,1998,0,0,0,0,0,0,0,0,0,0
270337,2,1,1998,0,0,0,0,0,0,0,0,0,0
270338,1,1,1998,0,0,0,0,0,0,0,0,0,0
270338,2,1,1998,0,0,0,0,0,0,0,0,0,0
270339,1,1,1998,0,0,0,0,0,0,0,0,0,0
270339,2,1,1998,0,0,0,0,0,0,0,0,0,0
270340,1,1,1998,0,0,0,0,0,0,0,0,0,0
270340,2,1,1998,0,0,0,0,0,0,0,0,0,0
270341,1,1,1998,16,16,16,16,16,16,16,16,16,16
270342,1,1,1998,20,20,20,20,20,20,20,20,20,20
270343,1,1,1998,0,0,0,0,0,0,0,0,0,0
270343,2,1,1998,0,0,0,0,0,0,0,0,0,0
270345,1,1,1998,0,0,0,0,0,0,0,0,0,0
270345,2,1,1998,0,0,0,0,0,0,0,0,0,0
270346,0,1,1998,0,0,0,0,0,0,0,0,0,0
270346,1,1,1998,0,0,0,0,0,0,0,0,0,0
270347,1,1,1998,0,14,0,0,0,0,0,0,0,0
270348,1,1,1998,0,0,0,0,0,0,0,0,0,0
270348,2,1,1998,0,0,0,0,0,0,0,0,0,0
270349,1,1,1998,25,25,25,25,25,25,25,25,25,25
270349,2,1,1998,2,2,2,2,2,2,2,2,2,2
270350,1,1,1998,0,0,0,0,0,0,0,0,0,0
270350,2,1,1998,0,0,0,0,0,0,0,0,0,0
270350,3,1,1998,0,0,0,0,0,0,0,0,0,0
270351,1,1,1998,13,13,13,13,13,13,13,13,13,13
270352,1,1,1998,27,27,27,27,27,27,27,27,27,27
270353,0,1,1998,0,0,0,0,0,0,0,0,0,0
270353,0,2,1998,8,0,7,9,16,29,13,0,14,0
270353,1,1,1998,4,0,0,0,0,0,0,0,0,0
270354,1,1,1998,0,0,0,0,0,0,0,0,0,0
270354,2,1,1998,0,0,0,0,0,0,0,0,0,0
270355,1,1,1998,0,0,0,0,0,0,0,0,0,0
270356,1,1,1998,2,2,2,2,2,2,2,2,2,2
270357,1,1,1998,26,26,26,26,26,26,26,26,26,26
270358,1,1,1998,0,0,0,0,0,0,0,0,0,0
270358,2,1,1998,0,0,0,0,0,0,0,0,0,0
270359,1,1,1998,0,0,0,0,0,0,0,0,0,0
270359,2,1,1998,0,0,0,0,0,0,0,0,0,0
270359,3,1,1998,0,0,9,0,0,0,0,0,0,0
270360,1,1,1998,0,0,0,0,0,0,0,0,0,0
270360,2,1,1998,0,0,0,0,0,0,0,0,0,0
270360,3,1,1998,0,0,0,0,0,0,0,0,0,0
270361,1,1,1998,19,19,19,19,19,19,19,19,19,19
270362,1,1,1998,18,18,18,18,18,18,18,18,18,18
270363,1,1,1998,6,6,6,6,6,6,6,6,6,6
270364,0,1,1998,0,0,0,0,0,0,0,0,0,0
270364,1,1,1998,0,0,0,0,0,0,0,0,0,0
270365,1,1,1998,0,0,0,0,0,0,0,0,0,0
270366,1,1,1998,9,9,9,9,9,9,9,9,9,9
270367,1,1,1998,17,17,17,17,17,17,17,17,17,17
270368,0,1,1998,0,0,0,0,0,0,0,0,0,0
270368,1,1,1998,0,0,0,0,0,0,0,0,0,0
270369,0,1,1998,22,22,22,22,22,22,22,22,22,22
270369,1,1,1998,0,0,0,0,0,0,0,0,0,0
270370,1,1,1998,23,23,23,23,23,23,23,23,23,23
270370,2,1,1998,0,0,0,0,0,0,0,9,0,0
270371,1,1,1998,0,0,0,0,0,0,0,0,0,0
270371,2,1,1998,0,0,0,0,0,0,0,0,0,0
270372,1,1,1998,0,0,0,0,0,0,0,0,0,0
270372,2,1,1998,0,0,0,0,0,0,0,0,0,0
270373,1,1,1998,9,9,9,9,9,9,9,9,9,9
270374,1,1,1998,0,0,0,0,0,0,0,0,0,0
270374,2,1,1998,2,2,2,2,2,2,2,2,2,2
270375,1,1,1998,0,0,0,0,0,0,0,0,0,0
270376,1,1,1998,0,0,0,0,0,0,0,0,0,0
270376,2,1,1998,0,0,0,0,0,0,0,0,0,0
270377,1,1,1998,22,22,22,22,22,22,22,22,22,22
270377,2,1,1998,2,2,2,2,2,2,2,2,2,2
270378,1,1,1998,0,0,0,0,0,0,0,0,0,0
270378,2,1,1998,0,0,0,0,0,0,0,0,0,0
270379,1,1,1998,17,17,17,17,17,17,17,17,17,17
270380,1,1,1998,0,0,0,0,0,0,0,0,0,0
270381,1,1,1998,0,0,0,0,3,0,0,0,0,0
270381,2,1,1998,0,0,0,0,0,0,0,0,0,0
270382,1,1,1998,10,10,10,10,10,10,10,10,10,10
270383,1,1,1998,0,0,0,0,0,0,0,0,0,0
270384,1,1,1998,0,0,0,0,0,0,0,0,0,0
270384,2,1,1998,0,0,0,0,0,0,0,0,0,0
270385,1,1,1998,30,30,30,30,30,30,30,30,30,30
270386,0,1,1998,15,15,15,15,15,15,15,15,15,15
270386,1,1,1998,0,0,0,0,0,0,17,0,0,0
270387,1,1,1998,21,21,21,21,21,21,21,21,21,21
270388,0,1,1998,23,23,23,23,23,23,23,23,23,23
270388,1,1,1998,13,13,13,13,13,13,13,13,13,13
270389,1,1,1998,0,0,0,0,0,0,0,0,0,0
270390,1,1,1998,26,26,26,26,26,26,26,26,26,26
270391,1,1,1998,5,5,5,5,5,5,5,5,5,5
270391,2,1,1998,0,0,0,0,0,0,0,0,0,0
270392,1,1,1998,0,0,0,0,0,0,0,0,0,0
270393,0,1,1998,0,0,0,0,0,0,0,0,0,0
270393,1,1,1998,0,0,0,0,0,0,0,0,0,0
270394,1,1,1998,0,0,0,0,0,0,0,0,0,0
270394,2,1,1998,0,0,0,0,0,0,0,0,0,0
270395,1,1,1998,13,13,13,13,13,13,13,13,13,13
270396,1,1,1998,0,0,0,0,0,0,0,0,0,0
270397,1,1,1998,0,0,0,0,0,0,0,0,0,0
270397,2,1,1998,10,0,17,7,17,8,9,3,15,0
270398,1,1,1998,16,16,16,16,16,16,16,16,16,16
270399,1,1,1998,4,4,4,4,4,4,4,4,4,4
270400,1,1,1998,24,24,24,24,24,24,24,24,24,24
270401,1,1,1998,24,24,24,24,24,24,24,24,24,24
270401,2,1,1998,15,15,15,15,15,15,15,15,15,15
270402,1,1,1998,0,0,0,0,0,0,0,0,0,0
270403,1,1,1998,0,0,0,0,0,0,0,0,0,0
270404,1,1,1998,22,0,0,0,0,0,0,0,0,0
270404,2,1,1998,0,0,0,0,3,0,0,0,0,10
270405,1,1,1998,0,0,0,0,0,0,0,0,0,0
270405,2,1,1998,0,0,0,0,0,0,0,0,0,0
270406,1,1,1998,0,0,0,0,0,0,0,0,0,0
270407,1,1,1998,0,0,0,0,0,0,0,0,0,0
270407,2,1,1998,0,0,0,0,0,0,0,0,0,0
270408,1,1,1998,0,0,0,0,0,0,0,0,0,0
270408,2,1,1998,0,0,0,0,0,0,0,0,0,0
270409,1,1,1998,0,0,0,0,0,0,0,0,0,0
270409,2,1,1998,0,0,0,0,0,0,0,0,0,0
270410,0,1,1998,21,21,21,21,21,21,21,21,21,21
270410,1,1,1998,5,5,5,5,5,5,5,5,5,5
270411,1,1,1998,28,28,28,28,28,28,28,28,28,28
270412,1,1,1998,0,0,0,0,0,0,0,0,0,0
270412,2,1,1998,0,0,0,0,0,0,0,0,0,0
270412,3,1,1998,0,0,0,0,0,0,0,0,0,0
270413,1,1,1998,0,0,0,0,0,0,0,0,0,0
270413,2,1,1998,4,4,4,4,4,4,4,4,4,4
270414,1,1,1998,0,0,0,0,0,0,0,0,0,0
270414,2,1,1998,0,0,0,0,0,0,0,0,0,0
270415,1,1,1998,0,0,0,0,0,0,0,0,0,0
270416,1,1,1998,0,0,0,0,0,0,0,0,0,0
270417,1,1,1998,0,0,0,0,0,0,0,0,0,0
270418,1,1,1998,18,18,18,18,18,18,18,18,18,18
270419,1,1,1998,0,0,0,0,0,0,0,0,0,0
270419,2,1,1998,0,0,0,0,0,0,0,0,0,0
270419,3,1,1998,12,0,0,0,0,0,0,0,0,0
270420,1,1,1998,0,0,0,0,0,0,0,0,0,0
270420,2,1,1998,0,0,0,0,0,0,0,0,0,0
270421,1,1,1998,0,0,0,0,0,0,0,0,0,0
270421,2,1,1998,0,0,0,0,0,0,0,0,0,0
270421,3,1,1998,2,2,2,2,2,2,2,2,2,2
270422,1,1,1998,21,21,21,21,21,21,21,21,21,21
270423,1,1,1998,18,18,18,18,18,18,18,18,18,18
270424,1,1,1998,11,11,11,11,11,11,11,11,11,11
270424,2,1,1998,0,0,0,0,0,0,0,0,0,0
270425,1,1,1998,0,0,0,0,0,0,0,0,0,0
270425,2,1,1998,0,0,0,0,0,0,0,0,0,0
270426,0,1,1998,18,18,18,18,18,18,18,18,18,18
270426,1,1,1998,27,27,27,27,27,27,27,27,27,27
270427,1,1,1998,17,17,17,17,17,17,17,17,17,17
270427,2,1,1998,0,0,0,0,0,0,0,0,0,0
270428,1,1,1998,0,0,0,0,0,0,0,0,0,0
270428,2,1,1998,0,0,0,0,0,0,0,0,0,0
270429,1,1,1998,0,0,0,0,0,0,0,0,0,0
270429,2,1,1998,18,18,18,18,18,18,18,18,18,18
270430,1,1,1998,0,0,0,0,0,0,0,0,0,0
270430,2,1,1998,0,0,0,0,0,0,0,0,0,0
270431,1,1,1998,0,0,0,0,0,0,0,0,0,0
270431,2,1,1998,0,0,0,0,0,0,0,0,0,0
270432,1,1,1998,21,21,21,21,21,21,21,21,21,21
270433,1,1,1998,0,0,0,0,0,0,0,0,0,0
270433,2,1,1998,0,0,0,0,0,0,0,0,0,0
270434,1,1,1998,0,0,0,0,0,0,0,0,0,0
270435,0,1,1998,0,0,0,0,0,0,0,0,0,0
270435,1,1,1998,0,0,0,0,0,0,0,0,0,0
270436,1,1,1998,17,17,17,17,17,17,17,17,17,17
270437,1,1,1998,0,0,0,0,0,0,0,0,0,0
270438,1,1,1998,7,7,7,7,7,7,7,7,7,7
270439,0,1,1998,0,0,0,0,0,0,40,0,0,0
270439,2,1,1998,5,5,5,5,5,5,5,5,5,5
270440,1,1,1998,0,0,0,0,0,0,0,0,0,0
270440,2,1,1998,0,0,0,0,0,0,0,0,0,0
270441,1,1,1998,24,24,24,24,24,24,24,24,24,24
270442,1,1,1998,21,21,21,21,21,21,21,21,21,21
270443,1,1,1998,9,9,9,9,9,9,9,9,9,9
270444,1,1,1998,0,0,0,0,0,0,0,0,0,0
270444,2,1,1998,0,14,0,0,0,0,0,0,0,0
270444,3,1,1998,0,0,0,0,0,0,0,0,0,0
270445,1,1,1998,3,3,3,3,3,3,3,3,3,3
270445,2,1,1998,0,0,0,0,0,0,0,0,0,0
270446,0,1,1998,24,24,24,24,24,24,24,24,24,24
270446,1,1,1998,21,21,21,21,21,21,21,21,21,21
270447,1,1,1998,0,0,0,0,0,0,0,0,0,0
270447,2,1,1998,0,0,0,0,0,0,0,0,0,0
270448,1,1,1998,0,0,0,0,0,0,0,0,0,0
270448,2,1,1998,0,0,0,0,0,0,0,0,0,0
270449,1,1,1998,19,19,19,19,19,19,19,19,19,19
270450,1,1,1998,13,13,13,13,13,13,13,13,13,13
270451,0,1,1998,0,0,0,0,0,0,0,0,0,0
270451,1,1,1998,0,0,0,0,0,0,0,0,0,0
270452,1,1,1998,23,23,23,23,23,23,23,23,23,23
270453,1,1,1998,9,19,15,20,9,26,22,13,18,29
270454,1,1,1998,0,0,0,0,0,0,0,0,0,0
270454,2,1,1998,0,0,0,0,0,0,0,0,0,0
270455,0,1,1998,0,0,0,0,0,0,0,0,0,0
270455,1,1,1998,0,0,0,0,0,0,0,0,0,0
270456,1,1,1998,29,29,29,29,29,29,29,29,29,29
270457,1,1,1998,0,0,0,0,0,0,0,0,0,0
270457,2,1,1998,0,0,0,0,0,0,0,0,0,0
270458,1,1,1998,0,0,0,0,0,0,0,0,0,0
270459,1,1,1998,13,13,13,13,13,13,13,13,13,13
270459,2,1,1998,0,0,0,0,0,0,0,0,0,0
270460,0,1,1998,0,0,0,0,0,0,0,0,0,0
270460,1,1,1998,0,0,0,0,0,0,0,0,0,0
270461,1,1,1998,0,0,0,0,0,0,0,0,0,0
270462,1,1,1998,0,0,0,0,0,0,0,0,0,0
270462,2,1,1998,0,0,0,0,0,0,0,0,0,0
270463,1,1,1998,0,0,0,0,0,0,0,0,0,0
270463,2,1,1998,0,0,0,0,0,0,0,0,0,0
270464,1,1,1998,0,0,0,0,0,0,0,0,0,0
270465,1,1,1998,0,0,0,0,0,0,0,0,0,0
270465,2,1,1998,0,0,0,0,0,0,0,0,0,0
270466,1,1,1998,0,0,0,0,0,0,0,0,0,0
270466,2,1,1998,0,0,0,0,0,0,0,0,0,0
270467,0,1,1998,0,0,0,0,0,0,0,0,0,0
270467,1,1,1998,0,0,0,0,0,0,0,0,0,0
270468,1,1,1998,0,0,0,0,0,0,0,0,0,0
270468,2,1,1998,0,0,0,0,0,0,0,0,0,0
270468,3,1,1998,0,0,9,0,0,9,0,2,0,9
270469,1,1,1998,1,1,1,1,1,1,1,1,1,1
270469,2,1,1998,0,0,0,0,0,0,0,0,0,0
270469,3,1,1998,0,0,0,0,0,0,0,0,0,0
270469,4,1,1998,0,0,0,0,0,0,0,0,0,0
270470,1,1,1998,23,23,23,23,23,23,23,23,23,23
270471,1,1,1998,0,0,0,0,0,0,0,0,0,0
270471,2,1,1998,0,0,0,0,0,0,0,0,0,0
270471,3,1,1998,0,0,0,0,0,6,0,0,0,0
270472,1,1,1998,0,0,0,0,0,0,0,0,0,0
270472,2,1,1998,0,0,0,0,0,0,0,0,0,0
270473,1,1,1998,0,0,0,0,0,0,0,0,0,0
270473,2,1,1998,25,25,25,25,25,25,25,25,25,25
270474,1,1,1998,12,12,12,12,12,12,12,12,12,12
270474,2,1,1998,15,15,15,15,15,15,15,15,15,15
270475,1,1,1998,0,0,0,0,0,0,0,0,0,0
270476,1,1,1998,0,0,0,0,0,0,0,0,0,0
270476,2,1,1998,0,0,0,0,0,0,0,0,0,0
270477,1,1,1998,0,0,0,0,0,0,0,0,0,0
270477,2,1,1998,0,0,0,0,0,0,0,0,0,0
270478,1,1,1998,0,0,0,0,0,0,0,0,0,0
270479,1,1,1998,0,0,0,0,0,0,0,0,0,0
270479,2,1,1998,0,0,0,0,0,0,0,0,0,0
270480,1,1,1998,0,0,0,0,0,0,0,0,0,0
270481,1,1,1998,0,0,0,0,0,0,0,0,0,0
270481,2,1,1998,23,23,23,23,23,23,23,23,23,23
270482,1,1,1998,16,16,16,16,16,16,16,16,16,16
270483,0,1,1998,17,17,17,17,17,17,17,17,17,17
270483,1,1,1998,0,0,0,0,0,0,0,0,0,0
270484,0,1,1998,0,0,0,0,0,0,0,0,0,0
270484,1,1,1998,1,1,1,1,1,1,1,1,1,1
270485,1,1,1998,0,0,0,0,0,0,0,0,0,0
270485,2,1,1998,0,0,0,0,0,0,0,0,0,0
270486,1,1,1998,0,0,0,0,0,0,0,0,0,0
270486,2,1,1998,0,0,0,0,0,0,0,0,0,0
270487,1,1,1998,0,0,0,0,0,0,0,0,0,0
270487,2,1,1998,0,0,0,0,0,0,0,0,0,0
270488,1,1,1998,1,1,1,1,1,1,1,1,1,1
270488,2,1,1998,0,0,0,0,0,0,0,0,0,0
270489,1,1,1998,0,0,0,0,0,0,0,0,0,0
270490,1,1,1998,0,0,0,0,0,0,0,0,0,0
270490,2,1,1998,0,0,0,0,0,0,0,0,0,0
270491,1,1,1998,0,0,0,0,0,0,0,0,0,0
270491,2,1,1998,0,0,0,0,0,0,0,0,0,0
270492,1,1,1998,0,0,0,0,0,0,0,0,0,0
270493,1,1,1998,15,15,15,15,15,15,15,15,15,15
270494,1,1,1998,0,0,0,0,0,0,0,0,0,0
270495,1,1,1998,7,7,7,7,7,7,7,7,7,7
270495,2,1,1998,0,0,0,0,0,0,0,0,0,0
270496,1,1,1998,0,0,0,0,0,0,0,0,0,0
270496,2,1,1998,0,0,0,0,0,0,0,0,0,0
270497,1,1,1998,0,0,0,0,0,0,0,0,0,0
270497,2,1,1998,0,0,0,0,0,0,0,0,0,0
270498,1,1,1998,0,0,0,0,0,0,0,0,0,0
270499,1,1,1998,20,20,20,20,20,20,20,20,20,20
270500,1,1,1998,0,0,0,0,0,0,0,0,0,0
270500,2,1,1998,0,0,0,0,0,0,0,0,0,0
270501,1,1,1998,15,15,15,15,15,15,15,15,15,15
270502,1,1,1998,5,5,5,5,5,5,5,5,5,5
270502,2,1,1998,0,0,0,0,0,0,0,0,0,0
270503,0,1,1998,0,0,0,0,0,0,0,0,0,0
270503,1,1,1998,0,0,0,0,0,0,0,0,0,0
270504,1,1,1998,0,0,0,0,0,0,0,0,0,0
270504,2,1,1998,0,0,13,0,0,0,14,0,0,0
270505,1,1,1998,12,12,12,12,12,12,12,12,12,12
270506,0,1,1998,0,0,0,0,0,0,0,0,0,0
270506,0,2,1998,0,0,0,0,0,0,0,0,0,0
270506,0,3,1998,0,0,0,0,0,0,0,0,0,0
270506,0,4,1998,0,0,0,0,0,0,0,0,0,0
270506,0,5,1998,0,0,0,0,0,0,0,0,0,0
270506,0,6,1998,0,0,0,0,0,0,0,0,0,0
270506,0,7,1998,0,0,0,0,0,0,0,0,0,0