ST_CASE,VEH_NO,PER_NO,YEAR,P1,P2,P3,P4,P5,P6,P7,P8,P9,P10
280521,1,1,1998,0,0,0,0,0,0,0,0,21,0
280522,1,1,1998,0,0,0,0,0,0,0,0,0,0
280522,2,1,1998,16,16,16,16,16,16,16,16,16,16
280523,1,1,1998,0,0,0,0,0,0,0,0,0,0
280523,2,1,1998,0,0,0,0,0,0,0,0,0,0
280524,1,1,1998,0,6,24,35,0,18,0,13,13,0
280525,1,1,1998,0,0,0,0,0,0,0,0,0,0
280525,2,1,1998,5,5,5,5,5,5,5,5,5,5
280526,1,1,1998,0,0,0,0,0,2,0,0,0,0
280527,1,1,1998,17,17,17,17,17,17,17,17,17,17
280528,1,1,1998,0,0,0,0,0,0,0,0,0,0
280528,2,1,1998,0,0,0,0,0,0,0,0,0,0
280529,1,1,1998,27,17,0,29,6,0,14,14,0,0
280530,1,1,1998,0,0,0,0,0,0,0,0,0,0
280531,1,1,1998,14,14,14,14,14,14,14,14,14,14
280532,1,1,1998,0,23,18,0,0,0,0,0,29,0
280533,1,1,1998,0,0,0,0,0,0,0,9,0,0
280534,1,1,1998,22,22,22,22,22,22,22,22,22,22
280535,1,1,1998,12,0,0,6,0,0,19,14,15,0
280535,2,1,1998,0,15,18,0,0,0,16,0,0,0
280536,1,1,1998,0,0,0,0,0,0,0,0,0,0
280537,1,1,1998,12,0,0,0,0,0,0,22,0,31
280538,1,1,1998,19,19,19,19,19,19,19,19,19,19
280539,1,1,1998,18,18,18,18,18,18,18,18,18,18
280539,2,1,1998,0,0,0,0,0,0,0,0,8,0
280540,1,1,1998,0,0,0,0,0,0,0,0,0,0
280540,2,1,1998,0,0,0,0,0,0,0,0,0,0
280541,1,1,1998,0,0,8,10,0,17,12,17,34,0
280542,1,1,1998,15,15,15,15,15,15,15,15,15,15
280543,1,1,1998,15,0,0,10,5,0,19,0,16,0
280544,1,1,1998,0,0,0,18,0,0,0,0,0,9
280544,2,1,1998,0,0,0,0,0,0,0,0,0,0
280545,1,1,1998,0,0,0,0,0,0,0,0,0,6
280545,2,1,1998,0,0,0,0,0,0,0,0,0,0
280546,1,1,1998,0,0,0,0,0,0,0,0,0,0
280546,2,1,1998,0,0,0,0,0,0,0,0,0,0
280547,1,1,1998,34,24,28,0,12,22,39,23,7,23
280548,1,1,1998,0,0,0,0,0,0,0,0,0,0
280548,2,1,1998,0,0,34,0,0,0,0,0,0,0
280548,3,1,1998,0,0,0,0,0,0,0,0,0,0
280549,0,1,1998,0,0,0,0,0,0,0,0,0,0
280549,1,1,1998,0,0,0,0,0,0,0,0,0,0
280550,1,1,1998,0,0,15,8,0,13,0,17,16,0
280551,1,1,1998,0,0,0,0,0,0,0,0,0,0
280552,1,1,1998,0,0,0,0,0,0,0,0,0,9
280553,1,1,1998,0,0,0,0,0,0,0,0,0,0
280554,0,1,1998,0,0,0,0,0,0,0,0,0,0
280554,1,1,1998,0,0,0,0,0,0,0,0,0,0
280555,0,1,1998,0,0,38,36,6,33,12,0,0,0
280555,1,1,1998,0,9,0,0,0,0,0,0,9,0
280556,1,1,1998,0,0,15,10,0,3,2,0,7,13
280556,2,1,1998,0,0,0,21,25,0,9,24,0,0
280556,3,1,1998,0,0,0,8,0,0,0,0,0,0
280557,0,1,1998,0,0,0,0,0,0,0,0,0,0
280557,1,1,1998,0,0,0,0,0,0,0,0,0,0
280558,1,1,1998,0,0,0,0,0,0,0,0,7,0
280558,2,1,1998,0,0,0,0,0,0,0,0,0,0
280559,1,1,1998,0,0,10,14,0,0,0,0,0,0
280560,1,1,1998,27,27,27,27,27,27,27,27,27,27
280561,1,1,1998,21,22,8,17,17,0,20,16,23,10
280562,1,1,1998,0,0,0,0,0,0,0,0,0,0
280562,2,1,1998,0,0,19,0,0,0,0,9,0,0
280563,1,1,1998,0,0,0,0,0,0,0,0,0,0
280564,1,1,1998,0,0,0,0,0,0,0,0,0,0
280565,1,1,1998,0,0,0,0,0,0,0,0,0,0
280565,2,1,1998,1,1,1,1,1,1,1,1,1,1
280566,1,1,1998,0,0,0,0,0,0,0,0,0,0
280566,2,1,1998,0,0,0,0,0,0,0,0,0,0
280567,0,1,1998,34,34,34,34,34,34,34,34,34,34
280567,1,1,1998,0,0,0,0,0,0,0,0,0,0
280568,1,1,1998,0,0,0,0,0,0,0,0,0,0
280569,1,1,1998,0,0,0,0,0,0,0,0,0,0
280570,1,1,1998,0,0,0,0,0,0,0,18,0,0
280571,1,1,1998,0,0,0,0,0,0,0,0,0,0
280571,2,1,1998,0,0,0,0,0,0,0,0,0,0
280571,3,1,1998,0,0,0,0,0,0,0,0,0,0
280571,4,1,1998,0,0,0,0,0,0,0,0,0,0
280572,1,1,1998,22,22,22,22,22,22,22,22,22,22
280572,2,1,1998,0,0,0,0,0,0,0,0,0,0
280573,1,1,1998,26,0,0,0,0,19,16,23,0,15
280574,1,1,1998,0,0,0,0,0,0,0,0,0,0
280574,2,1,1998,0,0,0,0,0,0,0,0,0,0
280574,3,1,1998,0,0,0,0,0,0,0,0,0,0
280575,1,1,1998,14,0,0,0,0,0,0,0,0,14
280575,2,1,1998,0,0,0,0,0,0,0,0,0,0
280576,1,1,1998,33,15,16,17,21,26,11,34,0,19
280577,1,1,1998,0,0,0,0,3,0,10,0,0,12
280577,2,1,1998,9,5,0,0,0,0,0,0,21,0
280577,3,1,1998,0,0,0,0,0,0,0,0,0,0
280578,1,1,1998,1,1,1,1,1,1,1,1,1,1
280579,1,1,1998,0,3,0,0,0,0,0,0,0,0
280579,2,1,1998,18,17,0,0,8,19,0,0,5,14
280580,1,1,1998,0,0,0,0,0,0,0,0,0,0
280580,2,1,1998,3,3,3,3,3,3,3,3,3,3
280581,1,1,1998,0,16,0,10,0,0,0,0,0,0
280582,1,1,1998,0,0,0,0,0,0,0,0,0,0
280582,2,1,1998,0,0,0,0,0,0,0,0,0,0
280583,1,1,1998,36,36,36,36,36,36,36,36,36,36
280584,1,1,1998,0,0,0,0,0,0,0,0,0,0
280584,2,1,1998,0,0,0,0,0,0,0,0,0,0
280584,3,1,1998,0,0,0,0,0,0,0,0,0,0
280585,1,1,1998,0,0,0,0,0,0,0,0,0,0
280585,2,1,1998,0,0,0,0,0,0,0,0,0,0
280586,1,1,1998,0,0,0,0,0,0,0,0,0,0
280586,2,1,1998,0,0,0,0,0,0,0,0,0,0
280587,0,1,1998,22,22,22,22,22,22,22,22,22,22
280587,1,1,1998,0,0,0,0,0,0,0,0,0,0
280588,1,1,1998,15,15,15,15,15,15,15,15,15,15
280589,1,1,1998,24,24,24,24,24,24,24,24,24,24
280589,2,1,1998,40,40,40,40,40,40,40,40,40,40
280590,1,1,1998,0,0,0,0,0,0,0,0,0,0
280590,2,1,1998,0,0,0,0,0,0,0,0,0,0
280591,1,1,1998,0,0,0,0,0,0,0,0,0,0
280591,2,1,1998,0,0,0,0,0,0,0,0,0,0
280591,3,1,1998,0,0,0,0,0,0,0,0,0,0
280591,4,1,1998,0,0,0,0,0,0,0,0,0,0
280592,1,1,1998,0,0,0,0,0,0,21,0,0,0
280593,1,1,1998,0,0,0,0,0,0,0,0,0,0
280593,2,1,1998,0,0,0,0,0,0,0,0,0,0
280594,1,1,1998,29,21,19,0,14,0,11,0,11,18
280595,1,1,1998,0,0,0,0,0,0,0,0,0,0
280596,1,1,1998,0,0,0,0,0,0,0,0,0,0
280596,2,1,1998,0,0,0,0,0,0,0,0,0,0
280597,1,1,1998,0,0,0,0,0,0,0,0,0,0
280597,2,1,1998,0,0,0,0,0,0,0,0,0,0
280598,1,1,1998,0,0,0,0,0,0,0,0,0,0
280598,2,1,1998,0,0,0,0,0,0,0,0,0,0
280598,3,1,1998,0,0,0,0,0,0,0,0,0,0
280598,4,1,1998,7,0,0,0,0,0,0,19,0,0
280599,1,1,1998,17,17,17,17,17,17,17,17,17,17
280600,1,1,1998,0,0,0,0,0,0,0,0,0,0
280600,2,1,1998,0,0,0,0,0,0,0,0,0,0
280600,3,1,1998,0,0,0,0,0,0,0,0,0,0
280601,1,1,1998,0,12,0,0,8,0,0,11,0,28
280602,1,1,1998,0,0,0,0,0,0,0,0,0,0
280603,1,1,1998,0,0,0,0,0,0,0,0,0,0
280603,2,1,1998,0,0,0,0,0,0,0,0,0,0
280604,1,1,1998,0,0,0,0,0,0,0,0,0,0
280604,2,1,1998,0,0,0,0,0,0,0,0,0,0
280605,1,1,1998,0,0,0,0,0,0,0,0,0,0
280605,2,1,1998,0,0,0,0,0,0,0,0,0,0
280606,1,1,1998,23,22,23,25,0,40,19,27,10,0
280607,1,1,1998,11,0,5,0,7,0,5,22,2,11
280608,1,1,1998,0,0,0,18,0,0,0,16,0,0
280609,1,1,1998,0,0,0,32,0,25,17,22,11,13
280610,1,1,1998,14,14,14,14,14,14,14,14,14,14
280611,1,1,1998,0,0,0,0,0,0,5,0,0,0
280611,2,1,1998,0,0,0,0,0,0,0,0,0,0
280612,1,1,1998,0,0,0,0,0,0,0,0,0,0
280612,2,1,1998,24,21,13,18,13,0,0,14,0,0
280613,1,1,1998,18,18,18,18,18,18,18,18,18,18
280614,1,1,1998,0,0,0,0,0,0,0,0,0,0
280614,2,1,1998,0,0,0,0,0,0,0,0,0,0
280615,0,1,1998,0,0,0,0,0,0,0,0,0,0
280615,1,1,1998,0,0,0,0,0,0,0,0,0,0
280616,1,1,1998,24,24,24,24,24,24,24,24,24,24
280616,2,1,1998,0,0,0,0,0,0,0,0,0,0
280617,1,1,1998,0,0,0,0,0,11,0,0,0,0
280618,0,1,1998,18,22,14,0,19,0,18,7,38,0
280618,1,1,1998,24,19,0,0,0,0,0,0,9,0
280619,1,1,1998,8,8,8,8,8,8,8,8,8,8
280619,2,1,1998,0,0,0,0,0,0,0,0,0,0
280620,1,1,1998,0,0,0,0,0,0,0,0,0,0
280620,2,1,1998,0,0,0,0,0,0,0,0,0,0
280621,1,1,1998,0,0,0,0,0,0,0,0,0,0
280621,2,1,1998,13,13,13,13,13,13,13,13,13,13
280622,1,1,1998,0,0,0,0,0,0,12,0,0,0
280623,1,1,1998,0,0,0,0,0,0,0,0,0,0
280623,2,1,1998,0,0,0,0,0,0,0,0,0,0
280624,1,1,1998,0,0,0,0,0,0,0,0,0,0
280625,1,1,1998,0,0,0,0,0,0,0,0,0,0
280625,2,1,1998,0,0,0,0,0,0,0,0,0,0
280626,1,1,1998,11,11,11,11,11,11,11,11,11,11
280627,1,1,1998,0,0,5,18,0,14,0,0,10,13
280628,1,1,1998,0,0,19,19,19,0,9,9,15,0
280629,1,1,1998,0,0,0,0,0,0,0,0,0,0
280629,2,1,1998,0,0,0,0,0,0,0,0,0,0
280630,1,1,1998,0,0,19,20,0,6,0,0,13,12
280631,1,1,1998,0,0,0,0,0,0,0,0,0,0
280632,1,1,1998,8,17,11,0,0,0,0,0,0,0
280633,1,1,1998,0,6,0,0,0,0,0,0,0,0
280633,2,1,1998,0,0,0,0,0,0,0,0,0,0
280634,1,1,1998,0,0,0,0,0,0,0,0,0,7
280635,1,1,1998,29,29,29,29,29,29,29,29,29,29
280635,2,1,1998,29,29,29,29,29,29,29,29,29,29
280636,1,1,1998,8,8,8,8,8,8,8,8,8,8
280637,1,1,1998,0,0,0,0,0,0,0,0,0,0
280637,2,1,1998,0,0,0,0,0,0,0,0,0,0
280637,3,1,1998,0,0,0,0,0,0,0,0,0,0
280638,1,1,1998,0,0,0,0,11,19,0,0,0,7
280638,2,1,1998,2,15,5,0,0,16,15,0,9,0
280639,0,1,1998,0,0,0,0,0,0,0,0,0,0
280639,1,1,1998,0,0,0,0,0,0,9,0,0,0
280640,1,1,1998,0,0,0,0,0,0,16,0,0,0
280640,2,1,1998,0,0,0,25,0,14,0,0,0,23
280641,1,1,1998,0,0,0,0,0,0,0,0,0,8
280641,2,1,1998,0,0,0,0,0,0,11,0,0,0
280642,1,1,1998,0,0,0,0,0,0,0,0,0,0
280642,2,1,1998,0,0,0,0,0,0,0,0,0,0
280643,1,1,1998,0,0,0,0,0,0,0,0,0,0
280643,2,1,1998,19,19,19,19,19,19,19,19,19,19
280643,3,1,1998,0,0,0,0,0,0,0,0,0,0
280644,1,1,1998,0,0,22,0,0,23,0,0,0,0
280644,2,1,1998,0,0,0,0,0,12,0,0,0,0
280645,1,1,1998,12,12,12,12,12,12,12,12,12,12
280646,1,1,1998,0,10,0,0,0,0,0,0,0,0
280646,2,1,1998,0,0,0,16,0,0,0,0,0,0
280647,1,1,1998,4,4,4,4,4,4,4,4,4,4
280647,2,1,1998,0,0,0,0,0,0,0,0,0,0
280647,3,1,1998,0,0,0,0,0,0,0,0,0,0
280648,0,1,1998,0,0,0,0,0,0,0,0,0,0
280648,1,1,1998,0,9,9,12,0,0,0,0,0,0
280649,1,1,1998,0,0,0,0,0,0,0,0,0,0
280649,2,1,1998,0,0,0,0,0,0,0,0,0,0
280649,3,1,1998,0,0,0,0,0,0,0,0,0,0
280650,1,1,1998,14,14,14,14,14,14,14,14,14,14
280651,1,1,1998,0,0,0,0,0,0,0,0,0,0
280651,2,1,1998,0,0,0,0,0,0,0,0,0,0
280652,1,1,1998,0,0,0,0,0,0,0,0,0,0
280652,2,1,1998,0,0,0,0,0,0,0,0,0,0
280653,1,1,1998,10,10,10,10,10,10,10,10,10,10
280654,1,1,1998,0,0,0,0,0,0,0,0,0,0
280655,1,1,1998,0,0,0,0,12,0,0,0,11,0
280655,2,1,1998,22,0,0,0,9,15,8,15,20,0
280656,1,1,1998,14,14,14,14,14,14,14,14,14,14
280657,1,1,1998,0,0,0,0,0,0,0,0,0,0
280657,2,1,1998,21,21,21,21,21,21,21,21,21,21
280658,1,1,1998,10,10,10,10,10,10,10,10,10,10
280658,2,1,1998,0,0,0,0,0,0,0,0,0,0
280659,1,1,1998,6,6,6,6,6,6,6,6,6,6
280659,2,1,1998,10,10,10,10,10,10,10,10,10,10
280660,1,1,1998,16,16,16,16,16,16,16,16,16,16
280660,2,1,1998,17,17,17,17,17,17,17,17,17,17
280661,1,1,1998,5,9,3,7,0,17,0,12,27,0
280662,1,1,1998,0,34,0,32,18,0,9,0,0,24
280663,1,1,1998,27,0,16,12,21,31,12,25,14,28
280664,1,1,1998,19,19,19,19,19,19,19,19,19,19
280665,1,1,1998,0,0,0,0,0,0,0,0,0,0
280666,1,1,1998,24,12,0,22,16,19,7,3,17,18
280667,1,1,1998,0,7,7,21,22,14,15,11,22,12
280668,1,1,1998,22,22,22,22,22,22,22,22,22,22
280669,1,1,1998,0,0,0,0,0,0,0,0,18,0
280670,1,1,1998,17,0,0,15,0,0,5,12,35,0
280671,1,1,1998,0,0,0,0,0,0,0,0,0,0
280672,1,1,1998,0,0,0,0,0,0,0,0,0,0
280672,2,1,1998,0,0,0,0,0,0,0,0,0,0
280673,1,1,1998,17,17,17,17,17,17,17,17,17,17
280674,1,1,1998,0,0,0,14,0,0,0,0,0,0
280674,2,1,1998,0,0,0,0,0,0,0,0,0,0
280674,3,1,1998,0,0,0,0,0,0,0,0,0,0
280675,1,1,1998,0,0,0,0,0,3,14,0,15,0
280675,2,1,1998,0,0,0,0,0,0,0,0,0,0
280676,0,1,1998,0,0,0,0,0,0,0,0,0,0
280676,1,1,1998,15,3,0,0,0,0,12,0,0,18
280677,1,1,1998,16,16,16,16,16,16,16,16,16,16
280678,0,1,1998,0,10,7,26,0,22,8,0,7,29
280678,1,1,1998,0,0,0,0,0,0,0,0,0,0
280679,1,1,1998,20,20,20,20,20,20,20,20,20,20
280680,1,1,1998,21,21,21,21,21,21,21,21,21,21
280681,1,1,1998,0,0,0,0,0,0,0,0,0,0
280682,0,1,1998,32,0,0,0,0,0,0,0,0,0
280682,1,1,1998,0,0,0,0,8,33,0,12,7,17
280683,1,1,1998,18,18,18,18,18,18,18,18,18,18
280684,1,1,1998,0,0,0,0,0,0,0,0,0,0
280684,2,1,1998,0,0,0,0,0,0,0,0,0,0
280685,1,1,1998,0,22,0,0,0,0,0,0,4,0
280686,1,1,1998,0,0,0,0,0,0,0,0,0,0
280687,1,1,1998,0,0,0,0,0,0,0,0,0,0
280688,1,1,1998,0,0,0,0,0,0,0,0,0,0
280688,2,1,1998,0,0,0,0,0,0,0,0,0,0
280689,1,1,1998,16,16,16,16,16,16,16,16,16,16
280689,2,1,1998,14,14,14,14,14,14,14,14,14,14
280690,1,1,1998,0,0,0,0,4,0,0,0,0,0
280690,2,1,1998,26,11,0,0,0,20,0,0,13,0
280691,1,1,1998,0,0,7,0,16,0,19,0,0,19
280692,1,1,1998,19,29,23,5,24,23,16,20,0,0
280693,1,1,1998,18,18,18,18,18,18,18,18,18,18
280694,1,1,1998,0,0,0,0,0,0,0,0,0,0
280694,2,1,1998,0,0,0,0,0,0,0,0,0,0
280695,1,1,1998,0,0,0,0,0,0,0,0,0,0
280696,1,1,1998,20,20,20,20,20,20,20,20,20,20
280696,2,1,1998,0,0,0,0,0,0,0,0,0,0
280697,1,1,1998,10,10,10,10,10,10,10,10,10,10
280698,1,1,1998,0,0,0,0,0,0,0,0,0,0
280698,2,1,1998,0,0,0,0,0,0,0,0,0,0
280698,3,1,1998,0,0,0,0,0,0,0,0,0,0
280699,1,1,1998,3,3,3,3,3,3,3,3,3,3
280700,1,1,1998,0,0,0,0,0,0,0,0,0,0
280700,2,1,1998,0,0,0,0,0,0,0,5,0,0
280701,1,1,1998,0,0,0,0,0,0,0,0,0,0
280702,1,1,1998,0,0,0,0,0,0,0,0,0,0
280702,2,1,1998,0,0,0,0,0,0,0,0,0,0
280703,1,1,1998,0,0,0,0,0,0,0,0,0,0
280704,1,1,1998,0,0,0,0,6,0,0,0,0,0
280704,2,1,1998,0,0,0,0,0,0,0,0,0,11
280705,1,1,1998,0,0,0,0,0,0,0,0,0,0
280705,2,1,1998,0,0,0,0,17,0,0,0,0,0
280706,1,1,1998,0,0,0,0,0,0,0,0,0,0
280707,1,1,1998,17,17,17,17,17,17,17,17,17,17
280708,0,1,1998,17,0,15,28,16,6,21,0,17,0
280708,1,1,1998,0,3,0,0,0,0,0,0,11,5
280709,1,1,1998,14,14,14,14,14,14,14,14,14,14
280710,1,1,1998,0,0,0,0,0,0,0,0,0,0
280710,2,1,1998,0,0,0,0,0,0,0,0,0,0
280711,1,1,1998,0,0,0,0,0,0,0,0,0,0
280711,2,1,1998,0,0,0,0,0,0,0,0,0,0
280712,1,1,1998,0,0,0,0,0,0,0,0,0,0
280713,0,1,1998,20,0,0,0,68,0,19,0,0,0
280713,1,1,1998,24,6,0,8,0,0,9,0,0,8
280714,1,1,1998,0,9,0,0,0,0,0,0,0,0
280715,1,1,1998,0,0,0,0,0,0,0,0,0,0
280716,1,1,1998,0,0,0,0,0,0,0,0,0,0
280716,2,1,1998,0,0,0,0,0,0,0,0,0,0
280717,1,1,1998,0,0,0,0,0,0,0,0,0,0
280718,1,1,1998,0,0,0,0,0,0,0,0,0,0
280719,1,1,1998,14,0,16,0,0,25,17,18,22,0
280720,0,1,1998,0,0,0,0,4,0,0,0,0,0
280720,1,1,1998,0,0,0,0,0,0,0,0,0,0
280721,1,1,1998,0,0,0,0,0,0,0,0,0,0
280722,1,1,1998,0,0,0,0,0,0,0,0,0,0
280723,1,1,1998,14,4,16,0,0,17,0,0,0,5
280723,2,1,1998,0,0,0,0,21,0,0,0,0,0
280724,1,1,1998,0,0,0,0,0,0,27,0,0,0
280725,1,1,1998,0,0,0,0,0,0,0,0,0,0
280726,1,1,1998,0,0,0,0,0,0,0,0,0,0
280726,2,1,1998,0,0,0,0,0,0,0,0,0,0
280727,1,1,1998,0,0,0,0,0,0,0,25,0,23
280728,1,1,1998,6,6,6,6,6,6,6,6,6,6
280729,1,1,1998,15,15,15,15,15,15,15,15,15,15
280730,1,1,1998,0,0,0,0,0,0,0,0,0,0
280730,2,1,1998,0,0,0,0,0,0,0,0,0,0
280731,1,1,1998,0,0,0,0,0,0,0,0,0,0
280731,2,1,1998,0,0,0,0,0,0,0,0,0,0
280732,1,1,1998,0,27,0,0,0,16,0,0,0,0
280732,2,1,1998,0,0,0,0,0,0,0,0,10,0
280733,1,1,1998,0,0,0,0,0,0,0,0,0,0
280734,1,1,1998,0,0,0,0,0,0,0,0,0,0
280734,2,1,1998,0,0,0,0,0,0,0,0,0,0
280734,3,1,1998,0,0,0,0,0,0,0,0,0,0
280735,1,1,1998,0,0,0,0,0,0,0,0,0,0
280735,2,1,1998,13,13,13,13,13,13,13,13,13,13
280735,3,1,1998,0,0,0,0,0,0,0,0,0,0
280736,0,1,1998,0,0,0,0,0,0,0,0,0,0
280736,1,1,1998,0,0,0,0,0,0,0,0,0,0
280737,1,1,1998,29,21,0,0,0,16,27,18,13,0
280737,2,1,1998,0,0,0,0,0,0,0,0,0,0
280738,0,1,1998,0,0,0,0,0,0,0,0,0,0
280738,1,1,1998,0,0,0,0,0,0,0,0,0,0
280739,1,1,1998,0,0,0,0,0,0,0,0,0,0
280740,1,1,1998,0,0,0,0,0,0,0,0,0,0
280741,1,1,1998,0,0,0,0,0,0,0,0,0,0
280741,2,1,1998,0,0,0,0,0,0,0,0,0,0
280741,3,1,1998,0,0,0,0,0,0,0,0,0,0
280742,1,1,1998,23,23,23,23,23,23,23,23,23,23
280743,1,1,1998,0,0,0,0,0,0,0,0,0,0
280744,1,1,1998,0,0,0,0,0,0,0,0,0,0
280744,2,1,1998,12,12,12,12,12,12,12,12,12,12
280745,1,1,1998,17,17,17,17,17,17,17,17,17,17
280746,1,1,1998,16,16,16,16,16,16,16,16,16,16
280746,2,1,1998,13,13,13,13,13,13,13,13,13,13
280747,1,1,1998,0,0,0,0,0,0,0,0,0,0
280747,2,1,1998,0,0,0,0,0,0,0,0,0,0
280748,1,1,1998,0,40,26,5,16,26,9,21,12,0
280749,0,1,1998,24,24,24,24,24,24,24,24,24,24
280749,1,1,1998,0,0,14,10,5,0,0,7,0,0
280750,1,1,1998,0,0,0,0,0,0,0,0,0,0
280750,2,1,1998,0,0,0,0,0,0,0,0,0,0
280751,1,1,1998,0,0,0,0,0,0,0,0,0,0
280751,2,1,1998,1,1,1,1,1,1,1,1,1,1
280752,1,1,1998,0,0,0,0,0,0,0,0,0,0
280753,1,1,1998,0,0,0,0,0,0,0,0,0,0
280754,0,1,1998,0,0,0,0,0,0,0,0,0,0
280754,1,1,1998,0,0,0,0,0,0,0,0,0,0
280755,1,1,1998,0,0,0,0,0,0,0,0,0,0
280755,2,1,1998,0,0,0,0,0,0,0,0,0,0
280756,1,1,1998,5,5,5,5,5,5,5,5,5,5
280757,1,1,1998,14,20,29,13,21,19,23,14,26,30
280758,1,1,1998,12,12,12,12,12,12,12,12,12,12
280759,1,1,1998,0,0,0,0,0,0,0,0,0,0
280759,2,1,1998,0,0,0,0,0,0,0,0,0,0
280760,1,1,1998,0,0,18,0,0,0,0,0,0,0
280760,2,1,1998,0,0,0,0,0,0,0,0,0,0
280761,0,1,1998,28,0,0,15,0,18,9,40,15,0
280761,1,1,1998,8,0,0,0,0,0,0,0,0,0
280762,1,1,1998,15,15,15,15,15,15,15,15,15,15
280763,1,1,1998,0,0,0,0,0,0,0,0,0,0
280763,2,1,1998,0,0,0,0,0,0,0,0,0,0
280764,1,1,1998,0,0,0,0,0,0,0,0,0,0
280764,2,1,1998,0,0,0,0,0,0,0,0,0,0
280765,1,1,1998,14,14,14,14,14,14,14,14,14,14
280766,1,1,1998,0,0,0,0,0,0,0,0,0,0
280766,2,1,1998,0,0,0,0,0,0,0,0,0,0
280767,1,1,1998,12,12,12,12,12,12,12,12,12,12
280768,1,1,1998,16,12,20,4,17,0,0,0,28,0
280769,1,1,1998,0,11,0,10,0,0,0,0,0,0
280769,2,1,1998,0,0,15,0,4,0,0,0,0,0
280770,0,1,1998,0,0,0,0,0,0,0,0,0,0
280770,1,1,1998,0,0,0,0,0,0,0,0,0,0
280771,0,1,1998,0,0,0,0,0,0,0,0,0,0
280771,1,1,1998,0,0,0,0,0,0,0,7,0,0
280772,0,1,1998,14,6,0,0,0,0,0,0,0,0
280772,1,1,1998,0,5,0,8,0,0,0,0,0,0
280773,1,1,1998,0,0,0,0,0,0,0,0,0,0
280773,2,1,1998,0,0,0,0,0,0,0,0,0,0
280773,3,1,1998,0,0,0,6,0,0,0,0,0,0
280773,4,1,1998,16,0,0,0,0,0,0,0,0,0
280773,5,1,1998,0,0,0,0,0,0,0,0,0,0
280774,1,1,1998,0,0,12,0,0,0,0,0,17,0
280774,2,1,1998,0,0,0,0,0,25,7,0,14,0
280775,1,1,1998,0,0,0,0,0,0,0,0,0,0
280775,2,1,1998,0,0,0,0,0,0,0,0,0,4
280776,1,1,1998,0,0,0,0,0,0,0,0,0,0
280777,1,1,1998,0,0,0,0,0,0,0,0,0,0
280778,1,1,1998,10,28,10,8,0,0,22,17,0,18
280779,1,1,1998,0,0,0,0,0,0,0,0,0,0
280779,2,1,1998,0,0,0,0,0,0,0,0,0,0
280780,1,1,1998,0,0,0,0,0,0,0,0,0,0
280781,1,1,1998,0,0,0,0,0,0,0,0,0,0
280781,2,1,1998,0,18,0,8,0,0,0,0,0,0
280782,1,1,1998,0,0,0,0,0,0,0,0,0,0
280782,2,1,1998,33,33,33,33,33,33,33,33,33,33
280783,1,1,1998,0,0,0,0,0,12,0,0,0,0
280783,2,1,1998,0,0,0,0,0,0,0,0,0,0
280784,1,1,1998,0,0,0,0,0,0,0,0,0,0
280784,2,1,1998,0,0,0,0,0,0,0,0,0,0
280785,1,1,1998,0,0,0,0,0,0,0,0,0,0
280785,2,1,1998,0,0,0,0,0,0,0,0,0,0
280786,1,1,1998,0,0,0,0,0,0,0,0,0,0
280786,2,1,1998,0,0,0,0,0,0,0,0,0,0
280787,1,1,1998,0,0,0,0,0,0,0,0,0,0
280787,2,1,1998,0,0,0,0,0,0,0,0,0,0
280788,1,1,1998,0,0,0,0,0,0,0,0,0,0
280789,1,1,1998,0,0,0,0,0,0,0,0,0,0
280789,2,1,1998,0,0,0,0,0,0,0,0,0,0
280790,1,1,1998,0,0,0,0,0,0,0,0,0,0
280791,1,1,1998,0,0,0,0,0,0,0,0,0,0
280792,1,1,1998,0,0,0,0,0,0,0,0,0,0
280792,2,1,1998,0,0,0,0,0,0,0,0,0,0
280793,1,1,1998,14,14,14,14,14,14,14,14,14,14
280794,1,1,1998,0,0,0,0,0,0,0,0,0,0
280794,2,1,1998,0,0,0,0,0,0,0,0,0,0
280795,1,1,1998,0,0,0,0,0,0,0,0,0,0
280795,2,1,1998,0,0,0,0,0,0,0,0,0,0
280796,1,1,1998,0,0,0,0,0,39,0,0,19,0
280797,0,1,1998,0,0,0,0,0,0,0,0,0,0
280797,1,1,1998,0,0,0,0,0,0,0,8,0,0
280798,1,1,1998,0,0,0,0,0,0,0,0,0,0
280798,2,1,1998,0,0,0,0,0,0,0,0,0,0
280799,1,1,1998,0,0,0,0,0,0,0,0,0,0
280799,2,1,1998,0,0,0,0,0,0,0,0,0,0
280800,1,1,1998,0,0,0,0,0,0,0,0,0,0
280800,2,1,1998,0,0,0,0,0,0,0,0,0,0
280801,1,1,1998,0,0,0,0,0,0,0,0,0,0
280801,2,1,1998,0,0,0,0,0,0,0,0,0,0
280802,1,1,1998,0,0,0,0,0,0,0,0,0,0
280802,2,1,1998,0,0,0,0,0,0,0,0,0,0
280803,1,1,1998,0,0,7,34,28,0,0,13,15,9
280804,1,1,1998,0,0,0,0,0,0,0,0,0,0
280805,1,1,1998,0,0,0,0,0,0,0,0,0,0
280805,2,1,1998,17,17,17,17,17,17,17,17,17,17
280806,1,1,1998,0,0,0,0,0,0,0,0,0,0
280806,2,1,1998,0,0,0,0,0,0,0,29,0,0
280807,1,1,1998,0,0,15,15,22,0,11,22,0,0