ST_CASE,VEH_NO,PER_NO,YEAR,P1,P2,P3,P4,P5,P6,P7,P8,P9,P10
280808,0,1,1998,0,0,0,0,0,0,0,0,0,0
280808,1,1,1998,0,0,0,0,0,0,0,0,0,0
280809,1,1,1998,0,0,18,0,41,27,0,0,0,0
280809,2,1,1998,16,10,13,22,4,6,0,0,0,14
280810,1,1,1998,12,0,0,0,16,0,0,0,0,14
280810,2,1,1998,0,0,0,3,0,0,0,18,0,0
280811,1,1,1998,0,0,0,0,0,0,0,0,0,0
280812,1,1,1998,0,0,0,0,0,0,0,0,0,0
280812,2,1,1998,0,0,0,0,0,0,0,0,0,0
280813,1,1,1998,16,16,16,16,16,16,16,16,16,16
280814,0,1,1998,0,0,0,0,0,0,0,0,0,0
280814,1,1,1998,0,0,0,0,0,0,0,0,0,0
280815,1,1,1998,0,0,0,0,0,0,0,0,0,0
280815,2,1,1998,0,0,0,0,0,0,0,0,0,0
280816,1,1,1998,0,0,0,0,0,0,0,0,0,0
280817,1,1,1998,0,0,16,0,0,0,0,0,0,9
280818,1,1,1998,39,15,12,15,0,8,0,24,0,25
280818,2,1,1998,13,3,21,0,15,18,7,12,1,0
280819,1,1,1998,28,28,28,28,28,28,28,28,28,28
280820,0,1,1998,14,0,0,30,33,0,0,10,9,20
280820,1,1,1998,0,0,17,0,15,0,0,0,0,0
280821,1,1,1998,0,0,0,0,0,0,0,0,0,0
280821,2,1,1998,0,0,0,0,0,0,0,0,0,0
280821,3,1,1998,0,0,0,0,0,0,0,0,0,0
280822,1,1,1998,0,0,0,0,0,0,0,0,0,0
280823,0,1,1998,19,19,19,19,19,19,19,19,19,19
280823,1,1,1998,8,8,8,8,8,8,8,8,8,8
280824,0,1,1998,0,0,22,30,10,10,18,0,0,0
280824,1,1,1998,0,0,0,0,0,0,0,0,0,0
280825,1,1,1998,0,0,0,0,0,0,0,0,0,0
280825,2,1,1998,0,0,0,0,0,0,0,0,0,0
280826,1,1,1998,0,0,0,0,0,0,0,0,0,0
280826,2,1,1998,0,0,0,0,0,0,0,0,0,0
280827,1,1,1998,16,16,16,16,16,16,16,16,16,16
280828,1,1,1998,17,17,17,17,17,17,17,17,17,17
280829,1,1,1998,0,0,0,0,0,0,0,0,0,0
280829,2,1,1998,16,16,16,16,16,16,16,16,16,16
280830,1,1,1998,22,0,16,19,18,7,0,0,20,0
280831,1,1,1998,0,0,0,0,0,0,0,0,0,0
280831,2,1,1998,0,0,0,0,0,0,0,0,0,0
280832,1,1,1998,0,0,0,0,0,0,0,0,0,0
280832,2,1,1998,0,17,20,0,0,0,13,0,0,0
280833,1,1,1998,0,0,0,34,0,0,0,0,0,0
280833,2,1,1998,0,0,0,0,0,0,0,0,0,0
280834,1,1,1998,0,0,0,0,0,0,0,0,0,0
280834,2,1,1998,0,0,0,0,0,0,0,0,0,0
280835,1,1,1998,0,0,0,0,0,8,13,11,0,22
280836,1,1,1998,19,29,37,18,0,4,16,20,27,17
280837,0,1,1998,0,0,0,0,0,0,0,0,0,0
280837,1,1,1998,20,20,20,20,20,20,20,20,20,20
280838,1,1,1998,0,0,0,0,0,0,34,0,0,0
280838,2,1,1998,0,0,0,0,0,13,0,0,0,38
280839,1,1,1998,0,0,0,0,0,0,0,0,0,0
280840,1,1,1998,0,0,0,0,0,0,0,0,0,0
280841,1,1,1998,0,20,0,14,0,0,0,18,13,17
280842,1,1,1998,0,0,0,0,0,0,0,0,0,0
280843,1,1,1998,0,0,0,0,0,0,18,0,0,0
280843,2,1,1998,0,0,0,0,0,0,0,0,0,0
280844,1,1,1998,10,11,10,0,0,20,0,0,0,9
280844,2,1,1998,0,0,0,0,0,0,0,0,0,0
280845,1,1,1998,0,0,0,0,0,0,0,0,0,0
280845,2,1,1998,0,0,0,0,0,0,9,0,0,0
290001,1,1,1998,16,16,16,16,16,16,16,16,16,16
290001,2,1,1998,9,0,27,0,0,13,4,10,4,0
290002,1,1,1998,16,5,6,8,3,18,24,7,10,9
290003,1,1,1998,2,14,18,2,11,30,22,12,9,24
290004,1,1,1998,24,24,24,24,24,24,24,24,24,24
290005,1,1,1998,0,0,0,0,0,0,0,0,0,0
290006,1,1,1998,23,23,23,23,23,23,23,23,23,23
290007,1,1,1998,2,2,2,2,2,2,2,2,2,2
290008,1,1,1998,22,22,22,22,22,22,22,22,22,22
290009,1,1,1998,19,19,19,19,19,19,19,19,19,19
290010,1,1,1998,6,6,6,6,6,6,6,6,6,6
290011,1,1,1998,0,0,0,0,0,0,0,0,0,6
290012,1,1,1998,0,0,0,0,0,0,0,0,0,0
290012,2,1,1998,0,0,0,0,0,0,0,0,0,0
290013,1,1,1998,0,0,0,0,0,0,0,0,0,0
290014,1,1,1998,0,0,0,0,0,0,0,0,0,0
290015,1,1,1998,0,0,0,0,0,0,0,0,0,0
290016,1,1,1998,23,31,8,0,12,15,30,19,0,9
290017,1,1,1998,0,0,0,0,0,0,0,0,0,0
290018,1,1,1998,0,0,0,0,0,0,0,0,0,0
290018,2,1,1998,0,0,0,19,21,0,0,0,0,0
290019,1,1,1998,0,0,0,0,0,0,0,0,0,0
290019,2,1,1998,0,0,0,0,0,0,0,0,0,6
290020,1,1,1998,0,0,0,0,0,0,0,0,0,0
290020,2,1,1998,6,6,6,6,6,6,6,6,6,6
290021,1,1,1998,16,16,16,16,16,16,16,16,16,16
290022,1,1,1998,0,0,0,0,0,0,0,0,0,0
290023,1,1,1998,0,0,0,0,0,0,0,0,0,0
290023,2,1,1998,0,0,0,0,0,8,0,0,0,0
290024,1,1,1998,0,0,0,0,0,0,0,0,0,0
290025,1,1,1998,0,0,14,0,0,0,0,9,0,0
290026,1,1,1998,0,0,0,0,4,0,0,0,5,8
290027,1,1,1998,18,0,17,0,11,0,0,9,0,9
290028,1,1,1998,0,0,0,0,0,0,0,0,0,0
290028,2,1,1998,0,0,0,0,0,0,0,8,0,0
290029,1,1,1998,0,0,0,0,0,0,0,0,0,0
290030,0,1,1998,0,0,0,23,0,5,0,0,31,0
290030,1,1,1998,5,0,0,0,0,0,3,9,0,0
290031,0,1,1998,0,0,0,0,0,0,0,0,0,0
290031,0,2,1998,0,0,0,0,0,25,12,0,0,0
290031,1,1,1998,0,0,0,0,0,0,0,0,0,0
290032,1,1,1998,0,0,0,0,0,0,0,0,0,0
290032,2,1,1998,13,0,0,0,0,8,0,0,0,10
290032,3,1,1998,0,0,0,0,0,0,0,0,0,0
290033,0,1,1998,0,0,0,0,0,0,0,0,0,0
290033,0,2,1998,12,26,0,21,19,0,12,0,15,0
290033,0,3,1998,0,0,0,0,0,0,0,0,0,0
290033,0,4,1998,0,12,0,0,0,0,0,0,0,0
290033,1,1,1998,22,22,22,22,22,22,22,22,22,22
290034,1,1,1998,0,0,0,0,0,0,0,0,0,0
290034,2,1,1998,0,0,0,0,0,0,0,0,0,0
290035,1,1,1998,22,20,23,17,20,35,19,20,36,11
290036,1,1,1998,0,0,0,0,0,0,0,0,0,0
290036,2,1,1998,14,0,0,0,0,4,0,0,0,0
290037,1,1,1998,0,0,0,0,0,0,24,0,0,0
290037,2,1,1998,0,0,0,0,0,0,0,0,0,0
290038,1,1,1998,0,0,0,0,0,0,0,0,0,0
290039,1,1,1998,0,17,0,0,2,0,19,19,8,10
290039,2,1,1998,1,1,1,1,1,1,1,1,1,1
290040,1,1,1998,16,20,11,0,24,18,25,0,8,16
290041,1,1,1998,0,0,0,0,0,0,0,0,0,0
290042,1,1,1998,0,0,0,0,0,0,0,0,0,0
290042,2,1,1998,0,0,0,0,0,0,0,0,0,0
290043,0,1,1998,41,41,41,41,41,41,41,41,41,41
290043,1,1,1998,0,6,11,0,0,0,0,15,4,7
290044,1,1,1998,15,15,15,15,15,15,15,15,15,15
290045,1,1,1998,19,19,19,19,19,19,19,19,19,19
290046,1,1,1998,0,0,13,0,0,0,0,0,0,0
290046,2,1,1998,0,0,0,0,0,0,0,0,0,0
290047,0,1,1998,0,0,0,0,0,0,0,0,0,0
290047,1,1,1998,0,0,0,10,0,0,0,0,0,0
290048,1,1,1998,0,0,0,0,0,0,0,0,0,0
290049,1,1,1998,0,0,0,0,0,0,0,0,0,0
290049,2,1,1998,0,0,0,0,0,0,0,0,0,11
290050,1,1,1998,0,0,22,0,0,26,0,15,15,0
290050,2,1,1998,0,0,0,0,0,0,0,0,0,0
290051,0,1,1998,30,30,30,30,30,30,30,30,30,30
290051,1,1,1998,0,0,0,0,0,0,0,14,8,0
290052,1,1,1998,0,0,0,0,0,0,15,0,0,8
290053,1,1,1998,0,13,0,0,0,0,0,0,0,0
290054,0,1,1998,21,0,24,0,0,0,13,0,0,8
290054,1,1,1998,0,0,0,0,0,0,0,0,0,0
290055,0,1,1998,18,18,18,18,18,18,18,18,18,18
290055,1,1,1998,0,13,0,23,0,0,0,0,7,0
290056,1,1,1998,16,16,16,16,16,16,16,16,16,16
290056,2,1,1998,9,0,13,16,18,15,0,0,0,14
290057,1,1,1998,0,0,0,0,0,0,0,0,0,0
290057,2,1,1998,0,0,0,0,0,0,0,0,0,0
290058,1,1,1998,0,0,0,0,0,0,0,0,0,0
290059,1,1,1998,33,33,33,33,33,33,33,33,33,33
290060,1,1,1998,0,0,0,0,0,0,0,0,0,0
290061,1,1,1998,0,0,0,10,0,0,11,0,0,0
290061,2,1,1998,0,0,0,28,0,4,9,0,0,0
290062,1,1,1998,22,22,22,22,22,22,22,22,22,22
290063,1,1,1998,0,0,0,0,0,0,0,0,0,0
290063,2,1,1998,0,0,0,0,0,0,0,0,0,0
290064,1,1,1998,0,0,0,0,0,0,0,0,0,0
290064,2,1,1998,0,0,0,22,12,0,0,0,0,0
290065,1,1,1998,0,0,0,0,0,0,0,0,0,0
290065,2,1,1998,0,0,0,0,0,0,0,0,0,0
290066,1,1,1998,0,0,0,0,0,0,0,0,0,0
290067,0,1,1998,0,0,0,0,0,0,0,0,0,0
290067,1,1,1998,0,0,0,0,0,0,0,0,0,0
290068,1,1,1998,0,0,0,0,0,0,0,0,0,0
290069,1,1,1998,0,0,0,14,0,0,0,11,15,7
290069,2,1,1998,0,0,0,0,0,0,0,0,0,0
290069,3,1,1998,22,22,22,22,22,22,22,22,22,22
290070,1,1,1998,0,25,0,0,15,0,0,22,0,0
290071,1,1,1998,0,0,0,0,0,0,0,0,0,0
290071,2,1,1998,0,0,0,0,0,0,0,0,0,0
290072,1,1,1998,0,0,0,0,0,0,0,0,0,0
290072,2,1,1998,0,0,8,0,0,0,0,0,0,0
290073,1,1,1998,10,10,10,10,10,10,10,10,10,10
290074,1,1,1998,0,0,0,0,0,0,0,0,0,0
290075,1,1,1998,0,0,0,0,0,0,0,0,0,0
290075,2,1,1998,0,0,0,0,0,0,0,0,4,0
290076,1,1,1998,0,0,0,0,0,0,0,0,0,0
290077,0,1,1998,19,19,19,19,19,19,19,19,19,19
290077,1,1,1998,0,18,0,0,0,0,0,0,0,0
290078,1,1,1998,0,0,0,0,0,0,0,0,0,0
290078,2,1,1998,0,0,0,0,0,0,0,0,0,0
290079,1,1,1998,0,10,10,0,4,16,0,10,0,15
290080,0,1,1998,13,13,13,13,13,13,13,13,13,13
290080,1,1,1998,1,1,1,1,1,1,1,1,1,1
290081,1,1,1998,18,18,18,18,18,18,18,18,18,18
290082,1,1,1998,0,0,0,0,0,0,0,0,0,0
290082,2,1,1998,0,0,0,0,0,0,0,0,0,0
290083,1,1,1998,0,6,0,0,0,0,21,0,0,0
290084,1,1,1998,0,0,0,0,0,0,0,0,0,0
290085,0,1,1998,0,0,17,0,24,0,0,0,0,12
290085,1,1,1998,0,0,0,0,0,0,0,0,0,0
290086,0,1,1998,0,0,0,0,0,0,0,0,0,0
290086,1,1,1998,0,0,0,0,0,0,0,0,0,0
290087,1,1,1998,0,0,0,0,0,0,0,0,0,0
290087,2,1,1998,0,0,0,0,0,0,0,0,0,0
290087,3,1,1998,0,0,2,0,0,0,0,0,0,6
290087,4,1,1998,0,0,0,0,0,0,0,0,0,0
290088,1,1,1998,16,16,16,16,16,16,16,16,16,16
290089,1,1,1998,11,11,11,11,11,11,11,11,11,11
290090,1,1,1998,0,0,0,0,0,0,0,0,0,0
290090,2,1,1998,0,0,0,0,0,0,0,0,0,0
290091,1,1,1998,0,0,15,0,0,21,0,0,0,0
290091,2,1,1998,0,0,0,0,0,0,0,26,0,0
290092,1,1,1998,0,17,0,0,26,0,0,0,0,0
290092,2,1,1998,0,0,0,0,0,0,0,0,0,0
290093,1,1,1998,0,0,0,0,0,0,0,0,7,0
290093,2,1,1998,7,7,7,7,7,7,7,7,7,7
290094,1,1,1998,0,0,0,0,0,0,0,0,0,0
290094,2,1,1998,14,14,14,14,14,14,14,14,14,14
290095,0,1,1998,26,26,26,26,26,26,26,26,26,26
290095,0,2,1998,38,0,22,36,11,0,19,41,20,0
290095,1,1,1998,0,0,0,0,0,0,0,0,0,0
290096,1,1,1998,0,0,0,0,0,0,0,0,0,0
290097,1,1,1998,0,0,0,0,0,0,0,0,0,0
290098,1,1,1998,0,0,0,0,0,0,0,0,0,0
290098,2,1,1998,0,0,0,0,0,0,0,0,0,0
290098,3,1,1998,0,0,0,0,0,0,0,0,0,0
290099,1,1,1998,0,0,0,0,0,0,0,0,0,0
290099,2,1,1998,0,0,0,0,0,0,6,0,0,16
290099,3,1,1998,0,0,0,0,0,16,0,0,0,0
290100,1,1,1998,0,0,7,0,0,0,0,0,0,0
290100,2,1,1998,14,14,14,14,14,14,14,14,14,14
290101,1,1,1998,24,24,24,24,24,24,24,24,24,24
290101,2,1,1998,0,0,0,0,0,0,0,0,0,0
290102,0,1,1998,17,17,17,17,17,17,17,17,17,17
290102,1,1,1998,0,0,0,0,0,0,0,0,0,0
290103,1,1,1998,0,0,0,0,0,0,0,0,0,0
290103,2,1,1998,0,0,0,0,0,0,0,0,0,0
290104,1,1,1998,0,0,0,0,0,0,0,0,0,0
290104,2,1,1998,6,13,0,0,0,0,0,0,18,10
290104,3,1,1998,0,0,0,0,0,0,0,0,0,0
290105,1,1,1998,6,6,6,6,6,6,6,6,6,6
290105,2,1,1998,0,0,0,0,0,0,0,0,0,4
290106,1,2,1998,0,35,0,0,0,0,0,0,0,11
290107,1,1,1998,0,0,0,0,0,0,9,0,0,0
290107,2,1,1998,0,0,0,0,0,0,0,0,0,0
290108,1,1,1998,0,0,0,0,0,0,0,0,0,0
290108,2,1,1998,0,0,0,0,0,0,0,0,0,0
290109,1,1,1998,0,0,0,0,0,0,0,0,0,0
290109,2,1,1998,0,0,0,10,0,0,0,0,0,0
290110,1,1,1998,21,21,21,21,21,21,21,21,21,21
290110,2,1,1998,0,0,0,0,0,0,0,0,0,0
290110,3,1,1998,0,0,0,0,0,0,15,0,0,0
290110,4,1,1998,0,0,28,0,0,0,0,0,0,0
290111,1,1,1998,0,0,0,0,0,0,0,0,0,0
290111,2,1,1998,0,0,0,0,0,0,0,0,0,0
290112,1,1,1998,0,0,0,0,0,0,0,0,0,0
290112,2,1,1998,0,0,0,0,0,0,0,0,0,0
290113,1,1,1998,0,0,0,0,0,0,0,0,0,0
290114,1,1,1998,8,0,0,0,0,0,0,0,0,0
290114,2,1,1998,0,0,0,0,0,0,0,0,0,0
290114,3,1,1998,0,0,0,0,0,0,0,0,0,0
290115,1,1,1998,14,14,14,14,14,14,14,14,14,14
290116,1,1,1998,17,17,17,17,17,17,17,17,17,17
290117,1,1,1998,31,31,31,31,31,31,31,31,31,31
290118,1,1,1998,0,0,0,0,0,0,0,0,0,0
290118,2,1,1998,12,0,0,0,0,10,0,0,0,0
290118,3,1,1998,0,0,0,0,0,0,0,0,0,0
290119,1,1,1998,0,0,14,15,13,0,5,0,0,0
290120,1,1,1998,0,0,0,0,0,0,0,0,0,0
290120,2,1,1998,0,0,0,0,0,0,0,0,0,0
290120,3,1,1998,0,0,0,0,0,0,0,0,16,0
290121,1,1,1998,0,0,0,0,0,0,0,0,0,0
290122,1,1,1998,0,3,0,0,0,0,0,0,16,0
290122,2,1,1998,0,12,11,26,0,0,0,0,0,0
290122,3,1,1998,0,0,0,0,0,0,0,0,0,0
290123,1,1,1998,0,0,0,0,0,0,0,0,0,0
290123,2,1,1998,0,0,0,0,0,0,0,0,0,0
290124,1,1,1998,0,0,0,0,0,16,0,0,0,0
290124,2,1,1998,0,0,0,0,0,0,0,0,0,0
290124,3,1,1998,0,0,0,0,0,0,0,0,0,0
290125,1,1,1998,0,0,0,0,0,0,18,0,0,29
290126,1,1,1998,0,0,0,0,0,0,0,0,0,0
290127,1,1,1998,15,15,15,15,15,15,15,15,15,15
290128,1,1,1998,19,19,19,19,19,19,19,19,19,19
290129,1,1,1998,0,0,0,0,0,0,16,4,0,0
290130,1,1,1998,19,19,19,19,19,19,19,19,19,19
290131,1,1,1998,12,12,12,12,12,12,12,12,12,12
290132,1,1,1998,8,8,8,8,8,8,8,8,8,8
290133,1,1,1998,0,0,0,0,0,0,0,0,0,0
290133,2,1,1998,0,4,0,0,7,0,0,0,0,0
290134,1,1,1998,0,0,0,0,0,0,0,0,0,0
290134,2,1,1998,0,0,0,0,0,0,0,0,0,0
290135,1,1,1998,0,0,0,0,0,4,0,0,0,0
290135,2,1,1998,0,0,0,0,0,10,0,0,0,0
290136,1,1,1998,17,17,17,17,17,17,17,17,17,17
290136,2,1,1998,20,20,20,20,20,20,20,20,20,20
290137,1,1,1998,0,0,0,0,0,0,24,0,0,0
290137,2,1,1998,16,0,0,0,29,0,3,0,0,25
290138,0,1,1998,18,18,18,18,18,18,18,18,18,18
290138,1,1,1998,24,11,9,0,17,0,11,18,0,0
290139,0,1,1998,7,0,0,0,0,0,0,0,0,0
290139,1,1,1998,0,0,0,0,0,0,0,0,0,0
290140,1,1,1998,0,0,0,0,0,0,0,0,0,0
290140,2,1,1998,0,0,0,0,0,0,0,0,0,0
290141,1,1,1998,0,0,0,0,0,0,0,0,0,0
290141,2,1,1998,16,16,16,16,16,16,16,16,16,16
290142,0,1,1998,21,21,21,21,21,21,21,21,21,21
290142,1,1,1998,0,0,0,11,0,0,0,8,0,0
290143,1,1,1998,13,13,13,13,13,13,13,13,13,13
290143,2,1,1998,0,0,0,0,0,0,0,0,0,0
290144,1,1,1998,0,0,0,0,0,0,0,0,0,0
290145,1,1,1998,24,24,24,24,24,24,24,24,24,24
290146,1,1,1998,0,0,0,0,0,0,0,0,0,0
290146,2,1,1998,0,0,0,0,0,0,0,0,0,0
290147,1,1,1998,13,13,13,13,13,13,13,13,13,13
290147,2,1,1998,0,0,0,0,0,0,0,0,0,0
290148,1,1,1998,0,0,0,22,0,0,0,11,0,0
290148,2,1,1998,0,0,0,0,0,0,0,0,0,0
290149,1,1,1998,24,24,24,24,24,24,24,24,24,24
290150,1,1,1998,11,11,11,11,11,11,11,11,11,11
290151,0,1,1998,8,8,8,8,8,8,8,8,8,8
290151,1,1,1998,20,3,27,0,11,12,11,4,35,4
290152,1,1,1998,0,23,0,0,0,0,0,22,0,0
290153,1,1,1998,0,0,0,0,0,0,0,0,0,0
290153,2,1,1998,0,0,0,0,0,0,0,0,0,0
290153,3,1,1998,0,0,0,0,0,0,0,0,0,0
290154,1,1,1998,0,21,0,0,0,0,0,12,0,0
290155,1,1,1998,0,0,0,0,0,0,0,0,0,0
290155,2,1,1998,0,0,0,0,0,0,0,0,0,0
290156,1,1,1998,31,29,32,24,25,11,22,5,23,22
290157,0,1,1998,0,0,0,0,0,0,0,0,0,0
290157,1,1,1998,0,0,0,0,0,0,0,2,0,0
290158,1,1,1998,0,0,0,0,0,0,19,0,0,10
290159,1,1,1998,10,10,10,10,10,10,10,10,10,10
290160,1,1,1998,10,10,10,10,10,10,10,10,10,10
290161,1,1,1998,0,0,0,0,0,0,0,0,0,0
290161,2,1,1998,0,0,0,0,0,0,0,0,0,0
290162,1,1,1998,0,0,0,0,0,0,0,0,0,0
290163,1,1,1998,0,0,0,0,0,0,0,0,0,0
290163,2,1,1998,0,15,0,0,0,0,0,0,0,8
290164,1,1,1998,24,24,24,24,24,24,24,24,24,24
290165,1,1,1998,0,0,0,0,0,0,0,0,0,0
290165,2,1,1998,0,0,0,0,0,0,12,0,0,0
290166,1,1,1998,0,0,5,0,0,0,0,0,0,0
290167,1,1,1998,0,0,0,0,0,0,0,0,0,0
290167,2,1,1998,0,0,0,0,0,0,0,0,0,0
290168,1,1,1998,0,0,0,0,0,0,0,0,0,0
290168,2,1,1998,0,0,0,0,18,0,0,0,0,0
290169,1,1,1998,0,0,0,0,0,0,0,0,0,0
290169,2,1,1998,0,0,0,0,0,5,0,0,0,0
290170,1,1,1998,60,60,60,60,60,60,60,60,60,60
290171,0,1,1998,0,0,0,0,0,0,0,0,0,0
290171,1,1,1998,0,0,3,0,0,10,0,0,0,0
290172,1,1,1998,0,6,14,0,29,29,39,5,0,16
290173,1,1,1998,30,30,30,30,30,30,30,30,30,30
290174,1,1,1998,0,0,0,0,0,0,0,0,0,0
290175,1,1,1998,0,0,0,0,0,0,0,0,0,0
290175,2,1,1998,0,0,0,6,0,0,0,0,0,0
290176,1,1,1998,0,3,4,0,0,0,24,0,0,0
290176,2,1,1998,0,0,0,0,0,0,0,0,0,2
290177,1,1,1998,0,0,0,0,0,0,0,0,0,0
290177,2,1,1998,0,0,0,0,0,0,0,0,0,0
290178,1,1,1998,0,0,0,0,0,0,0,0,0,0
290179,1,1,1998,0,0,15,10,0,0,0,0,0,0
290179,2,1,1998,0,0,0,3,0,0,0,11,0,0
290180,1,1,1998,0,0,0,0,0,0,0,0,0,0
290180,2,1,1998,0,0,0,0,0,0,21,9,0,0
290181,1,1,1998,0,0,0,0,0,0,0,0,0,0
290181,2,1,1998,0,0,0,0,0,0,0,0,0,0
290182,1,1,1998,0,0,0,0,0,0,0,0,0,0
290183,1,1,1998,0,0,0,0,0,0,0,0,0,0
290184,1,1,1998,0,0,0,0,0,0,0,0,0,0
290184,2,1,1998,0,0,0,0,0,0,0,0,0,0
290185,1,1,1998,9,9,9,9,9,9,9,9,9,9
290186,1,1,1998,24,24,24,24,24,24,24,24,24,24
290187,1,1,1998,0,0,0,0,0,0,0,0,0,0
290187,2,1,1998,0,0,0,0,0,0,0,0,0,0
290188,1,1,1998,34,16,12,14,23,21,5,30,37,35
290189,1,1,1998,0,0,0,0,0,0,0,0,0,0
290190,1,1,1998,27,27,27,27,27,27,27,27,27,27
290191,1,1,1998,17,17,17,17,17,17,17,17,17,17
290192,1,1,1998,0,0,0,0,0,0,0,0,0,0
290192,2,1,1998,9,16,0,11,0,0,0,0,0,15
290193,1,1,1998,0,0,0,0,0,0,0,0,0,0
290193,2,1,1998,0,0,0,0,0,0,0,0,0,0
290194,1,1,1998,0,0,0,0,0,0,0,0,0,0
290195,1,1,1998,0,0,0,0,0,0,0,0,0,0
290195,2,1,1998,0,0,0,0,0,0,0,0,0,0
290195,3,1,1998,0,0,0,0,0,0,0,0,0,0
290196,1,1,1998,0,0,0,0,0,0,0,0,0,0
290196,2,1,1998,1,1,1,1,1,1,1,1,1,1
290196,3,1,1998,0,0,0,0,0,0,0,0,0,0
290197,1,1,1998,0,0,0,0,0,0,0,0,0,0
290198,1,1,1998,28,28,28,28,28,28,28,28,28,28
290199,0,1,1998,0,0,0,0,0,0,0,0,0,0
290199,1,1,1998,0,0,0,14,0,0,0,0,0,0
290200,1,1,1998,13,0,18,0,13,0,0,0,0,0
290200,2,1,1998,0,0,0,7,0,0,0,0,0,0
290201,1,1,1998,0,0,0,0,0,0,0,0,0,0
290201,2,1,1998,0,0,0,0,0,0,0,0,0,0
290202,1,1,1998,0,0,0,0,0,0,0,0,0,0
290203,1,1,1998,16,16,16,16,16,16,16,16,16,16
290204,1,1,1998,16,0,0,0,0,0,0,16,0,0
290205,1,1,1998,1,1,1,1,1,1,1,1,1,1
290205,2,1,1998,0,0,0,0,0,0,0,0,0,0
290206,1,1,1998,0,0,0,4,0,0,0,0,0,0
290206,2,1,1998,0,0,0,0,0,0,0,0,0,0
290207,1,1,1998,0,0,0,7,0,0,0,0,0,0
290207,2,1,1998,0,0,0,0,0,0,0,0,0,0
290207,3,1,1998,0,0,0,0,0,0,0,0,0,0
290208,1,1,1998,13,0,9,0,0,3,0,9,0,15
290209,2,1,1998,0,0,0,0,0,0,0,0,0,0
290210,1,1,1998,0,0,0,0,0,0,0,0,0,0
290210,2,1,1998,0,0,0,0,16,11,24,0,4,0
290211,1,1,1998,0,0,0,0,0,0,0,0,0,0
290212,1,1,1998,25,25,25,25,25,25,25,25,25,25
290213,0,1,1998,0,0,0,0,0,0,0,0,0,0
290213,1,1,1998,0,0,0,0,0,0,0,0,0,0
290213,2,1,1998,0,0,0,0,0,0,0,0,0,0
290213,3,1,1998,0,0,0,0,0,17,0,0,0,0
290213,4,1,1998,0,0,0,0,0,0,0,0,0,0
290213,5,1,1998,0,0,0,0,0,0,0,0,0,0
290213,6,1,1998,0,0,0,0,0,0,0,0,0,0
290214,1,1,1998,0,0,0,0,0,0,0,0,0,0
290214,2,1,1998,0,0,0,0,0,0,0,0,0,0
290215,1,1,1998,5,12,13,5,24,5,16,10,19,10
290216,1,1,1998,17,17,17,17,17,17,17,17,17,17
290217,1,1,1998,6,0,17,16,14,10,14,0,0,18
290218,1,1,1998,0,0,0,0,0,0,0,0,0,0
290218,2,1,1998,0,15,0,0,0,0,0,0,0,0
290219,0,1,1998,0,0,0,0,0,0,0,0,0,0
290219,1,1,1998,7,16,5,15,0,21,0,0,10,8
290220,0,1,1998,34,34,34,34,34,34,34,34,34,34
290220,1,1,1998,25,0,0,0,21,0,0,22,0,19
290221,1,1,1998,9,9,9,9,9,9,9,9,9,9
290222,1,1,1998,7,8,8,9,9,11,16,5,0,18
290223,1,1,1998,0,0,0,0,7,0,0,0,0,0
290223,2,1,1998,0,0,0,0,0,0,0,0,0,0
290224,1,1,1998,21,16,14,11,11,6,20,23,13,14
290224,2,1,1998,0,0,0,0,0,0,0,0,0,0
290225,1,1,1998,0,0,0,0,0,0,0,0,0,0
290225,2,1,1998,0,0,0,0,0,0,0,0,0,0
290226,1,1,1998,0,0,0,0,0,0,0,0,0,0
290226,2,1,1998,0,0,0,0,0,0,0,0,0,0
290227,1,1,1998,0,0,0,0,0,0,0,0,0,0
290227,2,1,1998,0,0,0,0,0,0,20,0,0,0
290228,1,1,1998,0,0,0,0,0,0,0,0,0,0
290228,2,1,1998,0,0,0,0,0,0,0,0,0,0
290229,1,1,1998,22,22,22,22,22,22,22,22,22,22
290229,2,1,1998,0,0,0,10,0,18,0,16,2,23
290230,1,1,1998,31,31,31,31,31,31,31,31,31,31
290231,1,1,1998,0,0,0,0,0,0,0,0,0,0
290232,1,1,1998,0,0,0,0,0,0,0,0,0,0
290233,1,1,1998,0,0,8,0,0,0,0,0,0,0
290233,2,1,1998,0,0,0,0,0,0,0,0,0,0
290233,3,1,1998,0,0,0,0,0,0,0,0,0,0
290234,1,1,1998,0,0,0,0,0,0,0,0,0,0
290234,2,1,1998,0,0,0,0,0,0,0,0,0,0
290235,1,1,1998,2,2,2,2,2,2,2,2,2,2
290236,1,1,1998,14,14,14,14,14,14,14,14,14,14
290237,1,1,1998,0,0,0,0,0,0,0,0,0,0
290237,2,1,1998,0,0,0,0,0,0,0,0,0,0
290238,1,1,1998,0,0,0,0,0,0,0,14,0,0
290239,0,1,1998,22,22,22,22,22,22,22,22,22,22
290239,1,1,1998,13,0,10,0,0,19,18,0,14,0
290240,1,1,1998,0,0,0,0,0,0,0,0,0,0
290240,2,1,1998,0,0,0,0,0,0,0,0,0,0
290241,0,1,1998,2,2,2,2,2,2,2,2,2,2