ST_CASE,VEH_NO,PER_NO,YEAR,P1,P2,P3,P4,P5,P6,P7,P8,P9,P10
290798,1,1,1998,0,0,23,0,0,17,0,14,0,0
290799,1,1,1998,0,0,0,0,0,0,0,0,0,0
290800,1,1,1998,0,0,0,0,0,0,0,0,0,0
290801,1,1,1998,14,33,35,7,14,16,26,14,24,23
290802,1,1,1998,14,14,14,14,14,14,14,14,14,14
290803,1,1,1998,0,0,0,0,0,0,0,0,0,0
290803,2,1,1998,0,0,0,0,0,0,0,0,0,0
290804,1,1,1998,0,0,0,0,0,0,0,0,0,0
290804,2,1,1998,0,0,0,0,0,0,0,0,0,0
290805,1,1,1998,14,14,14,14,14,14,14,14,14,14
290806,1,1,1998,0,0,0,0,0,0,0,0,0,0
290807,1,1,1998,0,0,0,0,0,0,14,0,0,0
290808,1,1,1998,0,0,0,0,0,0,0,0,0,6
290808,2,1,1998,0,0,0,0,0,0,0,0,0,0
290808,3,1,1998,0,0,0,0,0,0,0,0,0,0
290809,1,1,1998,0,0,0,0,0,0,0,0,0,0
290809,2,1,1998,0,0,0,0,8,0,0,0,0,0
290810,1,1,1998,28,28,28,28,28,28,28,28,28,28
290811,1,1,1998,0,0,0,0,0,0,0,0,0,0
290812,1,1,1998,0,0,0,22,0,0,0,16,22,0
290813,1,1,1998,0,0,0,0,0,0,0,0,0,0
290813,2,1,1998,0,0,0,0,0,0,0,0,0,0
290814,1,1,1998,0,0,0,0,0,0,0,0,0,0
290814,2,1,1998,0,0,0,0,0,0,0,0,0,0
290815,1,1,1998,0,0,0,0,10,0,12,0,0,0
290815,2,1,1998,0,0,0,0,0,0,0,0,0,0
290816,1,1,1998,0,0,0,15,7,0,11,11,0,0
290816,2,1,1998,12,12,12,12,12,12,12,12,12,12
290817,0,1,1998,0,0,0,0,0,0,0,0,0,0
290817,1,1,1998,0,0,0,0,0,0,5,5,0,0
290818,1,1,1998,0,0,0,0,0,0,0,0,0,0
290818,2,1,1998,10,0,16,11,6,0,10,0,0,0
290819,1,1,1998,0,0,11,24,0,21,0,0,0,0
290819,2,1,1998,0,0,0,0,0,0,0,0,0,0
290820,1,1,1998,0,24,0,29,0,0,34,16,3,0
290820,2,1,1998,14,14,14,14,14,14,14,14,14,14
290821,1,1,1998,23,23,23,23,23,23,23,23,23,23
290822,1,1,1998,11,11,11,11,11,11,11,11,11,11
290823,1,1,1998,28,28,28,28,28,28,28,28,28,28
290824,1,1,1998,24,24,24,24,24,24,24,24,24,24
290825,1,1,1998,0,0,0,0,0,0,0,0,0,0
290825,2,1,1998,10,0,0,0,0,0,0,0,0,0
290826,1,1,1998,0,0,0,0,0,0,0,0,0,0
290826,2,1,1998,0,0,0,0,0,0,0,0,0,0
290827,1,1,1998,0,0,0,0,0,0,0,0,0,0
290827,2,1,1998,0,0,0,0,0,0,0,0,0,0
290828,1,1,1998,0,0,0,0,0,0,0,0,0,0
290828,2,1,1998,0,0,0,0,0,0,0,0,0,0
290828,3,1,1998,0,0,0,0,0,0,0,0,0,0
290829,1,1,1998,0,0,0,0,0,0,0,0,0,0
290829,2,1,1998,0,0,0,0,0,0,0,0,0,0
290830,1,1,1998,13,13,13,13,13,13,13,13,13,13
290830,2,1,1998,0,0,0,0,0,0,0,0,0,0
290831,1,1,1998,11,11,11,11,11,11,11,11,11,11
290831,2,1,1998,4,0,0,0,0,0,3,0,25,0
290832,1,1,1998,9,25,15,0,0,0,0,0,13,0
290832,2,1,1998,21,21,21,21,21,21,21,21,21,21
290833,1,1,1998,0,0,0,0,0,0,0,0,0,0
290833,2,1,1998,0,0,0,0,0,0,0,0,0,0
290834,1,1,1998,15,15,15,15,15,15,15,15,15,15
290835,0,1,1998,26,26,26,26,26,26,26,26,26,26
290835,1,1,1998,0,11,0,9,23,0,0,0,10,0
290836,1,1,1998,0,0,0,0,0,0,0,0,0,0
290836,2,1,1998,0,0,0,0,0,0,0,0,8,19
290836,3,1,1998,0,0,0,0,0,0,8,0,0,0
290837,1,1,1998,0,0,0,0,0,0,0,0,0,0
290837,2,1,1998,0,0,0,0,0,0,0,0,0,0
290838,1,1,1998,0,0,0,0,0,0,0,0,0,0
290838,2,1,1998,0,0,0,0,0,0,12,0,0,0
290838,3,1,1998,0,0,0,0,0,0,0,5,0,0
290839,1,1,1998,0,0,0,0,0,0,0,0,0,0
290839,2,1,1998,0,0,0,0,0,0,0,0,0,0
290840,1,1,1998,33,33,33,33,33,33,33,33,33,33
290840,2,1,1998,0,0,0,0,14,0,0,0,0,0
290841,1,1,1998,0,0,0,0,0,0,0,0,0,0
290842,1,1,1998,12,12,12,12,12,12,12,12,12,12
290842,2,1,1998,0,0,0,0,0,0,0,0,0,0
290843,1,1,1998,0,0,0,0,0,0,0,0,0,0
290843,2,1,1998,0,0,0,0,0,0,0,0,0,0
290844,1,1,1998,0,0,0,0,0,0,0,0,0,0
290844,2,1,1998,14,0,0,0,28,0,0,0,12,0
290844,3,1,1998,0,0,0,0,0,7,0,0,0,0
290845,0,1,1998,0,0,0,0,0,0,0,0,0,0
290845,1,1,1998,16,12,13,12,13,13,11,21,12,23
290846,0,1,1998,20,20,20,20,20,20,20,20,20,20
290846,1,1,1998,0,13,0,0,0,0,0,0,0,0
290847,1,1,1998,0,0,0,0,0,0,0,0,0,0
290847,2,1,1998,0,0,0,0,0,0,0,0,0,0
290848,1,1,1998,8,8,8,8,8,8,8,8,8,8
290848,2,1,1998,0,0,0,0,0,0,0,0,0,0
290849,1,1,1998,0,0,7,0,0,0,0,0,0,0
290850,0,1,1998,0,0,0,0,0,0,0,0,0,0
290850,1,1,1998,0,0,19,0,0,0,0,0,0,15
290851,1,1,1998,12,12,12,12,12,12,12,12,12,12
290852,1,1,1998,0,0,0,0,0,0,0,0,0,0
290853,0,1,1998,14,14,14,14,14,14,14,14,14,14
290853,1,1,1998,0,0,18,0,14,0,0,0,0,21
290854,1,1,1998,0,0,0,0,0,0,0,0,0,0
290854,2,1,1998,0,0,0,0,0,0,0,0,0,0
290854,3,1,1998,0,0,0,0,0,0,0,0,0,9
290855,1,1,1998,0,0,0,0,0,0,0,0,0,0
290855,2,1,1998,24,24,24,24,24,24,24,24,24,24
290855,3,1,1998,0,0,0,0,0,8,0,24,8,0
290856,1,1,1998,21,21,21,21,21,21,21,21,21,21
290857,1,1,1998,0,0,0,0,0,0,0,0,0,0
290857,2,1,1998,0,0,0,0,0,0,0,0,0,0
290858,1,1,1998,0,0,0,0,0,0,0,0,0,0
290858,2,1,1998,6,8,0,0,0,0,0,0,0,0
290858,3,1,1998,0,8,0,0,0,0,7,0,0,0
290859,1,1,1998,34,34,34,34,34,34,34,34,34,34
290860,1,1,1998,0,0,0,0,0,0,0,0,0,0
290860,2,1,1998,0,0,0,0,0,0,0,0,0,0
290861,1,1,1998,0,0,0,0,0,0,0,0,0,0
290861,2,1,1998,0,0,0,0,0,0,0,0,0,0
290862,1,1,1998,0,0,0,0,0,0,0,0,0,0
290863,1,1,1998,0,0,0,4,0,0,9,0,0,0
290864,1,1,1998,0,0,0,0,0,0,0,0,0,0
290865,1,1,1998,0,0,0,0,0,0,0,0,0,0
290865,2,1,1998,0,0,0,0,0,0,0,0,0,0
290866,1,1,1998,0,0,0,0,0,0,0,0,0,0
290867,1,1,1998,8,8,8,8,8,8,8,8,8,8
290868,1,1,1998,0,0,0,0,0,0,0,0,0,0
290869,1,1,1998,0,0,0,7,0,0,7,0,0,0
290869,2,1,1998,0,0,0,0,0,0,0,0,0,0
290870,0,1,1998,32,32,32,32,32,32,32,32,32,32
290870,1,1,1998,0,9,0,0,0,0,0,0,0,0
290871,1,1,1998,7,7,7,7,7,7,7,7,7,7
290872,1,1,1998,0,0,0,0,0,0,0,0,0,0
290872,2,1,1998,0,0,0,0,0,0,0,0,0,0
290872,3,1,1998,0,0,0,0,0,0,0,0,0,0
290873,1,1,1998,0,0,0,0,0,0,0,0,0,0
290874,0,1,1998,0,0,0,0,0,0,0,0,0,0
290874,1,1,1998,0,0,0,0,0,0,0,0,0,0
290875,0,1,1998,17,39,13,13,24,0,0,0,44,26
290875,1,1,1998,0,0,0,0,0,0,0,0,0,0
290876,1,1,1998,0,0,0,0,0,0,0,0,0,0
290877,1,1,1998,0,13,16,13,20,30,0,0,15,0
290878,1,1,1998,0,0,0,0,0,0,0,0,0,0
290879,0,1,1998,0,32,14,0,5,0,0,0,0,0
290879,1,1,1998,0,0,0,11,0,0,0,0,0,5
290880,1,1,1998,16,16,16,16,16,16,16,16,16,16
290880,2,1,1998,0,0,0,0,0,0,0,0,0,0
290881,1,1,1998,0,0,0,0,0,0,0,0,0,0
290882,1,1,1998,0,0,0,0,0,0,0,0,0,0
290882,2,1,1998,0,18,0,0,0,0,0,0,0,0
290883,1,1,1998,0,0,0,0,0,0,0,0,0,0
290884,1,1,1998,34,34,20,11,5,3,25,0,10,19
290885,1,1,1998,9,0,34,0,0,0,0,0,0,0
290885,2,1,1998,0,0,0,0,0,0,0,0,0,0
290886,0,1,1998,1,1,1,1,1,1,1,1,1,1
290886,0,2,1998,0,0,27,0,0,0,0,0,0,0
290886,1,1,1998,0,0,0,0,0,0,0,0,0,0
290887,0,1,1998,0,0,0,0,0,0,0,0,0,0
290887,1,1,1998,0,0,0,0,0,0,0,0,0,0
290888,1,1,1998,16,17,10,27,21,27,23,13,26,26
290889,1,1,1998,0,0,0,0,0,0,0,0,0,0
290889,2,1,1998,0,0,0,0,6,0,0,16,0,19
290890,1,1,1998,14,15,14,18,14,25,0,0,9,8
290891,1,1,1998,0,0,0,0,0,0,0,0,0,0
290892,1,1,1998,0,0,0,0,0,0,0,0,0,0
290892,2,1,1998,0,0,0,0,0,14,6,5,0,0
290893,1,1,1998,0,0,0,0,0,0,0,16,0,0
290893,2,1,1998,0,0,0,0,0,14,0,0,0,16
290894,1,1,1998,0,0,0,0,0,0,0,0,0,0
290895,1,1,1998,22,22,22,22,22,22,22,22,22,22
290896,0,1,1998,0,0,8,0,0,0,0,0,0,0
290896,1,1,1998,0,0,0,0,0,0,0,0,0,0
290897,1,1,1998,28,28,28,28,28,28,28,28,28,28
290898,1,1,1998,0,0,0,0,0,0,0,0,0,0
290899,1,1,1998,11,11,11,11,11,11,11,11,11,11
290900,1,1,1998,0,39,0,0,7,0,9,0,16,0
290901,1,1,1998,5,5,5,5,5,5,5,5,5,5
290902,1,1,1998,0,0,0,0,0,0,0,0,0,0
290902,2,1,1998,0,0,0,0,0,0,0,0,0,0
290903,1,1,1998,0,0,0,0,0,0,0,0,0,0
290903,2,1,1998,2,2,2,2,2,2,2,2,2,2
290904,1,1,1998,30,30,26,6,16,20,22,15,12,24
290905,1,1,1998,12,12,12,12,12,12,12,12,12,12
290906,1,1,1998,3,3,3,3,3,3,3,3,3,3
290907,1,1,1998,16,16,16,16,16,16,16,16,16,16
290908,1,1,1998,16,16,16,16,16,16,16,16,16,16
290909,1,1,1998,0,0,5,0,8,0,0,0,0,15
290909,2,1,1998,0,0,0,0,0,10,0,0,0,0
290910,1,1,1998,27,27,27,27,27,27,27,27,27,27
290911,1,1,1998,18,18,18,18,18,18,18,18,18,18
290911,2,1,1998,0,0,0,0,0,0,0,4,0,0
290912,1,1,1998,0,0,0,0,4,0,0,0,0,0
290912,2,1,1998,17,0,0,0,17,0,0,0,4,0
290913,1,1,1998,22,24,9,12,29,14,0,8,22,37
290914,1,1,1998,0,0,0,0,0,0,0,0,0,0
290915,1,1,1998,23,23,23,23,23,23,23,23,23,23
290916,1,1,1998,0,0,0,0,0,0,0,0,0,0
290916,2,1,1998,0,0,0,0,0,0,0,0,0,0
290916,3,1,1998,0,0,0,0,0,0,0,0,0,0
290917,1,1,1998,0,0,0,0,0,0,0,0,0,0
290917,2,1,1998,0,0,0,0,0,0,0,0,0,0
290918,1,1,1998,4,4,4,4,4,4,4,4,4,4
290919,1,1,1998,24,24,24,24,24,24,24,24,24,24
290920,0,1,1998,0,15,0,0,0,0,0,0,0,0
290920,1,1,1998,0,0,0,0,0,0,0,0,0,0
290921,1,1,1998,0,0,0,0,0,0,0,0,0,0
290921,2,1,1998,0,0,0,0,3,0,0,0,0,0
290922,0,1,1998,24,0,0,0,0,0,0,0,0,0
290922,0,2,1998,0,0,0,0,0,0,0,0,0,0
290922,1,1,1998,0,0,0,0,0,0,0,0,0,0
290923,1,1,1998,31,0,7,0,29,2,0,10,0,0
290924,1,1,1998,0,0,0,0,0,0,0,0,0,0
290924,2,1,1998,0,0,0,0,0,0,0,0,0,0
290925,1,1,1998,0,0,0,0,0,0,0,0,0,0
290926,0,1,1998,0,7,0,0,0,0,0,0,17,0
290926,1,1,1998,11,0,6,0,0,18,0,0,0,0
290927,1,1,1998,2,2,2,2,2,2,2,2,2,2
290928,1,1,1998,0,0,0,0,0,0,0,0,0,0
290929,1,1,1998,20,0,0,11,33,17,0,11,0,18
290930,1,1,1998,0,0,0,0,0,0,0,0,0,0
290930,2,1,1998,0,0,0,0,0,0,0,0,0,0
290931,0,1,1998,0,0,0,0,0,0,0,0,0,0
290932,1,1,1998,8,8,8,8,8,8,8,8,8,8
290932,2,1,1998,0,0,0,0,0,0,0,0,0,0
290933,1,1,1998,13,13,13,13,13,13,13,13,13,13
290934,1,1,1998,0,0,0,6,0,0,0,0,0,0
290934,2,1,1998,0,0,0,7,0,0,0,0,0,0
290935,1,1,1998,0,0,0,0,0,0,0,0,0,0
290935,2,1,1998,0,14,7,0,0,0,0,0,0,0
290936,0,1,1998,0,0,0,0,0,0,0,0,0,0
290936,1,1,1998,0,0,0,0,0,0,0,0,0,0
290937,1,1,1998,0,0,0,0,0,0,0,0,0,0
290938,1,1,1998,0,0,0,0,0,0,0,0,0,0
290939,1,1,1998,24,24,24,24,24,24,24,24,24,24
290940,1,1,1998,22,22,22,22,22,22,22,22,22,22
290941,1,1,1998,0,0,0,0,0,0,0,0,0,0
290941,2,1,1998,0,0,0,0,0,0,0,0,0,0
290942,1,1,1998,0,33,12,0,0,0,3,0,3,14
290943,1,1,1998,0,0,0,0,0,0,0,0,0,0
290943,2,1,1998,0,0,19,0,6,22,0,18,0,12
290944,1,1,1998,0,0,0,0,0,0,0,0,0,0
290945,1,1,1998,0,0,0,0,0,0,0,0,0,0
290945,2,1,1998,0,0,0,0,0,0,0,0,0,0
290946,0,1,1998,29,29,29,29,29,29,29,29,29,29
290946,1,1,1998,4,9,17,13,4,19,0,21,0,0
290947,1,1,1998,0,0,0,0,0,0,0,0,0,0
290948,1,1,1998,0,0,0,8,0,0,0,0,0,0
290948,2,1,1998,0,0,0,0,0,0,0,0,0,0
290948,3,1,1998,0,0,0,0,15,0,0,0,0,11
290949,1,1,1998,0,0,0,0,0,0,0,0,0,0
290949,2,1,1998,0,0,0,0,0,0,0,0,0,0
290950,0,1,1998,0,0,0,0,0,0,0,0,0,0
290950,1,1,1998,0,0,0,0,0,19,0,0,0,0
290951,1,1,1998,0,0,0,0,0,0,0,16,0,14
290952,1,1,1998,0,8,20,0,0,0,0,25,0,0
290953,0,1,1998,0,0,0,0,0,0,0,0,0,0
290953,1,1,1998,0,0,0,0,0,0,0,0,0,0
290954,1,1,1998,0,0,0,0,0,0,0,0,0,0
290955,1,1,1998,29,30,10,13,0,0,6,0,48,19
290955,2,1,1998,0,18,0,22,27,0,0,0,0,0
290956,0,1,1998,6,0,0,0,0,0,0,0,0,11
290956,1,1,1998,0,0,0,0,0,0,0,0,0,17
290956,2,1,1998,0,0,0,0,0,0,0,0,0,0
290957,1,1,1998,12,0,0,36,0,0,0,0,0,10
290957,2,1,1998,0,0,0,0,0,0,0,0,0,0
290957,3,1,1998,0,0,0,0,0,0,0,0,0,0
290958,1,1,1998,0,0,0,0,0,0,0,0,0,0
290958,2,1,1998,0,0,0,0,0,0,0,16,0,0
290959,1,1,1998,0,14,0,0,0,18,23,0,0,20
290959,2,1,1998,25,25,25,25,25,25,25,25,25,25
290960,1,1,1998,0,0,0,0,0,0,0,0,0,0
290960,2,1,1998,0,0,0,0,0,15,0,15,0,0
290961,1,1,1998,27,27,27,27,27,27,27,27,27,27
290961,2,1,1998,0,0,0,0,0,0,0,0,0,0
290962,1,1,1998,0,0,0,0,0,0,0,0,0,0
290963,1,1,1998,0,0,0,0,0,0,0,0,0,0
290963,2,1,1998,0,0,0,0,0,0,0,0,0,0
290964,1,1,1998,7,7,7,7,7,7,7,7,7,7
290965,1,1,1998,20,20,20,20,20,20,20,20,20,20
290966,1,1,1998,0,0,0,20,0,0,0,19,0,27
290967,1,1,1998,0,0,0,0,5,0,4,0,0,10
290967,2,1,1998,0,0,0,0,0,0,0,0,0,0
290968,1,1,1998,9,0,0,0,0,0,0,0,0,0
290968,2,1,1998,0,0,0,0,15,0,0,0,0,0
290969,0,1,1998,0,0,0,0,0,0,0,0,0,0
290969,1,1,1998,0,0,0,0,0,19,0,0,0,0
290970,1,1,1998,0,9,0,0,0,0,0,10,0,0
290971,1,1,1998,0,0,0,0,0,0,0,0,0,0
290972,1,1,1998,13,33,31,17,7,19,0,43,15,0
290972,2,1,1998,0,0,0,0,0,0,0,0,0,0
290973,1,1,1998,0,0,0,0,0,0,0,0,0,0
290973,2,1,1998,0,0,0,0,12,0,11,0,0,0
290974,1,1,1998,0,0,0,0,0,0,0,0,0,0
290974,2,1,1998,0,0,0,0,13,0,0,0,0,0
290975,1,1,1998,0,0,0,0,0,0,0,0,0,0
290976,1,1,1998,0,0,0,0,0,0,0,0,0,0
290976,2,1,1998,0,0,0,0,0,0,0,0,0,0
290977,1,1,1998,0,0,0,0,0,0,0,0,0,0
290977,2,1,1998,0,0,0,0,0,0,0,0,0,0
290978,1,1,1998,14,0,0,0,0,0,0,0,0,0
290979,1,1,1998,0,0,0,0,21,0,0,0,0,0
290979,2,1,1998,0,0,0,0,0,20,0,0,0,0
290980,1,1,1998,0,0,0,0,0,0,0,0,0,0
290980,2,1,1998,0,0,0,0,0,0,0,0,0,0
290981,1,1,1998,0,0,0,9,0,0,12,12,20,0
290981,2,1,1998,0,0,0,0,0,0,0,0,0,0
290982,1,1,1998,0,0,0,0,0,0,0,0,0,0
290982,2,1,1998,0,0,0,0,0,0,0,0,0,0
290983,1,1,1998,0,0,0,0,0,0,0,0,0,0
290983,2,1,1998,0,0,0,0,0,0,0,0,0,0
290984,1,1,1998,0,0,0,0,0,0,0,0,0,0
290984,2,1,1998,0,0,0,0,0,0,0,0,0,0
290985,1,1,1998,16,16,16,16,16,16,16,16,16,16
290985,2,1,1998,0,0,0,0,0,0,0,0,0,0
290985,3,1,1998,0,0,0,0,0,0,0,0,0,0
290986,1,1,1998,14,14,14,14,14,14,14,14,14,14
290987,1,1,1998,0,0,0,0,0,0,0,0,0,0
290987,2,1,1998,0,0,0,0,0,0,0,0,0,0
290988,1,1,1998,0,0,0,0,0,0,0,0,0,0
290988,2,1,1998,0,0,0,0,0,0,0,0,0,0
290989,1,1,1998,14,0,0,0,0,0,0,0,0,0
290989,2,1,1998,0,0,0,0,0,0,0,0,0,0
290990,1,1,1998,0,0,0,0,0,0,0,0,0,0
290991,1,1,1998,0,0,0,13,0,0,0,0,0,0
290992,1,1,1998,0,0,0,0,0,0,0,0,0,0
290993,0,1,1998,0,0,0,0,0,0,0,0,0,0
290993,1,1,1998,0,0,0,0,0,0,0,0,0,0
290994,1,1,1998,0,0,0,0,7,0,0,0,0,0
290995,1,1,1998,1,1,1,1,1,1,1,1,1,1
290995,2,1,1998,0,0,0,0,0,0,0,0,0,0
290996,1,1,1998,0,0,6,0,0,0,0,22,8,0
290997,1,1,1998,0,0,0,0,0,0,0,0,0,0
290997,2,1,1998,0,0,0,0,0,0,0,0,0,0
290998,1,1,1998,0,0,0,0,11,8,0,0,0,0
290998,2,1,1998,0,0,0,0,0,0,0,4,0,0
290999,0,1,1998,27,27,27,27,27,27,27,27,27,27
290999,1,1,1998,0,0,0,0,14,0,0,0,0,9
290999,2,1,1998,8,0,25,0,0,0,0,18,0,0
291000,1,1,1998,0,0,0,3,0,0,0,22,0,0
291000,2,1,1998,0,0,0,0,0,0,0,0,0,0
291001,1,1,1998,0,0,0,0,0,0,0,0,0,0
291002,1,1,1998,0,0,0,0,0,0,0,0,0,0
291003,0,1,1998,0,0,0,23,0,0,0,0,0,0
291003,1,1,1998,0,0,0,0,0,0,0,0,0,0
291004,1,1,1998,0,0,0,0,0,0,0,0,0,0
291004,2,1,1998,0,0,0,0,16,12,0,0,0,0
291004,3,1,1998,0,0,0,0,0,0,0,0,0,0
291005,0,1,1998,0,0,0,36,0,0,0,0,17,14
291005,1,1,1998,0,0,0,0,0,0,0,0,0,0
291005,2,1,1998,0,0,0,0,0,9,3,0,0,0
291006,1,1,1998,0,0,0,0,0,0,0,0,0,0
291007,0,1,1998,0,0,0,0,0,0,0,0,0,29
291007,1,1,1998,0,0,0,0,6,0,0,0,0,12
291008,0,1,1998,0,0,0,0,0,0,0,0,0,0
291008,1,1,1998,0,0,20,0,12,0,9,14,0,0
291009,1,1,1998,0,0,0,0,0,9,6,22,0,0
291009,2,1,1998,0,0,0,0,0,0,0,0,0,0
291010,1,1,1998,24,24,24,24,24,24,24,24,24,24
291011,1,1,1998,0,0,0,0,0,0,0,0,0,4
291011,2,1,1998,0,0,0,0,0,0,0,0,0,0
291011,3,1,1998,0,0,0,0,6,0,0,7,6,0
291012,1,1,1998,16,16,16,16,16,16,16,16,16,16
291012,2,1,1998,12,10,0,24,0,38,16,18,26,16
291013,1,1,1998,7,16,0,0,0,0,0,0,0,0
291013,2,1,1998,0,0,0,0,0,13,0,0,0,0
291014,1,1,1998,0,0,0,18,0,0,0,6,0,0
291014,2,1,1998,0,0,0,13,0,0,18,0,0,5
291014,3,1,1998,0,0,6,0,0,0,0,0,0,12
291015,1,1,1998,0,0,0,0,0,0,0,0,0,0
291015,2,1,1998,0,0,0,0,0,0,0,0,0,0
291016,1,1,1998,10,10,10,10,10,10,10,10,10,10
291016,2,1,1998,9,12,0,0,0,0,0,0,0,0
291017,1,1,1998,0,0,0,5,26,0,16,0,0,15
291017,2,1,1998,5,5,5,5,5,5,5,5,5,5
291017,3,1,1998,0,0,0,13,26,0,0,14,17,0
291018,1,1,1998,0,0,0,0,0,0,0,0,0,0
300001,1,1,1998,0,0,0,0,0,0,0,0,0,0
300001,2,1,1998,0,0,0,0,0,0,0,0,0,0
300002,1,1,1998,0,0,0,0,0,0,0,0,0,0
300003,1,1,1998,0,0,0,0,0,0,0,0,0,0
300004,1,1,1998,23,20,21,34,23,19,6,14,12,23
300005,1,1,1998,0,0,0,0,0,0,0,0,0,0
300005,2,1,1998,0,0,0,0,0,0,0,0,0,0
300006,1,1,1998,0,0,0,0,0,0,0,0,0,0
300006,2,1,1998,0,0,0,0,0,0,0,0,0,0
300007,1,1,1998,0,0,0,0,0,0,0,0,0,0
300008,0,1,1998,27,27,27,27,27,27,27,27,27,27
300009,0,1,1998,0,0,0,0,0,0,0,0,0,0
300009,1,1,1998,0,0,0,0,0,0,0,0,0,0
300010,1,1,1998,0,0,0,0,0,0,0,0,0,0
300011,1,1,1998,18,18,18,18,18,18,18,18,18,18
300012,1,1,1998,17,15,12,16,0,11,20,16,27,22
300013,1,1,1998,7,7,7,7,7,7,7,7,7,7
300014,1,1,1998,3,25,24,23,19,14,26,25,23,15
300015,1,1,1998,0,0,0,0,0,0,0,0,0,0
300016,0,1,1998,23,25,22,16,30,10,20,14,16,23
300016,1,1,1998,0,0,0,0,0,0,0,0,0,0
300017,1,1,1998,22,22,22,22,22,22,22,22,22,22
300018,1,1,1998,5,5,5,5,5,5,5,5,5,5
300019,1,1,1998,0,0,0,0,0,0,11,0,0,17
300020,1,1,1998,15,15,15,15,15,15,15,15,15,15
300021,1,1,1998,12,23,1,0,25,24,14,23,15,23
300022,1,1,1998,0,0,0,0,0,0,0,0,0,0
300022,2,1,1998,0,0,0,0,0,0,0,5,0,0
300023,1,1,1998,26,26,26,26,26,26,26,26,26,26
300024,1,1,1998,0,0,0,0,0,0,0,0,0,0
300024,2,1,1998,14,14,14,14,14,14,14,14,14,14
300025,1,1,1998,0,0,0,0,0,0,0,0,0,0
300025,2,1,1998,0,0,0,0,0,0,0,0,0,0
300026,1,1,1998,0,27,0,0,25,20,14,0,0,13
300027,1,1,1998,13,13,13,13,13,13,13,13,13,13
300028,1,1,1998,0,0,0,0,0,0,0,0,0,0
300028,2,1,1998,25,25,25,25,25,25,25,25,25,25
300029,1,1,1998,0,0,0,0,0,0,0,0,0,0
300029,2,1,1998,0,0,0,0,0,0,0,0,0,0
300030,1,1,1998,0,0,0,0,0,0,0,0,0,0
300030,2,1,1998,0,0,0,0,0,0,0,0,0,0
300031,1,1,1998,0,0,0,0,0,0,0,0,0,0
300031,2,1,1998,0,0,0,0,0,0,0,0,0,0
300032,0,1,1998,0,0,0,0,0,0,0,0,0,0
300032,1,1,1998,0,0,0,0,0,0,0,0,0,0
300033,1,1,1998,0,0,0,0,0,0,0,0,0,0
300034,1,1,1998,0,0,0,0,0,0,0,0,0,0
300035,1,1,1998,3,3,3,3,3,3,3,3,3,3
300035,2,1,1998,0,0,0,0,0,0,0,0,0,0
300036,1,1,1998,0,0,0,0,0,0,0,0,0,0
300037,1,1,1998,0,0,0,0,0,0,0,0,0,0
300038,1,1,1998,18,18,18,18,18,18,18,18,18,18
300039,1,1,1998,0,0,0,0,0,0,0,0,0,0
300039,2,1,1998,0,0,0,0,0,0,0,0,0,0
300040,1,1,1998,17,26,23,20,26,27,19,34,18,19
300041,1,1,1998,12,12,12,12,12,12,12,12,12,12
300041,2,1,1998,0,0,0,0,0,7,0,0,0,0
300042,1,1,1998,0,0,0,0,0,0,0,0,0,0
300043,1,1,1998,20,20,20,20,20,20,20,20,20,20
300044,1,1,1998,0,0,0,0,0,0,0,0,0,0
300045,1,1,1998,0,0,0,0,0,0,0,0,0,0
300045,2,1,1998,0,0,0,0,0,0,0,0,0,0
300046,1,1,1998,12,0,9,0,0,22,0,0,0,0
300047,1,1,1998,29,29,29,29,29,29,29,29,29,29
300048,1,1,1998,13,23,9,23,27,27,7,26,27,22
300049,1,1,1998,0,0,0,0,0,0,0,0,0,0
300050,1,1,1998,20,20,20,20,20,20,20,20,20,20
300051,1,1,1998,8,8,0,9,0,0,15,12,0,4
300052,1,1,1998,0,0,0,0,0,0,0,0,0,0
300052,2,1,1998,0,0,0,0,0,0,0,0,0,0
300053,1,1,1998,0,0,0,0,0,0,0,0,0,0
300054,1,1,1998,9,9,9,9,9,9,9,9,9,9
300055,1,1,1998,25,25,25,25,25,25,25,25,25,25
300056,1,1,1998,0,3,0,21,20,0,0,0,16,0
300056,2,1,1998,19,27,8,0,0,9,12,6,17,16
300057,1,1,1998,23,16,0,14,0,0,8,0,0,8
300057,2,1,1998,13,25,18,6,19,17,17,14,26,22
300058,1,1,1998,0,0,0,0,0,0,0,8,0,0
300059,1,1,1998,0,0,0,0,0,0,0,0,0,0
300060,1,1,1998,0,0,0,0,0,0,0,0,0,0
300060,2,1,1998,0,0,0,0,0,0,0,0,0,0
300061,1,1,1998,0,0,29,0,9,0,0,0,0,0
300062,1,1,1998,12,24,0,24,15,21,8,0,0,26
300063,1,1,1998,35,35,35,35,35,35,35,35,35,35
300064,1,1,1998,0,0,0,0,0,0,0,0,0,0
300065,1,1,1998,16,16,16,16,16,16,16,16,16,16
300066,1,1,1998,31,31,31,31,31,31,31,31,31,31
300067,1,1,1998,0,0,0,0,0,0,0,0,0,0
300068,1,1,1998,0,0,0,0,0,0,0,0,0,0
300069,1,1,1998,38,38,38,38,38,38,38,38,38,38