ST_CASE,VEH_NO,PER_NO,YEAR,P1,P2,P3,P4,P5,P6,P7,P8,P9,P10
300070,1,1,1998,28,28,28,28,28,28,28,28,28,28
300071,1,1,1998,0,0,0,0,0,0,0,0,0,0
300071,2,1,1998,0,0,0,0,0,0,0,0,0,0
300071,3,1,1998,19,19,19,19,19,19,19,19,19,19
300071,4,1,1998,0,0,0,0,0,0,0,0,0,0
300072,1,1,1998,0,0,0,0,0,0,0,0,0,0
300072,2,1,1998,0,0,0,0,0,0,0,0,0,0
300073,1,1,1998,0,0,0,0,0,0,0,0,0,0
300073,2,1,1998,0,0,0,0,0,0,0,0,0,0
300074,1,1,1998,0,0,0,0,0,0,0,0,0,0
300074,2,1,1998,0,0,0,0,0,0,0,0,0,0
300074,3,1,1998,0,0,0,0,0,0,0,0,0,0
300075,1,1,1998,24,24,24,24,24,24,24,24,24,24
300076,1,1,1998,26,26,26,26,26,26,26,26,26,26
300077,1,1,1998,0,0,0,0,0,0,0,0,0,0
300078,1,1,1998,14,14,14,14,14,14,14,14,14,14
300079,1,1,1998,10,0,0,0,0,0,0,0,0,0
300080,1,1,1998,2,8,12,8,12,11,10,6,16,0
300081,1,1,1998,0,0,0,0,0,0,0,0,0,0
300081,2,1,1998,0,0,0,0,0,0,0,0,0,0
300082,0,1,1998,0,0,0,0,0,0,0,0,24,40
300083,1,1,1998,13,16,0,0,26,14,11,0,0,0
300084,1,1,1998,0,0,0,0,0,0,0,0,0,0
300084,2,1,1998,0,0,0,0,0,0,0,0,0,0
300085,1,1,1998,17,17,17,17,17,17,17,17,17,17
300085,2,1,1998,12,0,0,10,0,0,0,0,0,0
300086,1,1,1998,0,0,0,0,0,0,0,0,0,0
300087,1,1,1998,22,22,22,22,22,22,22,22,22,22
300088,1,1,1998,0,0,0,0,0,0,0,0,0,0
300089,1,1,1998,14,20,24,11,16,33,12,7,3,12
300090,1,1,1998,0,0,0,0,0,0,0,0,0,0
300090,2,1,1998,0,0,0,0,0,0,0,0,0,0
300091,1,1,1998,0,0,0,0,0,0,0,8,0,0
300092,1,1,1998,15,15,15,15,15,15,15,15,15,15
300093,1,1,1998,8,8,8,8,8,8,8,8,8,8
300094,1,1,1998,15,15,15,15,15,15,15,15,15,15
300095,1,1,1998,10,22,16,9,18,22,17,28,20,26
300096,1,1,1998,19,19,19,19,19,19,19,19,19,19
300097,1,1,1998,0,0,0,0,0,0,0,0,0,0
300097,2,1,1998,0,0,0,0,0,0,0,0,0,0
300098,1,1,1998,0,0,0,0,0,0,0,0,0,0
300099,1,1,1998,0,0,0,0,0,0,0,0,0,0
300099,2,1,1998,0,0,0,0,0,0,0,0,0,0
300100,1,1,1998,0,0,0,0,0,0,0,0,0,0
300101,1,1,1998,12,0,0,0,6,0,31,27,0,3
300102,1,1,1998,0,0,0,0,0,0,0,0,0,0
300103,1,1,1998,0,0,0,0,0,0,0,2,0,0
300104,1,1,1998,9,0,15,0,22,0,21,11,5,21
300105,0,1,1998,17,37,32,26,16,17,25,17,17,14
300105,1,1,1998,9,9,9,9,9,9,9,9,9,9
300106,1,1,1998,0,0,0,0,0,0,0,0,0,0
300107,1,1,1998,0,0,0,0,0,0,0,0,0,0
300108,1,1,1998,0,0,0,0,0,0,12,0,0,0
300109,1,1,1998,19,19,19,19,19,19,19,19,19,19
300110,1,1,1998,12,0,0,0,0,14,0,16,0,0
300111,1,1,1998,32,32,32,32,32,32,32,32,32,32
300112,1,1,1998,0,0,0,0,0,0,0,0,0,0
300112,2,1,1998,0,13,16,0,0,17,25,0,0,0
300113,1,1,1998,0,0,0,0,0,0,0,0,0,17
300113,2,1,1998,0,0,0,0,9,0,0,0,0,0
300114,1,1,1998,0,19,15,11,5,30,13,14,17,11
300115,1,1,1998,0,0,0,0,0,0,0,0,0,0
300115,2,1,1998,0,0,0,0,0,0,0,0,0,0
300116,1,1,1998,18,18,18,18,18,18,18,18,18,18
300116,2,1,1998,0,0,0,0,0,0,0,0,0,0
300117,1,1,1998,0,0,0,0,0,0,0,0,0,0
300118,1,1,1998,2,2,2,2,2,2,2,2,2,2
300118,2,1,1998,0,0,0,0,0,0,0,0,0,0
300119,1,1,1998,0,0,0,0,0,0,0,0,0,0
300119,2,1,1998,0,0,0,0,0,0,0,0,0,0
300120,1,1,1998,0,0,0,0,0,0,0,0,0,0
300120,2,1,1998,0,0,0,0,0,0,0,0,0,0
300121,1,1,1998,0,0,0,14,0,0,0,0,0,0
300122,1,1,1998,13,18,5,28,40,8,23,0,23,19
300122,2,1,1998,0,0,0,0,0,0,0,0,0,0
300123,1,1,1998,0,0,0,0,0,0,0,0,0,0
300123,2,1,1998,0,0,0,0,0,0,0,0,0,5
300124,1,1,1998,0,0,0,0,0,0,0,0,0,0
300125,1,1,1998,0,0,0,0,0,0,0,0,0,0
300125,2,1,1998,0,0,0,0,0,0,0,0,0,0
300126,1,1,1998,8,16,2,19,11,6,5,6,9,22
300127,1,1,1998,0,0,0,0,0,0,0,0,0,0
300127,2,1,1998,0,13,0,0,0,17,29,0,0,0
300128,1,1,1998,2,2,2,2,2,2,2,2,2,2
300129,1,1,1998,15,15,15,15,15,15,15,15,15,15
300130,1,1,1998,5,5,5,5,5,5,5,5,5,5
300131,1,1,1998,0,0,0,0,0,0,0,0,0,0
300132,1,1,1998,20,20,20,20,20,20,20,20,20,20
300133,0,1,1998,0,16,0,0,0,0,0,0,0,0
300133,1,1,1998,0,0,0,0,0,0,0,0,0,0
300134,1,1,1998,0,0,0,0,0,0,0,0,0,0
300134,2,1,1998,0,0,0,0,0,0,0,0,0,0
300135,1,1,1998,27,27,27,27,27,27,27,27,27,27
300136,1,1,1998,0,0,0,0,0,0,0,0,0,0
300137,1,1,1998,0,0,0,0,0,0,0,0,0,0
300138,1,1,1998,0,0,0,0,0,0,0,0,0,0
300138,2,1,1998,0,0,0,0,0,0,0,0,0,0
300139,1,1,1998,0,0,0,0,0,0,0,0,0,0
300140,1,1,1998,1,1,1,1,1,1,1,1,1,1
300141,1,1,1998,13,19,19,17,0,5,0,0,7,0
300142,1,1,1998,0,0,0,0,0,0,0,0,0,0
300142,2,1,1998,0,0,0,0,0,0,0,0,0,0
300143,1,1,1998,0,0,0,0,0,0,0,0,0,0
300144,1,1,1998,0,0,0,0,0,0,0,0,0,0
300144,2,1,1998,0,0,0,0,0,0,0,0,0,0
300145,1,1,1998,0,0,0,0,0,0,0,0,0,0
300145,2,1,1998,0,0,0,0,0,0,0,0,0,0
300146,1,1,1998,0,0,0,0,0,0,0,0,0,0
300147,1,1,1998,35,33,15,0,17,5,11,11,0,15
300148,1,1,1998,15,15,15,15,15,15,15,15,15,15
300149,1,1,1998,27,27,27,27,27,27,27,27,27,27
300150,1,1,1998,19,19,19,19,19,19,19,19,19,19
300151,1,1,1998,0,0,0,0,0,10,0,0,0,0
300151,2,1,1998,0,0,0,0,0,0,0,0,0,0
300152,0,1,1998,24,7,38,19,0,16,21,16,15,10
300152,1,1,1998,20,17,12,13,5,22,10,13,18,18
300153,1,1,1998,0,0,0,0,0,0,0,0,0,0
300153,2,1,1998,0,0,0,0,0,0,0,0,0,0
300154,0,1,1998,20,20,20,20,20,20,20,20,20,20
300154,1,1,1998,0,0,0,0,0,0,0,0,0,0
300155,1,1,1998,5,0,0,0,0,0,0,0,0,0
300155,2,1,1998,0,0,0,0,0,0,0,0,0,0
300156,1,1,1998,0,0,0,0,0,0,0,0,0,0
300157,1,1,1998,30,30,30,30,30,30,30,30,30,30
300158,0,1,1998,0,0,0,0,0,0,0,0,0,0
300158,1,1,1998,0,0,0,0,0,0,0,0,0,0
300159,1,1,1998,0,0,0,0,0,0,0,0,0,0
300159,2,1,1998,1,1,1,1,1,1,1,1,1,1
300160,1,1,1998,34,0,25,26,16,0,17,12,17,8
300161,1,1,1998,0,0,0,0,0,10,0,0,0,0
300161,2,1,1998,0,0,0,0,0,0,0,0,0,0
300162,1,1,1998,14,14,14,14,14,14,14,14,14,14
300163,1,1,1998,0,0,0,0,0,0,0,0,0,0
300164,1,1,1998,0,0,0,0,0,0,0,0,0,0
300164,2,1,1998,0,0,0,0,0,0,0,0,0,0
300165,1,1,1998,13,16,17,16,17,16,25,6,18,16
300166,0,1,1998,0,0,0,0,0,0,0,0,0,0
300166,1,1,1998,2,2,2,2,2,2,2,2,2,2
300167,1,1,1998,21,21,21,21,21,21,21,21,21,21
300168,1,1,1998,0,0,0,0,0,0,0,0,0,0
300168,2,1,1998,0,0,0,0,0,0,0,0,0,0
300169,1,1,1998,23,20,13,8,18,8,31,24,33,27
300170,1,1,1998,0,0,0,0,0,0,0,0,13,0
300171,1,1,1998,20,0,0,0,0,0,0,0,0,0
300172,1,1,1998,0,0,0,0,0,0,0,0,0,0
300173,1,1,1998,20,20,20,20,20,20,20,20,20,20
300174,1,1,1998,0,0,0,17,0,16,0,27,0,0
300175,1,1,1998,0,0,0,0,0,0,0,0,0,0
300176,1,1,1998,0,0,0,3,0,0,0,0,0,0
300177,1,1,1998,0,0,0,0,0,0,0,0,0,0
300177,2,1,1998,0,0,0,0,0,0,0,0,0,0
300178,1,1,1998,0,0,0,0,0,0,0,0,0,0
300178,2,1,1998,0,0,0,0,0,0,0,0,0,0
300179,0,1,1998,0,0,0,0,0,0,0,0,0,0
300179,1,1,1998,0,0,0,0,0,0,0,0,0,0
300180,1,1,1998,17,17,17,17,17,17,17,17,17,17
300180,2,1,1998,0,0,0,0,0,0,0,0,0,0
300181,1,1,1998,23,23,23,23,23,23,23,23,23,23
300182,1,1,1998,0,0,0,0,0,0,0,0,0,0
300183,1,1,1998,0,0,0,0,0,0,0,0,0,0
300184,1,1,1998,0,0,0,0,0,0,0,0,0,0
300184,2,1,1998,0,0,0,0,0,0,0,0,0,0
300185,1,1,1998,0,0,0,0,0,0,0,0,0,0
300186,0,1,1998,0,0,0,0,0,0,0,0,0,0
300186,1,1,1998,0,0,0,0,0,0,0,0,0,0
300187,1,1,1998,18,18,18,18,18,18,18,18,18,18
300188,1,1,1998,0,0,0,0,0,0,0,0,0,0
300189,1,1,1998,0,0,0,0,0,0,0,0,0,0
300189,2,1,1998,0,0,0,0,0,0,0,0,0,0
300190,0,1,1998,16,0,18,20,0,44,0,0,27,27
300190,1,1,1998,12,0,0,34,0,13,0,17,0,0
300191,1,1,1998,0,0,0,0,0,0,0,0,0,0
300192,1,1,1998,0,0,0,0,0,0,0,0,0,0
300193,1,1,1998,0,0,0,0,0,0,0,0,0,0
300193,2,1,1998,0,0,0,0,0,0,0,0,0,0
300194,1,1,1998,0,0,0,0,0,0,0,0,0,0
300194,2,1,1998,0,0,0,0,0,0,0,0,0,0
300195,1,1,1998,0,0,0,0,0,0,0,0,0,0
300195,2,1,1998,0,0,0,0,0,0,0,0,0,0
300196,1,1,1998,23,23,23,23,23,23,23,23,23,23
300196,2,1,1998,0,0,0,0,0,0,0,0,0,0
300197,1,1,1998,0,0,0,0,0,15,0,0,0,0
300198,1,1,1998,27,27,27,27,27,27,27,27,27,27
300199,1,1,1998,0,0,0,0,0,0,0,0,0,0
300199,2,1,1998,0,0,0,0,0,0,0,0,0,0
300200,1,1,1998,14,14,14,14,14,14,14,14,14,14
300201,1,1,1998,21,9,21,7,11,14,23,30,32,20
300202,1,1,1998,6,6,6,6,6,6,6,6,6,6
300203,1,1,1998,0,0,0,0,0,0,0,0,0,0
300204,1,1,1998,0,0,0,0,0,0,0,0,0,0
300204,2,1,1998,11,11,11,11,11,11,11,11,11,11
300205,1,1,1998,0,0,0,0,0,0,0,0,0,0
300205,2,1,1998,0,0,0,0,0,0,0,0,0,0
300206,1,1,1998,0,0,0,0,0,0,0,0,0,0
300206,2,1,1998,0,0,0,0,0,0,0,0,0,0
300207,1,1,1998,0,0,0,0,0,0,0,0,0,0
300207,2,1,1998,0,0,0,0,0,0,0,0,0,0
300208,1,1,1998,0,0,0,0,0,0,0,0,0,0
300208,2,1,1998,0,0,0,0,0,0,0,0,0,0
310001,1,1,1998,14,14,14,14,14,14,14,14,14,14
310002,1,1,1998,0,0,0,0,0,0,0,0,0,0
310002,2,1,1998,0,0,0,0,0,0,0,0,0,0
310003,1,1,1998,0,0,0,0,0,0,0,0,0,0
310004,1,1,1998,0,0,0,0,0,0,0,0,0,0
310004,2,1,1998,0,0,0,0,0,0,0,0,0,0
310005,1,1,1998,0,0,0,0,0,0,0,0,0,0
310005,2,1,1998,0,0,0,0,0,0,0,0,0,0
310006,1,1,1998,0,0,0,0,0,0,0,0,0,0
310006,2,1,1998,0,0,0,0,0,0,0,0,0,0
310007,1,1,1998,0,0,0,0,0,0,0,0,0,0
310007,2,1,1998,0,0,0,0,0,0,0,0,0,0
310008,1,1,1998,0,0,0,0,0,0,0,0,0,0
310008,2,1,1998,0,0,0,0,0,0,0,0,0,0
310009,1,1,1998,0,0,0,0,0,0,0,0,0,0
310010,1,1,1998,13,13,13,13,13,13,13,13,13,13
310011,1,1,1998,20,20,20,20,20,20,20,20,20,20
310012,1,1,1998,0,0,0,0,0,0,0,0,0,0
310012,2,1,1998,0,0,0,0,0,0,0,0,0,0
310013,1,1,1998,17,17,17,17,17,17,17,17,17,17
310014,1,1,1998,0,0,0,0,0,0,0,0,0,0
310014,2,1,1998,0,0,0,0,0,0,0,0,0,0
310015,1,1,1998,24,24,24,24,24,24,24,24,24,24
310016,1,1,1998,0,0,0,0,0,0,0,0,0,0
310016,2,1,1998,0,0,0,0,0,0,0,0,3,0
310017,0,1,1998,30,30,30,30,30,30,30,30,30,30
310018,1,1,1998,0,0,0,0,0,0,0,14,0,0
310018,2,1,1998,0,0,0,0,0,0,0,0,0,0
310019,1,1,1998,0,0,0,0,0,0,0,0,0,0
310019,2,1,1998,0,0,0,0,0,0,0,0,0,0
310020,1,1,1998,0,0,0,0,0,0,0,0,0,0
310020,2,1,1998,0,0,0,0,0,0,0,0,0,0
310021,1,1,1998,0,0,0,0,0,0,0,0,0,0
310022,1,1,1998,0,0,0,0,0,0,0,0,0,0
310022,2,1,1998,0,0,0,0,0,0,0,0,0,0
310023,1,1,1998,0,0,0,0,0,0,0,0,0,0
310024,1,1,1998,14,18,18,17,22,0,12,0,26,0
310025,1,1,1998,0,0,0,0,0,0,0,0,0,0
310026,1,1,1998,36,36,36,36,36,36,36,36,36,36
310027,1,1,1998,0,0,0,0,0,0,0,0,0,0
310027,2,1,1998,0,0,0,0,0,0,0,0,0,0
310028,1,1,1998,0,0,0,0,0,0,0,0,0,0
310028,2,1,1998,0,0,0,0,0,0,0,0,0,0
310029,1,1,1998,0,0,0,0,0,0,0,0,0,0
310030,0,1,1998,0,0,0,0,0,0,0,0,0,0
310030,1,1,1998,0,0,0,0,0,0,0,0,0,0
310031,1,1,1998,5,5,5,5,5,5,5,5,5,5
310031,2,1,1998,0,0,0,0,0,0,0,0,0,0
310032,1,1,1998,0,0,0,4,0,0,0,0,0,0
310033,0,1,1998,0,0,0,0,0,0,0,0,0,9
310033,1,1,1998,0,0,0,0,0,0,0,0,0,0
310034,1,1,1998,0,0,0,0,0,0,0,0,0,0
310034,2,1,1998,0,0,0,0,0,0,0,0,0,0
310035,1,1,1998,0,0,0,0,0,0,0,0,0,0
310036,1,1,1998,0,0,0,0,0,0,0,0,0,0
310036,2,1,1998,0,0,0,0,0,0,0,0,0,0
310037,1,1,1998,0,0,0,0,0,0,0,0,0,0
310037,2,1,1998,0,0,0,0,0,0,0,0,0,0
310038,1,1,1998,0,0,0,0,0,0,0,0,0,0
310038,2,1,1998,0,0,0,0,0,0,0,0,0,0
310039,1,1,1998,0,0,0,0,0,0,0,0,0,0
310039,2,1,1998,0,0,0,0,0,0,0,0,0,0
310040,1,1,1998,11,11,11,11,11,11,11,11,11,11
310041,1,1,1998,0,0,0,0,0,0,0,0,0,0
310041,2,1,1998,0,0,0,0,0,0,0,0,0,0
310042,1,1,1998,0,0,0,0,0,0,0,0,0,0
310043,1,1,1998,0,0,0,0,0,0,0,0,0,0
310043,2,1,1998,0,0,0,0,0,0,0,0,0,0
310044,1,1,1998,0,0,0,0,0,0,0,0,0,0
310044,2,1,1998,0,0,0,0,0,0,0,0,0,0
310044,3,1,1998,0,0,0,0,0,0,0,0,0,0
310044,4,1,1998,0,0,0,0,0,0,0,0,0,0
310045,1,1,1998,0,0,0,0,0,0,0,0,0,0
310045,2,1,1998,0,0,0,0,0,0,0,0,0,0
310046,1,1,1998,3,3,3,3,3,3,3,3,3,3
310046,2,1,1998,0,0,0,0,0,0,0,0,0,0
310046,3,1,1998,0,0,0,0,0,0,0,0,0,0
310047,1,1,1998,25,25,25,25,25,25,25,25,25,25
310048,1,1,1998,0,0,0,0,0,0,0,0,0,0
310049,1,1,1998,0,0,0,0,0,0,0,0,0,0
310050,1,1,1998,5,5,5,5,5,5,5,5,5,5
310051,1,1,1998,0,0,0,0,0,0,0,0,0,0
310051,2,1,1998,0,0,0,0,0,0,0,0,0,0
310052,1,1,1998,0,0,0,0,0,0,0,0,0,0
310052,2,1,1998,4,4,4,4,4,4,4,4,4,4
310053,1,1,1998,6,6,6,6,6,6,6,6,6,6
310054,1,1,1998,0,0,0,0,0,0,0,0,0,0
310054,2,1,1998,0,0,0,0,0,0,0,0,0,0
310055,1,1,1998,0,0,0,0,0,0,0,0,0,0
310056,1,1,1998,0,0,0,0,0,0,0,0,0,0
310057,1,1,1998,0,0,0,0,0,0,0,0,0,0
310058,1,1,1998,0,0,0,0,0,0,0,0,0,0
310058,2,1,1998,0,0,0,0,0,0,0,0,0,0
310059,1,1,1998,13,13,13,13,13,13,13,13,13,13
310060,1,1,1998,0,0,0,0,0,0,0,0,0,0
310060,2,1,1998,0,0,0,0,0,0,0,0,0,0
310061,1,1,1998,0,0,0,0,0,0,0,0,0,0
310062,1,1,1998,0,0,0,0,0,0,0,0,0,0
310062,2,1,1998,0,0,0,0,0,0,0,0,0,0
310063,1,1,1998,0,0,0,0,4,0,0,0,0,0
310063,2,1,1998,0,0,0,0,0,0,0,0,0,0
310064,1,1,1998,26,26,26,26,26,26,26,26,26,26
310065,1,1,1998,0,0,0,0,0,0,0,0,0,0
310065,2,1,1998,0,0,0,0,0,0,0,0,0,0
310066,1,1,1998,21,21,21,21,21,21,21,21,21,21
310067,0,1,1998,0,0,0,0,0,0,0,0,0,0
310067,1,1,1998,26,26,26,26,26,26,26,26,26,26
310068,1,1,1998,0,0,0,0,0,0,0,0,0,0
310068,2,1,1998,0,0,0,0,0,0,0,0,0,0
310069,1,1,1998,24,24,24,24,24,24,24,24,24,24
310070,1,1,1998,10,10,10,10,10,10,10,10,10,10
310071,1,1,1998,16,16,16,16,16,16,16,16,16,16
310072,1,1,1998,0,0,0,0,0,0,0,0,0,0
310072,2,1,1998,0,0,0,0,0,0,0,0,0,0
310073,1,1,1998,0,0,0,0,0,0,0,0,0,0
310073,2,1,1998,8,8,8,8,8,8,8,8,8,8
310074,1,1,1998,23,23,23,23,23,23,23,23,23,23
310075,0,1,1998,0,0,0,0,0,0,0,0,0,0
310075,1,1,1998,0,0,0,0,0,0,0,0,0,0
310076,1,1,1998,0,0,0,0,0,0,0,0,0,0
310077,1,1,1998,22,7,17,18,14,21,16,0,0,20
310078,1,1,1998,0,0,0,0,0,0,0,0,0,0
310078,2,1,1998,0,0,0,0,0,0,0,0,0,0
310079,1,1,1998,0,0,0,0,0,0,0,0,0,0
310079,2,1,1998,0,0,0,0,0,0,0,0,0,0
310080,1,1,1998,0,0,0,0,0,0,0,0,0,0
310080,2,1,1998,0,0,0,0,0,0,0,0,0,0
310081,1,1,1998,20,28,19,26,11,24,14,27,12,13
310082,0,1,1998,24,17,20,0,27,27,0,31,17,0
310082,1,1,1998,0,0,0,0,0,0,0,0,0,0
310083,1,1,1998,9,9,9,9,9,9,9,9,9,9
310084,1,1,1998,0,0,0,0,0,0,0,0,0,0
310084,2,1,1998,16,16,16,16,16,16,16,16,16,16
310085,1,1,1998,0,0,0,0,0,0,0,0,0,0
310086,0,1,1998,22,22,22,22,22,22,22,22,22,22
310086,1,1,1998,0,0,0,0,0,0,0,0,0,0
310087,1,1,1998,0,0,0,0,0,10,0,0,0,0
310087,2,1,1998,0,0,20,0,0,16,0,0,0,8
310088,1,1,1998,0,0,0,0,0,0,0,0,0,0
310089,1,1,1998,0,0,0,0,0,0,0,0,0,23
310089,2,1,1998,0,0,0,0,0,0,0,0,0,0
310090,1,1,1998,0,0,0,0,0,0,0,0,0,0
310090,2,1,1998,0,0,0,0,0,0,0,0,0,0
310091,1,1,1998,6,0,9,0,14,0,0,0,0,0
310091,2,1,1998,0,0,0,0,0,0,0,0,0,0
310092,1,1,1998,19,19,19,19,19,19,19,19,19,19
310093,0,1,1998,0,0,0,0,0,0,0,0,0,0
310093,1,1,1998,0,0,0,0,0,0,0,0,0,0
310094,1,1,1998,0,0,0,0,0,0,0,0,0,0
310094,2,1,1998,0,0,0,0,0,0,0,0,0,0
310095,1,1,1998,0,0,0,0,0,0,0,0,0,0
310095,2,1,1998,0,0,0,0,0,0,0,0,0,0
310096,0,1,1998,10,10,10,10,10,10,10,10,10,10
310096,1,1,1998,2,2,2,2,2,2,2,2,2,2
310097,1,1,1998,29,29,29,29,29,29,29,29,29,29
310098,0,1,1998,0,0,0,0,0,0,0,0,0,0
310098,1,1,1998,0,0,0,0,0,0,0,0,0,0
310099,1,1,1998,37,37,37,37,37,37,37,37,37,37
310100,1,1,1998,0,0,0,0,0,0,0,0,0,0
310101,1,1,1998,0,0,0,0,0,0,0,0,0,0
310101,2,1,1998,8,0,0,0,0,0,0,0,0,0
310102,1,1,1998,0,0,0,0,0,0,0,0,0,0
310103,1,1,1998,0,0,0,0,0,0,0,0,0,0
310103,2,1,1998,0,0,0,0,0,0,0,0,0,0
310104,1,1,1998,19,19,19,19,19,19,19,19,19,19
310105,1,1,1998,0,0,0,0,0,0,0,0,0,0
310106,1,1,1998,19,19,19,19,19,19,19,19,19,19
310107,1,1,1998,0,0,0,0,0,0,0,0,0,0
310107,2,1,1998,0,0,0,0,0,0,0,0,0,0
310108,1,1,1998,0,0,0,0,0,0,0,0,0,0
310108,2,1,1998,0,0,8,0,0,0,0,0,6,0
310109,1,1,1998,0,0,0,0,0,0,0,0,0,0
310109,2,1,1998,0,0,0,0,0,0,0,0,0,0
310109,3,1,1998,0,0,0,0,0,0,0,0,0,0
310109,4,1,1998,0,0,0,0,0,0,0,0,0,0
310109,5,1,1998,0,0,0,0,0,0,0,0,0,0
310110,1,1,1998,0,0,0,0,0,0,0,0,0,0
310110,2,1,1998,0,0,0,0,0,0,0,0,0,0
310111,1,1,1998,0,0,0,0,0,0,0,0,0,0
310111,2,1,1998,0,0,0,0,0,0,0,0,0,0
310111,3,1,1998,0,0,0,0,0,0,0,0,0,0
310112,1,1,1998,0,0,0,0,0,0,0,0,0,0
310112,2,1,1998,12,12,12,12,12,12,12,12,12,12
310113,1,1,1998,22,22,22,22,22,22,22,22,22,22
310114,1,1,1998,17,17,17,17,17,17,17,17,17,17
310115,0,1,1998,0,0,0,0,0,0,0,0,0,0
310115,1,1,1998,0,0,0,0,0,0,0,0,0,0
310116,1,1,1998,0,0,0,0,0,0,0,0,0,0
310116,2,1,1998,0,0,0,0,0,0,0,0,0,0
310117,0,1,1998,0,0,0,0,0,0,0,0,0,0
310117,1,1,1998,0,0,0,0,0,0,0,0,0,0
310118,1,1,1998,0,0,0,0,0,0,0,0,0,0
310118,2,1,1998,0,0,0,0,0,0,0,0,0,0
310119,1,1,1998,0,0,0,0,0,0,0,0,0,0
310119,2,1,1998,17,17,17,17,17,17,17,17,17,17
310120,1,1,1998,0,0,0,0,0,0,0,0,0,0
310121,1,1,1998,0,0,0,0,0,0,0,0,0,0
310122,1,1,1998,0,0,0,0,0,0,0,0,0,0
310122,2,1,1998,0,0,0,0,0,0,0,0,0,0
310123,1,1,1998,9,9,9,9,9,9,9,9,9,9
310124,1,1,1998,0,0,0,0,0,0,0,0,0,0
310124,2,1,1998,0,0,0,0,0,0,0,0,0,0
310125,1,1,1998,0,0,0,0,0,0,0,0,0,0
310126,1,1,1998,6,6,6,6,6,6,6,6,6,6
310127,0,1,1998,0,0,0,0,0,0,0,0,0,0
310127,0,2,1998,0,0,12,0,0,0,0,0,0,0
310127,1,1,1998,0,0,0,0,0,0,0,0,0,0
310128,1,1,1998,0,6,0,0,0,0,0,0,0,7
310129,1,1,1998,15,15,15,15,15,15,15,15,15,15
310130,1,1,1998,0,0,0,0,0,0,0,0,0,0
310130,2,1,1998,0,0,0,0,0,0,0,0,0,0
310131,1,1,1998,0,0,0,0,0,0,0,0,0,0
310132,1,1,1998,6,6,6,6,6,6,6,6,6,6
310132,2,1,1998,0,0,12,0,0,0,0,0,0,0
310133,1,1,1998,0,0,0,0,0,0,0,0,0,0
310133,2,1,1998,0,0,0,0,0,0,0,0,0,0
310134,1,1,1998,13,13,13,13,13,13,13,13,13,13
310135,1,1,1998,0,0,0,0,0,0,0,0,0,0
310135,2,1,1998,16,16,16,16,16,16,16,16,16,16
310136,0,1,1998,0,0,0,0,0,0,0,0,0,0
310136,0,2,1998,0,0,0,0,0,0,0,0,0,0
310136,1,1,1998,0,0,0,0,0,0,0,0,0,0
310136,2,1,1998,0,0,0,0,22,0,0,0,0,0
310137,1,1,1998,0,0,0,0,0,0,0,0,0,0
310138,1,1,1998,10,10,10,10,10,10,10,10,10,10
310139,1,1,1998,26,26,26,26,26,26,26,26,26,26
310140,1,1,1998,0,0,0,0,0,0,0,0,0,0
310141,0,1,1998,0,0,16,0,0,0,0,0,0,0
310141,1,1,1998,0,0,0,0,0,0,0,0,0,0
310142,1,1,1998,33,33,33,33,33,33,33,33,33,33
310143,1,1,1998,0,0,0,0,0,0,0,0,0,0
310143,2,1,1998,10,10,10,10,10,10,10,10,10,10
310144,0,1,1998,0,0,0,0,0,0,0,0,0,0
310144,1,1,1998,0,0,0,0,0,0,0,0,0,0
310145,1,1,1998,0,2,0,7,10,0,0,0,9,0
310146,1,1,1998,0,0,0,0,0,0,0,0,0,0
310147,1,1,1998,14,14,14,14,14,14,14,14,14,14
310148,1,1,1998,0,0,0,0,0,0,0,0,0,0
310148,2,1,1998,1,1,1,1,1,1,1,1,1,1
310149,1,1,1998,22,22,22,22,22,22,22,22,22,22
310150,1,1,1998,0,0,0,0,0,0,0,0,0,0
310151,1,1,1998,0,0,0,0,0,0,0,0,0,0
310151,2,1,1998,0,0,0,0,0,0,0,0,0,0
310152,1,1,1998,6,6,6,6,6,6,6,6,6,6
310152,2,1,1998,0,0,0,0,0,0,0,0,0,0
310153,1,1,1998,27,27,27,27,27,27,27,27,27,27
310154,1,1,1998,19,19,19,19,19,19,19,19,19,19
310155,1,1,1998,7,7,7,7,7,7,7,7,7,7
310156,1,1,1998,15,0,0,8,0,0,0,0,9,0
310157,1,1,1998,12,12,12,12,12,12,12,12,12,12
310157,2,1,1998,0,0,0,0,0,0,6,21,0,0
310157,3,1,1998,0,0,0,0,0,0,0,0,0,0
310158,1,1,1998,5,5,5,5,5,5,5,5,5,5
310159,1,1,1998,0,0,0,0,0,0,0,0,0,0
310159,2,1,1998,0,0,0,0,0,0,0,0,0,0
310160,1,1,1998,0,0,0,0,0,0,0,0,0,0
310160,2,1,1998,0,0,0,0,0,0,0,0,0,0
310161,1,1,1998,0,0,0,0,0,0,0,0,0,0
310161,2,1,1998,0,0,0,0,0,0,0,0,0,0
310162,1,1,1998,0,0,0,0,0,0,0,0,0,0
310163,1,1,1998,0,0,0,0,0,0,0,0,9,0
310163,2,1,1998,0,0,0,26,0,0,0,0,0,0
310164,1,1,1998,7,18,6,24,13,8,23,23,5,19
310165,1,1,1998,19,19,19,19,19,19,19,19,19,19