ST_CASE,VEH_NO,PER_NO,YEAR,P1,P2,P3,P4,P5,P6,P7,P8,P9,P10
320171,1,1,1998,0,0,0,0,0,0,0,0,0,0
320171,2,1,1998,0,11,0,0,0,0,0,23,0,0
320172,1,1,1998,11,11,11,11,11,11,11,11,11,11
320172,2,1,1998,8,8,8,8,8,8,8,8,8,8
320172,3,1,1998,16,0,0,0,11,0,33,11,0,11
320174,1,1,1998,24,24,24,24,24,24,24,24,24,24
320174,2,1,1998,0,0,0,0,0,0,0,0,0,0
320175,0,1,1998,14,14,14,14,14,14,14,14,14,14
320175,1,1,1998,21,0,0,0,0,0,0,0,13,20
320176,1,1,1998,2,0,0,0,0,0,0,11,0,0
320177,1,1,1998,0,0,0,0,0,0,0,0,0,0
320178,1,1,1998,0,0,0,0,0,0,0,0,9,0
320179,1,1,1998,0,0,0,0,0,0,0,0,0,0
320180,1,1,1998,16,16,16,16,16,16,16,16,16,16
320180,2,1,1998,0,0,0,0,0,0,0,0,0,0
320181,1,1,1998,0,0,0,0,0,0,0,0,0,0
320182,0,1,1998,0,0,0,0,0,0,0,0,0,0
320182,0,2,1998,24,16,10,0,0,0,30,0,0,0
320182,1,1,1998,0,0,0,0,0,0,0,0,0,0
320182,2,1,1998,2,2,2,2,2,2,2,2,2,2
320183,0,1,1998,30,30,30,30,30,30,30,30,30,30
320183,1,1,1998,0,0,0,0,0,0,0,0,0,0
320184,1,1,1998,11,11,11,11,11,11,11,11,11,11
320185,1,1,1998,7,7,7,7,7,7,7,7,7,7
320186,1,1,1998,0,0,0,0,0,0,0,0,0,0
320186,2,1,1998,0,0,0,0,0,0,0,0,0,0
320187,1,1,1998,7,17,0,0,0,0,0,0,0,0
320188,1,1,1998,0,0,0,0,0,0,0,0,0,0
320188,2,1,1998,0,0,0,0,3,0,0,6,0,0
320188,3,1,1998,0,0,0,0,0,0,0,0,0,0
320189,1,1,1998,2,2,2,2,2,2,2,2,2,2
320189,2,1,1998,11,11,11,11,11,11,11,11,11,11
320190,1,1,1998,6,0,0,0,0,0,0,3,0,0
320191,0,1,1998,0,0,0,0,0,0,0,0,0,0
320191,1,1,1998,0,0,0,0,0,0,0,0,0,0
320192,1,1,1998,0,0,0,0,0,0,0,0,0,0
320193,1,1,1998,21,21,21,21,21,21,21,21,21,21
320194,0,1,1998,20,36,25,42,16,10,27,56,28,11
320194,1,1,1998,0,0,0,0,0,0,0,0,0,0
320195,1,1,1998,24,24,24,24,24,24,24,24,24,24
320195,2,1,1998,2,2,2,2,2,2,2,2,2,2
320196,1,1,1998,0,7,0,12,0,0,0,18,0,0
320197,0,1,1998,0,0,0,0,0,0,0,0,0,0
320197,1,1,1998,0,0,0,0,0,0,0,0,0,0
320198,1,1,1998,0,0,0,0,0,0,0,0,0,0
320199,1,1,1998,0,0,0,0,0,0,0,0,0,0
320199,2,1,1998,0,0,0,0,9,0,0,0,4,7
320200,1,1,1998,0,0,15,0,0,14,0,0,0,0
320201,1,1,1998,0,0,0,0,0,0,0,0,0,0
320202,1,1,1998,0,0,0,0,0,0,0,0,0,0
320203,0,1,1998,22,22,22,22,22,22,22,22,22,22
320203,1,1,1998,0,14,0,0,0,16,6,17,20,0
320204,1,1,1998,0,0,0,0,0,0,0,0,0,0
320205,1,1,1998,0,0,0,0,0,0,0,0,0,0
320205,2,1,1998,0,0,0,0,0,0,11,0,0,13
320206,1,1,1998,0,0,0,0,6,0,0,0,0,7
320207,1,1,1998,22,22,22,22,22,22,22,22,22,22
320207,2,1,1998,9,9,9,9,9,9,9,9,9,9
320208,1,1,1998,0,0,0,0,0,0,0,0,0,0
320209,1,1,1998,13,13,13,13,13,13,13,13,13,13
320209,2,1,1998,0,0,8,0,0,9,0,0,0,7
320210,1,1,1998,0,0,0,0,0,0,0,0,0,0
320210,2,1,1998,0,0,0,0,0,0,0,0,0,0
320211,1,1,1998,0,0,0,0,0,0,0,0,0,0
320212,1,1,1998,0,0,0,0,0,0,0,0,0,0
320212,2,1,1998,4,24,0,0,0,0,14,0,0,0
320213,1,1,1998,0,0,0,0,0,0,22,0,0,0
320213,2,1,1998,0,0,0,0,0,0,0,0,0,0
320213,3,1,1998,0,0,0,0,0,0,0,0,0,0
320214,1,1,1998,13,13,13,13,13,13,13,13,13,13
320215,1,1,1998,0,7,0,0,0,0,0,0,0,0
320216,1,1,1998,0,0,0,0,0,0,0,0,0,0
320216,2,1,1998,0,0,0,0,0,0,0,0,0,0
320217,1,1,1998,0,0,0,0,0,0,0,0,0,0
320217,2,1,1998,0,0,0,0,0,0,0,0,0,0
320217,3,1,1998,0,0,0,0,0,0,0,0,0,0
320218,1,1,1998,1,1,1,1,1,1,1,1,1,1
320218,2,1,1998,1,1,1,1,1,1,1,1,1,1
320219,1,1,1998,0,21,0,0,0,0,0,0,16,0
320219,2,1,1998,0,0,0,0,0,14,0,0,0,0
320220,1,1,1998,7,7,7,7,7,7,7,7,7,7
320221,1,1,1998,0,0,0,0,0,0,0,0,0,0
320221,2,1,1998,0,0,0,0,0,0,0,0,0,0
320222,1,1,1998,0,0,0,0,0,0,0,0,0,0
320222,5,1,1998,0,0,0,0,0,0,0,0,0,0
320222,6,1,1998,0,0,0,0,0,0,0,0,0,0
320223,0,1,1998,0,0,0,0,0,0,0,0,0,0
320223,1,1,1998,0,0,0,0,0,0,0,0,0,0
320224,1,1,1998,0,0,0,0,0,0,0,0,0,0
320224,2,1,1998,0,0,0,0,0,0,0,0,0,0
320224,3,1,1998,0,0,11,12,0,0,0,0,0,0
320225,1,1,1998,0,0,18,27,0,26,7,0,23,14
320226,1,1,1998,17,17,17,17,17,17,17,17,17,17
320227,1,1,1998,28,28,28,28,28,28,28,28,28,28
320228,1,1,1998,24,24,24,24,24,24,24,24,24,24
320229,1,1,1998,0,0,0,0,0,0,0,0,0,0
320230,1,1,1998,0,0,0,0,0,0,0,0,0,0
320231,1,1,1998,12,0,0,0,0,0,0,5,0,6
320232,1,1,1998,29,29,29,29,29,29,29,29,29,29
320233,1,1,1998,0,0,0,0,0,0,0,0,0,0
320233,2,1,1998,0,0,0,0,0,0,0,0,0,0
320234,1,1,1998,8,0,17,9,23,10,4,7,8,0
320234,2,1,1998,0,0,0,0,0,0,0,0,0,0
320234,3,1,1998,0,16,0,0,0,0,7,0,0,0
320235,1,1,1998,0,0,0,0,0,0,0,0,0,0
320236,1,1,1998,0,10,0,22,8,17,17,11,22,0
320236,2,1,1998,0,0,0,0,0,0,0,0,0,0
320237,0,1,1998,24,24,24,24,24,24,24,24,24,24
320237,1,1,1998,25,0,0,0,0,0,0,12,0,0
320238,1,1,1998,0,14,0,0,0,0,0,0,0,0
320239,1,1,1998,12,12,12,12,12,12,12,12,12,12
320239,2,1,1998,7,20,0,34,9,0,0,3,0,0
320240,1,1,1998,0,0,0,0,0,0,0,0,0,0
320241,1,1,1998,16,16,16,16,16,16,16,16,16,16
320242,1,1,1998,16,16,16,16,16,16,16,16,16,16
320242,2,1,1998,0,0,0,0,0,0,23,0,0,0
320243,1,1,1998,0,0,0,0,0,0,0,0,0,0
320243,2,1,1998,0,0,0,0,0,0,0,0,0,0
320244,1,1,1998,23,23,23,23,23,23,23,23,23,23
320245,1,1,1998,0,0,0,0,0,0,0,0,0,0
320245,2,1,1998,0,0,0,0,0,0,0,0,0,0
320246,1,1,1998,0,0,0,0,0,0,0,0,0,0
320247,1,1,1998,0,0,0,0,0,0,0,0,0,0
320247,2,1,1998,0,0,0,0,0,0,0,0,0,0
320248,0,1,1998,8,8,8,8,8,8,8,8,8,8
320248,1,1,1998,0,0,0,0,0,0,0,0,0,0
320249,0,1,1998,0,0,0,0,0,0,0,0,0,0
320249,1,1,1998,0,0,0,0,0,0,0,0,0,0
320250,1,1,1998,11,11,11,11,11,11,11,11,11,11
320251,1,1,1998,0,0,0,0,0,0,0,0,0,0
320251,2,1,1998,0,0,0,0,0,0,0,0,0,0
320252,1,1,1998,0,0,0,0,0,0,0,0,0,0
320253,1,1,1998,19,19,19,19,19,19,19,19,19,19
320254,1,1,1998,18,18,18,18,18,18,18,18,18,18
320254,2,1,1998,0,0,0,0,0,0,0,0,0,0
320255,0,1,1998,0,0,0,0,0,0,0,0,0,0
320255,1,1,1998,0,0,9,0,0,0,0,0,0,0
320256,1,1,1998,0,0,0,0,0,3,0,0,0,0
320257,0,1,1998,0,0,0,0,0,0,0,0,0,0
320257,1,1,1998,15,15,15,15,15,15,15,15,15,15
320258,1,1,1998,0,0,0,0,0,0,0,0,0,0
320258,2,1,1998,0,0,0,0,0,0,0,0,0,5
320258,3,1,1998,0,10,0,19,0,0,10,0,0,8
320259,1,1,1998,0,0,0,0,0,0,0,0,0,0
320259,2,1,1998,0,0,0,0,0,0,0,0,0,0
320260,1,1,1998,0,0,0,0,0,0,0,0,0,0
320261,0,1,1998,0,0,0,0,0,0,0,0,0,0
320261,1,1,1998,0,0,0,0,0,0,0,0,0,0
320262,1,1,1998,0,0,0,0,0,0,0,0,0,0
320262,2,1,1998,0,0,0,0,0,0,0,0,0,0
320262,3,1,1998,0,0,6,0,0,0,0,0,0,0
320263,1,1,1998,0,0,0,0,0,0,0,0,0,0
320264,1,1,1998,7,7,7,7,7,7,7,7,7,7
320264,2,1,1998,0,0,0,0,0,0,23,0,0,0
320265,1,1,1998,0,0,0,30,10,0,0,0,0,0
320265,2,1,1998,0,0,0,0,0,0,0,0,0,0
320266,1,1,1998,8,8,8,8,8,8,8,8,8,8
320266,2,1,1998,0,0,0,0,0,0,0,0,0,0
320267,1,1,1998,0,0,0,0,0,0,0,0,0,0
320267,2,1,1998,0,0,0,0,0,0,0,0,0,0
320268,1,1,1998,22,22,22,22,22,22,22,22,22,22
320268,2,1,1998,0,0,0,0,0,0,0,0,0,0
320268,3,1,1998,0,0,0,0,0,0,0,0,0,0
320269,1,1,1998,24,24,24,24,24,24,24,24,24,24
320269,2,1,1998,0,16,0,0,0,0,0,10,0,0
320269,3,1,1998,21,7,0,7,18,0,0,18,0,0
320270,1,1,1998,4,4,4,4,4,4,4,4,4,4
320271,1,1,1998,33,33,33,33,33,33,33,33,33,33
320272,0,1,1998,31,31,31,31,31,31,31,31,31,31
320272,1,1,1998,0,8,0,15,0,11,10,15,7,20
320273,1,1,1998,0,0,0,0,0,0,0,0,0,0
320273,2,1,1998,0,0,0,0,0,0,0,0,0,0
320273,3,1,1998,0,0,0,0,0,0,0,0,0,0
320274,1,1,1998,12,12,12,12,12,12,12,12,12,12
320275,1,1,1998,0,0,0,0,0,0,0,0,0,0
320276,1,1,1998,0,0,0,0,0,6,0,0,0,0
320277,0,1,1998,0,0,0,0,0,0,0,0,0,0
320277,1,1,1998,1,1,1,1,1,1,1,1,1,1
320278,1,1,1998,0,0,0,0,0,0,0,0,0,0
320278,2,1,1998,0,0,0,0,0,0,0,0,0,0
320279,1,1,1998,34,34,34,34,34,34,34,34,34,34
320279,2,1,1998,0,0,0,0,0,0,0,0,0,0
320279,3,1,1998,0,0,0,0,0,0,0,0,0,0
320280,1,1,1998,0,0,0,0,0,0,0,0,0,0
320280,2,1,1998,0,12,0,0,22,0,0,0,0,0
320280,3,1,1998,0,0,0,0,0,0,0,0,0,0
320281,0,1,1998,0,0,0,0,0,0,0,0,0,0
320282,1,1,1998,26,26,26,26,26,26,26,26,26,26
320283,1,1,1998,24,24,24,24,24,24,24,24,24,24
320283,2,1,1998,0,0,5,0,20,0,0,0,0,0
320284,1,1,1998,0,0,0,0,0,0,0,0,0,0
320284,2,1,1998,0,0,0,0,0,0,0,0,0,0
320284,3,1,1998,0,0,0,0,0,0,0,0,0,0
320285,1,1,1998,15,14,38,6,11,17,29,10,24,21
320286,1,1,1998,6,6,6,6,6,6,6,6,6,6
320287,1,1,1998,18,18,18,18,18,18,18,18,18,18
320288,1,1,1998,0,0,0,0,0,0,0,0,0,0
320289,1,1,1998,0,0,0,0,0,0,0,0,0,0
320289,2,1,1998,0,0,0,0,0,0,0,0,0,5
320290,1,1,1998,0,0,0,0,0,0,0,0,0,0
320291,1,1,1998,0,0,0,0,0,0,0,0,0,0
320291,2,1,1998,0,0,0,0,0,0,0,0,0,0
320292,1,1,1998,0,0,0,0,0,0,0,0,0,0
320293,0,1,1998,20,20,20,20,20,20,20,20,20,20
320293,1,1,1998,0,0,0,0,0,0,0,0,0,0
320294,1,1,1998,0,0,0,0,0,0,0,0,0,0
320295,1,1,1998,0,0,0,0,0,0,0,0,0,0
320295,2,1,1998,0,0,0,0,0,0,0,0,0,0
320295,3,1,1998,0,0,0,0,0,0,0,0,0,0
320296,1,1,1998,24,24,24,24,24,24,24,24,24,24
320297,1,1,1998,0,0,0,0,0,0,0,0,0,0
320298,1,1,1998,3,3,3,3,3,3,3,3,3,3
320298,2,1,1998,0,0,0,0,0,0,0,0,0,0
320299,1,1,1998,12,12,12,12,12,12,12,12,12,12
320300,1,1,1998,0,0,0,0,9,0,0,7,0,0
320300,2,1,1998,0,0,0,0,0,0,4,0,16,18
320300,3,1,1998,0,0,0,0,0,0,0,0,0,0
320300,4,1,1998,0,0,0,0,0,0,0,0,0,0
320301,1,1,1998,0,0,0,0,14,13,15,22,5,7
320302,1,1,1998,0,0,0,20,27,22,17,0,0,24
320303,0,1,1998,28,28,28,28,28,28,28,28,28,28
320303,1,1,1998,30,0,0,9,0,0,0,0,0,0
320304,1,1,1998,0,0,0,0,0,7,0,0,0,0
320305,1,1,1998,20,20,20,20,20,20,20,20,20,20
320306,1,1,1998,2,2,2,2,2,2,2,2,2,2
320307,1,1,1998,21,21,21,21,21,21,21,21,21,21
320307,2,1,1998,0,0,7,37,0,0,24,0,0,20
320308,1,1,1998,0,0,0,0,0,0,0,0,0,0
320309,1,1,1998,0,0,0,0,0,4,0,0,0,0
320310,1,1,1998,24,24,24,24,24,24,24,24,24,24
320310,2,1,1998,0,0,0,0,0,0,0,0,0,0
320311,1,1,1998,23,23,23,23,23,23,23,23,23,23
320312,1,1,1998,20,20,20,20,20,20,20,20,20,20
320313,1,1,1998,0,0,0,0,0,0,0,0,0,0
320313,2,1,1998,0,0,0,0,0,0,0,7,0,0
320313,3,1,1998,0,0,0,0,0,0,0,0,0,0
320314,1,1,1998,9,9,9,9,9,9,9,9,9,9
320315,1,1,1998,0,0,0,0,0,0,0,0,16,0
320316,1,1,1998,0,14,2,0,11,0,23,0,11,22
330001,1,1,1998,1,1,1,1,1,1,1,1,1,1
330002,1,1,1998,0,0,0,0,0,0,0,0,0,0
330003,1,1,1998,0,0,0,0,0,0,0,0,0,0
330003,2,1,1998,0,0,0,0,0,0,0,0,0,0
330004,1,1,1998,0,0,0,0,0,0,0,0,0,0
330004,2,1,1998,1,1,1,1,1,1,1,1,1,1
330004,3,1,1998,0,0,0,0,0,0,0,0,0,0
330005,1,1,1998,19,19,19,19,19,19,19,19,19,19
330005,2,1,1998,9,9,9,9,9,9,9,9,9,9
330006,1,1,1998,0,0,0,0,0,0,0,0,0,0
330006,2,1,1998,0,0,0,0,0,0,0,0,0,0
330007,0,1,1998,0,0,0,0,0,0,0,0,22,3
330007,1,1,1998,0,0,0,0,0,0,0,0,0,0
330008,1,1,1998,0,0,0,0,0,0,0,0,0,0
330009,1,1,1998,9,9,9,9,9,9,9,9,9,9
330010,1,1,1998,1,1,1,1,1,1,1,1,1,1
330010,2,1,1998,0,0,0,0,0,0,0,0,0,0
330011,1,1,1998,0,11,0,0,0,0,0,0,0,0
330011,2,1,1998,0,0,0,0,0,0,0,0,0,0
330012,1,1,1998,0,0,0,0,0,0,0,0,0,0
330013,0,1,1998,37,37,37,37,37,37,37,37,37,37
330013,1,1,1998,0,0,0,0,0,0,0,0,0,0
330014,1,1,1998,0,0,0,0,0,0,0,0,0,0
330014,2,1,1998,0,0,0,0,0,0,0,0,0,0
330015,1,1,1998,0,10,28,3,22,27,17,20,24,22
330016,1,1,1998,0,0,0,0,0,0,0,0,0,0
330016,2,1,1998,0,0,0,0,0,0,0,0,0,0
330016,3,1,1998,0,0,0,0,0,0,0,0,0,0
330017,1,1,1998,1,1,1,1,1,1,1,1,1,1
330018,1,1,1998,12,0,0,0,0,0,0,0,0,0
330018,2,1,1998,0,0,0,0,0,0,0,0,0,0
330019,1,1,1998,13,0,0,10,0,0,0,0,0,0
330020,0,1,1998,0,0,0,0,0,0,0,0,0,0
330020,1,1,1998,0,0,0,0,0,0,0,0,0,0
330022,1,1,1998,24,24,24,24,24,24,24,24,24,24
330023,1,1,1998,0,0,0,0,0,0,0,0,0,0
330023,2,1,1998,0,0,0,0,0,0,0,0,0,0
330024,1,1,1998,0,0,0,0,0,0,0,0,0,0
330025,1,1,1998,0,0,0,0,0,0,0,0,0,0
330025,2,1,1998,0,0,0,0,0,0,0,0,0,0
330026,1,1,1998,0,0,0,0,0,0,0,0,0,0
330026,2,1,1998,0,0,0,0,0,0,0,0,0,0
330026,3,1,1998,0,0,0,0,0,0,0,0,0,0
330027,0,1,1998,6,6,6,6,6,6,6,6,6,6
330027,0,2,1998,9,9,9,9,9,9,9,9,9,9
330027,1,1,1998,0,0,0,0,0,0,0,0,0,0
330028,1,1,1998,1,1,1,1,1,1,1,1,1,1
330028,2,1,1998,0,0,0,0,0,0,0,0,0,0
330029,1,1,1998,0,0,0,0,0,0,0,0,0,0
330029,2,1,1998,0,0,0,0,0,0,0,0,0,0
330030,1,1,1998,0,0,0,0,0,0,0,0,0,0
330031,1,1,1998,1,1,1,1,1,1,1,1,1,1
330032,1,1,1998,0,0,12,0,0,0,10,0,0,6
330033,1,1,1998,19,19,19,19,19,19,19,19,19,19
330033,2,1,1998,0,0,0,0,0,0,0,0,0,0
330035,1,1,1998,0,10,0,0,0,0,19,0,0,32
330036,1,1,1998,0,0,0,0,0,0,0,0,0,0
330037,1,1,1998,13,13,13,13,13,13,13,13,13,13
330038,1,1,1998,0,0,0,0,0,0,0,0,0,0
330039,1,1,1998,15,15,15,15,15,15,15,15,15,15
330040,1,1,1998,20,20,20,20,20,20,20,20,20,20
330041,1,1,1998,1,1,1,1,1,1,1,1,1,1
330042,0,1,1998,0,0,0,0,0,0,0,0,0,0
330042,1,1,1998,0,0,0,0,0,0,0,0,0,0
330042,2,1,1998,0,0,0,0,0,0,0,0,0,0
330043,1,1,1998,0,0,0,0,0,0,0,0,0,0
330044,1,1,1998,13,13,13,13,13,13,13,13,13,13
330045,1,1,1998,0,0,0,0,0,0,0,0,0,0
330046,1,1,1998,0,0,0,0,0,0,0,0,0,0
330046,2,1,1998,0,0,0,0,0,0,0,0,0,0
330046,3,1,1998,0,0,0,0,0,0,0,0,0,0
330046,4,1,1998,0,0,0,0,0,0,0,0,0,0
330047,1,1,1998,0,0,0,0,0,0,0,0,0,0
330048,1,1,1998,27,27,27,27,27,27,27,27,27,27
330049,1,1,1998,1,1,1,1,1,1,1,1,1,1
330050,1,1,1998,0,0,0,0,0,0,0,0,0,0
330050,2,1,1998,0,0,0,0,0,0,0,0,0,0
330051,1,1,1998,1,1,1,1,1,1,1,1,1,1
330052,1,1,1998,0,0,0,0,0,0,0,0,0,0
330053,0,1,1998,0,0,0,0,0,0,0,0,0,0
330053,1,1,1998,0,0,0,0,0,0,0,0,0,0
330054,1,1,1998,0,0,0,0,0,0,0,0,0,0
330054,2,1,1998,0,0,0,0,0,0,6,0,0,0
330055,1,1,1998,16,16,16,16,16,16,16,16,16,16
330056,1,1,1998,0,0,0,0,0,0,0,0,0,0
330056,2,1,1998,23,23,23,23,23,23,23,23,23,23
330057,1,1,1998,0,0,0,0,0,0,0,0,0,0
330058,1,1,1998,22,22,22,22,22,22,22,22,22,22
330059,1,1,1998,0,0,0,0,0,0,0,0,0,0
330059,2,1,1998,0,0,0,0,0,0,0,0,0,0
330060,1,1,1998,0,0,25,0,0,0,0,0,0,0
330060,2,1,1998,0,0,0,0,0,0,0,0,0,0
330061,1,1,1998,19,19,19,19,19,19,19,19,19,19
330062,1,1,1998,0,0,0,0,0,0,0,0,0,0
330063,1,1,1998,0,0,0,0,0,0,2,0,0,0
330063,2,1,1998,0,0,0,0,0,0,0,0,0,0
330064,1,1,1998,0,0,0,0,0,0,0,0,0,0
330064,2,1,1998,0,0,0,0,0,0,0,0,0,0
330065,1,1,1998,0,0,0,0,0,0,0,0,0,0
330066,1,1,1998,0,0,0,0,0,0,0,0,0,0
330066,2,1,1998,0,0,0,0,0,0,0,0,0,0
330067,1,1,1998,12,12,12,12,12,12,12,12,12,12
330068,0,1,1998,12,12,12,12,12,12,12,12,12,12
330068,1,1,1998,0,0,0,0,0,0,0,0,0,12
330069,1,1,1998,0,0,0,0,0,0,0,0,0,0
330069,2,1,1998,0,0,0,0,0,0,0,0,0,0
330069,3,1,1998,0,0,0,0,0,0,0,0,0,0
330070,1,1,1998,0,0,0,0,0,0,0,0,0,0
330071,1,1,1998,0,0,0,0,0,0,0,0,0,0
330071,2,1,1998,0,0,15,0,0,0,0,0,0,0
330072,1,1,1998,0,0,0,0,0,0,0,0,0,0
330072,2,1,1998,0,0,0,0,0,0,0,0,0,0
330073,1,1,1998,0,0,0,0,0,0,0,0,0,0
330073,2,1,1998,0,0,0,0,0,0,0,0,0,0
330074,1,1,1998,0,26,16,0,0,0,9,0,0,0
330075,0,1,1998,0,0,0,0,0,0,0,0,0,0
330075,1,1,1998,0,0,0,0,0,0,0,0,0,0
330076,1,1,1998,0,0,0,0,0,0,0,0,0,0
330076,2,1,1998,0,0,0,0,11,0,0,0,0,0
330077,1,1,1998,2,2,2,2,2,2,2,2,2,2
330078,1,1,1998,9,9,9,9,9,9,9,9,9,9
330079,1,1,1998,23,23,23,23,23,23,23,23,23,23
330080,1,1,1998,0,0,38,15,35,10,13,32,0,21
330081,1,1,1998,0,0,0,0,0,0,0,0,0,0
330081,2,1,1998,0,0,0,0,0,0,0,0,0,0
330082,1,1,1998,0,0,0,0,0,0,0,0,0,0
330083,0,1,1998,0,0,0,0,0,0,0,0,0,0
330083,1,1,1998,13,9,8,25,9,10,10,8,25,13
330084,1,1,1998,1,1,1,1,1,1,1,1,1,1
330085,1,1,1998,20,20,20,20,20,20,20,20,20,20
330086,1,1,1998,20,16,15,0,13,20,16,0,0,16
330087,1,1,1998,10,10,10,10,10,10,10,10,10,10
330088,1,1,1998,16,16,16,16,16,16,16,16,16,16
330088,2,1,1998,0,0,0,0,0,0,0,0,0,0
330088,3,1,1998,0,0,0,0,0,0,0,0,0,0
330089,1,1,1998,0,0,0,0,0,0,0,0,0,0
330089,2,1,1998,0,0,7,4,23,0,8,18,7,0
330089,3,1,1998,0,0,0,0,0,0,0,0,0,0
330090,1,1,1998,0,0,0,0,0,0,0,0,0,0
330090,2,1,1998,0,0,0,0,0,0,0,0,0,0
330091,1,1,1998,9,9,9,9,9,9,9,9,9,9
330091,2,1,1998,0,0,0,0,0,0,0,0,0,0
330092,1,1,1998,0,0,0,0,0,0,0,0,0,0
330092,2,1,1998,0,0,0,7,0,0,0,0,0,0
330093,0,1,1998,22,15,5,0,0,0,0,4,5,18
330093,0,2,1998,1,1,1,1,1,1,1,1,1,1
330093,1,1,1998,0,0,0,0,0,0,0,0,0,0
330094,1,1,1998,7,7,7,7,7,7,7,7,7,7
330095,1,1,1998,21,21,21,21,21,21,21,21,21,21
330096,1,1,1998,0,0,0,0,0,0,0,0,0,0
330097,1,1,1998,18,18,18,18,18,18,18,18,18,18
330098,1,1,1998,0,0,0,0,0,7,0,0,0,0
330098,2,1,1998,0,0,0,0,0,0,0,0,0,0
330099,1,1,1998,15,15,15,15,15,15,15,15,15,15
330100,0,1,1998,0,0,0,0,0,0,0,11,0,0
330100,1,1,1998,0,23,0,17,0,0,0,11,0,0
330101,1,1,1998,0,0,0,0,0,0,0,0,0,0
330102,1,1,1998,0,0,0,24,0,0,0,7,0,0
330102,2,1,1998,0,0,0,0,0,0,0,0,0,0
330103,1,1,1998,0,0,0,0,0,0,0,0,0,0
330103,2,1,1998,0,0,0,0,0,0,0,0,0,0
330104,1,1,1998,0,22,0,21,9,0,11,0,0,28
330105,1,1,1998,0,0,0,0,0,0,0,0,0,0
330105,2,1,1998,0,0,0,0,0,0,0,0,0,0
330106,1,1,1998,0,0,0,0,0,0,0,31,0,22
330107,0,1,1998,22,22,22,22,22,22,22,22,22,22
330107,1,1,1998,0,0,0,0,0,0,0,0,0,0
330108,1,1,1998,7,7,7,7,7,7,7,7,7,7
330108,2,1,1998,0,0,0,0,0,0,0,0,0,0
330109,1,1,1998,0,0,0,0,0,0,0,0,0,0
330109,2,1,1998,31,31,31,31,31,31,31,31,31,31
330110,1,1,1998,6,0,0,0,0,0,0,0,0,0
330110,2,1,1998,0,0,0,0,0,0,0,0,0,0
330110,3,1,1998,0,0,0,0,0,0,0,0,0,0
330111,1,1,1998,0,0,0,0,0,0,6,0,0,0
330112,1,1,1998,8,8,8,8,8,8,8,8,8,8
330113,1,1,1998,1,1,1,1,1,1,1,1,1,1
330113,2,1,1998,0,0,0,0,0,0,0,0,0,16
330114,1,1,1998,29,29,29,29,29,29,29,29,29,29
330115,1,1,1998,0,0,0,0,0,0,0,0,0,0
330115,2,1,1998,0,0,0,0,0,0,0,0,0,0
330116,1,1,1998,0,0,0,0,0,0,0,0,0,0
330116,2,1,1998,0,0,0,0,0,0,0,0,0,0
330117,1,1,1998,23,23,23,23,23,23,23,23,23,23
330117,2,1,1998,0,0,0,0,0,0,0,0,0,0
340001,0,1,1998,14,14,14,14,14,14,14,14,14,14
340001,1,1,1998,0,0,0,0,0,0,0,0,0,0
340002,0,1,1998,25,25,25,25,25,25,25,25,25,25
340002,1,1,1998,0,0,0,0,0,0,0,0,0,0
340003,1,1,1998,0,0,0,0,0,0,0,0,0,0
340003,2,1,1998,0,0,0,0,0,0,0,0,0,0
340004,0,1,1998,0,0,0,0,0,0,0,0,0,0
340004,1,1,1998,0,0,0,0,0,0,0,0,0,0
340005,1,1,1998,0,0,0,0,0,0,0,0,0,0
340006,1,1,1998,0,0,8,0,24,0,0,0,0,15
340007,0,1,1998,0,0,0,0,0,0,0,0,0,0
340007,1,1,1998,0,0,0,0,0,0,0,0,0,0
340008,1,1,1998,0,0,0,0,0,0,0,0,0,0
340008,2,1,1998,0,18,0,0,0,0,0,0,0,0
340009,1,1,1998,0,0,0,0,0,0,0,0,0,0
340009,2,1,1998,0,0,0,25,0,0,0,0,0,0
340010,0,1,1998,0,0,0,0,0,0,0,0,0,0
340010,1,1,1998,0,0,0,0,0,0,0,0,0,0
340013,1,1,1998,0,0,0,0,0,0,0,0,0,0
340013,2,1,1998,0,0,0,0,0,0,17,0,0,0
340014,1,1,1998,0,0,0,0,0,0,0,0,0,0
340014,2,1,1998,0,0,0,0,0,0,0,0,0,0
340015,0,1,1998,0,0,0,0,0,0,0,0,0,0
340015,1,1,1998,0,0,0,0,0,0,0,0,0,0
340016,1,1,1998,0,0,0,0,0,0,0,0,0,0
340016,2,1,1998,0,0,0,0,0,0,0,0,0,0
340017,0,1,1998,0,0,0,0,0,0,0,0,0,0
340017,1,1,1998,16,0,0,0,14,0,0,22,0,0
340018,0,1,1998,3,3,3,3,3,3,3,3,3,3
340018,1,1,1998,0,0,0,0,0,0,0,0,0,0
340019,0,1,1998,0,0,0,0,0,0,0,0,0,0
340019,1,1,1998,0,0,0,0,0,0,0,0,0,0
340019,2,1,1998,0,0,0,0,0,0,0,0,0,0
340020,1,1,1998,0,0,0,0,0,0,0,0,0,0
340021,0,1,1998,16,15,0,0,24,17,0,35,0,32
340021,1,1,1998,0,0,0,0,0,0,0,0,0,0
340022,1,1,1998,35,35,35,35,35,35,35,35,35,35
340022,2,1,1998,0,0,0,0,0,0,0,0,0,0
340022,3,1,1998,0,0,0,0,0,0,0,8,0,0
340023,1,1,1998,0,0,0,0,0,0,0,0,0,0