ST_CASE,VEH_NO,PER_NO,YEAR,P1,P2,P3,P4,P5,P6,P7,P8,P9,P10
340581,0,1,1998,0,0,0,0,0,0,0,0,0,0
340581,1,1,1998,0,6,0,0,0,21,0,0,16,0
340581,2,1,1998,0,13,0,0,0,0,0,0,0,0
340583,0,1,1998,0,0,0,0,0,0,0,0,0,0
340583,1,1,1998,0,0,0,0,0,0,0,0,0,0
340584,0,1,1998,0,0,0,0,0,0,0,0,0,0
340584,1,1,1998,0,0,0,0,0,10,0,11,0,0
340585,1,1,1998,0,0,15,0,5,0,0,0,0,0
340585,2,1,1998,0,0,0,0,0,0,0,0,0,0
340586,0,1,1998,0,0,0,0,0,0,0,0,0,0
340586,1,1,1998,17,17,17,17,17,17,17,17,17,17
340587,1,1,1998,0,0,0,0,0,0,0,0,0,0
340588,1,1,1998,0,0,0,0,0,0,0,0,0,0
340589,1,1,1998,0,0,0,0,0,0,0,0,0,0
340589,2,1,1998,0,0,0,0,0,0,0,0,0,0
340590,1,1,1998,1,1,1,1,1,1,1,1,1,1
340591,1,1,1998,0,0,0,0,0,0,0,0,0,0
340592,1,1,1998,0,0,0,0,0,0,0,0,0,3
340592,2,1,1998,0,17,0,0,0,9,0,0,0,0
340593,0,1,1998,31,0,0,0,0,0,0,0,0,37
340593,1,1,1998,0,10,0,0,0,0,0,0,0,0
340594,0,1,1998,0,0,0,0,0,0,0,0,0,0
340594,1,1,1998,0,0,0,0,0,0,0,0,0,0
340595,1,1,1998,0,0,0,0,0,0,0,0,0,0
340595,2,1,1998,0,0,0,0,0,0,0,0,0,0
340596,1,1,1998,0,0,0,0,0,0,0,0,0,0
340596,2,1,1998,0,0,0,0,0,0,0,0,0,0
340597,0,1,1998,20,20,20,20,20,20,20,20,20,20
340597,1,1,1998,0,0,0,0,0,0,0,0,0,0
340598,1,1,1998,0,0,0,0,0,0,0,0,0,0
340599,1,1,1998,0,0,0,0,0,0,0,0,0,0
340599,2,1,1998,28,0,0,0,18,8,7,5,14,32
340600,1,1,1998,0,0,0,0,0,0,0,0,0,0
340600,2,1,1998,0,0,0,0,0,0,0,0,0,0
340601,1,1,1998,11,11,11,11,11,11,11,11,11,11
340602,0,1,1998,25,25,25,25,25,25,25,25,25,25
340602,1,1,1998,0,0,0,0,0,0,0,0,0,0
340603,1,1,1998,0,0,0,0,0,0,0,0,0,0
340603,2,1,1998,0,26,0,0,0,0,21,0,0,0
340604,0,1,1998,0,0,0,0,0,0,0,0,0,29
340604,1,1,1998,0,0,16,0,0,7,0,0,0,0
340605,1,1,1998,18,18,18,18,18,18,18,18,18,18
340606,0,1,1998,10,0,0,0,0,9,0,0,0,0
340606,1,1,1998,0,10,0,0,0,0,0,0,0,0
340607,1,1,1998,0,0,0,0,0,0,0,0,0,0
340608,1,1,1998,0,0,0,0,0,0,0,0,0,0
340609,0,1,1998,0,16,51,7,14,12,4,0,0,11
340609,1,1,1998,0,0,0,0,0,0,0,0,0,0
340610,1,1,1998,0,0,0,8,16,0,10,9,25,0
340611,1,1,1998,0,22,0,0,28,0,0,11,0,0
340613,1,1,1998,0,0,0,0,0,0,0,0,0,0
340613,2,1,1998,0,0,0,0,0,0,0,0,0,0
340614,1,1,1998,0,0,0,0,0,0,0,0,0,0
340614,2,1,1998,0,0,0,0,0,0,0,0,0,0
340615,1,1,1998,0,0,0,0,0,0,0,0,0,0
340615,2,1,1998,0,0,0,0,0,0,0,0,0,0
340615,3,1,1998,0,0,0,0,0,0,0,0,0,0
340616,1,1,1998,0,0,0,0,0,0,0,0,0,0
340616,2,1,1998,0,0,0,0,0,0,0,0,0,0
340617,1,1,1998,0,0,0,0,0,0,0,0,0,0
340617,2,1,1998,0,0,0,0,0,0,0,0,0,0
340618,0,1,1998,0,0,0,0,0,0,0,0,0,0
340618,1,1,1998,0,0,0,0,0,0,0,0,0,0
340619,1,1,1998,0,0,0,0,0,0,0,0,0,0
340620,1,1,1998,0,0,0,0,0,0,0,0,0,0
340621,1,1,1998,0,0,0,0,0,0,0,0,0,0
340621,2,1,1998,0,0,0,0,0,0,0,0,0,0
340621,3,1,1998,0,0,0,0,0,0,0,0,0,0
340622,1,1,1998,0,0,0,0,0,0,0,0,0,0
340622,2,1,1998,0,0,0,0,0,0,33,0,0,0
340622,3,1,1998,0,0,0,0,0,0,0,0,0,0
340623,0,1,1998,4,4,4,4,4,4,4,4,4,4
340623,1,1,1998,0,0,0,2,0,7,0,0,0,0
340624,1,1,1998,0,0,0,0,0,0,0,0,0,0
340624,2,1,1998,0,0,0,0,0,0,0,0,0,0
340624,3,1,1998,0,0,3,0,21,0,27,0,10,0
340624,4,1,1998,0,0,0,0,6,0,0,0,0,25
340625,1,1,1998,0,0,0,0,0,0,0,0,0,0
340625,2,1,1998,0,12,0,15,0,29,0,0,0,0
340625,3,1,1998,16,0,0,0,11,0,0,33,11,9
340626,0,1,1998,0,0,0,0,0,0,0,0,0,0
340626,1,1,1998,0,0,0,0,0,0,0,0,0,0
340627,1,1,1998,13,13,13,13,13,13,13,13,13,13
340627,2,1,1998,0,0,0,0,0,0,0,0,0,0
340627,3,1,1998,0,0,0,0,0,0,0,0,0,0
340628,1,1,1998,0,0,0,0,0,0,0,0,0,0
340628,2,1,1998,0,14,0,0,0,0,0,0,0,0
340629,1,1,1998,0,0,0,0,0,0,0,0,0,0
340629,2,1,1998,0,0,0,0,0,0,0,0,0,0
340630,1,1,1998,0,0,0,0,0,0,0,0,0,0
340630,2,1,1998,0,0,0,0,0,0,0,0,0,0
340631,1,1,1998,0,0,0,0,0,0,0,0,0,0
340631,2,1,1998,0,0,0,0,0,0,0,0,0,0
340632,0,1,1998,12,0,0,0,0,13,0,0,0,0
340632,1,1,1998,18,0,0,0,0,0,0,3,0,0
340633,1,1,1998,0,0,0,0,0,0,0,0,0,0
340634,0,1,1998,0,0,0,0,0,0,0,0,0,0
340634,1,1,1998,0,11,0,0,0,10,0,16,23,0
340636,1,1,1998,0,0,0,0,0,0,0,23,0,0
340636,2,1,1998,0,0,0,3,0,0,0,0,0,0
340637,1,1,1998,23,23,23,23,23,23,23,23,23,23
340638,0,1,1998,0,0,0,0,0,0,0,0,0,0
340638,1,1,1998,9,0,0,0,0,0,0,0,0,0
340639,0,1,1998,0,0,0,0,0,0,0,0,0,33
340639,1,1,1998,0,0,0,0,0,0,0,0,0,0
340640,1,1,1998,12,5,0,0,0,14,0,0,5,10
340640,2,1,1998,16,7,9,18,22,10,6,8,18,22
340641,1,1,1998,0,0,0,0,0,0,0,0,0,0
340641,2,1,1998,0,0,0,0,0,0,0,0,0,0
340642,1,1,1998,0,0,0,0,0,0,0,0,0,0
340643,1,1,1998,5,5,5,5,5,5,5,5,5,5
340643,2,1,1998,5,5,5,5,5,5,5,5,5,5
340644,1,1,1998,13,13,13,13,13,13,13,13,13,13
340644,2,1,1998,0,0,0,0,0,0,0,0,0,0
340645,1,1,1998,0,0,0,0,0,0,0,0,0,0
340645,2,1,1998,0,0,0,0,0,0,0,0,0,0
340646,1,1,1998,0,0,0,0,0,0,0,0,0,0
340646,2,1,1998,0,0,0,0,0,0,0,0,0,0
340647,0,1,1998,12,12,12,12,12,12,12,12,12,12
340647,1,1,1998,1,1,1,1,1,1,1,1,1,1
340648,0,1,1998,0,0,0,0,0,0,0,0,0,0
340648,1,1,1998,0,0,0,0,0,0,0,0,0,0
340649,1,1,1998,0,0,0,0,0,0,0,0,0,0
340649,2,1,1998,10,0,0,0,12,0,0,10,13,0
340650,1,1,1998,18,18,18,18,18,18,18,18,18,18
340651,1,1,1998,0,0,0,0,0,0,0,0,0,0
340651,2,1,1998,0,0,0,0,0,0,0,0,0,14
340652,0,1,1998,39,39,39,39,39,39,39,39,39,39
340652,1,1,1998,16,0,18,0,10,0,0,0,17,0
340653,1,1,1998,0,0,0,0,0,0,0,0,0,0
340654,1,1,1998,11,11,11,11,11,11,11,11,11,11
340655,1,1,1998,0,0,0,0,0,0,0,0,0,0
340656,1,1,1998,0,0,0,0,0,0,0,0,0,0
340657,1,1,1998,0,21,11,13,11,7,11,17,0,17
340658,0,1,1998,0,0,0,0,0,0,0,0,0,0
340658,1,1,1998,0,14,0,4,0,0,0,0,0,0
340659,1,1,1998,0,0,0,0,0,0,0,0,0,10
340660,1,1,1998,0,0,0,0,0,0,0,0,0,0
340661,1,1,1998,15,15,15,15,15,15,15,15,15,15
340662,1,1,1998,0,7,0,0,11,0,0,0,0,0
340662,2,1,1998,0,0,0,0,0,0,0,0,0,0
340662,3,1,1998,0,0,0,0,0,0,0,0,0,0
340663,1,1,1998,0,0,0,0,0,0,0,0,0,0
340664,1,1,1998,1,1,1,1,1,1,1,1,1,1
340664,2,1,1998,0,0,0,0,0,0,0,0,0,0
340664,3,1,1998,0,0,0,0,0,0,0,0,0,0
340665,1,1,1998,19,19,19,19,19,19,19,19,19,19
340666,1,1,1998,0,0,0,0,0,0,0,0,0,0
340667,0,1,1998,0,0,0,0,0,0,0,0,0,0
340667,1,1,1998,0,0,0,0,0,0,0,0,0,0
340668,0,1,1998,12,12,12,12,12,12,12,12,12,12
340668,1,1,1998,11,11,11,11,11,11,11,11,11,11
340669,1,1,1998,0,0,0,0,14,0,0,0,0,0
340669,2,1,1998,0,0,0,0,0,0,0,0,0,0
340670,1,1,1998,2,2,2,2,2,2,2,2,2,2
340670,2,1,1998,0,0,0,0,0,0,0,0,0,0
340671,0,1,1998,0,0,0,0,0,0,0,0,0,0
340671,1,1,1998,13,6,0,0,0,0,0,0,0,0
340672,1,1,1998,0,0,0,0,0,0,0,0,0,0
340672,2,1,1998,0,0,0,0,0,11,0,0,0,0
340673,0,1,1998,0,0,0,0,0,0,0,0,0,0
340673,1,1,1998,0,0,0,0,0,0,0,0,0,0
340674,2,1,1998,0,0,0,0,0,0,0,0,0,0
340674,3,1,1998,0,0,0,0,0,0,0,0,0,0
340675,1,1,1998,1,1,1,1,1,1,1,1,1,1
340676,1,1,1998,0,0,0,0,0,0,0,0,0,0
340677,1,1,1998,0,0,0,0,0,0,0,0,0,0
340677,2,1,1998,28,28,28,28,28,28,28,28,28,28
340678,1,1,1998,13,13,13,13,13,13,13,13,13,13
340679,1,1,1998,0,0,0,0,0,0,0,0,0,0
340680,1,1,1998,0,0,0,0,0,0,0,0,0,0
340681,1,1,1998,0,0,0,0,0,0,0,0,0,0
340682,1,1,1998,0,0,0,0,0,0,0,0,0,0
340682,2,1,1998,0,0,0,0,0,0,0,0,0,0
340683,1,1,1998,7,7,7,7,7,7,7,7,7,7
340684,0,1,1998,0,0,0,0,0,0,0,0,0,0
340684,1,1,1998,0,0,0,0,0,0,0,0,0,0
340685,0,1,1998,2,2,2,2,2,2,2,2,2,2
340685,1,1,1998,12,0,0,0,0,0,0,0,0,0
340686,0,1,1998,0,0,0,0,0,0,0,0,0,0
340686,1,1,1998,0,0,0,0,0,0,0,0,0,0
340687,1,1,1998,0,0,0,0,0,0,0,0,0,0
340687,2,1,1998,0,0,0,22,0,13,0,15,0,15
340688,1,1,1998,0,0,0,0,0,0,0,0,0,0
340688,2,1,1998,0,0,0,0,0,0,0,16,0,0
340689,1,1,1998,4,4,4,4,4,4,4,4,4,4
340689,2,1,1998,0,0,0,0,0,0,0,0,0,0
340690,1,1,1998,17,17,17,17,17,17,17,17,17,17
340690,2,1,1998,0,0,0,0,0,0,0,0,0,0
340691,1,1,1998,22,0,0,16,0,7,0,0,0,0
340691,2,1,1998,0,0,0,0,0,0,11,0,0,0
340691,3,1,1998,0,0,0,11,0,0,0,0,0,0
340691,4,1,1998,0,0,0,0,0,0,0,0,0,0
340692,1,1,1998,5,5,5,5,5,5,5,5,5,5
340692,2,1,1998,0,0,0,0,0,0,0,0,0,0
340692,3,1,1998,8,0,0,0,0,0,0,0,0,0
340693,1,1,1998,20,0,5,0,0,0,0,0,0,3
340693,2,1,1998,0,0,0,0,0,0,0,0,0,0
340694,0,1,1998,18,18,18,18,18,18,18,18,18,18
340694,1,1,1998,20,20,20,20,20,20,20,20,20,20
340695,1,1,1998,0,0,0,0,0,0,0,0,0,0
340695,2,1,1998,0,0,0,0,0,0,0,0,0,0
340695,3,1,1998,0,0,15,0,0,0,0,0,0,0
340696,1,1,1998,0,0,0,0,0,0,0,0,0,0
340697,1,1,1998,0,0,0,0,0,0,0,0,0,0
340697,2,1,1998,0,0,0,0,0,0,0,0,0,0
340697,3,1,1998,0,0,0,0,0,0,0,0,0,0
340698,1,1,1998,0,0,0,0,0,0,0,0,0,0
340699,0,1,1998,0,0,0,0,0,0,0,0,0,0
340699,1,1,1998,0,0,0,0,0,0,0,0,0,0
340700,1,1,1998,0,0,0,0,0,0,0,0,0,0
340700,2,1,1998,6,6,6,6,6,6,6,6,6,6
340701,1,1,1998,0,0,0,0,0,0,0,0,0,0
340701,2,1,1998,0,0,0,0,0,0,0,0,0,0
340702,1,1,1998,12,12,12,12,12,12,12,12,12,12
340704,1,1,1998,0,0,0,0,0,0,0,0,0,0
340704,2,1,1998,0,0,0,0,0,0,0,0,0,0
340705,1,1,1998,0,0,0,0,0,0,0,0,0,0
340705,2,1,1998,0,0,0,8,0,0,0,0,0,0
340706,1,1,1998,0,0,0,0,0,0,0,0,0,0
340706,2,1,1998,0,0,0,0,0,0,0,0,11,0
340708,1,1,1998,0,0,0,0,0,0,0,0,0,0
340709,0,1,1998,15,15,15,15,15,15,15,15,15,15
340709,1,1,1998,7,7,7,7,7,7,7,7,7,7
340710,1,1,1998,0,0,0,0,0,0,0,0,0,0
340710,2,1,1998,18,19,11,0,0,0,0,0,5,0
340711,0,1,1998,0,0,34,0,0,0,0,0,37,39
340711,1,1,1998,16,16,16,16,16,16,16,16,16,16
340712,1,1,1998,0,0,0,0,0,0,0,0,0,0
340712,2,1,1998,0,0,0,0,0,0,0,0,0,0
350001,1,1,1998,22,4,7,17,17,16,6,21,0,9
350001,2,1,1998,0,0,0,0,0,0,0,0,0,0
350002,1,1,1998,0,0,0,0,0,0,0,0,0,0
350003,1,1,1998,0,0,0,0,0,0,0,0,0,0
350003,2,1,1998,0,0,0,0,0,0,0,0,0,0
350004,1,1,1998,0,0,0,0,0,0,0,0,0,0
350005,1,1,1998,0,0,0,0,0,0,0,0,0,0
350005,2,1,1998,0,0,0,0,0,0,0,0,0,0
350006,1,1,1998,0,0,0,0,0,0,0,0,0,0
350007,0,1,1998,31,31,31,31,31,31,31,31,31,31
350007,1,1,1998,12,0,0,19,0,0,0,0,0,0
350008,1,1,1998,0,0,0,0,0,0,0,0,0,0
350008,2,1,1998,22,22,22,22,22,22,22,22,22,22
350009,1,1,1998,0,0,0,0,0,0,4,0,0,0
350010,1,1,1998,0,0,0,0,0,0,0,0,0,0
350010,2,1,1998,0,0,0,0,0,0,0,0,12,0
350011,1,1,1998,0,0,0,0,0,0,0,0,0,0
350012,1,1,1998,26,0,0,0,0,0,0,10,0,0
350013,1,1,1998,0,0,0,0,0,0,0,0,0,0
350013,2,1,1998,0,0,0,0,0,0,0,0,0,0
350014,1,1,1998,21,21,21,21,21,21,21,21,21,21
350015,0,1,1998,0,0,0,0,0,0,0,0,0,0
350015,1,1,1998,0,0,0,0,0,0,0,0,0,0
350016,0,1,1998,0,0,0,0,0,0,0,0,0,0
350016,1,1,1998,0,8,0,0,0,18,0,0,0,0
350017,1,1,1998,0,0,0,0,0,0,0,0,0,0
350018,1,1,1998,0,0,0,0,0,0,0,0,0,0
350019,0,1,1998,0,0,0,0,0,0,0,0,0,0
350019,1,1,1998,0,0,0,0,0,0,0,0,0,0
350020,0,1,1998,0,0,0,0,0,0,0,0,0,0
350020,0,2,1998,0,0,0,0,0,0,0,0,0,0
350020,1,1,1998,0,0,0,0,0,0,0,0,0,0
350020,2,1,1998,0,0,0,0,0,0,0,0,0,0
350021,1,1,1998,0,0,0,0,0,0,0,0,0,0
350021,2,1,1998,0,0,0,0,0,0,0,0,0,0
350022,1,1,1998,36,14,14,18,25,18,36,33,18,43
350023,1,1,1998,0,0,0,0,0,0,0,0,0,0
350024,0,1,1998,0,0,0,0,0,0,0,0,0,0
350024,1,1,1998,0,0,0,0,0,0,0,0,0,0
350024,2,1,1998,0,0,0,0,0,0,0,0,0,0
350025,1,1,1998,6,6,6,6,6,6,6,6,6,6
350025,2,1,1998,0,0,0,0,0,0,0,0,0,0
350025,3,1,1998,10,10,10,10,10,10,10,10,10,10
350026,1,1,1998,17,3,22,16,19,18,27,19,10,26
350027,1,1,1998,6,6,6,6,6,6,6,6,6,6
350027,2,1,1998,0,0,0,0,0,0,0,0,0,0
350028,1,1,1998,19,19,19,19,19,19,19,19,19,19
350029,1,1,1998,0,0,0,0,0,0,0,0,0,0
350029,2,1,1998,0,0,0,0,0,0,0,0,0,0
350030,1,1,1998,0,0,0,0,0,0,0,0,0,0
350030,2,1,1998,0,0,0,0,0,0,0,0,0,0
350031,1,1,1998,1,1,1,1,1,1,1,1,1,1
350032,1,1,1998,18,18,18,18,18,18,18,18,18,18
350033,1,1,1998,0,0,0,0,0,0,0,0,0,0
350034,1,1,1998,0,10,0,9,17,8,16,0,8,0
350035,1,1,1998,0,0,0,0,0,0,0,0,0,0
350036,1,1,1998,0,0,0,0,0,0,0,0,0,0
350036,2,1,1998,0,0,0,0,0,0,0,0,0,0
350037,1,1,1998,0,17,14,14,17,14,12,39,6,15
350038,1,1,1998,10,13,0,24,23,15,13,0,40,26
350039,1,1,1998,0,0,0,0,0,0,0,0,0,0
350040,1,1,1998,0,0,0,0,0,0,0,0,0,0
350040,2,1,1998,14,14,14,14,14,14,14,14,14,14
350041,1,1,1998,0,0,0,0,0,0,0,0,0,0
350041,2,1,1998,0,0,0,0,0,0,0,0,0,0
350042,1,1,1998,0,0,0,0,0,0,0,0,0,0
350042,2,1,1998,0,0,0,0,0,0,0,0,0,0
350043,1,1,1998,17,17,17,17,17,17,17,17,17,17
350044,0,1,1998,0,0,15,25,0,0,12,15,0,19
350044,1,1,1998,0,0,0,0,0,0,0,0,0,0
350044,2,1,1998,11,19,0,0,8,0,29,0,0,3
350044,3,1,1998,0,0,0,0,0,14,6,0,0,0
350045,1,1,1998,0,0,0,0,0,0,0,0,0,0
350045,2,1,1998,12,13,0,4,0,9,10,7,0,19
350046,1,1,1998,7,7,0,16,0,11,11,8,10,14
350046,2,1,1998,0,0,0,0,0,0,0,0,0,0
350047,1,1,1998,18,9,19,28,0,12,8,6,29,26
350048,0,1,1998,17,17,17,17,17,17,17,17,17,17
350048,1,1,1998,0,0,0,0,0,0,0,0,0,16
350049,1,1,1998,0,0,0,0,0,0,0,0,0,13
350049,2,1,1998,0,0,0,0,0,0,0,0,0,0
350050,0,1,1998,18,18,18,18,18,18,18,18,18,18
350050,1,1,1998,12,0,0,0,0,0,0,0,0,0
350051,1,1,1998,0,0,0,0,0,0,0,0,0,0
350051,2,1,1998,0,0,0,0,0,0,0,0,0,0
350052,1,1,1998,0,0,0,0,0,0,0,0,0,0
350052,2,1,1998,14,0,13,26,9,11,12,23,10,14
350053,1,1,1998,0,0,0,0,0,0,0,0,0,9
350053,2,1,1998,0,0,0,0,0,0,0,0,0,0
350054,1,1,1998,10,10,10,10,10,10,10,10,10,10
350055,1,1,1998,21,21,21,21,21,21,21,21,21,21
350055,2,1,1998,0,0,0,0,0,0,0,0,0,0
350056,1,1,1998,0,0,0,0,0,0,0,0,0,0
350057,1,1,1998,33,33,33,33,33,33,33,33,33,33
350058,1,1,1998,16,16,16,16,16,16,16,16,16,16
350059,1,1,1998,0,0,0,0,0,0,0,0,0,0
350059,2,1,1998,0,0,0,0,0,0,0,0,0,0
350060,1,1,1998,0,0,0,0,0,0,0,0,0,0
350061,1,1,1998,0,0,0,0,23,0,0,0,0,0
350062,1,1,1998,13,28,9,8,31,29,24,0,15,16
350062,2,1,1998,0,0,0,0,0,0,0,0,0,0
350063,0,1,1998,8,8,8,8,8,8,8,8,8,8
350063,0,2,1998,49,31,16,0,28,12,0,0,17,19
350063,1,1,1998,0,0,0,0,0,10,0,0,0,0
350064,1,1,1998,0,0,0,0,0,0,0,0,0,0
350065,1,1,1998,0,0,0,0,0,0,0,0,0,0
350066,0,1,1998,25,25,25,25,25,25,25,25,25,25
350066,1,1,1998,7,12,12,20,6,16,5,12,2,13
350067,0,1,1998,29,29,29,29,29,29,29,29,29,29
350067,1,1,1998,14,14,14,14,14,14,14,14,14,14
350068,1,1,1998,22,22,22,22,22,22,22,22,22,22
350068,2,1,1998,0,0,0,0,0,0,0,0,0,0
350069,1,1,1998,23,23,23,23,23,23,23,23,23,23
350070,1,1,1998,16,16,16,16,16,16,16,16,16,16
350071,1,1,1998,0,0,0,0,0,0,0,0,0,0
350072,1,1,1998,0,0,4,13,10,0,0,0,0,8
350073,1,1,1998,0,0,0,0,0,0,0,0,0,0
350073,2,1,1998,14,15,13,8,29,8,0,29,0,0
350074,1,1,1998,7,7,7,7,7,7,7,7,7,7
350075,1,1,1998,21,21,21,21,21,21,21,21,21,21
350076,1,1,1998,0,0,0,0,0,0,0,0,0,0
350076,2,1,1998,0,0,0,0,0,0,0,0,0,0
350077,1,1,1998,12,0,0,0,0,0,0,0,0,0
350078,1,1,1998,25,25,25,25,25,25,25,25,25,25
350079,1,1,1998,0,0,0,0,0,0,26,0,0,0
350079,2,1,1998,0,0,0,0,0,0,0,0,0,0
350080,1,1,1998,0,0,0,0,0,0,0,0,0,0
350080,2,1,1998,0,0,0,0,0,0,0,0,0,0
350081,1,1,1998,0,0,0,0,0,0,0,0,0,0
350082,1,1,1998,27,27,27,27,27,27,27,27,27,27
350083,1,1,1998,0,0,0,0,0,0,0,0,0,0
350083,2,1,1998,0,0,0,0,0,0,0,0,0,0
350083,3,1,1998,0,0,0,0,0,0,0,0,0,0
350084,0,1,1998,25,25,25,25,25,25,25,25,25,25
350084,1,1,1998,0,0,0,0,0,0,0,0,0,0
350085,1,1,1998,0,0,0,0,13,0,0,0,0,0
350086,1,1,1998,0,0,0,14,0,0,0,0,0,0
350087,1,1,1998,0,0,0,0,0,0,0,0,0,0
350088,0,1,1998,30,30,30,30,30,30,30,30,30,30
350088,1,1,1998,0,0,0,0,7,0,0,0,0,0
350089,1,1,1998,0,0,0,0,0,0,8,0,0,0
350090,0,1,1998,21,21,21,21,21,21,21,21,21,21
350090,1,1,1998,15,0,11,0,0,0,21,0,0,0
350091,1,1,1998,0,0,0,0,0,0,0,0,0,0
350091,2,1,1998,0,0,0,0,0,0,0,0,0,0
350092,1,1,1998,0,0,0,0,0,0,0,0,0,0
350092,2,1,1998,0,0,0,0,0,0,0,0,0,0
350093,1,1,1998,0,0,0,0,0,0,0,0,0,0
350094,1,1,1998,36,36,36,36,36,36,36,36,36,36
350095,1,1,1998,0,0,0,0,0,0,0,0,8,0
350096,1,1,1998,13,21,11,6,6,11,12,23,0,9
350097,0,1,1998,35,35,35,35,35,35,35,35,35,35
350097,1,1,1998,12,0,0,0,0,0,0,41,10,0
350098,1,1,1998,0,0,0,0,0,0,0,0,0,0
350098,2,1,1998,0,0,0,0,0,0,0,0,0,0
350099,1,1,1998,0,20,14,0,0,26,11,6,0,10
350100,0,1,1998,0,0,0,0,0,0,0,0,0,0
350100,1,1,1998,0,0,0,0,0,0,0,0,0,0
350101,1,1,1998,0,0,0,0,0,0,0,0,0,0
350101,2,1,1998,0,0,0,0,0,0,0,0,0,0
350102,1,1,1998,0,0,0,0,0,0,0,0,0,0
350102,2,1,1998,10,0,0,0,0,0,9,4,0,0
350103,1,1,1998,14,0,24,29,14,23,15,12,21,13
350104,1,1,1998,15,15,15,15,15,15,15,15,15,15
350105,1,1,1998,19,19,19,19,19,19,19,19,19,19
350106,1,1,1998,0,0,0,0,0,0,0,0,0,0
350106,2,1,1998,0,0,0,0,0,0,0,0,0,0
350107,0,1,1998,0,0,0,0,0,0,0,0,0,0
350107,1,1,1998,0,0,0,0,0,0,0,0,0,0
350108,0,1,1998,0,29,0,0,0,0,0,30,0,0
350108,1,1,1998,0,0,0,0,0,0,28,0,0,0
350109,1,1,1998,9,9,9,9,9,9,9,9,9,9
350110,1,1,1998,0,0,0,0,0,0,0,0,0,0
350111,1,1,1998,9,9,9,9,9,9,9,9,9,9
350112,1,1,1998,9,9,9,9,9,9,9,9,9,9
350112,2,1,1998,18,0,0,0,0,0,0,0,0,0
350113,1,1,1998,17,17,17,17,17,17,17,17,17,17
350114,1,1,1998,0,0,25,0,0,0,9,0,0,0
350114,2,1,1998,0,0,0,0,0,0,0,0,0,0
350115,1,1,1998,0,0,0,0,0,0,0,0,0,0
350116,1,1,1998,0,0,0,0,0,0,0,0,0,0
350116,2,1,1998,0,0,0,0,0,0,0,0,0,0
350117,1,1,1998,28,28,28,28,28,28,28,28,28,28
350118,1,1,1998,0,0,6,0,0,0,0,0,0,0
350118,2,1,1998,0,0,0,0,0,0,0,0,0,0
350118,3,1,1998,19,6,21,20,23,11,18,11,9,0
350119,1,1,1998,0,0,0,0,0,0,0,0,0,0
350120,1,1,1998,0,0,20,0,7,0,0,17,0,20
350120,2,1,1998,0,0,0,0,0,0,0,0,0,0
350121,1,1,1998,0,0,0,0,0,0,0,0,0,0
350122,1,1,1998,13,15,24,13,4,5,12,4,14,10
350123,1,1,1998,29,29,29,29,29,29,29,29,29,29
350123,2,1,1998,0,0,0,0,0,0,0,0,0,0
350124,1,1,1998,15,15,15,15,15,15,15,15,15,15
350124,2,1,1998,0,18,0,0,0,0,0,0,0,17
350125,1,1,1998,7,0,0,0,0,19,18,0,8,0
350126,0,1,1998,26,26,26,26,26,26,26,26,26,26
350126,1,1,1998,0,0,0,0,0,7,0,0,0,0
350127,1,1,1998,9,10,3,5,23,14,20,16,1,10
350128,0,1,1998,0,0,0,0,0,0,0,0,0,0
350128,1,1,1998,8,15,23,20,41,15,14,18,10,3
350129,1,1,1998,0,0,0,0,0,0,0,0,0,0
350129,2,1,1998,16,0,13,0,0,14,2,22,10,12
350130,1,1,1998,17,17,17,17,17,17,17,17,17,17
350131,1,1,1998,0,0,0,0,0,0,0,0,0,0
350132,1,1,1998,24,24,24,24,24,24,24,24,24,24
350133,1,1,1998,30,16,7,21,12,12,9,15,20,11
350134,1,1,1998,14,14,14,14,14,14,14,14,14,14
350135,1,1,1998,0,0,0,0,0,0,0,0,0,0
350136,1,1,1998,9,9,9,9,9,9,9,9,9,9
350136,2,1,1998,0,0,0,0,0,0,0,0,0,0
350137,1,1,1998,0,0,0,0,0,0,0,0,0,0
350137,2,1,1998,19,19,19,19,19,19,19,19,19,19
350138,1,1,1998,11,7,13,10,16,9,9,0,0,8
350139,0,1,1998,0,0,0,0,0,0,0,0,0,0
350139,1,1,1998,26,26,26,26,26,26,26,26,26,26
350140,0,1,1998,0,0,0,0,0,0,0,0,0,0
350140,1,1,1998,0,0,0,0,0,0,0,0,0,0
350141,1,1,1998,0,0,0,0,0,0,0,0,0,0
350142,1,1,1998,19,21,20,13,24,8,22,13,20,19
350143,1,1,1998,23,23,23,23,23,23,23,23,23,23
350144,1,1,1998,2,2,2,2,2,2,2,2,2,2
350144,2,1,1998,0,0,0,0,0,0,0,0,0,0
350145,1,1,1998,0,0,0,0,0,0,0,0,0,0
350145,2,1,1998,0,0,0,0,0,0,0,0,0,0
350146,1,1,1998,20,20,20,20,20,20,20,20,20,20
350147,1,1,1998,0,16,0,0,0,0,15,0,0,0
350148,1,1,1998,0,0,0,0,0,0,0,0,0,0
350148,2,1,1998,28,31,33,13,19,47,7,22,29,24
350149,1,1,1998,0,0,0,0,0,0,0,0,0,0
350150,1,1,1998,0,0,0,0,0,0,0,0,0,0
350151,1,1,1998,0,0,0,0,0,0,0,0,0,0