ST_CASE,VEH_NO,PER_NO,YEAR,P1,P2,P3,P4,P5,P6,P7,P8,P9,P10
350151,2,1,1998,36,36,36,36,36,36,36,36,36,36
350152,1,1,1998,0,0,15,18,7,0,0,17,0,17
350153,1,1,1998,0,0,0,0,0,0,0,0,0,0
350154,1,1,1998,0,0,0,0,0,0,0,0,0,0
350154,2,1,1998,0,0,0,0,0,0,0,0,0,0
350155,1,1,1998,0,0,0,0,0,0,0,0,0,0
350155,2,1,1998,0,0,0,0,0,0,0,0,0,0
350155,3,1,1998,0,0,0,0,0,0,0,0,0,0
350156,1,1,1998,0,0,0,0,0,0,0,0,0,0
350156,2,1,1998,0,16,0,0,0,2,0,0,0,0
350157,1,1,1998,0,0,0,0,0,25,0,0,0,0
350157,2,1,1998,0,0,0,0,0,0,0,0,0,0
350157,3,1,1998,0,0,0,0,0,0,0,0,0,0
350158,1,1,1998,6,0,0,0,0,0,0,0,0,0
350159,1,1,1998,0,4,0,0,0,0,0,0,0,13
350160,1,1,1998,0,0,0,0,10,0,0,18,0,0
350161,1,1,1998,27,27,27,27,27,27,27,27,27,27
350162,1,1,1998,0,0,0,0,0,0,0,0,0,0
350162,2,1,1998,0,0,0,0,0,0,0,0,0,0
350163,1,1,1998,8,8,8,8,8,8,8,8,8,8
350164,1,1,1998,0,0,0,0,0,0,0,0,0,0
350165,1,1,1998,0,0,0,0,0,0,0,0,0,0
350166,1,1,1998,0,0,0,0,0,0,0,0,0,0
350167,1,1,1998,0,19,0,0,0,0,0,0,0,0
350168,1,1,1998,24,24,24,24,24,24,24,24,24,24
350169,1,1,1998,0,0,0,0,0,0,0,0,0,0
350170,1,1,1998,0,0,0,0,0,0,0,0,0,0
350171,1,1,1998,25,25,25,25,25,25,25,25,25,25
350172,1,1,1998,20,20,20,20,20,20,20,20,20,20
350173,1,1,1998,0,0,0,0,0,0,0,0,0,0
350174,1,1,1998,19,19,19,19,19,19,19,19,19,19
350175,0,1,1998,22,22,22,22,22,22,22,22,22,22
350175,1,1,1998,0,0,0,0,0,0,0,7,0,0
350176,1,1,1998,0,0,0,0,0,0,0,0,0,0
350177,0,1,1998,13,13,13,13,13,13,13,13,13,13
350177,1,1,1998,0,0,0,0,0,0,0,0,0,0
350178,0,1,1998,1,1,1,1,1,1,1,1,1,1
350178,1,1,1998,0,0,0,0,0,0,0,0,0,0
350179,0,1,1998,0,0,0,0,0,0,0,0,0,0
350179,1,1,1998,21,16,0,7,16,10,15,0,0,0
350180,1,1,1998,0,0,0,0,0,0,0,0,0,0
350181,1,1,1998,24,24,24,24,24,24,24,24,24,24
350182,1,1,1998,12,12,12,12,12,12,12,12,12,12
350183,1,1,1998,0,0,0,0,0,0,0,0,0,0
350184,1,1,1998,0,0,0,0,0,0,0,0,0,0
350185,0,1,1998,48,48,48,48,48,48,48,48,48,48
350185,1,1,1998,0,0,0,0,0,0,0,0,0,0
350186,1,1,1998,0,0,0,0,0,0,0,0,0,0
350187,1,1,1998,0,0,0,0,0,0,0,0,0,0
350187,2,1,1998,0,0,0,0,0,0,0,0,0,0
350188,1,1,1998,13,13,13,13,13,13,13,13,13,13
350189,1,1,1998,11,14,10,32,28,21,0,17,14,32
350190,1,1,1998,28,28,28,28,28,28,28,28,28,28
350191,1,1,1998,0,31,36,0,37,0,12,0,0,0
350192,1,1,1998,0,0,0,0,0,0,0,0,0,0
350193,1,1,1998,6,10,0,0,6,14,14,7,17,15
350194,0,1,1998,0,0,0,0,0,0,0,0,0,0
350194,1,1,1998,0,0,0,0,0,0,0,0,0,0
350195,1,1,1998,0,0,15,0,0,0,0,0,0,0
350196,0,1,1998,31,31,31,31,31,31,31,31,31,31
350196,1,1,1998,11,0,0,0,0,0,0,0,0,0
350197,1,1,1998,0,0,0,0,0,0,0,0,0,0
350197,2,1,1998,12,12,12,12,12,12,12,12,12,12
350198,1,1,1998,18,13,13,26,0,10,6,10,10,4
350198,2,1,1998,0,0,0,0,0,0,0,0,0,0
350199,1,1,1998,0,16,15,0,0,0,0,0,0,0
350200,1,1,1998,0,0,0,0,0,0,0,0,0,0
350201,1,1,1998,0,0,0,0,0,0,0,0,0,0
350201,2,1,1998,0,0,0,0,0,0,0,0,0,0
350202,0,1,1998,0,0,0,0,0,0,0,0,0,0
350202,1,1,1998,0,0,0,0,0,0,0,0,0,0
350203,1,1,1998,0,0,0,0,0,0,0,0,0,0
350203,2,1,1998,0,0,0,0,0,0,0,0,0,0
350203,3,1,1998,0,0,0,0,0,0,0,0,0,0
350204,1,1,1998,0,0,0,0,0,0,0,0,0,0
350204,2,1,1998,0,0,0,0,0,0,0,0,0,0
350204,3,1,1998,0,0,0,0,0,0,0,0,0,0
350205,1,1,1998,0,0,0,0,0,0,0,0,0,0
350206,1,1,1998,0,0,0,0,0,0,0,0,0,0
350207,1,1,1998,0,0,0,0,0,0,0,0,0,0
350208,1,1,1998,5,14,24,5,25,29,0,16,0,14
350209,1,1,1998,17,17,17,17,17,17,17,17,17,17
350210,1,1,1998,16,16,16,16,16,16,16,16,16,16
350210,2,1,1998,0,0,0,0,0,0,0,0,0,0
350211,1,1,1998,16,16,16,16,16,16,16,16,16,16
350212,1,1,1998,0,0,0,0,0,0,0,0,0,0
350212,2,1,1998,0,0,0,0,0,0,0,0,0,0
350213,1,1,1998,0,0,0,0,0,0,0,0,0,0
350214,1,1,1998,6,0,17,0,0,11,0,0,0,0
350214,2,1,1998,0,0,0,0,0,0,0,0,0,0
350214,3,1,1998,0,0,0,0,0,0,0,0,0,0
350214,4,1,1998,0,0,0,0,0,0,0,0,0,0
350215,1,1,1998,0,0,0,0,0,0,0,0,0,0
350216,1,1,1998,0,0,0,0,0,0,0,0,0,0
350217,1,1,1998,0,0,0,0,0,0,0,0,0,0
350218,1,1,1998,0,0,0,0,0,0,0,0,0,0
350218,2,1,1998,3,3,3,3,3,3,3,3,3,3
350219,1,1,1998,0,0,0,0,0,0,0,0,0,0
350220,1,1,1998,6,6,6,6,6,6,6,6,6,6
350220,2,1,1998,0,0,0,0,0,0,0,0,0,0
350221,1,1,1998,11,15,22,8,8,0,25,8,12,11
350222,0,1,1998,22,22,22,22,22,22,22,22,22,22
350222,1,1,1998,0,0,0,0,0,0,0,0,0,0
350223,0,1,1998,26,26,26,26,26,26,26,26,26,26
350223,1,1,1998,0,0,0,0,8,0,0,0,0,0
350224,0,1,1998,28,28,28,28,28,28,28,28,28,28
350224,1,1,1998,0,0,0,0,0,0,0,0,0,0
350225,1,1,1998,9,9,9,9,9,9,9,9,9,9
350226,1,1,1998,0,0,0,0,0,0,0,0,0,0
350227,1,1,1998,0,0,0,0,0,0,0,0,0,0
350228,1,1,1998,0,0,0,0,0,0,0,0,0,0
350229,1,1,1998,0,0,0,0,0,0,0,0,0,0
350229,2,1,1998,17,17,17,17,17,17,17,17,17,17
350230,1,1,1998,15,15,15,15,15,15,15,15,15,15
350231,1,1,1998,26,7,11,11,16,12,0,0,0,0
350232,0,1,1998,0,0,0,0,0,0,0,0,0,0
350232,1,1,1998,0,0,0,0,0,0,0,0,0,0
350233,1,1,1998,7,7,7,7,7,7,7,7,7,7
350234,1,1,1998,21,0,10,12,18,14,17,16,18,9
350235,1,1,1998,0,0,0,0,0,0,0,0,0,0
350236,1,1,1998,7,7,7,7,7,7,7,7,7,7
350237,1,1,1998,0,7,0,0,0,0,0,9,0,0
350237,2,1,1998,0,0,0,0,0,0,8,0,0,0
350238,1,1,1998,0,0,0,0,0,0,0,0,0,0
350239,1,1,1998,22,10,21,8,14,20,14,13,49,20
350239,2,1,1998,0,0,0,0,0,0,0,0,0,0
350240,1,1,1998,0,0,0,0,0,0,0,0,0,0
350240,2,1,1998,0,0,0,0,0,0,0,0,0,0
350241,1,1,1998,11,11,11,11,11,11,11,11,11,11
350242,1,1,1998,1,1,1,1,1,1,1,1,1,1
350243,1,1,1998,0,0,0,0,0,0,0,0,0,0
350244,1,1,1998,0,0,0,0,0,0,0,0,0,0
350244,2,1,1998,0,0,0,0,0,0,0,0,0,0
350245,1,1,1998,27,27,27,27,27,27,27,27,27,27
350246,1,1,1998,0,0,0,0,11,0,4,0,3,0
350246,2,1,1998,7,8,3,10,19,28,9,18,22,21
350247,0,1,1998,24,24,24,24,24,24,24,24,24,24
350247,1,1,1998,0,0,0,0,0,0,0,0,0,0
350248,1,1,1998,0,0,0,0,0,0,0,0,0,0
350249,1,1,1998,1,1,1,1,1,1,1,1,1,1
350249,2,1,1998,11,20,16,9,10,16,0,5,9,9
350250,1,1,1998,29,29,29,29,29,29,29,29,29,29
350251,1,1,1998,4,4,4,4,4,4,4,4,4,4
350252,1,1,1998,0,0,0,0,0,0,0,0,0,0
350253,1,1,1998,0,19,0,0,0,11,0,18,13,0
350254,1,1,1998,0,0,0,0,0,7,0,0,0,0
350254,2,1,1998,0,0,0,0,0,0,0,0,0,0
350255,1,1,1998,0,0,0,0,0,0,0,0,0,0
350256,0,1,1998,0,0,0,0,13,0,0,0,0,0
350256,1,1,1998,0,0,0,0,0,0,0,0,0,0
350257,1,1,1998,0,0,0,0,0,0,0,0,0,0
350257,2,1,1998,0,0,15,0,0,18,0,0,0,29
350258,0,1,1998,28,28,28,28,28,28,28,28,28,28
350258,1,1,1998,0,0,0,0,0,0,0,0,0,0
350259,1,1,1998,0,0,0,0,0,0,0,0,0,0
350259,2,1,1998,0,0,0,0,0,0,0,0,0,0
350260,1,1,1998,0,0,0,0,0,0,0,0,0,0
350261,1,1,1998,0,0,0,0,0,0,0,0,0,0
350262,1,1,1998,0,0,0,0,0,0,0,0,0,0
350263,1,1,1998,11,32,5,11,26,17,13,11,18,12
350263,2,1,1998,0,0,0,0,0,0,0,15,0,0
350264,1,1,1998,0,0,0,0,0,0,0,0,0,0
350264,2,1,1998,0,0,0,0,0,0,0,0,0,0
350264,3,1,1998,0,0,0,0,0,0,0,0,0,0
350265,0,1,1998,0,0,0,0,0,0,0,0,0,0
350265,1,1,1998,7,7,7,7,7,7,7,7,7,7
350266,0,1,1998,0,0,0,0,0,0,0,0,0,0
350266,1,1,1998,10,19,1,30,10,0,0,29,0,0
350267,1,1,1998,0,4,0,0,12,7,5,19,0,4
350268,0,1,1998,0,0,0,0,0,0,0,0,0,0
350268,1,1,1998,0,0,0,0,0,0,0,0,0,0
350269,1,1,1998,12,12,12,12,12,12,12,12,12,12
350269,2,1,1998,14,14,14,14,14,14,14,14,14,14
350270,1,1,1998,7,7,7,7,7,7,7,7,7,7
350271,1,1,1998,15,15,15,15,15,15,15,15,15,15
350272,1,1,1998,0,0,0,0,0,0,0,0,0,0
350272,2,1,1998,0,0,0,0,0,0,0,0,0,0
350273,0,1,1998,0,0,0,0,0,0,0,0,0,0
350273,1,1,1998,0,0,0,0,0,0,0,0,0,0
350274,1,1,1998,0,0,0,0,0,0,0,0,0,0
350275,1,1,1998,0,10,0,0,0,0,0,0,0,0
350275,2,1,1998,5,5,5,5,5,5,5,5,5,5
350276,0,1,1998,32,32,32,32,32,32,32,32,32,32
350276,1,1,1998,0,0,0,0,0,0,0,0,0,0
350277,1,1,1998,0,0,0,0,0,0,0,0,0,0
350277,2,1,1998,0,0,0,0,0,0,0,0,0,0
350278,1,1,1998,0,0,0,0,0,0,0,0,0,0
350278,2,1,1998,0,0,0,0,0,0,0,0,0,0
350279,1,1,1998,17,17,17,17,17,17,17,17,17,17
350280,0,1,1998,19,19,19,19,19,19,19,19,19,19
350280,1,1,1998,0,0,0,0,0,0,0,0,0,0
350281,0,1,1998,0,0,0,0,0,0,0,0,0,0
350281,1,1,1998,0,0,0,0,0,0,0,0,0,0
350282,1,1,1998,0,0,0,0,0,0,0,0,0,0
350282,2,1,1998,0,0,0,0,0,0,0,0,0,0
350282,3,1,1998,0,0,0,0,0,0,0,0,0,0
350283,1,1,1998,0,0,0,0,0,0,0,0,0,0
350283,2,1,1998,0,0,0,0,3,0,0,0,0,0
350284,1,1,1998,21,21,21,21,21,21,21,21,21,21
350284,2,1,1998,0,0,0,0,29,17,0,0,0,19
350285,1,1,1998,0,0,0,0,0,0,0,0,0,0
350285,2,1,1998,0,0,0,0,0,0,0,0,0,0
350286,0,1,1998,16,16,0,0,0,0,0,18,14,0
350286,0,2,1998,0,0,10,0,0,0,0,0,0,0
350286,1,1,1998,0,0,0,0,0,0,0,0,0,0
350287,1,1,1998,0,0,0,0,0,0,0,0,0,0
350287,2,1,1998,0,0,0,0,0,0,0,0,0,0
350288,1,1,1998,36,36,36,36,36,36,36,36,36,36
350288,2,1,1998,0,0,0,0,0,0,0,0,0,0
350289,0,1,1998,2,2,2,2,2,2,2,2,2,2
350289,1,1,1998,0,0,0,0,0,0,0,0,0,0
350290,1,1,1998,19,19,19,19,19,19,19,19,19,19
350291,1,1,1998,0,0,0,0,0,0,0,0,0,0
350291,2,1,1998,17,17,17,17,17,17,17,17,17,17
350292,1,1,1998,0,0,0,0,0,0,0,0,0,0
350293,0,1,1998,29,29,29,29,29,29,29,29,29,29
350293,1,1,1998,0,0,0,0,0,0,0,0,0,14
350294,1,1,1998,0,0,0,0,0,0,0,0,0,0
350295,1,1,1998,0,0,0,0,0,0,0,0,0,0
350295,2,1,1998,0,0,0,0,0,0,0,0,0,0
350296,1,1,1998,0,0,0,0,0,0,0,0,0,0
350297,1,1,1998,37,6,19,17,11,9,20,4,14,21
350298,0,1,1998,29,29,29,29,29,29,29,29,29,29
350298,1,1,1998,0,0,0,0,0,0,0,0,0,0
350299,1,1,1998,27,27,27,27,27,27,27,27,27,27
350300,1,1,1998,0,0,0,0,0,0,0,0,0,0
350301,1,1,1998,0,0,0,0,0,0,0,0,0,0
350301,2,1,1998,0,0,0,0,0,0,0,0,0,0
350302,0,1,1998,39,39,39,39,39,39,39,39,39,39
350302,1,1,1998,0,0,0,0,0,0,0,0,0,0
350303,1,1,1998,0,0,0,0,0,0,0,0,0,0
350303,2,1,1998,0,0,0,0,0,0,0,0,0,0
350304,1,1,1998,22,22,22,22,22,22,22,22,22,22
350305,1,1,1998,0,0,0,0,0,0,0,0,0,0
350306,1,1,1998,0,0,0,0,0,0,0,0,0,0
350306,2,1,1998,0,0,0,0,0,0,0,0,0,0
350307,1,1,1998,0,0,0,0,0,0,0,0,0,0
350307,2,1,1998,0,0,0,0,0,0,0,0,0,0
350308,1,1,1998,0,0,0,0,0,0,0,0,0,0
350309,1,1,1998,0,0,0,0,0,0,0,0,0,20
350309,2,1,1998,8,8,8,8,8,8,8,8,8,8
350310,0,1,1998,0,0,0,0,0,0,0,0,0,0
350310,1,1,1998,0,0,0,0,0,0,0,0,0,0
350311,1,1,1998,0,0,0,0,0,0,0,0,0,0
350312,1,1,1998,10,9,20,18,9,14,26,8,8,15
350313,0,1,1998,25,25,25,25,25,25,25,25,25,25
350313,1,1,1998,15,0,0,0,0,0,0,0,0,0
350314,1,1,1998,0,0,0,0,0,0,0,0,0,0
350315,1,1,1998,0,0,0,0,0,0,0,0,0,0
350315,2,1,1998,0,0,0,0,0,0,0,0,0,0
350316,1,1,1998,0,0,0,0,0,0,0,0,0,0
350316,2,1,1998,0,0,0,0,0,0,0,0,0,0
350317,1,1,1998,0,0,0,0,0,0,0,0,0,0
350318,1,1,1998,0,0,0,0,0,0,0,0,0,0
350318,2,1,1998,0,0,6,0,0,0,0,10,0,12
350319,1,1,1998,21,21,21,21,21,21,21,21,21,21
350320,1,1,1998,0,0,0,0,0,0,0,0,0,0
350321,1,1,1998,0,0,0,0,0,0,0,0,0,0
350321,2,1,1998,0,0,0,0,0,0,0,0,0,0
350322,0,1,1998,31,31,31,31,31,31,31,31,31,31
350322,1,1,1998,0,0,0,0,0,0,0,0,0,0
350323,1,1,1998,0,0,0,0,0,0,0,0,0,0
350324,0,1,1998,17,17,17,17,17,17,17,17,17,17
350324,1,1,1998,0,0,0,0,0,0,0,0,0,0
350325,1,1,1998,0,0,0,0,0,0,0,0,0,0
350326,1,1,1998,0,0,0,0,0,0,0,0,0,0
350326,2,1,1998,0,0,0,0,0,0,0,0,0,0
350327,1,1,1998,21,21,21,21,21,21,21,21,21,21
350328,1,1,1998,0,0,0,0,0,0,0,0,0,0
350329,1,1,1998,14,5,11,19,6,12,19,9,19,16
350330,0,1,1998,0,0,0,0,0,0,0,0,0,0
350330,1,1,1998,0,0,0,0,0,0,0,0,0,0
350331,1,1,1998,0,0,0,0,0,0,0,0,0,0
350331,2,1,1998,0,0,0,0,0,13,0,0,0,0
350332,1,1,1998,0,17,0,0,9,0,0,0,0,0
350333,1,1,1998,0,0,0,10,0,0,0,0,0,0
350333,2,1,1998,0,0,0,0,0,0,0,0,0,0
350334,1,1,1998,0,0,0,0,23,0,0,19,31,0
350335,1,1,1998,22,22,22,22,22,22,22,22,22,22
350336,1,1,1998,28,28,28,28,28,28,28,28,28,28
350337,0,1,1998,0,0,0,0,0,0,0,0,0,0
350337,1,1,1998,0,0,0,0,0,0,0,0,0,6
350338,1,1,1998,25,25,25,25,25,25,25,25,25,25
350339,1,1,1998,26,26,26,26,26,26,26,26,26,26
350340,0,1,1998,0,0,0,0,0,0,0,0,0,0
350340,1,1,1998,0,0,0,0,0,0,0,9,0,0
350341,1,1,1998,0,0,0,0,0,0,0,0,0,0
350341,2,1,1998,0,0,0,0,0,0,0,0,0,0
350342,1,1,1998,0,0,0,0,0,0,0,0,0,0
350343,1,1,1998,0,0,0,0,0,0,2,14,0,0
350344,1,1,1998,0,0,0,0,0,0,0,0,0,0
350344,2,1,1998,0,0,0,0,0,0,0,0,0,4
350345,1,1,1998,0,0,0,0,0,0,0,0,0,0
350346,1,1,1998,0,0,0,0,0,0,0,0,0,0
350346,2,1,1998,0,0,9,0,0,0,0,0,50,0
350347,1,1,1998,0,0,0,0,0,0,0,0,0,0
350347,2,1,1998,0,0,0,0,0,0,0,0,0,0
350347,3,1,1998,0,0,0,0,0,0,0,0,0,0
350348,1,1,1998,0,0,0,0,0,0,9,0,0,0
350349,0,1,1998,21,21,21,21,21,21,21,21,21,21
350349,1,1,1998,0,0,0,0,0,0,0,0,0,0
350350,0,1,1998,0,0,0,0,0,0,0,0,0,0
350350,1,1,1998,0,28,0,13,10,21,17,19,7,6
350351,1,1,1998,0,0,0,0,0,0,0,0,0,3
350351,2,1,1998,0,0,14,0,0,0,0,0,0,0
350352,1,1,1998,0,0,0,0,0,0,0,0,0,0
350352,2,1,1998,0,0,0,0,0,0,0,0,0,0
350353,1,1,1998,0,0,0,0,0,0,0,0,0,0
350353,2,1,1998,0,0,0,0,0,0,0,0,0,0
350354,1,1,1998,0,0,0,0,0,0,0,0,0,0
350354,2,1,1998,0,0,0,0,10,0,0,0,15,0
350355,1,1,1998,7,7,7,7,7,7,7,7,7,7
350356,1,1,1998,8,21,0,15,18,17,17,9,15,31
350357,1,1,1998,32,32,32,32,32,32,32,32,32,32
350358,1,1,1998,0,0,0,0,10,0,0,0,0,0
350358,2,1,1998,26,26,26,26,26,26,26,26,26,26
350359,1,1,1998,20,0,0,0,0,0,0,0,0,0
350359,2,1,1998,0,0,0,0,0,0,0,0,0,0
350360,1,1,1998,0,0,0,0,0,0,0,0,0,0
350360,2,1,1998,0,0,0,0,0,0,0,0,0,0
350361,0,1,1998,25,25,25,25,25,25,25,25,25,25
350361,1,1,1998,0,0,0,0,0,0,0,0,0,0
350361,2,1,1998,0,0,0,10,0,0,0,12,0,0
350362,1,1,1998,26,26,26,26,26,26,26,26,26,26
350363,1,1,1998,0,12,0,0,0,0,10,0,0,0
350364,1,1,1998,0,0,0,0,0,0,0,15,0,0
350364,2,1,1998,0,0,0,14,17,0,7,0,0,0
350365,1,1,1998,0,0,0,0,0,0,0,0,0,0
350366,1,1,1998,17,17,17,17,17,17,17,17,17,17
350367,1,1,1998,9,10,5,12,8,14,23,18,6,22
350367,2,1,1998,0,0,0,0,0,0,0,0,0,0
350368,1,1,1998,19,19,19,19,19,19,19,19,19,19
350369,1,1,1998,0,0,0,0,0,0,0,0,0,0
350370,1,1,1998,0,0,0,0,0,0,0,0,0,0
350370,2,1,1998,0,0,0,0,0,0,0,0,0,0
350371,0,1,1998,0,17,41,0,0,26,0,0,9,0
350371,1,1,1998,0,0,0,0,0,0,0,0,13,0
350372,1,1,1998,0,0,0,0,0,0,0,0,0,0
350373,1,1,1998,0,0,0,0,0,0,0,0,0,0
350374,1,1,1998,18,18,18,18,18,18,18,18,18,18
360001,0,1,1998,0,0,0,21,0,0,0,0,0,0
360001,1,1,1998,0,0,0,0,0,0,0,0,0,0
360001,2,1,1998,0,0,0,0,0,0,0,0,0,0
360002,1,1,1998,14,14,14,14,14,14,14,14,14,14
360002,2,1,1998,0,0,0,0,0,0,0,0,0,0
360003,1,1,1998,0,0,0,0,0,0,0,0,0,0
360003,2,1,1998,0,0,0,0,0,0,0,0,0,0
360004,1,1,1998,0,0,0,0,0,0,0,0,0,0
360004,2,1,1998,0,0,0,0,0,0,0,0,0,0
360005,1,1,1998,29,29,29,29,29,29,29,29,29,29
360006,0,1,1998,0,0,0,0,0,0,0,0,0,0
360006,1,1,1998,0,13,0,0,0,7,5,19,0,26
360007,1,1,1998,0,0,0,0,0,0,0,0,0,0
360007,2,1,1998,0,0,0,29,0,0,0,0,0,0
360008,1,1,1998,0,0,0,0,0,0,0,0,0,0
360008,2,1,1998,0,0,0,0,0,0,0,0,0,0
360008,3,1,1998,0,0,0,0,0,0,0,0,0,0
360009,0,1,1998,0,0,0,0,0,0,0,0,0,0
360009,1,1,1998,0,0,0,0,0,0,0,0,0,0
360010,0,1,1998,0,0,0,0,0,0,0,0,0,0
360010,1,1,1998,10,0,0,0,0,0,0,0,0,0
360011,1,1,1998,0,0,0,0,0,0,0,0,0,0
360011,2,1,1998,0,0,0,0,0,0,0,0,0,0
360012,0,1,1998,0,0,0,0,0,0,0,0,0,0
360012,1,1,1998,0,0,0,0,0,0,0,0,0,0
360013,1,1,1998,0,0,0,0,0,0,0,0,0,0
360013,2,1,1998,1,1,1,1,1,1,1,1,1,1
360014,1,1,1998,0,0,0,0,0,0,0,0,0,0
360014,2,1,1998,0,0,0,0,0,0,0,0,0,0
360015,0,1,1998,0,0,0,0,0,0,0,10,0,0
360015,1,1,1998,0,0,0,0,0,0,0,0,0,0
360016,1,1,1998,0,0,0,0,0,0,0,0,0,0
360016,2,1,1998,0,0,0,0,0,0,0,0,0,0
360017,1,1,1998,28,28,28,28,28,28,28,28,28,28
360018,1,1,1998,0,11,0,0,14,0,0,0,0,0
360019,1,1,1998,0,0,0,0,0,0,0,0,0,0
360019,2,1,1998,0,0,0,0,0,0,0,0,0,0
360020,1,1,1998,0,0,0,0,0,0,0,0,0,0
360020,2,1,1998,0,0,0,0,0,0,0,0,0,0
360020,3,1,1998,0,0,0,0,0,0,0,0,0,0
360021,0,1,1998,0,0,0,0,0,0,0,0,0,0
360021,1,1,1998,0,0,0,0,0,0,0,0,0,0
360022,0,1,1998,0,0,0,0,0,0,0,0,0,0
360022,1,1,1998,4,4,4,4,4,4,4,4,4,4
360023,0,1,1998,4,2,10,5,14,0,0,11,0,0
360023,0,2,1998,3,26,0,0,12,14,11,0,0,25
360023,1,1,1998,1,1,1,1,1,1,1,1,1,1
360024,1,1,1998,0,0,0,0,0,0,0,0,0,0
360024,2,1,1998,4,21,9,13,9,18,6,14,0,0
360025,1,1,1998,0,0,0,0,0,0,0,0,0,0
360025,2,1,1998,0,0,0,0,0,0,0,0,0,0
360026,1,1,1998,20,17,8,23,11,46,17,20,19,21
360027,1,1,1998,0,0,0,0,0,0,0,0,0,12
360027,2,1,1998,0,0,0,0,0,0,0,0,0,0
360028,1,1,1998,7,0,0,0,0,0,0,0,0,0
360028,2,1,1998,0,0,0,0,0,0,0,0,0,0
360029,0,1,1998,1,1,1,1,1,1,1,1,1,1
360029,1,1,1998,0,0,0,0,0,0,0,0,0,0
360030,0,1,1998,0,0,0,0,0,0,0,0,0,0
360030,1,1,1998,0,0,0,0,0,0,0,0,0,0
360031,0,1,1998,0,0,0,0,0,0,0,0,0,0
360031,1,1,1998,0,0,16,0,0,0,7,10,0,0
360032,1,1,1998,0,0,0,0,0,0,0,0,0,0
360033,0,1,1998,0,0,0,0,0,0,0,0,0,0
360033,1,1,1998,0,0,0,0,0,0,0,0,0,0
360034,1,1,1998,0,0,0,0,0,0,0,0,0,0
360034,2,1,1998,0,0,0,0,0,0,0,0,0,0
360035,1,1,1998,0,0,0,0,0,0,0,0,0,0
360035,2,1,1998,0,0,0,0,0,0,0,0,0,0
360036,0,1,1998,36,13,0,0,0,10,8,0,16,0
360036,1,1,1998,0,11,0,0,8,0,6,0,0,0
360037,0,1,1998,0,0,0,0,0,0,0,0,0,0
360037,1,1,1998,0,0,0,0,0,0,0,0,0,0
360038,1,1,1998,0,0,0,0,0,0,0,0,0,0
360038,2,1,1998,0,0,6,0,0,0,0,0,0,0
360039,1,1,1998,0,0,0,0,0,0,0,0,0,0
360039,2,1,1998,0,0,0,0,0,0,0,0,0,0
360039,3,1,1998,0,0,0,0,0,0,0,0,0,0
360040,1,1,1998,0,0,0,0,0,0,0,0,0,0
360040,2,1,1998,5,0,0,0,0,0,0,0,0,0
360041,1,1,1998,0,0,0,0,0,14,0,6,27,0
360042,1,1,1998,25,25,25,25,25,25,25,25,25,25
360043,1,1,1998,21,21,21,21,21,21,21,21,21,21
360044,1,1,1998,26,26,26,26,26,26,26,26,26,26
360045,0,1,1998,0,0,0,0,0,0,0,0,0,0
360045,1,1,1998,0,0,0,0,0,0,0,0,0,0
360046,1,1,1998,0,0,0,0,0,0,0,0,0,0
360046,2,1,1998,12,12,12,12,12,12,12,12,12,12
360047,0,1,1998,23,23,23,23,23,23,23,23,23,23
360047,1,1,1998,0,0,0,0,0,0,0,0,0,0
360048,1,1,1998,1,1,1,1,1,1,1,1,1,1
360048,2,1,1998,0,0,0,0,0,0,0,0,0,0
360048,3,1,1998,0,0,0,0,0,0,0,0,0,0
360049,0,1,1998,0,0,0,0,0,0,0,0,0,0
360049,2,1,1998,0,0,0,0,0,0,0,0,0,0
360049,3,1,1998,0,0,0,0,0,0,0,0,0,0
360050,0,1,1998,14,14,14,14,14,14,14,14,14,14
360050,1,1,1998,0,0,0,0,0,0,0,0,0,0
360051,1,1,1998,17,26,0,0,29,14,0,0,0,0
360052,1,1,1998,0,0,0,0,0,0,0,0,0,0
360052,2,1,1998,0,0,0,0,0,0,0,0,0,0
360053,0,1,1998,0,0,0,0,0,0,0,0,0,0
360053,1,1,1998,0,0,0,0,0,0,0,0,0,0
360053,2,1,1998,0,0,0,0,0,0,0,0,0,0
360054,1,1,1998,0,0,0,0,0,0,0,0,0,0
360054,2,1,1998,0,0,0,0,0,0,0,0,0,0
360055,1,1,1998,0,0,0,0,0,0,0,0,0,0
360055,2,1,1998,0,0,0,0,0,0,0,0,0,0
360056,1,1,1998,21,21,21,21,21,21,21,21,21,21
360057,1,1,1998,0,0,0,0,0,0,0,0,0,0
360058,1,1,1998,0,22,0,16,0,0,0,0,0,0
360059,0,1,1998,9,9,9,9,9,9,9,9,9,9
360059,1,1,1998,14,14,14,14,14,14,14,14,14,14
360060,0,1,1998,19,19,19,19,19,19,19,19,19,19
360060,1,1,1998,19,19,19,19,19,19,19,19,19,19
360061,1,1,1998,30,16,8,11,16,8,17,21,0,31
360062,1,1,1998,0,0,0,0,0,0,0,0,0,0
360062,2,1,1998,0,0,0,0,0,0,0,0,0,0
360063,1,1,1998,14,0,0,0,0,0,0,0,0,0
360063,2,1,1998,0,0,0,0,0,0,0,0,0,0
360064,0,1,1998,0,0,0,0,0,0,0,0,0,0
360064,1,1,1998,0,0,0,0,0,0,0,0,0,0