ST_CASE,VEH_NO,PER_NO,YEAR,P1,P2,P3,P4,P5,P6,P7,P8,P9,P10
360065,1,1,1998,10,8,14,13,2,8,15,16,9,34
360065,2,1,1998,0,0,0,0,0,23,0,0,0,0
360066,0,1,1998,0,0,0,0,0,0,0,0,0,0
360066,1,1,1998,12,16,14,0,17,6,23,23,23,10
360067,0,1,1998,0,0,0,0,0,0,0,0,0,0
360067,1,1,1998,0,0,0,0,0,0,0,0,0,0
360068,1,1,1998,0,0,0,0,0,0,0,0,0,0
360069,0,1,1998,0,0,0,0,0,0,0,0,0,0
360069,1,1,1998,0,0,0,0,0,0,0,0,0,0
360070,0,1,1998,0,0,0,0,0,0,0,0,0,0
360070,1,1,1998,0,5,0,0,0,0,0,8,0,0
360071,1,1,1998,0,0,0,0,0,0,0,0,0,0
360071,2,1,1998,0,0,0,0,0,0,0,0,0,0
360072,1,1,1998,0,0,0,0,0,0,0,0,0,0
360072,2,1,1998,0,0,0,0,0,0,0,0,0,0
360073,0,1,1998,0,0,0,0,0,0,0,0,0,0
360073,1,1,1998,0,0,0,0,0,0,0,0,0,9
360074,1,1,1998,0,0,0,0,0,0,0,0,0,0
360074,2,1,1998,0,0,0,0,0,0,0,0,0,0
360075,1,1,1998,6,6,6,6,6,6,6,6,6,6
360075,2,1,1998,0,0,0,0,0,0,0,0,0,0
360076,1,1,1998,0,0,0,0,0,0,0,0,0,0
360076,2,1,1998,0,0,0,0,0,0,0,0,0,0
360077,0,1,1998,0,5,0,0,21,0,0,0,7,0
360077,1,1,1998,14,24,6,12,14,19,9,20,21,15
360078,0,1,1998,0,0,0,0,0,0,0,0,0,0
360078,1,1,1998,0,7,0,0,14,0,0,0,0,0
360079,0,1,1998,0,0,0,0,0,0,0,0,0,0
360079,1,1,1998,0,0,0,0,0,0,0,0,0,0
360080,1,1,1998,0,0,0,0,0,0,0,0,0,0
360080,2,1,1998,0,0,0,0,4,0,0,0,0,0
360081,0,1,1998,0,0,0,6,0,0,0,0,0,0
360081,1,1,1998,0,0,0,0,0,0,0,0,0,0
360082,0,1,1998,0,0,0,0,0,0,0,0,0,0
360082,1,1,1998,0,0,0,0,0,0,0,0,0,0
360083,1,1,1998,0,0,0,0,0,0,0,0,0,0
360083,2,1,1998,0,0,0,0,0,0,0,0,0,0
360084,1,1,1998,10,10,10,10,10,10,10,10,10,10
360084,2,1,1998,0,0,0,0,0,0,0,0,0,0
360085,1,1,1998,0,0,0,0,0,0,0,0,0,0
360085,2,1,1998,0,0,0,0,0,0,0,0,0,0
360086,1,1,1998,0,0,0,3,0,0,0,34,8,7
360087,1,1,1998,10,10,10,10,10,10,10,10,10,10
360088,0,1,1998,0,0,0,0,0,0,0,0,0,0
360088,1,1,1998,0,0,0,0,0,9,0,0,0,0
360089,1,1,1998,0,0,0,0,0,0,0,0,0,9
360089,2,1,1998,0,0,0,0,0,0,0,0,0,0
360090,1,1,1998,0,0,0,0,0,0,0,0,0,0
360090,2,1,1998,0,0,0,0,0,0,0,0,0,0
360090,3,1,1998,0,0,0,0,0,0,0,0,0,0
360091,1,1,1998,0,16,0,0,0,0,0,0,0,0
360091,2,1,1998,0,0,0,0,0,0,0,0,0,0
360092,1,1,1998,0,0,0,0,0,0,0,0,0,0
360092,2,1,1998,0,0,0,0,0,0,0,4,0,0
360093,1,1,1998,27,0,0,0,0,0,0,0,0,0
360094,1,1,1998,23,23,23,23,23,23,23,23,23,23
360095,1,1,1998,0,21,0,0,21,0,0,0,0,16
360096,1,1,1998,0,0,0,0,0,0,0,0,0,0
360097,1,1,1998,32,32,32,32,32,32,32,32,32,32
360098,1,1,1998,9,11,0,12,0,18,16,0,0,0
360099,1,1,1998,18,7,5,17,21,8,29,12,23,19
360099,2,1,1998,0,0,0,0,0,0,0,0,0,0
360100,1,1,1998,0,0,12,0,0,0,0,0,0,0
360100,2,1,1998,0,0,0,0,0,0,0,0,0,0
360101,1,1,1998,6,0,0,18,8,0,0,8,30,0
360102,1,1,1998,11,11,11,11,11,11,11,11,11,11
360103,1,1,1998,28,28,28,28,28,28,28,28,28,28
360104,1,1,1998,20,22,7,26,15,14,18,26,32,43
360105,1,1,1998,16,32,14,13,8,8,14,30,10,22
360106,1,1,1998,0,0,0,0,0,0,0,0,0,0
360107,0,1,1998,7,7,7,7,7,7,7,7,7,7
360107,1,1,1998,0,0,0,0,0,0,0,0,0,0
360108,1,1,1998,11,17,9,16,28,0,8,10,11,8
360109,0,1,1998,0,0,0,0,0,0,0,0,0,0
360109,1,1,1998,0,0,0,0,0,0,0,0,0,0
360110,1,1,1998,0,0,0,0,0,0,0,0,0,0
360111,1,1,1998,0,0,0,0,0,0,0,0,0,0
360112,1,1,1998,12,12,12,12,12,12,12,12,12,12
360113,0,1,1998,0,0,0,0,0,0,0,0,0,0
360113,1,1,1998,0,0,0,0,0,0,0,0,0,0
360114,1,1,1998,0,0,0,0,0,0,0,0,0,0
360114,2,1,1998,0,0,0,0,0,0,0,0,0,0
360114,3,1,1998,6,0,0,0,0,0,0,0,0,0
360115,0,1,1998,0,0,0,0,0,0,0,0,0,0
360115,1,1,1998,0,0,0,0,0,0,0,0,0,0
360116,0,1,1998,0,0,0,0,0,0,0,0,0,0
360116,1,1,1998,0,0,0,0,0,0,0,0,0,0
360117,1,1,1998,2,2,2,2,2,2,2,2,2,2
360117,2,1,1998,6,6,6,7,17,9,14,15,24,23
360118,0,1,1998,0,0,0,0,0,0,0,0,0,0
360118,1,1,1998,0,0,0,0,0,0,0,0,0,0
360119,1,1,1998,14,6,2,10,13,14,8,23,19,5
360120,1,1,1998,0,0,0,0,0,0,0,0,0,14
360120,2,1,1998,0,0,0,0,0,0,0,0,0,0
360120,3,1,1998,0,0,0,0,0,0,0,0,0,0
360121,1,1,1998,0,0,0,0,0,0,0,0,0,0
360121,2,1,1998,4,4,4,4,4,4,4,4,4,4
360122,1,1,1998,0,0,0,0,0,0,0,0,0,0
360122,2,1,1998,0,0,0,0,0,0,0,19,0,0
360123,1,1,1998,18,18,18,18,18,18,18,18,18,18
360123,2,1,1998,26,18,9,19,9,13,0,0,0,11
360124,1,1,1998,14,4,29,27,12,13,0,17,8,13
360125,1,1,1998,0,0,0,0,0,0,0,0,0,0
360126,1,1,1998,0,0,0,0,0,0,0,0,0,0
360127,1,1,1998,19,19,19,19,19,19,19,19,19,19
360127,2,1,1998,0,0,0,0,0,0,0,0,0,0
360127,3,1,1998,0,0,0,0,0,0,0,0,0,0
360127,4,1,1998,0,0,0,0,0,0,0,0,0,0
360128,1,1,1998,0,0,0,0,0,0,0,0,0,0
360128,2,1,1998,0,12,0,0,13,0,0,0,0,0
360129,1,1,1998,0,0,0,0,0,0,0,0,0,0
360129,2,1,1998,0,0,0,0,8,0,0,0,0,0
360130,0,1,1998,0,0,19,0,0,0,14,0,0,0
360130,1,1,1998,0,0,0,0,0,0,0,0,0,0
360131,0,1,1998,0,0,0,0,0,0,0,0,0,0
360131,1,1,1998,0,0,0,0,0,0,0,0,0,0
360132,1,1,1998,0,0,0,0,0,0,0,0,0,0
360132,2,1,1998,0,0,0,0,0,0,0,0,0,0
360133,1,1,1998,0,0,0,0,0,0,0,0,0,0
360133,2,1,1998,0,0,0,0,0,0,0,0,0,0
360134,1,1,1998,0,0,0,0,0,0,0,0,0,0
360134,2,1,1998,0,4,12,0,0,0,7,6,3,0
360135,1,1,1998,0,0,0,0,0,0,0,0,0,0
360135,2,1,1998,0,0,0,0,0,0,0,0,0,0
360136,0,1,1998,1,1,1,1,1,1,1,1,1,1
360136,1,1,1998,0,0,0,0,0,0,0,0,0,0
360137,1,1,1998,0,23,0,0,0,0,0,0,0,0
360137,2,1,1998,0,0,0,0,0,0,0,0,0,0
360138,1,1,1998,19,17,15,18,4,23,16,30,13,8
360138,2,1,1998,0,0,0,0,0,0,0,0,0,5
360139,1,1,1998,0,0,0,0,0,0,0,0,0,0
360139,2,1,1998,0,0,0,0,0,0,0,0,0,0
360140,0,1,1998,17,17,17,25,20,37,20,23,23,19
360140,1,1,1998,0,0,0,0,0,18,0,0,0,0
360141,1,1,1998,0,0,0,0,0,0,0,0,0,0
360141,2,1,1998,0,0,0,0,0,0,0,0,0,0
360142,1,1,1998,14,14,14,14,14,14,14,14,14,14
360143,1,1,1998,0,0,0,0,0,5,0,0,19,33
360144,1,1,1998,0,0,20,14,0,0,5,0,0,0
360144,2,1,1998,0,0,0,0,0,0,0,0,0,0
360145,1,1,1998,21,0,0,0,0,0,0,0,0,0
360145,2,1,1998,0,0,0,0,0,0,0,0,0,0
360146,1,1,1998,0,0,0,0,0,0,0,0,6,0
360146,2,1,1998,10,7,21,7,20,0,13,21,14,9
360147,0,1,1998,0,0,0,0,0,18,0,0,24,0
360147,1,1,1998,0,0,0,0,0,0,0,0,0,0
360148,1,1,1998,8,0,3,2,0,15,13,9,12,5
360148,2,1,1998,0,0,0,0,0,0,0,0,0,0
360149,0,1,1998,0,14,0,6,0,15,0,0,9,0
360149,1,1,1998,0,0,0,0,0,0,0,0,0,0
360150,1,1,1998,15,0,6,2,14,9,14,7,22,10
360150,2,1,1998,0,0,0,0,0,0,0,0,0,0
360151,1,1,1998,0,0,0,0,0,0,0,0,0,0
360151,2,1,1998,0,0,0,0,0,0,0,0,0,0
360151,3,1,1998,0,0,0,0,0,0,0,0,0,0
360151,4,1,1998,0,0,0,0,0,0,0,0,0,0
360151,5,1,1998,0,0,0,0,0,0,0,0,0,0
360151,6,1,1998,0,0,0,0,0,0,0,0,0,0
360151,7,1,1998,0,0,0,0,0,0,0,0,0,0
360151,8,1,1998,0,0,0,0,0,0,0,0,0,0
360152,0,1,1998,0,0,0,0,0,0,0,0,0,0
360152,1,1,1998,0,0,0,0,0,0,0,0,0,0
360153,1,1,1998,0,0,0,0,0,0,0,0,0,15
360154,0,1,1998,0,0,0,0,0,0,0,0,0,0
360154,1,1,1998,0,0,0,0,0,0,0,0,0,0
360155,1,1,1998,0,0,0,0,0,0,0,0,0,0
360155,2,1,1998,0,0,0,0,0,0,0,0,0,0
360156,0,1,1998,0,0,0,0,0,0,0,0,0,0
360156,1,1,1998,0,0,0,0,0,0,0,0,0,0
360157,0,1,1998,0,0,0,0,0,0,0,0,0,0
360157,1,1,1998,0,0,0,0,0,0,0,0,0,0
360158,1,1,1998,9,24,22,27,3,0,13,2,0,0
360159,1,1,1998,0,0,0,0,0,0,0,0,0,0
360160,1,1,1998,0,7,0,0,0,0,0,0,0,0
360161,1,1,1998,0,0,0,0,0,0,0,0,0,0
360162,1,1,1998,22,22,22,22,22,22,22,22,22,22
360162,2,1,1998,0,0,0,0,0,0,0,0,0,0
360163,1,1,1998,0,0,0,0,0,0,0,0,0,0
360164,1,1,1998,0,0,0,0,0,0,0,0,0,0
360164,2,1,1998,0,0,0,0,0,0,0,0,0,0
360164,3,1,1998,0,0,0,0,0,0,0,0,0,0
360164,4,1,1998,0,0,0,0,0,0,0,0,0,0
360165,1,1,1998,0,0,0,0,0,0,0,0,0,0
360165,2,1,1998,0,0,0,0,0,0,0,0,0,0
360165,3,1,1998,0,0,0,0,0,0,0,0,0,0
360166,0,1,1998,0,0,0,0,0,0,0,0,0,0
360166,1,1,1998,0,0,23,0,0,0,0,0,0,0
360167,0,1,1998,0,0,0,0,0,0,0,0,0,0
360167,1,1,1998,0,0,0,0,0,0,0,0,0,0
360168,0,1,1998,0,0,0,0,0,0,0,0,0,0
360168,1,1,1998,5,9,19,26,9,14,22,20,8,22
360169,1,1,1998,18,18,18,18,18,18,18,18,18,18
360170,1,1,1998,0,0,0,0,0,0,0,0,0,0
360170,2,1,1998,19,19,19,19,19,19,19,19,19,19
360171,1,1,1998,0,0,0,0,0,0,0,0,0,0
360171,2,1,1998,0,0,0,0,0,0,0,0,0,0
360172,1,1,1998,0,0,0,0,0,0,0,0,0,0
360172,2,1,1998,0,0,0,0,0,0,0,0,0,0
360172,3,1,1998,0,0,0,0,0,0,0,0,0,0
360173,1,1,1998,0,0,0,0,0,0,0,0,0,0
360173,2,1,1998,0,0,0,0,0,0,0,0,0,0
360174,0,1,1998,0,0,0,0,0,0,0,0,0,0
360174,1,1,1998,0,0,0,0,0,0,0,0,0,0
360175,1,1,1998,0,0,0,0,0,0,0,0,0,0
360175,2,1,1998,0,0,4,0,0,0,0,0,0,0
360176,1,1,1998,0,0,0,0,0,0,0,0,0,0
360176,2,1,1998,0,0,0,0,0,0,0,0,0,0
360176,3,1,1998,0,0,0,0,0,0,0,0,0,0
360177,1,1,1998,0,0,0,0,0,0,0,0,0,0
360177,2,1,1998,0,0,0,0,0,0,0,0,0,0
360178,1,1,1998,0,0,0,11,14,0,0,0,0,0
360178,2,1,1998,0,0,0,0,0,0,0,0,0,0
360179,1,1,1998,0,0,0,0,0,0,0,0,0,0
360180,1,1,1998,1,1,1,1,1,1,1,1,1,1
360181,0,1,1998,0,0,13,0,10,17,0,0,0,0
360181,0,2,1998,0,15,16,0,7,0,0,0,0,0
360181,0,3,1998,0,0,0,0,0,0,0,0,0,0
360181,1,1,1998,0,0,0,0,0,0,0,0,0,0
360182,0,1,1998,0,0,0,0,0,0,0,0,0,0
360182,1,1,1998,0,0,0,0,0,0,0,0,0,0
360183,0,1,1998,4,4,4,4,4,4,4,4,4,4
360183,1,1,1998,0,0,0,0,0,0,0,0,0,0
360184,0,1,1998,0,0,0,0,0,0,0,0,0,0
360184,1,1,1998,0,0,0,0,0,0,0,0,0,0
360185,0,1,1998,5,5,5,5,5,5,5,5,5,5
360185,1,1,1998,0,0,0,0,0,0,0,0,0,0
360186,1,1,1998,0,3,0,0,0,0,0,0,0,0
360186,2,1,1998,0,0,0,0,0,0,0,0,0,0
360187,1,1,1998,0,0,0,0,0,0,0,0,0,0
360188,0,1,1998,0,0,0,0,0,0,0,0,0,0
360188,0,2,1998,0,18,0,0,12,0,0,0,0,6
360188,1,1,1998,0,0,0,0,0,0,0,0,0,0
360189,1,1,1998,0,0,0,0,0,0,0,0,0,0
360189,2,1,1998,0,0,0,0,0,0,0,0,0,0
360190,1,1,1998,0,0,0,0,0,0,0,0,0,0
360190,2,1,1998,0,0,0,0,0,0,0,0,0,0
360191,1,1,1998,0,18,9,0,0,0,0,0,0,0
360191,2,1,1998,0,0,0,0,0,0,0,0,0,0
360191,3,1,1998,0,0,0,0,0,0,0,0,0,0
360192,1,1,1998,4,12,11,28,19,7,7,4,0,8
360193,0,1,1998,13,13,13,13,13,13,13,13,13,13
360193,1,1,1998,0,0,0,0,0,0,0,0,0,0
360194,1,1,1998,0,0,0,0,0,0,0,0,0,0
360194,2,1,1998,0,0,0,0,0,0,0,0,0,0
360195,1,1,1998,0,0,0,0,0,0,16,0,0,0
360196,1,1,1998,0,0,8,0,0,0,0,0,0,0
360196,2,1,1998,0,0,0,0,0,0,0,0,0,0
360197,0,1,1998,0,0,0,0,0,0,0,0,0,0
360197,1,1,1998,0,0,0,0,0,0,0,0,0,0
360198,1,1,1998,0,0,0,0,0,0,0,0,0,0
360199,1,1,1998,0,0,0,0,0,0,0,0,0,0
360200,1,1,1998,0,0,0,0,0,0,0,0,0,0
360200,2,1,1998,0,0,0,0,0,0,0,0,0,0
360201,1,1,1998,0,0,0,0,0,0,8,0,0,0
360201,2,1,1998,5,5,5,5,5,5,5,5,5,5
360202,0,1,1998,0,0,0,0,0,32,0,8,0,1
360202,1,1,1998,0,0,0,0,0,0,0,0,0,0
360202,2,1,1998,0,8,11,21,0,0,0,0,3,0
360203,1,1,1998,0,19,0,0,0,13,27,0,0,0
360204,1,1,1998,0,0,0,0,0,0,0,0,0,0
360205,1,1,1998,15,5,12,17,19,25,22,11,12,35
360206,0,1,1998,0,30,0,0,0,5,0,18,0,0
360206,1,1,1998,0,0,8,13,0,0,0,12,0,20
360207,1,1,1998,20,20,20,20,20,20,20,20,20,20
360208,1,1,1998,0,0,0,0,0,0,0,0,0,0
360209,1,1,1998,14,15,14,6,31,20,8,0,15,9
360210,0,1,1998,0,0,40,7,0,0,0,0,0,9
360210,1,1,1998,14,9,11,16,30,21,18,3,13,21
360211,0,1,1998,0,0,0,0,0,0,0,0,0,0
360211,1,1,1998,0,0,0,0,0,0,0,0,0,0
360212,1,1,1998,20,20,20,20,20,20,20,20,20,20
360212,2,1,1998,0,0,0,0,0,0,0,0,0,0
360213,0,1,1998,0,0,0,0,0,0,0,0,0,0
360213,1,1,1998,0,0,0,0,0,16,0,0,0,0
360214,0,1,1998,2,2,2,2,2,2,2,2,2,2
360214,1,1,1998,0,0,0,0,0,0,0,0,0,0
360215,0,1,1998,0,0,0,0,0,0,0,0,0,0
360215,1,1,1998,0,0,0,0,0,0,0,0,15,0
360216,1,1,1998,0,0,0,0,0,0,0,0,0,0
360216,2,1,1998,0,6,0,0,0,0,0,0,0,0
360217,1,1,1998,0,0,0,0,0,0,0,0,0,0
360217,2,1,1998,0,0,0,0,0,0,0,0,0,0
360218,1,1,1998,6,16,12,6,13,16,16,11,26,15
360219,1,1,1998,4,4,4,4,4,4,4,4,4,4
360220,0,1,1998,0,0,0,0,0,0,0,0,0,0
360220,1,1,1998,0,0,0,0,11,0,0,0,0,0
360221,1,1,1998,0,0,0,0,0,0,0,0,0,0
360221,2,1,1998,0,0,0,0,0,0,0,0,0,0
360221,3,1,1998,0,0,0,0,0,0,0,0,0,0
360221,4,1,1998,0,0,0,0,0,0,0,0,0,0
360221,5,1,1998,0,0,0,0,0,0,0,0,0,0
360222,1,1,1998,0,0,0,0,0,0,0,0,0,0
360222,2,1,1998,0,0,0,0,0,0,0,0,0,0
360222,3,1,1998,0,0,0,0,0,0,0,0,0,0
360222,4,1,1998,0,0,0,0,0,0,0,0,0,0
360223,1,1,1998,0,0,0,0,0,0,0,0,0,0
360223,2,1,1998,0,0,0,0,0,0,0,0,0,0
360223,3,1,1998,0,0,0,0,0,0,0,0,0,0
360223,4,1,1998,0,0,0,0,0,0,0,0,0,0
360223,5,1,1998,0,0,0,0,0,0,0,0,0,0
360224,0,1,1998,0,0,11,0,0,4,0,0,0,0
360224,1,1,1998,0,0,23,0,0,0,15,0,0,6
360225,0,1,1998,0,0,0,0,0,0,0,0,0,0
360225,1,1,1998,0,0,0,0,0,0,0,0,0,0
360226,0,1,1998,25,25,25,25,25,25,25,25,25,25
360226,1,1,1998,0,0,0,0,0,0,0,0,0,0
360227,1,1,1998,0,0,0,0,0,0,0,0,0,0
360228,0,1,1998,0,0,0,0,0,0,0,0,0,0
360228,1,1,1998,0,0,0,0,0,0,0,0,0,0
360229,1,1,1998,0,0,0,0,0,0,0,0,0,0
360229,2,1,1998,0,0,0,0,0,0,0,0,0,0
360230,1,1,1998,22,14,20,0,0,15,7,20,8,9
360230,2,1,1998,0,0,0,0,0,3,0,0,0,0
360231,0,1,1998,0,0,0,0,0,0,0,0,0,0
360231,1,1,1998,0,0,0,0,0,0,15,0,0,0
360232,1,1,1998,4,39,20,18,6,12,4,7,20,14
360233,1,1,1998,0,0,0,0,0,0,0,0,0,0
360233,2,1,1998,7,3,21,7,22,11,14,11,9,0
360234,0,1,1998,0,0,0,0,0,0,0,0,0,0
360234,1,1,1998,11,11,11,11,11,11,11,11,11,11
360235,1,1,1998,0,0,0,0,0,0,0,0,0,0
360235,2,1,1998,0,0,0,0,0,0,0,0,0,0
360236,0,1,1998,0,0,0,0,0,0,0,0,0,0
360236,1,1,1998,0,0,0,0,0,0,0,0,0,0
360237,1,1,1998,0,0,0,0,0,0,0,0,0,0
360238,0,1,1998,0,0,0,0,0,0,0,0,0,0
360238,1,1,1998,0,0,0,0,0,0,0,0,0,0
360239,0,1,1998,0,0,0,0,0,0,0,0,0,0
360239,1,1,1998,0,0,0,0,0,0,0,0,0,0
360240,1,1,1998,0,0,0,0,0,0,0,0,0,0
360240,2,1,1998,0,0,0,0,0,0,0,0,0,0
360241,1,1,1998,0,0,0,0,0,0,0,0,0,0
360241,2,1,1998,0,0,0,0,0,0,0,0,0,0
360242,1,1,1998,0,0,0,0,0,0,0,0,0,0
360242,2,1,1998,0,0,0,0,0,0,0,7,0,0
360243,0,1,1998,0,0,0,0,0,0,0,0,0,0
360243,1,1,1998,0,0,0,0,0,0,0,0,0,0
360244,1,1,1998,8,8,8,8,8,8,8,8,8,8
360245,1,1,1998,31,30,7,9,27,20,19,24,6,22
360246,1,1,1998,22,8,28,9,20,24,8,13,22,18
360247,1,1,1998,18,18,18,18,18,18,18,18,18,18
360248,0,1,1998,0,0,0,0,0,0,0,0,0,0
360248,1,1,1998,0,0,0,0,0,0,0,0,0,0
360249,1,1,1998,4,4,4,4,4,4,4,4,4,4
360249,2,1,1998,0,0,0,0,0,0,0,0,0,0
360250,1,1,1998,0,0,0,0,0,0,0,0,0,0
360251,0,1,1998,0,0,0,0,0,0,0,0,0,0
360251,1,1,1998,0,0,0,0,0,0,7,0,0,0
360252,1,1,1998,0,0,0,0,0,0,0,0,0,0
360252,2,1,1998,0,0,0,0,0,0,0,0,0,0
360253,1,1,1998,0,0,0,0,0,0,0,0,0,0
360253,2,1,1998,0,0,0,0,0,0,0,0,0,0
360254,1,1,1998,0,0,0,0,0,0,0,0,0,0
360254,2,1,1998,0,0,2,0,0,0,0,4,0,0
360255,0,1,1998,0,0,0,0,0,0,0,0,0,0
360255,1,1,1998,0,0,0,0,0,0,0,0,0,0
360256,0,1,1998,0,0,0,0,0,0,0,0,0,0
360256,1,1,1998,0,0,2,0,0,0,0,0,0,0
360257,0,1,1998,30,30,30,30,30,30,30,30,30,30
360257,1,1,1998,0,0,0,0,0,0,0,0,0,0
360258,0,1,1998,0,0,0,0,0,4,0,0,10,0
360258,0,2,1998,0,0,0,0,16,0,9,0,0,0
360258,0,3,1998,0,14,19,32,29,30,0,0,23,0
360258,1,1,1998,13,0,0,13,6,0,16,0,0,12
360259,1,1,1998,0,0,0,0,0,0,0,0,0,0
360259,2,1,1998,0,0,0,0,0,0,0,0,0,0
360260,1,1,1998,0,0,0,0,0,0,0,0,0,0
360260,2,1,1998,0,0,0,0,0,8,0,0,0,0
360261,1,1,1998,0,0,0,0,0,0,0,0,0,0
360261,2,1,1998,0,0,0,0,0,0,0,0,0,0
360262,1,1,1998,0,0,0,0,19,0,0,0,0,0
360262,2,1,1998,0,0,0,0,0,0,0,0,0,0
360262,3,1,1998,0,0,0,0,0,0,0,0,0,0
360263,1,1,1998,0,0,0,0,0,0,0,0,0,0
360263,2,1,1998,0,0,0,0,0,0,0,0,0,0
360264,1,1,1998,0,0,0,0,0,0,0,0,0,0
360264,2,1,1998,0,0,0,0,0,0,0,27,0,0
360265,0,1,1998,0,0,0,0,0,0,0,0,0,0
360265,1,1,1998,0,0,0,0,0,0,0,0,0,0
360266,1,1,1998,23,23,23,23,23,23,23,23,23,23
360267,1,1,1998,0,0,0,0,0,0,0,0,0,0
360268,0,1,1998,0,0,0,0,0,0,0,0,0,0
360268,1,1,1998,0,0,0,0,0,0,0,0,0,0
360269,1,1,1998,0,0,0,0,0,0,0,0,0,0
360269,2,1,1998,0,0,0,0,0,0,0,0,0,0
360270,1,1,1998,0,0,0,0,0,0,0,0,0,0
360270,2,1,1998,0,0,0,0,0,0,0,0,0,0
360271,1,1,1998,0,0,0,15,0,0,0,0,0,0
360272,1,1,1998,0,0,0,5,20,0,5,17,0,20
360273,1,1,1998,0,0,0,0,0,0,0,0,0,0
360273,2,1,1998,0,0,0,0,0,0,0,0,0,0
360274,1,1,1998,0,0,0,0,0,0,0,0,0,0
360274,2,1,1998,0,0,17,14,0,20,0,0,8,0
360275,0,1,1998,0,0,0,0,0,0,0,0,0,0
360275,1,1,1998,0,0,0,0,0,0,0,0,0,0
360276,0,1,1998,0,0,0,0,0,0,0,0,0,0
360276,1,1,1998,0,0,0,0,0,0,0,0,0,0
360277,1,1,1998,0,0,0,0,0,0,0,0,0,0
360277,2,1,1998,0,0,0,0,0,0,0,0,0,0
360278,1,1,1998,0,0,0,0,0,0,0,0,0,0
360279,1,1,1998,7,13,14,23,2,12,18,8,15,15
360279,2,1,1998,0,0,0,0,0,0,0,0,0,0
360280,0,1,1998,0,23,0,0,0,0,0,0,0,0
360280,1,1,1998,0,0,0,0,0,0,0,0,0,0
360281,0,1,1998,0,0,0,0,0,0,0,0,0,0
360281,0,2,1998,0,4,0,0,8,5,0,0,0,14
360281,1,1,1998,0,0,0,0,0,0,0,0,0,0
360282,1,1,1998,0,40,0,5,13,8,9,0,0,0
360283,1,1,1998,0,0,0,0,0,0,0,0,0,0
360283,2,1,1998,0,0,0,0,0,0,0,0,0,0
360284,1,1,1998,19,16,15,7,8,6,16,6,20,12
360285,0,1,1998,0,0,0,0,0,0,0,0,0,0
360285,1,1,1998,0,0,0,0,0,0,0,0,0,0
360286,0,1,1998,0,0,0,0,0,0,0,0,0,0
360286,1,1,1998,0,0,0,0,0,0,0,0,0,0
360287,1,1,1998,0,0,0,0,0,0,0,0,0,0
360287,2,1,1998,0,0,0,0,0,0,0,0,0,0
360288,1,1,1998,0,0,0,0,0,0,0,0,0,0
360289,0,1,1998,0,0,0,0,0,0,0,0,0,0
360289,1,1,1998,0,0,0,0,0,0,0,0,0,0
360290,1,1,1998,0,0,0,0,0,0,0,0,0,0
360290,2,1,1998,0,0,0,0,0,0,0,0,0,0
360291,1,1,1998,0,0,0,0,0,0,0,16,0,0
360291,2,1,1998,0,0,0,0,0,0,0,0,0,0
360292,0,1,1998,0,0,0,0,0,0,0,0,0,0
360292,1,1,1998,0,0,0,0,0,0,0,0,0,0
360293,1,1,1998,0,0,0,0,0,0,0,0,0,0
360293,2,1,1998,0,0,0,0,0,0,0,0,0,0
360294,1,1,1998,0,0,0,0,0,0,0,0,0,0
360295,0,1,1998,0,0,0,0,0,0,0,0,0,0
360295,1,1,1998,0,0,0,0,0,0,0,0,0,0
360296,0,1,1998,0,0,0,0,0,0,0,0,0,0
360296,1,1,1998,10,16,27,11,11,13,0,0,11,10
360297,1,1,1998,0,0,0,7,4,0,0,0,0,0
360298,0,1,1998,0,0,0,0,0,0,0,0,0,0
360298,1,1,1998,0,0,0,0,0,0,0,0,0,0
360299,1,1,1998,0,0,0,0,0,0,0,0,0,0
360299,2,1,1998,0,0,0,0,0,0,0,0,0,0
360300,0,1,1998,3,0,0,0,0,0,0,0,0,0
360300,1,1,1998,0,0,0,0,0,0,0,0,0,0
360301,1,1,1998,0,0,0,0,0,0,0,0,0,0
360302,1,1,1998,0,0,0,0,0,0,0,0,0,0
360302,2,1,1998,0,0,0,0,0,0,0,0,0,0
360303,1,1,1998,4,0,0,3,14,7,10,25,9,25
360303,2,1,1998,0,0,0,0,0,0,0,0,0,0
360304,1,1,1998,0,0,0,0,0,0,0,0,0,0
360304,2,1,1998,0,0,0,0,0,0,0,0,0,0
360305,0,1,1998,0,0,0,0,0,0,0,0,0,0
360305,1,1,1998,0,0,0,0,0,0,0,0,0,0
360306,1,1,1998,22,22,22,22,22,22,22,22,22,22
360307,1,1,1998,0,0,4,0,0,0,0,0,0,0
360308,1,1,1998,13,0,0,0,0,0,0,0,0,0
360309,1,1,1998,0,5,0,0,6,14,0,0,0,12
360310,0,1,1998,2,2,2,2,2,2,2,2,2,2
360310,1,1,1998,0,0,0,0,0,0,0,0,0,0
360311,1,1,1998,7,0,0,0,0,0,0,0,0,0
360311,2,1,1998,0,0,0,0,0,0,0,0,0,0
360313,0,1,1998,5,5,5,5,5,5,5,5,5,5
360313,1,1,1998,0,0,0,0,0,15,0,0,0,0
360315,0,1,1998,0,0,0,0,0,0,0,0,0,0
360315,1,1,1998,0,0,0,0,0,0,0,0,0,0
360316,1,1,1998,0,0,0,0,0,0,0,0,0,0
360317,0,1,1998,21,21,21,19,21,43,15,27,18,11
360317,1,1,1998,0,0,0,0,0,0,0,0,0,0
360318,1,1,1998,0,0,0,0,0,0,0,0,0,0
360319,1,1,1998,0,16,23,17,9,0,0,0,0,0
360320,1,1,1998,5,9,0,0,12,41,13,15,0,11
360321,1,1,1998,10,10,10,10,10,10,10,10,10,10
360322,1,1,1998,1,1,1,1,1,1,1,1,1,1
360323,1,1,1998,16,20,8,23,21,3,0,21,25,26
360324,1,1,1998,0,0,0,0,0,0,0,0,0,0
360325,1,1,1998,0,26,21,2,20,7,12,19,45,16
360326,1,1,1998,0,0,0,0,0,0,0,0,0,0