ST_CASE,VEH_NO,PER_NO,YEAR,P1,P2,P3,P4,P5,P6,P7,P8,P9,P10
360326,2,1,1998,6,0,0,0,0,0,0,0,0,0
360327,0,1,1998,0,0,0,0,0,0,0,0,0,0
360327,1,1,1998,0,0,0,0,0,0,0,0,0,0
360328,1,1,1998,21,21,21,21,21,21,21,21,21,21
360328,2,1,1998,0,0,0,0,0,0,0,0,0,0
360329,1,1,1998,0,0,0,0,0,0,0,0,0,0
360329,2,1,1998,0,0,0,0,0,0,0,0,0,0
360330,1,1,1998,13,23,31,14,13,33,27,22,12,21
360331,1,1,1998,0,0,0,0,0,0,0,0,0,0
360332,1,1,1998,13,0,0,0,0,0,0,0,0,0
360333,1,1,1998,0,0,0,0,0,0,0,0,0,0
360333,2,1,1998,0,0,0,0,0,0,0,0,0,0
360334,0,1,1998,0,0,0,0,0,0,0,0,0,0
360334,1,1,1998,0,0,0,0,0,0,0,0,0,0
360335,1,1,1998,0,0,0,0,0,0,0,0,0,0
360335,2,1,1998,0,0,0,0,0,0,0,0,0,0
360336,1,1,1998,2,2,2,2,2,2,2,2,2,2
360336,2,1,1998,0,0,0,0,0,0,0,0,0,0
360337,0,1,1998,0,0,0,0,0,0,0,0,0,0
360337,1,1,1998,0,0,0,0,0,0,0,0,0,0
360338,1,1,1998,0,0,8,0,0,0,0,7,0,0
360339,1,1,1998,0,0,0,0,0,0,0,0,0,0
360340,1,1,1998,1,1,1,1,1,1,1,1,1,1
360341,1,1,1998,0,0,0,0,0,0,0,0,0,0
360341,2,1,1998,0,0,6,0,0,0,0,0,0,0
360341,3,1,1998,0,0,0,0,0,0,0,4,0,0
360342,0,1,1998,0,0,0,0,0,0,0,0,0,0
360342,1,1,1998,0,0,0,0,0,0,0,0,0,0
360343,1,1,1998,0,0,0,10,0,0,0,0,0,0
360343,2,1,1998,0,0,0,0,0,0,9,0,0,0
360344,0,1,1998,0,0,0,0,0,0,0,0,0,0
360344,1,1,1998,0,0,0,0,0,0,0,0,0,0
360345,1,1,1998,0,0,0,0,0,0,0,0,0,0
360346,1,1,1998,17,28,18,13,0,12,16,11,12,10
360347,1,1,1998,0,0,0,0,0,0,0,0,0,0
360348,1,1,1998,22,30,19,0,25,0,20,24,39,0
360349,1,1,1998,0,0,0,9,0,0,0,0,0,0
360350,1,1,1998,0,0,0,0,0,0,0,0,0,0
360350,2,1,1998,0,0,0,0,0,0,0,0,0,0
360351,1,1,1998,0,0,0,0,0,0,0,0,0,0
360351,2,1,1998,0,0,0,0,0,0,0,0,0,0
360352,1,1,1998,0,0,0,0,0,0,0,0,0,0
360352,2,1,1998,14,14,14,14,14,14,14,14,14,14
360353,1,1,1998,0,0,12,0,0,0,0,0,0,0
360354,1,1,1998,0,0,0,0,0,0,0,0,0,0
360354,2,1,1998,0,0,0,0,0,0,0,0,0,0
360355,1,1,1998,0,0,15,0,0,0,0,0,0,0
360355,2,1,1998,0,0,0,0,0,0,0,0,0,0
360356,1,1,1998,0,0,0,0,0,0,0,0,0,0
360357,1,1,1998,0,0,0,12,0,0,0,0,0,0
360357,2,1,1998,0,0,0,0,0,2,16,0,8,9
360358,1,1,1998,0,0,0,0,0,0,0,0,0,0
360358,2,1,1998,0,0,0,0,15,0,0,0,0,0
360359,1,1,1998,2,2,2,2,2,2,2,2,2,2
360360,1,1,1998,12,15,0,8,12,20,6,0,11,13
360361,1,1,1998,0,0,0,0,0,0,0,0,0,0
360361,2,1,1998,0,0,6,0,0,0,0,0,9,6
360362,0,1,1998,0,0,0,0,0,0,0,0,0,0
360362,1,1,1998,0,0,0,0,0,0,0,0,0,0
360363,1,1,1998,6,16,14,13,16,12,14,0,14,12
360364,0,1,1998,7,7,7,7,7,7,7,7,7,7
360364,1,1,1998,0,14,16,5,27,14,0,27,14,9
360365,1,1,1998,24,19,14,0,37,0,30,24,0,0
360366,2,1,1998,0,0,0,0,0,0,0,10,0,0
360367,0,1,1998,0,0,0,0,0,0,0,0,0,0
360367,1,1,1998,0,0,0,0,9,0,0,0,0,0
360368,1,1,1998,0,0,0,0,0,0,0,0,0,0
360368,2,1,1998,2,2,2,2,2,2,2,2,2,2
360369,0,1,1998,0,0,0,0,0,0,0,0,0,0
360369,1,1,1998,0,0,0,0,0,0,0,0,0,0
360370,0,1,1998,0,0,0,0,0,0,0,0,0,0
360370,1,1,1998,0,0,0,0,0,0,0,0,0,0
360371,1,1,1998,0,0,0,0,0,0,0,0,0,0
360372,1,1,1998,0,0,0,0,0,0,0,0,0,0
360372,2,1,1998,0,0,0,0,0,0,0,0,0,0
360373,0,1,1998,0,0,0,0,0,0,0,0,0,0
360373,1,1,1998,0,0,0,0,6,0,0,0,0,0
360374,1,1,1998,0,0,0,0,0,0,0,0,3,0
360374,2,1,1998,0,0,0,0,0,0,0,0,0,0
360375,1,1,1998,0,0,0,0,0,0,0,0,0,0
360375,2,1,1998,0,0,0,0,0,0,0,0,0,0
360376,0,1,1998,0,0,0,0,0,0,0,0,0,0
360376,1,1,1998,0,0,0,0,0,0,0,0,0,0
360377,1,1,1998,0,0,0,0,0,0,0,0,0,0
360377,2,1,1998,0,0,0,0,0,0,0,0,0,0
360377,3,1,1998,0,0,0,0,0,0,0,0,0,0
360378,0,1,1998,0,0,0,0,0,0,0,0,0,0
360378,1,1,1998,0,0,0,0,0,0,0,0,0,0
360379,1,1,1998,0,0,0,0,0,0,0,0,0,0
360379,2,1,1998,0,0,0,0,0,0,0,0,0,0
360380,1,1,1998,0,0,0,0,0,0,0,0,12,0
360380,2,1,1998,0,0,0,0,0,0,0,0,0,0
360380,3,1,1998,0,0,0,0,0,0,0,0,0,0
360381,0,1,1998,0,0,0,0,0,0,0,0,0,0
360381,1,1,1998,0,0,0,0,0,0,0,0,0,0
360382,1,1,1998,0,0,0,0,17,4,0,0,0,0
360383,1,1,1998,0,0,0,0,0,0,0,0,0,0
360384,1,1,1998,0,0,0,0,0,0,0,0,0,0
360385,1,1,1998,2,2,2,2,2,2,2,2,2,2
360386,1,1,1998,0,0,0,0,0,0,0,0,0,0
360387,1,1,1998,26,21,28,0,24,23,12,27,26,27
360388,1,1,1998,25,25,25,25,25,25,25,25,25,25
360389,1,1,1998,0,0,0,0,0,0,0,0,0,0
360389,2,1,1998,0,0,0,0,0,0,0,0,0,0
360390,0,1,1998,0,0,0,0,0,0,0,0,0,0
360390,1,1,1998,0,0,0,0,0,0,0,0,0,0
360391,0,1,1998,0,0,0,0,0,0,0,0,0,0
360391,1,1,1998,17,8,9,16,6,11,12,23,11,7
360392,1,1,1998,10,13,4,10,0,17,11,28,18,14
360392,2,1,1998,0,0,0,0,0,0,0,0,0,0
360393,0,1,1998,0,0,0,0,0,0,0,0,0,0
360393,1,1,1998,0,0,0,0,0,0,0,0,0,0
360394,0,1,1998,0,0,0,0,0,3,11,21,0,0
360394,1,1,1998,0,0,0,0,0,0,0,0,0,0
360395,0,1,1998,0,0,0,0,0,0,0,0,0,0
360395,1,1,1998,0,0,0,0,0,0,0,0,0,0
360396,1,1,1998,0,0,0,0,0,0,0,0,0,0
360397,1,1,1998,17,17,17,17,17,17,17,17,17,17
360398,1,1,1998,0,0,0,0,0,0,0,0,0,0
360399,1,1,1998,0,0,0,0,0,0,0,0,0,0
360400,1,1,1998,18,18,18,18,18,18,18,18,18,18
360401,1,1,1998,0,0,0,0,0,0,0,0,0,0
360401,2,1,1998,0,0,0,0,0,0,0,0,0,0
360402,1,1,1998,0,0,0,0,0,0,0,0,0,0
360402,2,1,1998,0,0,0,0,0,0,0,0,0,0
360403,1,1,1998,0,0,0,0,0,0,0,0,0,0
360403,2,1,1998,0,0,0,0,0,0,0,0,0,0
360404,1,1,1998,0,0,0,10,0,0,0,0,0,0
360404,2,1,1998,0,0,0,0,0,0,0,0,0,0
360405,1,1,1998,0,0,0,0,0,0,0,0,0,0
360406,1,1,1998,18,18,18,18,18,18,18,18,18,18
360408,1,1,1998,0,0,0,0,0,0,0,0,0,0
360408,2,1,1998,0,0,0,0,0,0,0,0,0,0
360409,1,1,1998,0,0,0,0,0,0,0,0,0,0
360409,2,1,1998,0,0,0,0,0,0,0,0,0,0
360410,0,1,1998,0,0,0,0,0,0,0,0,0,0
360410,1,1,1998,0,0,0,0,0,0,0,0,0,0
360411,0,1,1998,0,0,0,0,0,0,0,0,0,0
360411,1,1,1998,0,0,0,0,0,0,0,0,0,0
360412,0,1,1998,31,31,31,31,31,31,31,31,31,31
360412,1,1,1998,0,0,0,0,0,0,0,0,0,0
360413,1,1,1998,16,0,0,0,0,0,0,0,0,0
360413,2,1,1998,0,0,15,0,0,0,0,0,0,0
360414,0,1,1998,0,0,0,0,0,0,0,0,0,0
360414,1,1,1998,0,0,0,0,0,0,0,0,0,0
360415,0,1,1998,0,0,0,0,0,0,0,0,0,0
360415,1,1,1998,0,0,0,0,0,0,8,28,0,14
360415,2,1,1998,0,10,14,0,0,12,0,0,0,0
360416,0,1,1998,0,0,0,0,0,0,0,0,0,0
360416,1,1,1998,0,0,0,0,0,0,0,0,0,0
360417,1,1,1998,0,0,0,0,0,0,0,0,0,0
360417,2,1,1998,0,0,0,0,0,0,0,0,0,0
360418,1,1,1998,0,0,0,0,0,0,0,0,0,0
360418,2,1,1998,0,0,0,0,0,0,0,0,0,0
360419,1,1,1998,0,0,0,0,0,0,0,0,0,0
360419,2,1,1998,0,0,0,0,0,0,0,0,0,0
360420,1,1,1998,0,0,0,0,0,0,0,0,0,0
360420,2,1,1998,0,0,0,0,0,0,0,0,0,0
360421,0,1,1998,0,0,0,0,0,0,0,0,0,0
360421,1,1,1998,0,0,0,0,0,0,0,0,0,0
360422,0,1,1998,0,0,0,0,0,0,0,0,0,0
360422,1,1,1998,0,0,0,0,0,0,0,0,0,0
360423,0,1,1998,0,0,0,0,0,0,0,0,0,0
360423,1,1,1998,0,0,0,0,39,2,0,0,0,0
360424,1,1,1998,0,0,12,0,0,0,0,0,12,0
360425,0,1,1998,0,0,0,0,0,0,0,0,0,0
360425,0,2,1998,0,0,0,0,0,0,0,0,0,0
360425,1,1,1998,0,0,0,0,0,0,0,0,0,0
360426,0,1,1998,0,0,0,0,0,0,0,0,0,0
360426,1,1,1998,0,0,0,0,0,0,0,0,0,0
360427,1,1,1998,0,0,0,0,0,0,0,0,0,0
360427,2,1,1998,0,0,0,0,0,0,0,0,0,0
360428,1,1,1998,0,0,0,0,0,0,0,0,0,0
360428,2,1,1998,0,0,0,0,0,0,0,0,0,0
360429,1,1,1998,0,0,0,0,0,0,0,0,0,0
360429,2,1,1998,0,0,0,0,0,0,0,0,0,0
360430,1,1,1998,26,24,14,19,6,17,38,26,16,7
360431,1,1,1998,0,0,27,6,0,0,16,17,0,0
360432,1,1,1998,0,0,0,13,0,0,0,0,0,0
360433,0,1,1998,0,0,0,0,0,0,0,0,0,0
360433,1,1,1998,0,0,0,0,5,0,0,0,0,0
360434,0,1,1998,0,0,0,0,0,0,0,0,0,0
360434,1,1,1998,0,0,0,0,0,0,0,0,0,0
360435,1,1,1998,0,0,0,0,0,0,0,0,0,0
360435,2,1,1998,0,0,0,0,0,0,0,0,0,0
360436,0,1,1998,0,0,0,0,0,9,0,0,0,12
360436,1,1,1998,25,17,9,15,14,10,15,31,11,15
360437,1,1,1998,11,11,11,11,11,11,11,11,11,11
360438,1,1,1998,18,18,18,18,18,18,18,18,18,18
360439,0,1,1998,0,0,0,0,0,0,0,0,0,0
360439,1,1,1998,0,0,0,0,0,0,0,0,0,0
360439,2,1,1998,0,0,0,0,0,0,0,0,0,0
360440,1,1,1998,0,0,0,0,0,0,0,0,0,0
360441,0,1,1998,0,0,0,0,0,0,0,0,0,0
360441,1,1,1998,0,0,0,0,0,0,0,0,0,0
360442,0,1,1998,0,0,0,0,15,0,0,0,0,0
360442,1,1,1998,0,0,0,0,0,0,0,0,0,0
360443,0,1,1998,0,0,0,0,0,0,0,0,0,0
360443,1,1,1998,14,0,0,0,0,0,0,0,0,0
360444,1,1,1998,0,0,0,0,0,0,0,0,0,0
360444,2,1,1998,0,0,0,0,0,0,0,0,0,0
360445,1,1,1998,0,0,0,0,0,0,0,0,0,0
360445,2,1,1998,0,0,0,0,0,0,0,0,0,0
360446,0,1,1998,0,0,0,0,0,0,0,0,0,0
360446,1,1,1998,0,0,0,0,0,12,0,0,0,0
360447,0,1,1998,0,0,0,0,0,0,0,0,0,0
360447,1,1,1998,0,0,17,0,0,0,0,0,0,0
360448,1,1,1998,4,0,7,0,0,10,15,0,0,14
360449,1,1,1998,0,0,0,0,0,0,0,0,0,0
360450,1,1,1998,0,0,0,0,0,0,0,0,0,0
360450,2,1,1998,0,6,0,0,0,0,0,0,0,0
360451,1,1,1998,0,0,0,0,0,0,23,0,0,0
360452,1,1,1998,0,0,8,0,12,0,0,0,0,0
360452,2,1,1998,0,0,0,0,0,0,0,0,0,0
360453,1,1,1998,0,0,0,0,0,0,0,0,0,0
360453,2,1,1998,0,0,0,0,0,0,0,6,0,0
360454,1,1,1998,0,0,0,0,0,0,0,0,0,0
360454,2,1,1998,0,0,0,0,0,0,0,0,0,0
360455,1,1,1998,0,0,0,0,0,0,0,0,0,0
360455,2,1,1998,0,0,0,0,0,0,0,0,0,0
360456,1,1,1998,20,20,20,20,20,20,20,20,20,20
360457,1,1,1998,22,22,22,22,22,22,22,22,22,22
360458,1,1,1998,1,1,1,1,1,1,1,1,1,1
360459,1,1,1998,0,0,0,0,0,0,0,0,0,0
360459,2,1,1998,0,0,0,0,0,0,0,0,0,0
360460,1,1,1998,0,0,0,0,0,0,0,0,0,0
360460,2,1,1998,0,0,0,0,0,0,0,0,0,0
360461,0,1,1998,0,0,0,0,0,0,0,0,0,0
360461,1,1,1998,7,13,0,0,0,19,0,0,0,0
360462,0,1,1998,0,8,0,0,0,0,0,0,0,0
360462,1,1,1998,0,0,0,0,0,0,0,0,0,0
360463,1,1,1998,0,0,4,0,0,0,0,0,0,7
360463,2,1,1998,0,0,0,0,0,0,0,0,0,0
360464,1,1,1998,0,0,0,0,0,0,0,0,0,0
360464,2,1,1998,0,0,0,0,0,0,0,0,0,0
360464,3,1,1998,0,0,0,0,15,0,0,0,0,0
360465,1,1,1998,0,0,0,0,0,0,0,0,0,0
360465,2,1,1998,0,0,0,0,0,0,0,0,0,0
360466,0,1,1998,2,2,2,2,2,2,2,2,2,2
360466,1,1,1998,0,0,0,0,0,0,0,0,0,0
360467,1,1,1998,0,33,16,28,0,0,7,0,26,11
360468,1,1,1998,0,0,0,0,0,0,0,0,0,0
360468,2,1,1998,0,0,0,0,0,0,0,0,0,0
360469,1,1,1998,0,0,0,0,0,0,0,0,0,0
360469,2,1,1998,0,0,0,0,0,0,0,0,0,0
360470,1,1,1998,0,0,0,0,0,0,0,0,0,0
360470,2,1,1998,0,0,0,0,0,0,0,0,0,0
360471,1,1,1998,10,19,25,18,13,14,7,15,32,23
360472,1,1,1998,0,0,0,0,0,0,0,0,0,0
360473,1,1,1998,0,0,0,0,0,0,0,0,0,0
360473,2,1,1998,0,0,0,0,0,0,0,0,0,0
360474,1,1,1998,19,24,42,10,9,8,13,11,8,16
360474,2,1,1998,0,0,0,0,0,0,0,0,0,0
360474,3,1,1998,0,0,0,0,0,0,0,0,0,0
360475,1,1,1998,21,17,25,10,17,23,11,24,14,13
360475,2,1,1998,0,0,0,0,0,0,0,0,0,0
360476,1,1,1998,0,0,0,0,0,0,0,0,19,0
360476,2,1,1998,0,0,0,0,0,0,0,0,0,0
360477,1,1,1998,0,0,0,0,0,0,0,0,0,0
360477,2,1,1998,0,0,0,0,0,0,0,0,0,0
360478,1,1,1998,0,0,0,0,0,0,0,0,0,0
360478,2,1,1998,0,0,0,0,0,0,0,0,0,0
360478,3,1,1998,0,0,0,0,0,0,0,0,0,0
360479,1,1,1998,21,21,21,21,21,21,21,21,21,21
360480,1,1,1998,0,0,0,0,0,0,0,0,0,0
360481,0,1,1998,0,0,0,7,0,0,13,33,0,0
360481,0,2,1998,0,16,23,0,11,14,0,0,0,0
360481,0,3,1998,10,0,8,0,0,0,0,12,0,0
360481,0,4,1998,5,31,22,6,0,10,11,0,0,0
360481,0,5,1998,20,0,0,4,7,0,0,14,0,33
360481,0,6,1998,0,0,0,0,12,0,0,0,0,12
360481,0,7,1998,19,19,19,19,19,19,19,19,19,19
360481,1,1,1998,0,0,0,0,0,0,0,0,0,0
360482,1,1,1998,0,0,0,0,0,0,0,0,0,0
360482,2,1,1998,0,0,0,0,0,0,0,0,0,0
360483,1,1,1998,18,0,7,0,0,0,0,10,3,0
360484,1,1,1998,4,0,0,0,0,0,0,0,0,0
360485,1,1,1998,0,0,0,0,0,0,0,0,0,0
360486,1,1,1998,0,0,0,0,0,0,0,0,0,0
360486,2,1,1998,0,0,0,0,0,0,0,0,0,0
360486,3,1,1998,0,0,0,0,0,0,0,0,0,0
360487,0,1,1998,0,0,0,15,0,12,0,0,0,0
360487,1,1,1998,0,2,0,0,0,0,5,0,0,0
360488,1,1,1998,0,9,0,0,0,0,0,0,0,10
360488,2,1,1998,0,0,21,0,0,2,33,0,0,0
360489,1,1,1998,7,7,7,7,7,7,7,7,7,7
360490,1,1,1998,27,16,19,23,22,28,11,33,23,13
360491,0,1,1998,0,0,0,0,0,0,0,0,0,0
360491,1,1,1998,0,0,0,0,0,0,0,0,0,0
360492,1,1,1998,0,16,0,0,0,0,0,0,0,0
360492,2,1,1998,0,0,0,0,0,0,0,0,0,0
360493,1,1,1998,0,0,0,0,0,0,0,0,0,0
360493,2,1,1998,0,0,0,0,0,0,0,0,0,0
360494,1,1,1998,0,0,0,0,0,0,0,0,0,0
360494,2,1,1998,0,0,0,0,0,0,0,0,0,0
360495,0,1,1998,0,0,0,0,0,0,0,0,0,0
360495,1,1,1998,0,0,0,0,0,0,0,0,0,0
360496,0,1,1998,0,0,0,0,0,0,0,0,0,0
360496,1,1,1998,0,0,0,0,0,0,0,0,0,0
360497,0,1,1998,27,0,0,15,0,0,0,0,23,0
360497,1,1,1998,0,0,0,0,0,0,0,0,0,0
360498,1,1,1998,11,29,21,5,6,9,18,12,18,9
360498,2,1,1998,0,0,0,9,0,0,18,0,0,25
360499,1,1,1998,0,0,0,0,0,0,0,0,0,0
360499,2,1,1998,0,0,0,0,0,0,0,0,0,0
360500,0,1,1998,0,0,0,27,0,0,0,0,11,0
360500,1,1,1998,0,0,0,16,0,0,0,0,0,0
360501,1,1,1998,22,22,22,22,22,22,22,22,22,22
360501,2,1,1998,0,0,0,0,11,0,0,0,0,0
360502,1,1,1998,0,0,0,0,0,0,0,0,0,0
360502,2,1,1998,0,0,0,0,0,0,0,0,0,0
360503,1,1,1998,0,0,0,0,0,0,0,0,0,0
360504,0,1,1998,19,0,0,0,0,0,0,0,0,0
360504,1,1,1998,9,9,9,9,9,9,9,9,9,9
360505,1,1,1998,0,0,0,0,0,0,0,0,0,0
360505,2,1,1998,0,0,0,0,0,10,0,0,0,0
360506,1,1,1998,15,15,15,15,15,15,15,15,15,15
360506,2,1,1998,0,0,36,0,0,0,0,0,0,0
360507,1,1,1998,0,0,0,0,0,0,0,0,0,0
360507,2,1,1998,0,0,0,0,0,0,0,0,0,0
360508,0,1,1998,0,0,0,1,0,0,0,0,0,0
360508,1,1,1998,0,0,0,0,0,0,0,0,0,0
360509,1,1,1998,0,0,0,0,0,0,0,0,0,0
360510,1,1,1998,0,0,0,0,0,0,0,0,0,0
360511,0,1,1998,0,0,0,0,0,0,0,0,0,0
360511,1,1,1998,0,0,0,0,0,0,0,0,0,0
360512,0,1,1998,0,0,0,0,0,0,0,0,0,0
360512,1,1,1998,0,0,0,0,0,0,0,0,0,0
360513,0,1,1998,0,0,0,0,0,0,0,0,0,0
360513,1,1,1998,0,0,0,0,7,0,0,0,0,0
360514,0,1,1998,0,0,0,6,0,0,0,0,0,0
360514,1,1,1998,0,0,0,0,0,0,0,0,0,0
360515,1,1,1998,0,0,0,0,0,0,0,0,0,0
360515,2,1,1998,0,0,0,0,0,0,0,0,0,0
360516,1,1,1998,18,27,19,20,30,19,26,14,40,16
360517,1,1,1998,0,0,0,0,0,0,6,0,0,0
360517,2,1,1998,0,0,0,0,0,0,0,0,0,0
360517,3,1,1998,0,0,0,0,0,0,0,0,0,0
360518,1,1,1998,0,0,0,0,0,0,0,0,0,0
360518,2,1,1998,0,0,0,0,0,0,0,0,0,0
360519,0,1,1998,0,0,0,0,0,0,0,0,0,0
360519,1,1,1998,0,0,0,0,0,0,12,0,0,21
360519,2,1,1998,0,20,0,0,0,0,0,0,0,0
360520,1,1,1998,0,0,0,0,0,0,0,0,0,0
360521,0,1,1998,0,0,0,7,0,0,0,14,0,0
360521,1,1,1998,0,0,0,0,0,0,0,0,0,0
360522,1,1,1998,0,0,0,0,0,0,0,0,0,0
360522,2,1,1998,0,0,0,0,0,0,0,0,0,0
360523,0,1,1998,1,1,1,1,1,1,1,1,1,1
360523,1,1,1998,0,0,0,0,0,0,0,0,0,0
360524,0,1,1998,0,0,2,0,14,0,0,0,0,21
360524,1,1,1998,0,0,0,0,0,0,0,0,0,0
360525,0,1,1998,0,0,0,0,0,0,0,0,0,0
360525,1,1,1998,0,0,0,0,0,0,0,0,0,0
360526,0,1,1998,10,10,10,10,10,10,10,10,10,10
360526,1,1,1998,0,0,0,0,0,0,0,0,0,0
360527,1,1,1998,5,5,5,5,5,5,5,5,5,5
360528,1,1,1998,17,17,17,17,17,17,17,17,17,17
360529,1,1,1998,0,0,0,0,0,0,0,0,0,0
360530,1,1,1998,0,0,0,0,0,0,0,0,0,0
360530,2,1,1998,0,0,0,0,0,0,0,0,0,0
360530,3,1,1998,0,0,0,0,0,0,0,0,0,0
360530,4,1,1998,0,0,0,0,0,0,0,0,0,0
360531,1,1,1998,0,0,0,0,0,0,0,0,0,0
360531,2,1,1998,17,17,17,17,17,17,17,17,17,17
360532,1,1,1998,0,0,0,0,0,0,0,0,0,0
360532,2,1,1998,0,0,0,0,0,0,0,0,0,0
360532,3,1,1998,0,0,0,0,0,0,0,0,0,0
360533,1,1,1998,0,0,0,9,0,0,0,0,0,0
360533,2,1,1998,0,0,0,0,0,0,0,0,0,0
360534,1,1,1998,0,0,0,0,0,0,0,0,0,0
360535,1,1,1998,0,0,0,0,0,0,0,0,0,0
360536,1,1,1998,0,10,0,0,0,0,0,11,0,12
360536,2,1,1998,0,12,0,0,0,0,0,5,14,0
360537,1,1,1998,0,0,0,0,0,0,0,0,0,0
360537,2,1,1998,0,0,0,0,0,0,0,0,0,0
360538,1,1,1998,0,0,0,7,0,0,0,0,0,0
360539,1,1,1998,37,10,34,0,25,19,24,25,30,26
360540,1,1,1998,0,0,0,0,11,0,4,0,0,0
360541,1,1,1998,8,8,8,8,8,8,8,8,8,8
360542,0,1,1998,2,0,0,8,0,0,0,0,0,22
360542,0,2,1998,20,0,0,0,16,0,0,0,0,0
360542,0,3,1998,0,5,8,0,8,0,0,20,0,25
360542,1,1,1998,11,17,20,4,14,19,10,12,10,23
360542,2,1,1998,0,0,0,0,0,0,0,0,0,0
360543,1,1,1998,0,18,0,0,0,0,0,0,0,0
360543,2,1,1998,0,0,0,0,0,0,0,0,0,0
360544,1,1,1998,0,0,0,0,0,0,0,0,0,0
360544,2,1,1998,0,0,0,0,0,0,0,0,0,0
360545,1,1,1998,0,0,0,0,0,0,0,0,0,0
360545,2,1,1998,0,0,0,0,0,0,0,0,0,0
360546,1,1,1998,0,0,0,18,0,0,0,0,0,0
360546,2,1,1998,0,0,0,0,0,0,0,0,0,0
360546,3,1,1998,0,0,0,0,0,0,0,0,0,0
360547,1,1,1998,0,0,0,0,0,0,0,0,0,0
360547,2,1,1998,0,0,0,0,0,0,0,0,0,0
360548,1,1,1998,0,0,0,0,0,0,0,0,0,0
360548,2,1,1998,0,0,0,0,0,0,0,0,0,0
360549,1,1,1998,0,0,0,9,0,0,0,0,0,0
360550,1,1,1998,15,15,15,15,15,15,15,15,15,15
360551,1,1,1998,0,0,0,0,0,0,0,0,0,0
360552,1,1,1998,0,0,0,0,0,0,0,0,0,0
360552,2,1,1998,0,0,0,0,0,0,0,0,0,0
360553,0,1,1998,0,0,0,0,0,0,0,0,0,0
360553,1,1,1998,0,0,0,0,0,0,0,0,0,0
360554,1,1,1998,6,6,24,23,0,27,23,0,0,0
360555,1,1,1998,16,16,16,16,16,16,16,16,16,16
360556,1,1,1998,0,0,0,0,0,0,0,0,0,0
360556,2,1,1998,0,0,0,0,0,0,0,0,0,0
360557,1,1,1998,0,0,0,0,0,0,0,0,0,0
360558,0,1,1998,0,0,0,0,0,0,0,0,0,0
360558,1,1,1998,4,4,4,4,4,4,4,4,4,4
360558,2,1,1998,0,0,0,0,0,0,0,0,0,0
360559,0,1,1998,0,0,0,0,0,0,0,0,0,0
360559,1,1,1998,0,0,0,0,0,0,0,0,0,0
360560,0,1,1998,0,0,0,0,0,0,0,0,0,0
360560,1,1,1998,8,0,0,0,0,0,0,0,0,0
360561,0,1,1998,0,0,0,0,0,0,0,0,0,0
360561,1,1,1998,0,0,0,0,0,0,9,0,0,0
360562,1,1,1998,0,0,0,0,0,10,0,0,0,0
360562,2,1,1998,0,0,0,0,0,0,0,0,0,0
360563,1,1,1998,0,0,0,0,0,0,0,0,0,0
360563,2,1,1998,0,0,0,0,0,0,0,0,0,0
360563,3,1,1998,0,0,0,0,0,0,11,0,0,0
360563,4,1,1998,0,0,0,0,0,0,11,0,0,0
360564,0,1,1998,0,0,0,0,0,0,0,0,0,0
360565,0,1,1998,0,0,0,0,0,0,0,0,0,0
360565,1,1,1998,0,0,0,0,0,0,0,0,0,0
360566,1,1,1998,0,0,0,0,0,0,0,0,0,0
360566,2,1,1998,0,0,0,0,0,0,0,0,0,0
360566,3,1,1998,0,0,0,17,0,0,0,0,0,0
360567,1,1,1998,0,0,0,0,0,0,0,0,0,0
360567,2,1,1998,1,1,1,1,1,1,1,1,1,1
360568,0,1,1998,0,0,0,0,0,0,0,0,0,0
360568,1,1,1998,0,0,0,0,0,0,0,0,0,0
360569,1,1,1998,0,0,0,0,0,0,0,0,0,0
360569,2,1,1998,0,0,0,0,0,0,0,0,0,0
360570,1,1,1998,1,1,1,1,1,1,1,1,1,1
360570,2,1,1998,0,0,7,0,0,25,0,0,0,0
360571,1,1,1998,0,0,0,0,0,0,0,0,0,0
360571,2,1,1998,0,0,0,0,0,0,0,0,0,0
360571,3,1,1998,0,0,0,0,0,0,0,0,0,0
360572,1,1,1998,1,1,1,1,1,1,1,1,1,1
360573,1,1,1998,0,0,0,0,0,0,0,0,0,0
360574,1,1,1998,0,0,0,13,0,0,6,0,0,0
360575,1,1,1998,20,20,20,20,20,20,20,20,20,20
360576,1,1,1998,19,19,19,19,19,19,19,19,19,19
360577,0,1,1998,2,0,0,0,0,0,0,0,0,0
360577,1,1,1998,0,0,0,0,0,0,0,0,0,0
360578,1,1,1998,0,0,0,0,0,0,0,0,0,0
360578,2,1,1998,0,0,0,0,0,0,0,0,0,0
360579,0,1,1998,0,0,10,0,0,0,0,11,19,0
360579,1,1,1998,0,0,0,0,0,0,8,0,0,0
360580,1,1,1998,12,18,0,0,0,0,0,27,15,0
360581,1,1,1998,0,0,0,0,0,0,0,0,0,0
360582,1,1,1998,0,0,0,0,0,0,0,0,0,0
360582,2,1,1998,0,3,0,0,0,0,0,0,0,0
360583,0,1,1998,0,0,0,0,0,0,0,0,0,0
360583,0,2,1998,0,0,0,0,0,0,0,0,0,0
360583,1,1,1998,0,0,0,0,0,0,0,0,0,0
360584,1,1,1998,0,0,0,0,0,0,0,0,0,0
360584,2,1,1998,0,0,0,0,0,0,0,0,0,0
360584,3,1,1998,0,0,0,0,0,0,0,0,0,0
360585,0,1,1998,0,0,0,0,0,0,0,6,0,0
360585,1,1,1998,0,0,0,0,0,0,0,0,0,0
360586,1,1,1998,0,0,0,0,0,0,0,0,0,0
360586,2,1,1998,0,0,0,0,0,0,21,0,0,0
360586,3,1,1998,7,0,0,0,0,0,0,0,0,0
360587,0,1,1998,18,18,18,18,18,18,18,18,18,18
360587,1,1,1998,3,14,8,34,7,19,6,17,16,17
360588,1,1,1998,0,0,0,0,0,0,0,0,0,0
360588,2,1,1998,0,0,0,0,0,0,0,0,0,0
360589,0,1,1998,0,3,0,15,0,26,19,0,17,0
360589,1,1,1998,0,0,0,0,0,0,0,0,0,0
360590,1,1,1998,0,0,0,0,0,0,0,0,0,0