ST_CASE,VEH_NO,PER_NO,YEAR,P1,P2,P3,P4,P5,P6,P7,P8,P9,P10
360590,2,1,1998,0,0,0,0,0,0,0,0,0,0
360591,1,1,1998,0,0,0,0,0,0,0,0,0,0
360591,2,1,1998,0,0,0,0,0,0,0,0,0,0
360592,1,1,1998,0,0,0,0,0,0,0,0,0,0
360593,1,1,1998,0,0,0,0,0,0,0,0,0,0
360594,1,1,1998,0,0,0,0,0,0,0,0,9,0
360594,2,1,1998,0,0,4,0,0,0,0,0,0,0
360595,0,1,1998,3,3,3,3,3,3,3,3,3,3
360595,1,1,1998,0,0,16,0,0,0,0,21,0,6
360596,1,1,1998,0,0,0,0,0,0,0,0,0,0
360596,2,1,1998,0,0,0,0,0,0,0,0,0,0
360597,0,1,1998,0,0,0,0,0,0,0,0,0,0
360597,1,1,1998,0,0,0,0,0,0,0,0,0,0
360598,1,1,1998,0,0,0,0,0,0,0,0,0,0
360598,2,1,1998,0,0,0,0,0,0,0,0,0,0
360599,0,1,1998,0,0,0,0,0,0,0,0,0,0
360599,1,1,1998,0,0,0,0,0,0,0,0,0,0
360600,0,1,1998,0,0,0,0,0,0,0,0,0,0
360600,1,1,1998,0,0,0,0,0,0,0,0,0,0
360601,1,1,1998,0,0,0,0,0,0,0,0,0,0
360601,2,1,1998,0,0,0,0,0,0,0,0,0,0
360602,1,1,1998,0,0,0,0,0,0,0,0,0,0
360603,1,1,1998,0,0,0,0,10,0,0,0,0,0
360604,1,1,1998,7,20,10,10,19,6,0,16,10,13
360604,2,1,1998,0,0,0,0,0,0,0,0,0,0
360605,1,1,1998,0,0,0,0,0,0,0,0,0,0
360605,2,1,1998,0,19,0,0,0,0,6,0,0,0
360606,1,1,1998,0,0,0,15,0,0,33,0,0,0
360607,1,1,1998,0,0,0,15,21,0,0,0,16,4
360608,1,1,1998,0,0,0,0,0,0,0,0,0,0
360609,1,1,1998,20,11,17,9,0,21,0,8,19,0
360610,1,1,1998,0,0,0,0,0,0,0,0,0,0
360611,1,1,1998,0,0,15,0,44,24,0,0,0,0
360612,1,1,1998,0,0,0,0,0,0,0,0,0,0
360612,2,1,1998,0,0,0,0,0,0,0,0,0,0
360613,1,1,1998,22,9,0,22,15,0,0,0,0,19
360614,1,1,1998,0,0,0,0,0,0,0,0,0,0
360614,2,1,1998,0,0,0,0,0,0,0,0,0,0
360614,3,1,1998,0,0,0,0,0,0,0,0,0,0
360615,1,1,1998,0,0,0,0,0,0,0,0,0,0
360615,2,1,1998,0,0,0,0,0,0,0,0,0,0
360616,0,1,1998,0,0,0,0,0,0,0,0,0,0
360616,1,1,1998,0,0,0,0,0,0,0,0,0,0
360617,1,1,1998,0,0,0,0,0,0,0,0,0,0
360618,1,1,1998,22,22,22,22,22,22,22,22,22,22
360619,1,1,1998,0,0,0,0,0,0,0,0,0,0
360619,2,1,1998,0,0,0,0,0,0,0,0,0,13
360620,1,1,1998,0,0,0,0,0,0,0,0,0,0
360620,2,1,1998,0,0,0,0,0,0,0,0,0,0
360620,3,1,1998,0,0,0,0,0,0,0,0,0,0
360621,1,1,1998,0,0,0,0,0,0,0,0,0,0
360621,2,1,1998,0,0,0,0,0,0,0,0,0,0
360622,1,1,1998,0,14,0,0,0,0,0,0,0,0
360623,1,1,1998,0,0,0,0,0,0,0,0,0,0
360623,2,1,1998,0,0,0,0,0,0,0,0,0,0
360623,3,1,1998,0,0,0,0,0,0,0,0,0,0
360624,1,1,1998,0,0,0,0,0,16,0,9,0,0
360624,2,1,1998,25,25,25,25,25,25,25,25,25,25
360625,1,1,1998,0,0,0,0,0,0,0,0,0,0
360625,2,1,1998,12,0,10,3,17,10,0,0,19,14
360626,1,1,1998,0,0,0,0,0,0,0,0,0,0
360626,2,1,1998,0,0,0,0,0,0,0,0,0,0
360627,1,1,1998,0,0,0,0,0,0,0,0,0,0
360627,2,1,1998,0,0,0,0,0,0,0,0,0,0
360628,1,1,1998,0,0,0,0,0,0,0,0,18,0
360628,2,1,1998,0,0,0,0,0,0,0,0,0,0
360628,3,1,1998,0,0,0,0,0,0,0,0,0,0
360628,4,1,1998,0,0,0,0,0,0,0,0,0,0
360628,5,1,1998,0,0,0,0,0,0,0,0,0,0
360629,1,1,1998,0,0,0,0,0,0,0,0,0,0
360629,2,1,1998,12,13,17,3,20,18,25,23,7,17
360630,1,1,1998,0,0,0,0,0,0,0,0,5,0
360631,1,1,1998,2,12,4,8,7,15,24,15,0,24
360631,2,1,1998,0,0,0,0,0,0,0,0,0,13
360632,0,1,1998,1,1,1,1,1,1,1,1,1,1
360632,1,1,1998,0,0,0,0,0,0,0,0,0,0
360633,0,1,1998,0,0,0,0,0,0,0,0,0,0
360633,1,1,1998,0,0,0,0,0,0,0,0,0,0
360634,1,1,1998,0,7,0,0,11,0,0,0,0,27
360634,2,1,1998,0,0,0,0,0,0,0,0,0,0
360635,1,1,1998,0,0,0,0,0,0,0,0,0,0
360635,2,1,1998,0,0,0,0,0,0,0,0,0,0
360636,1,1,1998,3,24,10,20,17,18,13,8,4,5
360637,1,1,1998,2,2,2,2,2,2,2,2,2,2
360638,1,1,1998,14,14,14,14,14,14,14,14,14,14
360639,1,1,1998,0,0,0,0,0,0,0,0,0,0
360640,1,1,1998,0,0,0,0,0,0,0,0,0,0
360641,1,1,1998,0,0,0,0,0,0,0,0,0,0
360642,1,1,1998,0,0,0,0,0,0,0,0,0,0
360643,0,1,1998,0,0,0,0,0,0,0,0,0,0
360643,1,1,1998,0,0,0,0,0,0,0,0,0,0
360644,0,1,1998,0,0,0,15,0,0,0,0,0,0
360644,1,1,1998,0,0,0,0,0,0,0,0,0,0
360645,0,1,1998,0,0,0,0,0,0,0,0,0,0
360645,1,1,1998,0,0,0,0,0,0,0,0,0,0
360646,0,1,1998,0,0,0,0,0,0,0,0,0,0
360646,1,1,1998,14,16,21,8,27,2,11,16,17,15
360646,2,1,1998,0,0,0,0,0,0,0,0,0,6
360646,3,1,1998,0,13,0,0,0,0,0,13,0,10
360647,0,1,1998,0,0,0,0,0,0,0,0,0,27
360647,1,1,1998,0,0,0,0,0,0,0,0,0,0
360648,1,1,1998,0,0,0,0,0,0,0,0,0,0
360648,2,1,1998,1,1,1,1,1,1,1,1,1,1
360649,0,1,1998,0,0,0,0,0,0,0,0,0,0
360649,1,1,1998,0,0,0,0,0,0,0,0,0,0
360650,1,1,1998,8,17,2,0,4,19,11,24,4,4
360650,2,1,1998,0,11,0,0,0,0,0,0,0,0
360651,1,1,1998,0,0,0,0,0,0,0,0,0,0
360651,2,1,1998,0,0,0,0,0,0,0,0,0,0
360652,1,1,1998,0,0,0,0,0,0,0,0,0,0
360653,1,1,1998,1,1,1,1,1,1,1,1,1,1
360653,2,1,1998,0,0,0,0,0,0,0,0,0,0
360654,1,1,1998,12,14,14,5,6,13,26,22,22,18
360655,0,1,1998,0,0,0,0,0,0,0,0,0,0
360655,1,1,1998,0,0,0,0,0,0,0,0,0,0
360656,1,1,1998,0,0,0,0,0,0,0,0,0,0
360656,2,1,1998,0,0,0,0,0,0,0,0,0,0
360657,1,1,1998,8,8,8,8,8,8,8,8,8,8
360657,2,1,1998,0,0,0,0,0,0,0,0,0,0
360658,0,1,1998,12,0,0,0,0,0,0,0,0,0
360658,1,1,1998,0,0,0,0,0,0,0,0,0,0
360659,1,1,1998,8,2,8,16,10,13,6,11,7,0
360660,1,1,1998,11,12,8,0,15,0,6,15,6,7
360660,2,1,1998,0,0,0,0,0,0,0,0,0,0
360661,1,1,1998,0,0,19,2,0,0,27,16,0,0
360662,0,1,1998,0,0,0,11,0,0,0,0,0,0
360662,1,1,1998,12,0,0,13,15,26,5,8,7,9
360663,0,1,1998,0,0,0,0,0,18,0,0,0,0
360663,1,1,1998,0,0,0,0,0,0,0,25,0,0
360664,1,1,1998,0,0,0,0,0,0,0,0,0,0
360664,2,1,1998,0,0,0,0,0,0,0,0,0,0
360665,0,1,1998,0,0,0,0,0,0,0,24,0,0
360665,1,1,1998,0,0,0,0,0,0,0,0,0,0
360666,1,1,1998,36,11,12,16,14,24,26,3,12,38
360667,1,1,1998,0,0,18,16,0,15,0,0,0,0
360668,0,1,1998,0,0,0,0,0,0,0,0,0,0
360668,1,1,1998,0,0,0,0,0,0,0,0,0,0
360669,1,1,1998,30,30,30,30,30,30,30,30,30,30
360670,1,1,1998,0,0,0,0,0,0,0,0,0,13
360671,1,1,1998,0,0,0,0,0,0,15,0,0,0
360671,2,1,1998,0,0,0,0,0,0,0,0,0,0
360672,1,1,1998,0,0,14,0,0,0,0,0,0,0
360673,1,1,1998,0,0,0,0,0,0,0,0,0,0
360674,0,1,1998,0,0,0,0,0,0,0,0,0,15
360674,1,1,1998,0,0,11,0,0,0,0,0,0,0
360675,0,1,1998,0,0,0,0,0,0,12,0,0,0
360675,1,1,1998,0,0,0,0,0,0,0,0,0,0
360676,0,1,1998,0,0,0,0,0,0,0,0,0,0
360676,1,1,1998,0,0,0,0,0,0,0,0,0,0
360677,0,1,1998,0,0,0,0,0,0,0,0,0,0
360677,1,1,1998,0,0,0,0,0,0,0,0,0,0
360678,1,1,1998,0,0,0,0,0,0,0,0,0,12
360679,1,1,1998,0,0,0,0,0,0,0,0,0,0
360679,2,1,1998,0,0,0,0,0,0,0,0,0,0
360679,3,1,1998,0,9,0,14,0,16,8,15,14,0
360680,1,1,1998,0,0,0,0,0,0,0,0,0,0
360680,2,1,1998,0,0,0,0,0,0,0,0,0,0
360680,3,1,1998,0,0,0,0,0,0,0,0,0,0
360681,1,1,1998,18,11,16,8,0,8,5,13,21,18
360681,2,1,1998,0,0,0,11,0,0,0,0,0,0
360682,1,1,1998,0,0,0,0,0,0,0,0,0,0
360682,2,1,1998,0,0,0,0,0,0,0,0,0,0
360683,1,1,1998,0,22,0,20,0,0,0,18,0,11
360684,0,1,1998,0,0,0,0,0,0,0,0,0,0
360684,1,1,1998,0,0,0,0,0,0,0,0,0,0
360685,1,1,1998,3,3,3,3,3,3,3,3,3,3
360685,2,1,1998,0,0,0,0,0,0,12,0,0,0
360685,3,1,1998,0,0,0,0,0,0,0,0,0,0
360686,0,1,1998,0,0,0,0,0,0,0,0,0,0
360686,1,1,1998,0,0,0,0,0,0,0,0,0,0
360687,1,1,1998,0,0,0,0,0,0,0,0,0,19
360688,1,1,1998,15,19,0,20,18,7,5,5,10,0
360688,2,1,1998,0,0,0,0,0,0,0,0,0,0
360689,1,1,1998,0,0,0,0,0,0,0,0,0,0
360689,2,1,1998,0,0,0,0,0,0,0,0,0,0
360689,3,1,1998,0,0,0,0,0,0,0,0,0,0
360690,1,1,1998,0,0,0,0,0,0,0,0,0,0
360691,1,1,1998,9,22,17,17,18,17,26,16,6,20
360692,1,1,1998,0,0,0,0,0,0,14,0,0,0
360693,1,1,1998,8,8,8,8,8,8,8,8,8,8
360693,2,1,1998,0,0,0,0,0,0,0,0,0,0
360694,1,1,1998,0,0,0,0,0,0,0,0,0,0
360695,1,1,1998,26,0,0,0,0,0,0,0,0,30
360696,0,1,1998,1,1,1,1,1,1,1,1,1,1
360696,1,1,1998,0,0,0,0,0,0,0,0,0,0
360697,1,1,1998,14,0,0,15,14,0,0,0,12,19
360698,1,1,1998,15,19,7,0,26,15,14,26,19,25
360698,2,1,1998,0,0,0,0,0,0,0,0,0,0
360699,1,1,1998,0,0,0,0,0,0,0,0,0,0
360699,2,1,1998,14,44,19,21,26,13,30,10,20,21
360700,1,1,1998,0,0,0,0,0,0,0,0,0,0
360700,2,1,1998,0,0,0,0,0,0,0,0,0,0
360701,0,1,1998,0,0,0,0,0,0,0,0,0,0
360701,1,1,1998,0,0,0,0,0,0,0,0,0,0
360702,1,1,1998,0,0,0,0,0,0,0,0,0,0
360702,2,1,1998,0,0,0,0,0,0,0,0,0,0
360703,1,1,1998,0,0,0,0,0,0,0,0,0,0
360703,2,1,1998,0,0,0,0,0,0,0,0,0,12
360704,1,1,1998,0,0,0,0,0,0,0,0,0,0
360704,2,1,1998,0,0,0,0,0,0,0,0,0,0
360704,3,1,1998,0,0,0,0,0,0,0,0,0,0
360705,1,1,1998,0,0,0,0,0,19,0,0,12,0
360705,2,1,1998,0,0,0,0,0,0,0,0,0,0
360706,1,1,1998,0,0,0,0,0,0,0,0,0,0
360706,2,1,1998,0,0,0,0,0,0,0,0,0,0
360707,0,1,1998,0,0,0,0,0,0,5,0,0,0
360707,1,1,1998,0,0,0,0,0,0,0,0,0,0
360707,2,1,1998,0,0,0,0,0,0,0,0,0,0
360708,1,1,1998,0,0,0,0,0,0,0,0,0,0
360708,2,1,1998,0,31,21,13,12,26,11,0,20,7
360709,1,1,1998,0,11,0,20,0,14,0,0,12,0
360709,2,1,1998,0,0,0,0,0,0,0,0,0,0
360710,1,1,1998,0,0,0,0,0,0,0,0,0,0
360710,2,1,1998,0,0,0,0,0,0,0,0,0,0
360711,0,1,1998,0,0,0,0,0,0,0,0,0,0
360711,1,1,1998,0,0,0,0,0,0,0,0,0,0
360712,1,1,1998,0,0,0,0,0,0,0,0,0,0
360712,2,1,1998,0,0,24,0,0,12,0,15,0,0
360712,3,1,1998,0,0,0,0,0,0,0,0,0,0
360713,1,1,1998,9,19,3,11,23,21,15,15,20,7
360713,2,1,1998,0,8,0,0,0,0,0,0,0,0
360714,1,1,1998,0,0,0,0,0,0,0,0,0,0
360714,2,1,1998,23,23,23,23,23,23,23,23,23,23
360715,1,1,1998,0,0,0,0,0,0,0,0,0,0
360715,2,1,1998,0,0,0,0,0,0,0,0,0,0
360716,1,1,1998,10,0,0,0,14,35,0,0,8,0
360717,1,1,1998,0,0,0,0,0,0,0,7,0,0
360717,2,1,1998,0,0,0,0,0,0,0,0,0,0
360717,3,1,1998,0,0,0,0,0,0,0,0,0,0
360717,4,1,1998,0,0,0,0,0,0,0,0,0,0
360717,5,1,1998,0,0,24,0,0,0,0,0,20,0
360718,1,1,1998,25,25,25,25,25,25,25,25,25,25
360718,2,1,1998,0,0,0,0,0,0,0,0,0,0
360719,0,1,1998,0,0,0,0,0,0,0,0,0,0
360719,1,1,1998,0,0,0,0,0,0,0,0,0,0
360720,1,1,1998,0,0,0,0,0,0,0,0,0,0
360720,2,1,1998,0,0,0,0,0,0,0,0,0,0
360720,3,1,1998,0,0,0,0,0,0,0,0,0,0
360720,4,1,1998,0,0,0,0,0,0,0,0,0,0
360720,5,1,1998,0,0,0,2,0,0,0,0,0,0
360721,1,1,1998,0,0,0,0,0,0,0,0,0,0
360722,1,1,1998,29,8,5,21,13,19,33,12,13,17
360723,1,1,1998,6,6,6,6,6,6,6,6,6,6
360724,1,1,1998,0,0,0,0,0,0,0,0,0,0
360724,2,1,1998,17,5,0,12,0,0,0,9,18,0
360725,1,1,1998,0,0,0,15,12,0,0,0,10,28
360726,1,1,1998,0,0,0,0,0,0,0,0,0,0
360726,2,1,1998,0,0,0,0,0,0,0,0,0,0
360726,3,1,1998,0,0,0,0,0,0,0,0,0,0
360727,1,1,1998,0,0,0,0,0,0,0,0,0,0
360728,1,1,1998,7,14,21,10,19,34,9,14,12,25
360729,0,1,1998,23,0,0,0,0,0,0,18,0,0
360729,1,1,1998,25,6,10,11,12,2,19,18,4,23
360730,1,1,1998,0,0,0,0,0,0,0,0,0,0
360730,2,1,1998,0,0,0,0,0,0,0,0,0,0
360731,1,1,1998,0,0,0,0,0,0,0,0,0,0
360731,2,1,1998,0,0,0,0,0,0,0,0,0,0
360732,0,1,1998,0,0,0,0,0,0,0,0,0,0
360732,1,1,1998,0,0,0,0,0,0,0,0,0,0
360733,1,1,1998,16,16,16,16,16,16,16,16,16,16
360733,2,1,1998,0,0,24,0,0,0,0,0,0,0
360734,1,1,1998,20,26,0,8,14,17,23,17,9,12
360735,1,1,1998,0,0,0,10,0,0,0,0,0,0
360735,2,1,1998,0,0,0,0,0,0,0,0,0,0
360736,1,1,1998,0,0,0,0,0,0,0,0,0,0
360736,2,1,1998,0,0,0,0,0,0,0,0,0,0
360737,1,1,1998,0,0,0,0,0,0,0,0,0,0
360737,2,1,1998,0,0,0,0,0,0,0,0,0,0
360738,0,1,1998,0,0,0,0,0,0,0,0,0,0
360738,1,1,1998,0,0,0,0,0,0,0,0,0,0
360739,1,1,1998,0,0,0,0,0,0,0,0,0,0
360739,2,1,1998,0,0,0,0,0,0,0,0,0,0
360740,1,1,1998,0,0,0,0,0,0,0,0,0,0
360740,2,1,1998,0,0,0,0,0,0,0,0,0,0
360741,0,1,1998,0,0,0,0,0,0,0,24,0,0
360741,1,1,1998,14,20,15,5,8,2,10,15,15,15
360742,1,1,1998,0,0,0,0,0,0,0,0,0,0
360743,0,1,1998,0,0,0,0,0,0,0,0,0,0
360743,1,1,1998,0,0,0,0,0,0,0,0,0,0
360744,0,1,1998,0,0,0,0,0,0,0,0,0,0
360744,1,1,1998,0,0,0,0,0,0,0,0,0,0
360744,2,1,1998,7,0,0,0,0,0,0,0,0,0
360745,0,1,1998,0,0,0,0,11,0,20,0,0,0
360745,1,1,1998,6,0,0,0,0,0,0,0,0,13
360746,1,1,1998,0,0,11,0,22,0,24,11,0,0
360747,1,1,1998,0,0,0,0,0,0,0,0,0,0
360747,2,1,1998,0,0,0,0,0,0,0,0,0,0
360748,0,1,1998,2,2,2,2,2,2,2,2,2,2
360748,1,1,1998,0,0,0,0,0,0,0,0,0,0
360749,1,1,1998,0,0,0,0,0,0,0,0,0,0
360749,2,1,1998,0,0,0,0,0,0,0,0,0,0
360750,0,1,1998,0,0,0,0,0,0,0,0,0,0
360750,1,1,1998,0,0,0,0,0,0,0,9,0,0
360751,1,1,1998,0,0,0,0,0,0,0,0,0,0
360752,0,1,1998,0,0,0,0,0,0,0,0,0,0
360752,1,1,1998,3,0,0,0,0,0,0,0,0,0
360753,1,1,1998,10,0,32,0,0,0,0,0,0,0
360754,0,1,1998,0,0,0,0,0,0,0,0,0,0
360754,1,1,1998,0,0,0,0,0,0,0,0,0,0
360755,1,1,1998,0,0,0,0,0,0,0,0,0,0
360755,2,1,1998,0,0,0,0,0,0,0,0,0,0
360756,1,1,1998,27,0,0,0,13,0,0,0,6,0
360757,1,1,1998,0,0,0,0,0,0,0,6,0,0
360758,1,1,1998,8,8,8,8,8,8,8,8,8,8
360759,1,1,1998,5,5,5,5,5,5,5,5,5,5
360760,1,1,1998,0,0,0,0,0,0,0,0,0,0
360761,0,1,1998,0,0,11,0,0,0,0,0,0,0
360761,1,1,1998,0,0,0,0,0,0,0,0,0,0
360762,0,1,1998,22,22,22,22,22,22,22,22,22,22
360762,1,1,1998,0,0,0,0,0,0,0,0,0,0
360763,1,1,1998,0,0,0,0,0,0,0,0,0,0
360763,2,1,1998,0,0,0,0,0,0,0,0,0,0
360764,1,1,1998,0,0,0,0,0,0,0,0,0,0
360765,1,1,1998,22,11,22,25,8,19,11,5,17,12
360765,2,1,1998,0,0,0,0,0,0,0,8,0,0
360766,0,1,1998,0,0,0,19,0,0,0,0,0,0
360766,1,1,1998,0,0,0,0,0,0,0,0,0,0
360767,1,1,1998,10,10,10,10,10,10,10,10,10,10
360768,1,1,1998,0,0,0,0,0,0,0,0,0,0
360768,2,1,1998,0,0,0,0,0,0,0,0,0,0
360769,1,1,1998,0,0,0,0,0,0,0,0,0,0
360769,2,1,1998,0,0,0,0,0,0,0,0,0,0
360770,1,1,1998,0,0,0,0,0,0,0,0,0,0
360770,2,1,1998,0,0,0,0,0,0,0,0,0,0
360771,0,1,1998,36,6,9,23,26,27,24,36,20,9
360771,1,1,1998,0,0,0,0,0,0,0,0,0,0
360772,1,1,1998,0,0,0,0,0,0,0,0,0,0
360773,1,1,1998,0,0,0,0,8,0,0,0,0,0
360774,1,1,1998,14,14,14,14,14,14,14,14,14,14
360775,0,1,1998,0,26,0,0,0,14,0,0,0,0
360775,1,1,1998,0,0,0,0,0,0,0,0,0,0
360776,0,1,1998,0,0,10,0,0,0,6,0,9,0
360776,1,1,1998,0,0,0,0,0,0,0,0,0,0
360777,1,1,1998,0,0,0,0,0,0,0,0,0,0
360777,2,1,1998,0,0,0,0,0,0,0,0,0,0
360778,1,1,1998,0,0,0,0,0,0,0,0,0,0
360779,1,1,1998,0,0,0,0,0,0,0,0,0,0
360780,1,1,1998,0,0,0,0,0,0,0,0,0,0
360781,0,1,1998,0,0,0,9,0,0,23,0,0,0
360781,1,1,1998,0,0,0,0,0,0,0,0,0,0
360782,1,1,1998,0,0,0,0,0,0,0,0,0,0
360782,2,1,1998,0,0,0,0,0,0,0,0,0,0
360783,1,1,1998,0,0,0,0,0,0,0,0,0,0
360783,2,1,1998,0,0,0,0,0,0,0,0,0,0
360784,1,1,1998,0,0,0,0,0,0,0,0,0,0
360785,1,1,1998,0,7,0,0,0,0,0,0,0,0
360785,2,1,1998,0,0,0,0,0,0,0,0,0,0
360786,1,1,1998,0,0,0,0,0,0,0,0,0,0
360786,2,1,1998,0,0,0,0,15,0,0,0,0,0
360787,1,1,1998,0,0,0,12,0,0,0,0,0,0
360787,2,1,1998,0,0,0,0,0,0,0,0,0,0
360788,1,1,1998,24,24,24,24,24,24,24,24,24,24
360788,2,1,1998,43,22,16,0,12,21,15,23,0,12
360789,1,1,1998,7,14,4,15,0,0,0,0,0,0
360790,1,1,1998,0,0,0,0,0,0,0,0,0,0
360791,1,1,1998,0,0,0,0,0,0,0,0,0,0
360791,2,1,1998,0,0,0,0,0,0,0,0,0,0
360792,1,1,1998,0,0,0,0,0,0,0,0,0,0
360793,1,1,1998,0,0,0,0,0,0,0,0,0,0
360793,2,1,1998,0,0,0,0,0,0,0,0,0,0
360793,3,1,1998,0,0,0,0,0,0,0,0,0,0
360794,1,1,1998,0,0,0,0,0,0,0,0,0,0
360795,1,1,1998,0,0,0,0,0,0,0,0,0,0
360795,2,1,1998,0,13,0,0,0,0,6,0,0,0
360796,1,1,1998,0,0,0,0,0,0,0,0,0,0
360796,2,1,1998,0,0,0,0,0,0,0,0,0,0
360797,1,1,1998,0,0,0,10,0,0,0,0,0,0
360798,1,1,1998,18,24,2,25,27,30,23,23,10,18
360799,1,1,1998,0,0,0,0,0,6,0,0,0,0
360800,1,1,1998,0,0,0,0,0,0,0,0,0,0
360800,2,1,1998,0,0,0,0,0,0,0,0,0,0
360801,1,1,1998,0,0,0,0,0,0,0,0,0,0
360802,1,1,1998,21,21,21,21,21,21,21,21,21,21
360803,1,1,1998,12,12,12,12,12,12,12,12,12,12
360804,1,1,1998,0,0,0,0,0,0,0,0,0,0
360804,2,1,1998,0,0,0,0,0,0,0,0,0,0
360805,0,1,1998,15,15,15,15,15,15,15,15,15,15
360805,1,1,1998,0,0,0,0,0,0,0,0,0,0
360806,1,1,1998,0,0,0,21,0,30,0,0,0,0
360807,1,1,1998,0,0,0,0,0,0,0,26,10,0
360808,1,1,1998,0,0,0,0,0,0,0,0,0,0
360809,1,1,1998,0,0,0,0,0,0,0,0,0,0
360810,1,1,1998,10,8,0,0,6,6,20,0,18,12
360811,1,1,1998,0,0,0,0,0,0,0,0,0,0
360812,1,1,1998,15,13,18,11,21,18,0,18,0,13
360813,1,1,1998,26,26,26,26,26,26,26,26,26,26
360814,1,1,1998,0,0,2,0,14,0,0,0,0,0
360815,0,1,1998,0,0,0,0,0,0,0,0,0,0
360815,1,1,1998,0,0,0,0,0,0,0,0,0,0
360816,1,1,1998,0,0,0,0,0,0,0,0,0,0
360816,2,1,1998,0,0,0,0,0,0,0,0,0,0
360817,1,1,1998,0,0,0,0,0,0,0,0,0,0
360817,2,1,1998,0,0,0,0,0,0,0,0,0,0
360817,3,1,1998,0,0,0,0,0,0,0,0,0,0
360817,4,1,1998,0,0,0,0,0,0,0,0,0,0
360818,1,1,1998,0,0,0,0,0,0,0,0,0,0
360818,2,1,1998,18,18,18,18,18,18,18,18,18,18
360819,0,1,1998,0,0,0,0,0,0,0,0,0,0
360819,1,1,1998,0,0,0,0,0,0,0,0,0,0
360820,1,1,1998,7,0,0,0,0,0,0,0,0,0
360820,2,1,1998,0,0,0,0,14,0,0,0,0,0
360821,0,1,1998,0,0,0,10,17,0,0,0,0,16
360821,1,1,1998,4,0,0,0,3,0,0,0,11,0
360822,1,1,1998,0,0,0,0,0,0,0,0,0,0
360822,2,1,1998,0,0,0,0,0,0,0,0,0,0
360822,3,1,1998,0,0,0,0,0,0,0,0,0,0
360822,4,1,1998,0,0,0,0,0,0,0,0,0,0
360823,1,1,1998,0,0,0,0,0,0,0,0,0,0
360824,0,1,1998,0,0,0,0,0,0,0,0,0,0
360824,1,1,1998,0,0,0,0,0,0,0,0,0,0
360825,1,1,1998,24,0,0,11,10,15,14,9,5,19
360825,2,1,1998,0,0,0,0,0,0,0,0,0,0
360826,1,1,1998,0,0,0,0,0,0,0,0,0,0
360827,0,1,1998,11,0,7,8,6,0,0,0,0,0
360827,0,2,1998,0,0,0,0,0,0,0,0,0,0
360827,1,1,1998,0,0,0,0,0,0,0,0,0,0
360828,1,1,1998,0,0,0,0,0,0,5,0,0,0
360828,2,1,1998,0,0,0,0,0,0,0,0,0,0
360829,1,1,1998,0,0,0,0,0,0,0,0,0,0
360830,1,1,1998,0,0,0,0,0,0,0,0,0,0
360831,1,1,1998,0,0,0,0,0,0,0,0,0,0
360832,1,1,1998,0,0,0,0,4,0,0,0,12,10
360833,0,1,1998,0,0,0,0,0,0,0,0,0,0
360833,1,1,1998,0,0,0,0,0,0,0,14,8,0
360834,1,1,1998,0,0,0,0,0,0,0,0,0,15
360834,2,1,1998,0,5,0,0,0,0,0,0,12,0
360834,3,1,1998,0,0,0,0,0,0,0,0,0,0
360835,0,1,1998,0,15,0,0,0,0,0,0,0,0
360835,1,1,1998,0,0,9,26,0,13,50,17,0,42
360836,1,1,1998,0,0,0,0,0,0,0,0,0,0
360836,2,1,1998,0,0,0,0,0,0,0,0,0,0
360837,1,1,1998,9,9,9,9,9,9,9,9,9,9
360838,1,1,1998,0,0,18,0,0,0,4,0,10,0
360839,1,1,1998,17,17,17,17,17,17,17,17,17,17
360840,0,1,1998,0,0,0,0,0,0,0,0,0,0
360840,1,1,1998,0,0,0,0,0,0,3,0,0,0
360841,1,1,1998,0,0,0,0,0,0,0,0,0,0
360841,2,1,1998,0,7,0,0,34,0,0,0,0,0
360842,0,1,1998,0,0,0,0,0,0,0,0,0,0
360842,1,1,1998,0,0,0,0,0,0,0,0,0,0
360843,1,1,1998,0,0,0,0,0,0,0,0,0,0
360843,2,1,1998,0,0,0,0,0,0,0,0,0,0
360844,1,1,1998,2,18,22,3,33,10,2,9,19,10
360844,2,1,1998,0,0,0,0,0,0,13,0,0,0
360845,1,1,1998,8,8,8,8,8,8,8,8,8,8
360846,1,1,1998,0,0,0,0,0,0,0,0,0,0
360847,1,1,1998,0,0,0,0,0,16,0,0,0,21
360847,2,1,1998,0,0,0,0,0,0,0,0,0,0
360848,0,1,1998,14,0,0,0,6,0,0,0,0,0
360848,0,2,1998,0,10,6,0,17,0,0,0,0,0
360848,0,3,1998,0,0,0,0,0,0,0,0,0,0
360848,0,4,1998,0,0,0,0,0,0,0,0,0,0
360848,0,5,1998,0,0,0,17,0,0,0,0,0,0
360848,1,1,1998,0,0,0,0,0,0,0,0,10,0
360848,2,1,1998,0,5,21,21,24,9,22,29,24,5
360849,0,1,1998,0,0,0,20,0,0,0,0,0,0
360849,1,1,1998,0,0,0,0,0,0,0,0,0,0
360850,0,1,1998,1,1,1,1,1,1,1,1,1,1
360850,1,1,1998,0,0,0,0,0,0,0,0,0,0
360851,1,1,1998,0,0,0,0,0,0,0,0,0,0
360851,2,1,1998,0,10,0,0,0,0,0,12,0,0
360852,1,1,1998,0,0,0,0,0,0,0,0,0,0
360853,1,1,1998,0,0,5,0,0,0,0,0,0,3
360854,1,1,1998,0,0,0,0,0,0,0,0,0,0
360854,2,1,1998,0,0,0,0,0,0,0,0,0,9
360855,0,1,1998,34,34,34,34,34,34,34,34,34,34
360855,1,1,1998,17,11,7,12,10,18,11,10,7,0
360856,1,1,1998,0,0,0,0,0,0,0,0,0,16
360856,2,1,1998,7,7,7,7,7,7,7,7,7,7
360857,1,1,1998,0,0,0,0,0,0,0,0,0,0
360857,2,1,1998,0,0,0,0,0,0,11,0,0,0
360857,3,1,1998,0,0,0,0,0,0,0,0,0,0
360858,0,1,1998,0,0,0,0,0,0,0,0,0,0
360858,1,1,1998,0,0,0,0,0,0,0,0,0,0