ST_CASE,VEH_NO,PER_NO,YEAR,P1,P2,P3,P4,P5,P6,P7,P8,P9,P10
360859,1,1,1998,4,4,4,4,4,4,4,4,4,4
360860,1,1,1998,0,0,0,0,0,0,0,0,0,0
360861,1,1,1998,0,0,0,0,0,0,0,0,0,0
360862,1,1,1998,0,0,0,0,0,0,0,12,0,0
360862,2,1,1998,0,0,0,0,0,0,0,0,0,0
360863,1,1,1998,0,0,0,0,0,0,0,0,0,0
360863,2,1,1998,0,0,0,0,0,0,0,0,0,0
360864,1,1,1998,0,0,0,0,0,0,0,0,0,0
360864,2,1,1998,0,0,0,0,0,0,0,0,0,0
360865,1,1,1998,0,0,0,0,0,0,0,0,0,0
360865,2,1,1998,0,0,0,0,0,0,0,0,0,0
360866,0,1,1998,23,21,20,18,17,30,20,17,14,7
360866,1,1,1998,0,0,0,0,0,0,0,18,0,0
360867,0,1,1998,0,0,0,0,0,0,0,0,0,0
360867,1,1,1998,0,0,0,0,0,0,0,0,0,0
360868,0,1,1998,0,0,0,0,0,0,0,17,0,0
360868,1,1,1998,0,0,0,0,0,0,0,0,0,0
360869,1,1,1998,0,0,0,0,0,0,0,8,0,0
360869,2,1,1998,0,0,0,0,0,0,0,0,0,0
360870,1,1,1998,0,0,0,0,7,0,0,0,0,0
360870,2,1,1998,0,0,0,0,0,0,0,0,0,0
360871,1,1,1998,0,0,0,0,0,0,0,0,0,0
360871,2,1,1998,0,0,0,0,0,0,0,0,0,0
360872,1,1,1998,0,0,0,0,0,0,0,0,0,0
360872,2,1,1998,0,0,0,0,0,0,0,0,0,0
360873,1,1,1998,13,13,13,13,13,13,13,13,13,13
360874,1,1,1998,0,0,0,0,0,0,0,0,0,0
360875,1,1,1998,0,0,0,0,0,0,0,0,0,0
360875,2,1,1998,0,0,0,0,0,0,0,0,0,0
360876,1,1,1998,0,0,0,0,0,0,0,0,0,0
360876,2,1,1998,0,0,0,0,0,0,0,0,0,0
360878,0,1,1998,9,26,12,0,3,0,11,5,12,0
360878,1,1,1998,14,7,28,21,12,20,15,11,3,9
360879,1,1,1998,14,14,14,14,14,14,14,14,14,14
360880,1,1,1998,20,18,3,45,30,11,28,13,12,11
360881,0,1,1998,0,0,0,0,0,0,0,0,0,0
360881,1,1,1998,0,0,0,0,0,0,0,0,0,0
360882,1,1,1998,0,0,0,0,0,0,0,0,0,0
360882,2,1,1998,0,0,0,0,0,0,0,0,0,0
360883,1,1,1998,0,0,0,0,0,0,10,0,0,0
360883,2,1,1998,0,0,0,0,0,0,0,0,0,0
360884,1,1,1998,0,0,0,0,0,0,0,0,0,0
360884,2,1,1998,0,0,0,0,0,13,0,0,0,0
360885,1,1,1998,0,0,0,0,12,14,0,0,0,0
360886,1,1,1998,0,0,0,0,0,0,0,0,0,0
360887,1,1,1998,0,0,7,0,0,0,0,0,0,0
360888,0,1,1998,0,0,0,0,0,0,0,0,0,0
360888,1,1,1998,0,4,0,0,0,0,0,0,0,0
360889,1,1,1998,0,0,0,0,0,0,0,0,0,0
360889,2,1,1998,0,0,0,0,0,0,0,0,0,0
360889,3,1,1998,0,0,0,0,0,0,0,0,0,0
360889,4,1,1998,0,0,0,0,0,0,0,0,0,0
360889,5,1,1998,0,0,0,0,0,0,0,0,0,0
360890,1,1,1998,0,0,0,0,0,0,0,0,0,0
360890,2,1,1998,0,0,0,0,0,0,0,0,0,0
360891,1,1,1998,0,0,0,0,0,0,0,0,0,0
360891,2,1,1998,0,0,0,0,0,0,0,0,0,0
360892,0,1,1998,24,0,0,0,0,0,23,14,20,0
360892,0,2,1998,23,3,8,0,0,0,0,0,8,0
360892,1,1,1998,9,0,0,0,0,0,15,0,0,0
360893,0,1,1998,0,0,16,0,0,0,0,0,22,0
360893,1,1,1998,0,0,0,0,0,0,0,0,0,0
360894,1,1,1998,11,21,18,20,3,16,6,17,32,2
360895,0,1,1998,0,0,0,0,4,0,0,0,0,0
360895,1,1,1998,0,0,14,0,0,0,0,0,0,0
360896,0,1,1998,0,0,0,0,0,0,0,0,0,0
360896,1,1,1998,9,9,9,9,9,9,9,9,9,9
360897,0,1,1998,17,11,19,0,0,0,0,0,0,0
360897,1,1,1998,0,0,0,0,0,0,0,0,0,0
360898,1,1,1998,0,0,0,0,0,0,0,0,0,0
360899,1,1,1998,2,2,2,2,2,2,2,2,2,2
360900,1,1,1998,2,2,2,2,2,2,2,2,2,2
360901,1,1,1998,0,0,0,0,11,0,0,0,0,0
360902,1,1,1998,0,0,9,0,0,0,0,24,0,0
360902,2,1,1998,8,8,8,8,8,8,8,8,8,8
360903,0,1,1998,0,0,0,0,0,0,0,0,0,0
360903,1,1,1998,0,0,0,0,0,0,0,0,0,16
360904,1,1,1998,0,0,0,15,3,15,0,12,0,0
360904,2,1,1998,0,0,0,0,0,0,0,0,0,0
360905,1,1,1998,0,0,0,0,0,0,0,0,0,0
360906,1,1,1998,0,0,0,0,0,0,0,0,0,0
360906,2,1,1998,0,0,0,0,0,10,0,0,0,0
360907,0,1,1998,0,0,0,0,0,0,0,0,0,0
360907,1,1,1998,0,0,0,0,0,0,0,0,0,0
360908,1,1,1998,0,0,0,0,0,0,0,0,0,0
360908,2,1,1998,0,0,0,0,0,0,0,0,0,18
360909,1,1,1998,0,9,0,0,0,0,0,0,18,0
360909,2,1,1998,0,0,0,0,0,0,0,0,0,0
360910,0,1,1998,26,26,26,26,26,26,26,26,26,26
360910,1,1,1998,0,0,0,0,0,0,0,0,0,0
360912,1,1,1998,0,0,0,0,28,0,30,0,0,0
360913,1,1,1998,0,0,0,0,0,0,0,0,0,0
360914,1,1,1998,0,0,0,0,0,0,0,0,0,0
360915,1,1,1998,0,0,0,0,0,0,0,0,0,0
360916,1,1,1998,0,0,0,0,0,0,0,0,0,0
360916,2,1,1998,0,0,0,0,0,0,0,0,0,0
360917,1,1,1998,0,0,0,0,0,0,0,0,0,0
360918,1,1,1998,0,0,0,0,0,0,0,0,0,0
360919,1,1,1998,22,22,22,22,22,22,22,22,22,22
360920,1,1,1998,0,0,0,0,0,0,0,0,0,0
360920,2,1,1998,0,0,0,0,0,0,0,0,0,0
360921,1,1,1998,0,0,0,0,0,0,0,12,0,0
360921,2,1,1998,12,23,18,19,10,20,13,16,12,28
360922,0,1,1998,0,0,0,0,0,0,0,0,0,0
360922,1,1,1998,0,0,0,0,0,0,0,0,0,0
360923,1,1,1998,0,0,0,0,0,0,0,0,0,0
360923,2,1,1998,18,13,0,17,6,0,3,7,8,17
360924,1,1,1998,0,0,0,0,0,0,0,0,0,0
360924,2,1,1998,0,0,0,0,0,0,0,0,0,0
360925,1,1,1998,1,1,1,1,1,1,1,1,1,1
360926,1,1,1998,0,0,0,0,0,0,0,0,0,0
360927,0,1,1998,0,0,0,0,0,0,0,0,0,0
360927,1,1,1998,0,19,0,0,0,0,0,0,0,0
360928,1,1,1998,16,17,11,13,37,5,14,5,16,16
360929,1,2,1998,0,0,0,0,0,0,0,10,19,0
360930,1,1,1998,0,0,0,0,0,0,0,0,10,0
360931,1,1,1998,18,18,21,4,14,9,47,24,16,12
360932,1,1,1998,0,0,0,0,0,0,0,0,0,0
360932,2,1,1998,8,8,8,8,8,8,8,8,8,8
360933,1,1,1998,0,0,0,0,0,0,0,0,0,0
360934,1,1,1998,0,0,0,0,0,0,0,0,0,0
360935,1,1,1998,0,15,0,40,4,0,0,9,0,0
360936,0,1,1998,0,0,0,0,0,0,0,0,0,0
360936,1,1,1998,0,0,0,0,0,0,0,0,0,0
360937,0,1,1998,32,32,32,32,32,32,32,32,32,32
360937,1,1,1998,0,0,0,0,5,19,14,0,0,0
360938,1,1,1998,0,4,0,0,0,0,0,9,0,0
360939,1,1,1998,5,25,11,8,0,21,34,12,2,4
360939,2,1,1998,0,0,0,0,0,0,0,0,0,0
360940,0,1,1998,8,0,0,0,11,10,0,0,0,0
360940,1,1,1998,0,0,0,0,0,0,0,0,0,0
360941,1,1,1998,6,6,6,6,6,6,6,6,6,6
360942,1,1,1998,0,0,0,0,0,0,0,0,0,0
360942,2,1,1998,0,0,0,0,0,0,0,0,0,0
360943,0,1,1998,0,0,0,0,0,0,0,0,0,0
360943,1,1,1998,0,0,0,0,0,0,0,0,0,0
360944,0,1,1998,0,0,0,0,0,0,0,0,0,0
360944,1,1,1998,0,0,0,0,0,0,0,0,0,0
360945,0,1,1998,0,0,0,0,0,0,0,0,0,0
360945,1,1,1998,0,0,0,0,0,0,0,0,0,0
360946,1,1,1998,10,34,28,39,16,0,30,0,36,44
360946,2,1,1998,0,0,0,0,0,0,0,0,0,0
360947,1,1,1998,32,0,0,0,0,0,0,0,0,0
360947,2,1,1998,0,0,0,0,0,0,0,0,0,0
360948,0,1,1998,0,0,0,0,0,0,0,0,0,0
360948,0,2,1998,0,0,0,0,0,0,0,0,0,2
360948,1,1,1998,0,0,0,0,0,0,0,0,0,0
360948,2,1,1998,0,0,0,0,0,0,0,0,0,0
360949,0,1,1998,0,0,0,0,0,0,0,0,0,0
360949,1,1,1998,0,0,0,0,0,0,0,8,0,0
360950,1,1,1998,0,0,0,0,0,0,0,0,0,0
360950,2,1,1998,0,0,0,0,0,0,0,0,0,0
360950,3,1,1998,0,0,0,0,0,0,0,0,0,0
360950,4,1,1998,0,0,0,0,0,0,0,0,0,0
360951,1,1,1998,0,0,9,0,0,0,9,0,0,0
360952,1,1,1998,0,0,0,0,0,0,0,0,0,0
360952,2,1,1998,0,0,0,0,0,0,0,0,0,0
360953,1,1,1998,11,13,15,19,12,18,20,20,23,22
360954,1,1,1998,0,0,0,0,0,0,0,0,0,0
360954,2,1,1998,0,0,0,0,0,0,0,0,0,0
360955,1,1,1998,0,0,0,0,0,0,0,0,0,0
360955,2,1,1998,0,0,0,0,0,0,0,0,0,0
360956,1,1,1998,12,24,26,22,12,12,14,8,26,23
360956,2,1,1998,0,0,0,0,0,0,0,0,0,0
360957,0,1,1998,0,0,0,0,0,0,0,0,0,0
360957,1,1,1998,0,0,0,0,0,0,0,0,0,0
360958,1,1,1998,10,30,7,16,5,20,26,0,10,17
360959,1,1,1998,0,0,0,0,0,0,0,0,0,0
360959,2,1,1998,0,0,0,0,0,0,0,0,0,0
360960,1,1,1998,12,12,12,12,12,12,12,12,12,12
360960,2,1,1998,0,0,0,0,0,0,0,0,0,0
360961,1,1,1998,0,3,0,0,0,0,0,0,0,0
360962,0,1,1998,0,4,17,0,0,26,0,2,0,29
360962,1,1,1998,0,0,0,0,0,0,0,0,0,0
360963,0,1,1998,0,0,0,0,0,0,0,0,0,0
360963,1,1,1998,0,0,0,0,0,0,0,0,0,0
360964,1,1,1998,10,20,25,7,21,14,12,0,22,13
360964,2,1,1998,0,0,0,0,0,0,0,0,0,0
360965,1,1,1998,0,16,0,0,0,0,0,15,0,0
360966,0,1,1998,0,0,0,0,0,0,0,0,0,0
360966,1,1,1998,0,0,0,0,0,0,0,0,0,0
360967,1,1,1998,0,0,0,0,0,0,0,0,0,0
360967,2,1,1998,6,6,6,6,6,6,6,6,6,6
360968,1,1,1998,0,0,0,0,0,0,0,0,11,0
360968,2,1,1998,0,0,0,0,0,0,0,0,0,0
360969,1,1,1998,9,0,0,0,0,0,0,0,0,0
360970,0,1,1998,0,0,0,0,0,0,0,0,0,0
360970,1,1,1998,0,0,0,0,0,0,0,0,0,0
360971,0,1,1998,0,0,0,0,0,0,0,0,0,0
360971,1,1,1998,0,0,0,0,0,0,0,0,0,0
360972,1,1,1998,0,0,0,0,0,0,0,0,0,0
360972,2,1,1998,0,0,0,0,0,0,12,0,0,0
360973,1,1,1998,0,0,0,0,0,0,0,7,0,0
360973,2,1,1998,0,0,0,0,0,0,0,0,0,0
360974,1,1,1998,11,11,11,11,11,11,11,11,11,11
360975,1,1,1998,0,0,0,0,20,0,0,0,0,0
360976,1,1,1998,10,10,21,11,17,15,41,15,20,27
360977,1,1,1998,0,0,23,10,0,0,14,0,0,0
360978,1,1,1998,0,0,0,0,0,0,0,0,0,0
360978,2,1,1998,0,0,0,0,0,0,0,0,0,0
360979,1,1,1998,0,0,0,0,0,0,0,0,0,0
360980,1,1,1998,0,0,0,0,0,0,0,0,0,0
360980,2,1,1998,0,0,0,0,0,0,0,0,0,0
360981,1,1,1998,0,0,0,9,0,0,0,0,5,0
360982,0,1,1998,0,0,0,0,0,0,12,0,0,0
360982,1,1,1998,0,0,0,0,0,0,0,0,0,0
360983,0,1,1998,0,0,0,0,0,0,0,0,0,0
360983,1,1,1998,0,0,0,0,0,0,0,0,0,0
360984,1,1,1998,0,6,0,0,0,0,0,0,4,0
360985,1,1,1998,0,0,0,0,0,0,0,0,0,0
360986,1,1,1998,0,0,0,0,0,0,0,0,0,0
360987,0,1,1998,0,0,0,0,0,0,0,0,0,0
360987,1,1,1998,0,0,0,0,0,0,0,0,0,0
360988,0,1,1998,0,0,0,0,0,0,0,0,0,0
360988,1,1,1998,0,0,0,0,0,0,0,0,0,0
360989,1,1,1998,0,0,0,0,0,0,0,0,0,0
360989,2,1,1998,0,0,0,0,0,0,0,0,0,0
360990,1,1,1998,0,0,0,0,0,0,0,0,4,0
360990,2,1,1998,0,0,0,0,0,0,0,0,0,0
360990,3,1,1998,0,0,0,0,0,0,0,0,0,0
360990,4,1,1998,0,0,15,0,0,0,0,0,0,0
360990,5,1,1998,11,18,17,5,0,15,24,6,0,5
360991,1,1,1998,17,10,11,3,0,0,12,12,13,16
360992,0,1,1998,23,0,0,26,0,0,0,0,0,0
360992,1,1,1998,0,0,0,0,0,0,0,0,0,0
360993,0,1,1998,0,0,0,0,0,0,0,0,0,0
360993,1,1,1998,0,0,0,0,0,0,0,0,0,0
360994,0,1,1998,0,0,0,0,10,0,0,0,0,0
360994,1,1,1998,0,0,0,0,0,22,0,0,0,0
360995,1,1,1998,0,0,3,0,0,0,0,0,0,0
360996,1,1,1998,13,13,13,13,13,13,13,13,13,13
360996,2,1,1998,0,0,0,0,0,0,0,0,0,0
360997,0,1,1998,0,0,0,0,0,0,0,0,0,0
360997,1,1,1998,0,0,0,0,0,0,0,0,0,0
360998,1,1,1998,0,0,0,0,0,0,0,0,0,0
360998,2,1,1998,16,0,0,0,0,0,0,0,0,0
360999,0,1,1998,2,2,2,2,2,2,2,2,2,2
360999,1,1,1998,6,0,0,15,0,0,0,0,10,0
361000,1,1,1998,0,0,0,0,0,0,0,0,0,0
361001,1,1,1998,0,0,0,0,0,0,0,0,0,0
361002,1,1,1998,12,12,12,12,12,12,12,12,12,12
361003,1,1,1998,0,0,0,14,0,10,35,24,0,17
361004,1,1,1998,13,13,13,13,13,13,13,13,13,13
361005,1,1,1998,0,0,0,0,0,0,0,0,0,0
361006,1,1,1998,0,0,0,0,0,0,0,0,0,0
361006,2,1,1998,0,0,0,0,0,0,0,0,0,0
361007,0,1,1998,0,0,0,0,0,0,0,0,0,0
361007,1,1,1998,0,0,0,0,0,0,0,0,0,0
361008,1,1,1998,12,12,5,20,20,12,19,11,26,0
361008,2,1,1998,0,0,0,0,0,0,0,0,0,0
361009,1,1,1998,1,1,1,1,1,1,1,1,1,1
361009,2,1,1998,0,0,0,0,0,0,0,0,0,0
361010,1,1,1998,0,0,0,0,0,15,0,0,0,0
361010,2,1,1998,0,0,0,0,0,0,0,0,0,0
361011,1,1,1998,0,0,0,0,0,0,0,0,0,0
361011,2,1,1998,0,0,0,0,0,0,0,0,0,0
361011,3,1,1998,0,0,0,0,0,0,0,0,0,0
361011,4,1,1998,0,0,0,0,0,0,0,0,0,0
361012,1,1,1998,16,0,14,0,0,0,0,27,0,0
361012,2,1,1998,0,0,0,0,0,0,0,0,0,0
361012,3,1,1998,0,0,0,0,0,0,0,0,0,0
361013,1,1,1998,0,0,0,0,0,0,0,0,0,0
361014,1,1,1998,0,0,0,0,0,0,0,0,0,0
361014,2,1,1998,18,0,0,0,0,0,0,0,0,0
361015,0,1,1998,0,0,0,0,0,0,0,0,0,0
361015,1,1,1998,24,0,14,12,11,11,0,19,17,19
361016,1,1,1998,0,0,0,0,0,0,0,0,0,0
361017,1,1,1998,0,0,0,0,0,0,0,0,0,0
361018,0,1,1998,0,0,0,0,0,0,0,0,0,0
361018,1,1,1998,0,0,0,0,0,21,0,0,21,0
361019,1,1,1998,18,14,15,31,29,23,30,41,23,13
361020,0,1,1998,0,0,0,0,0,0,0,0,0,0
361020,1,1,1998,0,0,0,0,0,0,0,0,0,0
361021,1,1,1998,0,0,0,0,0,0,0,0,0,0
361021,2,1,1998,11,0,0,0,4,0,0,0,0,16
361022,0,1,1998,0,0,0,33,0,0,0,0,0,16
361022,1,1,1998,0,0,0,0,0,0,0,0,0,0
361023,1,1,1998,0,0,0,0,0,0,0,0,0,0
361023,2,1,1998,0,0,0,0,0,0,0,0,0,0
361024,1,1,1998,0,0,0,0,0,0,0,0,0,0
361024,2,2,1998,0,0,0,0,0,0,0,0,0,0
361025,0,1,1998,0,0,0,0,0,0,0,0,0,0
361025,1,1,1998,0,5,12,0,0,10,24,3,0,0
361026,1,1,1998,0,0,0,0,0,0,0,0,0,0
361026,2,1,1998,0,0,0,0,0,0,0,0,0,0
361027,1,1,1998,0,0,0,12,0,0,0,0,0,0
361027,2,1,1998,0,0,0,0,0,0,0,0,0,0
361028,1,1,1998,0,0,0,0,0,0,0,0,0,0
361028,2,1,1998,0,0,0,0,0,0,0,0,0,0
361029,1,1,1998,0,0,0,0,0,0,0,0,0,0
361029,2,1,1998,0,0,0,0,0,0,0,0,0,0
361030,1,1,1998,0,0,0,0,0,0,0,0,0,0
361030,2,1,1998,0,0,0,0,0,0,0,0,0,0
361031,1,1,1998,22,22,22,22,22,22,22,22,22,22
361032,1,1,1998,0,0,0,0,0,0,0,0,0,0
361033,1,1,1998,0,0,20,0,0,0,0,0,0,0
361034,1,1,1998,0,0,0,0,0,0,0,0,0,0
361035,1,1,1998,0,0,0,0,0,0,0,0,0,0
361035,2,1,1998,0,0,0,0,0,0,0,0,0,0
361036,1,1,1998,0,0,0,0,18,0,0,0,0,0
361037,1,1,1998,0,0,0,0,0,0,0,0,0,0
361038,1,1,1998,0,18,0,0,0,0,0,0,0,0
361039,1,1,1998,9,0,2,0,0,0,0,0,10,10
361040,0,1,1998,0,22,0,0,0,0,0,0,0,0
361040,1,1,1998,0,0,0,0,0,0,0,0,0,0
361041,1,1,1998,0,0,0,0,0,0,0,0,0,0
361041,2,1,1998,0,0,0,0,10,0,13,0,0,0
361042,0,1,1998,0,0,0,0,0,0,0,0,0,0
361042,1,1,1998,0,0,0,0,0,0,0,0,0,0
361043,0,1,1998,0,0,0,0,0,0,0,0,0,0
361043,1,1,1998,0,0,0,0,0,0,0,0,0,0
361044,1,1,1998,0,0,0,0,0,0,0,0,0,0
361045,1,1,1998,0,0,0,0,0,0,0,0,0,0
361045,2,1,1998,0,0,0,0,0,0,0,0,0,0
361046,1,1,1998,0,0,0,0,0,0,0,0,0,0
361046,2,1,1998,0,0,0,0,0,0,0,0,0,0
361047,1,1,1998,0,0,0,0,0,0,0,0,0,0
361048,1,1,1998,22,14,18,25,21,19,21,18,0,0
361048,2,1,1998,0,0,0,0,0,0,0,0,0,0
361048,3,1,1998,0,0,0,0,0,0,0,0,0,0
361049,0,1,1998,0,0,0,3,0,0,0,0,0,0
361049,1,1,1998,0,7,0,0,0,0,17,0,0,0
361050,1,1,1998,0,0,0,0,0,0,0,0,0,0
361050,2,1,1998,0,0,0,0,0,0,0,0,0,0
361051,1,1,1998,0,0,0,10,0,0,0,0,0,17
361052,1,1,1998,0,0,0,0,0,0,0,0,0,0
361052,2,1,1998,0,0,0,0,0,0,0,0,0,0
361053,0,1,1998,0,0,0,0,0,0,0,0,0,0
361053,1,1,1998,0,0,0,0,0,0,0,0,0,0
361054,0,1,1998,0,0,0,0,0,0,0,0,0,0
361054,1,1,1998,0,0,0,0,0,8,0,0,6,0
361055,1,1,1998,0,0,0,0,0,0,0,0,0,0
361056,1,1,1998,0,0,0,0,0,0,0,0,0,0
361057,1,1,1998,0,0,0,0,0,0,0,0,0,0
361057,2,1,1998,0,0,0,0,0,0,0,0,0,0
361058,1,1,1998,0,0,0,0,0,0,0,0,0,0
361058,2,1,1998,0,0,0,0,0,0,0,0,0,0
361059,0,1,1998,0,0,0,0,0,0,0,0,0,0
361059,1,1,1998,0,0,0,0,0,0,0,0,0,0
361060,0,1,1998,13,0,0,0,0,0,0,22,0,0
361060,1,1,1998,0,0,0,0,0,0,0,0,0,0
361061,0,1,1998,2,2,2,2,2,2,2,2,2,2
361061,1,1,1998,0,0,0,0,0,0,0,0,0,0
361062,1,1,1998,0,0,0,0,15,0,0,0,0,0
361063,1,1,1998,0,0,0,0,0,0,0,0,0,0
361063,2,1,1998,0,0,0,0,0,0,0,0,0,0
361064,0,1,1998,0,0,0,0,0,51,6,36,0,27
361064,1,1,1998,0,0,11,0,0,0,0,0,0,0
361064,2,1,1998,0,0,0,10,10,0,0,0,0,0
361065,1,1,1998,0,0,0,0,0,0,0,0,0,0
361066,0,1,1998,0,0,0,0,10,0,8,0,17,0
361066,1,1,1998,0,0,0,0,0,0,0,0,0,0
361067,0,1,1998,0,0,0,0,0,0,0,0,0,0
361067,1,1,1998,0,0,0,0,0,0,0,0,0,0
361068,0,1,1998,0,0,0,0,0,0,0,0,0,0
361068,1,1,1998,0,0,0,0,0,0,0,0,0,0
361069,0,1,1998,0,0,0,0,0,0,0,0,0,0
361069,1,1,1998,0,0,0,0,0,0,0,0,0,0
361070,1,1,1998,0,0,0,0,0,0,0,0,0,0
361070,2,1,1998,0,0,0,0,0,0,0,0,0,0
361071,0,1,1998,0,0,0,0,0,0,0,0,0,0
361071,1,1,1998,0,0,0,0,0,10,0,0,0,0
361072,1,1,1998,0,0,0,0,0,0,0,0,0,0
361072,2,1,1998,0,0,0,0,0,0,0,0,0,0
361073,1,1,1998,39,16,20,20,0,0,3,0,24,16
361073,2,1,1998,0,0,0,0,0,0,0,0,0,0
361073,3,1,1998,0,0,0,0,0,0,0,0,0,0
361074,1,1,1998,0,0,0,0,0,24,0,0,0,0
361075,1,1,1998,31,31,31,31,31,31,31,31,31,31
361076,1,1,1998,0,0,0,0,0,0,0,0,0,0
361076,2,1,1998,0,0,0,0,0,0,0,0,0,0
361077,0,1,1998,23,0,9,33,0,26,19,0,16,14
361077,1,1,1998,0,0,0,0,0,0,0,0,0,0
361078,1,1,1998,0,0,0,0,0,0,0,0,0,0
361078,2,1,1998,0,0,0,0,0,0,0,0,0,0
361079,0,1,1998,2,2,2,2,2,2,2,2,2,2
361079,1,1,1998,0,0,0,0,0,0,0,0,0,0
361080,1,1,1998,0,0,0,0,0,0,0,0,0,0
361080,2,1,1998,0,0,0,0,0,0,0,0,0,0
361080,3,1,1998,0,0,0,0,0,0,0,0,0,0
361081,1,1,1998,6,0,0,0,0,7,0,0,0,0
361081,2,1,1998,0,0,0,0,0,0,0,0,0,0
361082,1,1,1998,0,0,9,0,8,18,0,0,20,36
361083,0,1,1998,0,0,14,0,0,7,0,0,0,0
361083,1,1,1998,0,0,0,0,0,0,0,0,6,0
361084,0,1,1998,0,0,0,0,0,0,0,0,0,0
361084,1,1,1998,0,0,0,0,0,0,0,0,0,0
361085,0,1,1998,0,0,0,0,0,0,0,0,0,0
361085,1,1,1998,0,0,0,0,0,0,0,0,0,0
361086,1,1,1998,14,11,10,20,14,5,0,9,9,11
361087,1,1,1998,0,0,0,0,8,0,0,0,0,0
361087,2,1,1998,0,0,0,0,0,0,0,0,0,0
361088,1,1,1998,0,0,0,0,0,0,0,0,0,0
361088,2,1,1998,0,0,0,0,0,0,0,0,0,0
361089,1,1,1998,0,0,0,0,0,0,0,0,0,0
361089,2,1,1998,0,0,0,0,0,0,0,0,0,0
361090,1,1,1998,0,0,0,0,0,0,0,0,0,14
361090,2,1,1998,0,0,0,0,0,0,0,0,0,0
361090,3,1,1998,0,0,0,0,0,0,0,0,0,0
361090,4,1,1998,0,0,0,0,0,0,0,0,0,0
361091,0,1,1998,0,0,0,0,0,0,0,0,0,0
361091,1,1,1998,0,0,0,0,0,0,0,0,0,0
361092,1,1,1998,0,0,0,0,0,0,0,0,0,0
361092,2,1,1998,0,0,0,0,0,0,0,0,0,0
361093,1,1,1998,0,0,0,0,0,15,0,0,0,0
361094,1,1,1998,16,16,16,16,16,16,16,16,16,16
361095,1,1,1998,0,0,33,0,0,0,0,0,0,0
361096,1,1,1998,25,8,12,22,15,0,11,14,36,20
361097,1,1,1998,0,0,18,0,0,0,5,0,0,0
361098,1,1,1998,24,24,24,24,24,24,24,24,24,24
361099,1,1,1998,0,0,0,0,0,0,0,0,0,0
361100,1,1,1998,0,0,0,0,0,0,0,0,0,0
361100,2,1,1998,0,0,0,0,0,0,0,0,0,0
361101,1,1,1998,0,0,0,22,0,0,0,0,0,0
361102,0,1,1998,28,28,28,28,28,28,28,28,28,28
361102,1,1,1998,0,0,0,0,0,0,0,0,0,0
361103,0,1,1998,0,0,0,0,0,0,0,0,0,0
361103,1,1,1998,0,0,0,0,0,0,0,0,0,0
361104,1,1,1998,0,0,0,0,0,0,0,0,0,0
361104,2,1,1998,0,0,0,0,0,0,0,0,0,0
361105,1,1,1998,0,0,0,0,0,0,0,0,0,0
361106,0,1,1998,0,0,0,0,0,0,0,0,0,0
361106,1,1,1998,0,0,0,0,0,0,0,0,0,0
361107,0,1,1998,0,0,0,0,0,0,0,0,0,0
361107,1,1,1998,0,0,0,0,0,0,0,0,0,0
361107,2,1,1998,0,0,0,0,0,0,0,0,0,0
361108,1,1,1998,0,0,0,0,0,0,0,0,0,0
361109,1,1,1998,0,0,0,0,0,0,0,0,0,0
361110,0,1,1998,0,0,0,0,0,0,0,0,0,0
361110,1,1,1998,0,4,0,0,0,0,0,7,0,0
361111,1,1,1998,0,0,0,21,0,0,0,0,0,0
361112,1,1,1998,0,0,0,0,0,0,0,0,0,0
361113,0,1,1998,0,0,0,0,0,0,0,0,0,0
361113,1,1,1998,0,0,0,3,7,0,20,0,7,7
361114,1,1,1998,0,0,0,0,0,0,0,0,0,0
361114,2,1,1998,0,0,0,0,0,0,0,0,0,3
361115,1,1,1998,0,0,0,9,0,0,0,0,0,0
361115,2,1,1998,0,0,0,0,0,0,0,0,0,0
361116,1,1,1998,0,0,0,0,0,0,0,0,0,0
361116,2,1,1998,0,0,0,0,0,0,0,0,0,0
361117,1,1,1998,0,15,0,10,22,9,16,12,0,0
361117,2,1,1998,0,0,0,0,0,0,0,0,0,0
361118,1,1,1998,0,0,0,0,0,0,0,0,0,0
361118,2,1,1998,8,8,8,8,8,8,8,8,8,8
361119,1,1,1998,0,0,0,0,0,0,0,0,0,0
361119,2,1,1998,0,0,0,0,0,0,0,0,0,0
361120,1,1,1998,0,0,0,0,0,0,0,0,0,0
361120,2,1,1998,0,0,0,0,0,0,0,0,0,0
361121,1,1,1998,0,13,13,14,9,10,7,26,15,9
361122,0,1,1998,0,0,0,0,0,0,0,0,0,0
361122,1,1,1998,0,0,0,0,0,0,0,0,0,0
361123,1,1,1998,14,18,15,6,27,10,12,13,8,19
361123,2,1,1998,17,18,19,41,25,17,24,3,21,0
361124,1,1,1998,0,0,0,0,0,0,0,0,0,0
361125,0,1,1998,8,27,16,7,8,37,20,17,33,31
361125,1,1,1998,13,15,30,14,31,3,35,14,16,15
361126,1,1,1998,0,0,0,0,0,0,0,0,0,0
361126,2,1,1998,0,0,0,0,0,0,0,0,0,0
361127,0,1,1998,0,0,0,0,0,0,0,0,0,0
361127,0,2,1998,31,0,19,0,40,24,18,0,0,0
361127,1,1,1998,0,0,0,0,0,0,0,0,0,0
361128,0,1,1998,0,0,0,0,0,0,0,0,0,0
361128,1,1,1998,0,0,0,6,0,0,0,0,0,0
361129,0,1,1998,0,0,0,0,0,0,0,0,0,0
361129,1,1,1998,0,0,0,0,0,0,0,0,0,0
361130,1,1,1998,0,0,0,0,0,0,0,0,0,0
361131,1,1,1998,0,0,0,0,0,0,0,0,0,0
361132,1,1,1998,20,20,20,20,20,20,20,20,20,20
361133,1,1,1998,0,0,0,0,0,0,0,0,0,0
361133,2,1,1998,15,12,4,12,4,17,10,14,17,17
361134,1,1,1998,17,17,17,17,17,17,17,17,17,17
361134,2,1,1998,0,0,0,0,0,0,0,0,0,0
361135,1,1,1998,0,0,0,0,0,0,0,0,0,0
361135,2,1,1998,0,0,0,0,0,0,0,0,0,0