ST_CASE,VEH_NO,PER_NO,YEAR,P1,P2,P3,P4,P5,P6,P7,P8,P9,P10
361136,1,1,1998,0,0,0,0,0,0,0,0,0,0
361136,2,1,1998,0,0,0,0,0,0,0,0,0,0
361137,1,1,1998,0,0,11,0,0,0,0,0,0,0
361138,0,1,1998,0,0,0,0,0,0,0,0,0,0
361138,1,1,1998,12,0,0,0,0,0,0,0,0,0
361139,1,1,1998,0,0,0,0,0,0,0,0,0,0
361139,2,1,1998,0,0,0,0,0,0,0,0,0,0
361140,1,1,1998,0,0,0,0,0,0,0,0,0,0
361140,2,1,1998,0,0,0,0,8,0,0,0,0,0
361141,1,1,1998,0,0,0,0,0,0,0,0,0,0
361141,2,1,1998,0,0,0,0,0,0,0,0,0,0
361142,1,1,1998,0,0,0,0,0,10,0,0,0,0
361142,2,1,1998,0,0,0,0,0,0,0,0,0,0
361142,3,1,1998,0,0,0,0,0,0,0,0,0,0
361143,1,1,1998,0,0,0,0,0,0,0,0,0,0
361143,2,1,1998,0,0,0,0,0,0,0,0,0,0
361144,0,1,1998,0,0,0,0,0,0,0,0,0,0
361144,1,1,1998,0,0,0,0,0,0,0,0,0,0
361145,1,1,1998,0,0,0,0,0,0,0,0,0,0
361146,1,1,1998,1,1,1,1,1,1,1,1,1,1
361147,0,1,1998,0,0,0,12,0,0,0,0,0,0
361147,1,1,1998,0,0,0,0,0,0,0,0,0,0
361148,1,1,1998,10,13,0,13,0,0,0,22,0,0
361149,1,1,1998,0,0,0,0,0,0,0,0,0,0
361149,2,1,1998,0,0,0,0,0,0,0,0,0,0
361150,0,1,1998,0,0,0,0,0,0,0,0,0,0
361150,1,1,1998,0,0,11,0,0,0,0,0,0,0
361151,1,1,1998,0,0,0,0,0,0,0,0,0,7
361151,2,1,1998,0,0,0,0,0,0,0,0,0,0
361152,1,1,1998,0,0,0,0,0,0,0,0,0,0
361153,0,1,1998,0,0,0,0,7,0,0,0,9,0
361153,1,1,1998,0,0,0,0,0,0,0,0,0,0
361154,1,1,1998,0,0,0,0,0,0,0,0,0,0
361155,0,1,1998,0,0,0,0,0,0,0,0,0,0
361155,1,1,1998,0,0,0,0,0,0,0,0,0,0
361156,1,1,1998,24,0,16,13,26,0,31,0,17,0
361157,0,1,1998,21,0,0,0,0,0,0,17,0,12
361157,1,1,1998,16,13,11,26,6,24,5,20,10,6
361158,1,1,1998,17,17,17,17,17,17,17,17,17,17
361159,0,1,1998,2,2,2,2,2,2,2,2,2,2
361159,1,1,1998,0,0,0,0,8,0,0,0,0,0
361160,1,1,1998,0,0,0,0,0,0,0,0,0,0
361160,2,1,1998,0,0,0,0,0,0,0,0,0,0
361161,1,1,1998,19,10,18,13,20,17,35,13,16,26
361162,1,1,1998,0,0,0,0,0,0,0,0,0,0
361163,1,1,1998,0,0,0,0,0,0,0,0,0,0
361163,2,1,1998,0,0,0,0,0,0,0,0,0,0
361164,0,1,1998,0,0,0,0,0,0,0,0,0,0
361164,1,1,1998,0,0,0,0,0,0,0,0,0,0
361165,1,1,1998,0,0,0,0,0,0,0,0,0,0
361166,0,1,1998,0,0,0,0,0,0,0,0,0,11
361166,1,1,1998,0,0,0,0,0,0,0,0,0,0
361167,1,1,1998,0,0,0,0,0,0,0,0,0,7
361167,2,1,1998,0,0,0,0,0,0,0,0,0,0
361168,1,1,1998,0,0,0,0,0,0,0,0,0,0
361168,2,1,1998,0,0,0,0,0,0,0,0,0,0
361168,3,1,1998,0,0,0,0,0,0,0,0,0,0
361169,0,1,1998,0,0,0,0,0,0,0,0,0,0
361169,1,1,1998,0,0,0,0,0,0,0,0,0,0
361170,1,1,1998,20,20,20,20,20,20,20,20,20,20
361171,1,1,1998,0,0,16,12,0,0,16,0,0,0
361172,1,1,1998,0,0,0,0,0,0,0,0,0,0
361172,2,1,1998,0,0,0,0,0,0,0,0,0,0
361173,1,1,1998,6,12,26,4,17,11,3,16,6,17
361174,1,1,1998,0,0,0,0,0,0,0,0,0,0
361174,2,1,1998,0,0,0,0,0,0,0,0,0,0
361175,1,1,1998,0,0,0,0,0,0,0,0,0,0
361175,2,1,1998,0,0,0,0,0,0,0,0,0,0
361176,1,1,1998,0,0,0,0,0,0,0,0,0,0
361176,2,1,1998,0,0,0,0,0,0,0,0,0,0
361176,3,1,1998,0,0,0,0,0,0,0,0,0,0
361177,0,1,1998,4,0,0,0,0,0,0,17,19,12
361177,1,1,1998,6,0,9,0,12,3,10,23,3,2
361178,1,1,1998,10,18,23,22,5,15,15,9,22,33
361179,0,1,1998,13,0,15,0,0,7,0,0,9,0
361179,1,1,1998,0,0,0,0,0,0,0,0,0,0
361180,1,1,1998,0,0,0,0,0,0,0,0,0,0
361181,1,1,1998,0,0,0,0,0,0,0,0,0,0
361182,1,1,1998,0,0,0,0,0,0,0,0,0,0
361182,2,1,1998,0,0,0,0,0,0,0,0,0,0
361183,1,1,1998,0,0,0,0,0,0,0,0,0,0
361184,0,1,1998,0,0,0,0,0,0,0,0,0,0
361184,1,1,1998,0,0,0,0,0,0,0,0,0,0
361185,0,1,1998,0,0,0,0,0,0,0,0,0,0
361185,1,1,1998,0,0,0,0,0,0,0,0,0,0
361186,0,1,1998,0,0,0,0,0,0,0,0,0,0
361186,1,1,1998,0,0,0,0,0,0,0,0,0,0
361187,1,1,1998,0,0,0,0,20,0,0,0,0,0
361187,2,1,1998,0,0,0,0,0,0,0,0,5,0
361188,1,1,1998,0,0,0,0,0,0,0,0,0,0
361188,2,1,1998,0,0,0,0,0,0,0,0,0,0
361189,1,1,1998,0,0,0,0,0,0,0,0,0,0
361189,2,1,1998,0,0,0,0,0,0,0,0,0,0
361190,1,1,1998,0,23,0,0,0,0,0,0,21,0
361191,1,1,1998,8,8,8,8,8,8,8,8,8,8
361192,1,1,1998,0,0,0,0,0,0,0,0,0,0
361192,2,1,1998,0,0,0,0,0,0,0,0,0,0
361192,3,1,1998,0,0,0,0,0,0,0,0,0,0
361193,0,1,1998,27,6,0,0,0,0,0,0,0,0
361193,0,2,1998,0,0,0,0,0,0,0,0,0,0
361193,1,1,1998,0,0,0,0,0,0,0,0,0,0
361194,1,1,1998,0,0,0,3,15,0,0,0,9,0
361194,2,1,1998,0,0,0,0,0,0,0,0,0,0
361195,1,1,1998,0,0,0,0,0,0,0,0,0,0
361195,2,1,1998,0,0,0,0,0,0,0,0,0,0
361196,1,1,1998,0,0,0,0,0,0,0,0,0,0
361196,2,1,1998,0,0,0,0,0,0,0,0,0,0
361196,3,1,1998,0,0,0,0,0,0,0,0,0,0
361197,0,1,1998,0,0,0,0,0,0,0,0,0,0
361197,1,1,1998,0,0,0,0,0,0,0,0,0,0
361198,1,1,1998,0,0,0,0,10,0,0,0,0,10
361198,2,1,1998,0,0,0,0,0,0,0,0,0,0
361199,1,1,1998,15,0,23,18,19,12,16,11,16,29
361200,1,1,1998,22,20,53,18,15,11,0,22,32,15
361201,1,1,1998,0,0,0,0,0,0,0,0,0,0
361202,1,1,1998,12,0,0,0,0,0,0,0,0,0
361203,0,1,1998,0,0,0,0,0,3,0,0,0,0
361203,1,1,1998,0,0,0,0,0,0,0,0,0,0
361204,1,1,1998,0,0,0,0,0,0,0,0,0,0
361204,2,1,1998,11,11,11,11,11,11,11,11,11,11
361205,0,1,1998,0,0,0,0,0,0,0,0,0,0
361205,1,1,1998,0,0,0,0,0,0,0,0,0,0
361206,0,1,1998,0,0,0,0,10,18,0,0,0,0
361206,1,1,1998,0,0,0,0,0,0,15,0,0,0
361207,1,1,1998,0,0,0,0,0,0,0,0,0,0
361207,2,1,1998,0,0,0,0,0,0,0,0,0,0
361208,0,1,1998,0,0,0,0,0,0,0,0,11,29
361208,1,1,1998,0,0,0,0,0,0,0,0,0,0
361209,1,1,1998,20,0,0,0,0,0,0,0,0,0
361209,2,1,1998,0,0,0,0,0,0,0,0,0,0
361210,1,1,1998,0,20,0,0,9,0,0,0,0,0
361210,2,1,1998,0,0,0,0,0,0,0,0,0,0
361210,3,1,1998,13,4,11,16,28,8,17,8,7,18
361211,0,1,1998,6,0,0,0,0,0,0,0,0,0
361211,1,1,1998,0,0,0,0,0,0,0,0,0,0
361211,2,1,1998,0,0,0,0,0,0,0,0,0,0
361212,0,1,1998,3,3,3,3,3,3,3,3,3,3
361212,1,1,1998,0,0,0,0,0,0,0,0,0,0
361213,1,1,1998,0,0,0,0,0,0,0,0,0,0
361215,1,1,1998,0,0,0,0,0,0,0,0,4,0
361215,2,1,1998,0,0,0,0,0,0,0,0,0,0
361216,1,1,1998,7,7,7,7,7,7,7,7,7,7
361217,0,1,1998,0,0,0,0,0,0,0,0,0,0
361217,1,1,1998,0,0,0,0,0,0,0,0,0,0
361218,1,1,1998,0,0,0,0,0,0,0,0,0,0
361218,2,1,1998,0,0,0,0,0,0,0,0,0,0
361219,0,1,1998,0,0,0,13,0,0,0,0,0,0
361219,1,1,1998,0,0,0,0,8,0,0,0,0,0
361220,1,1,1998,0,0,0,0,0,0,0,0,0,0
361220,2,1,1998,0,0,0,0,0,0,0,0,0,0
361221,1,1,1998,0,0,0,0,0,0,0,0,0,0
361221,2,1,1998,0,0,0,0,0,0,0,0,0,0
361222,0,1,1998,0,0,0,0,0,0,0,0,0,0
361222,1,1,1998,0,0,0,0,0,0,0,0,0,0
361223,1,1,1998,0,0,0,0,0,0,18,0,0,0
361223,2,1,1998,0,0,0,0,0,0,0,0,0,0
361224,0,1,1998,0,0,0,0,0,0,12,12,0,0
361224,1,1,1998,0,0,0,0,0,0,0,0,0,0
361225,1,1,1998,0,0,0,0,0,0,0,0,0,0
361225,2,1,1998,0,0,0,0,0,0,0,0,0,0
361226,1,1,1998,16,16,16,16,16,16,16,16,16,16
361227,1,1,1998,22,16,18,16,26,34,32,16,8,22
361228,1,1,1998,0,0,0,0,0,0,0,0,0,0
361229,1,1,1998,7,0,0,11,9,13,11,0,18,0
361230,0,1,1998,0,0,0,0,0,0,0,0,0,0
361230,1,1,1998,0,0,0,0,0,0,0,0,0,0
361231,0,1,1998,0,0,0,0,0,0,8,0,0,22
361231,1,1,1998,0,0,0,0,0,0,0,0,0,0
361232,1,1,1998,8,0,0,0,0,0,0,0,0,0
361232,2,1,1998,22,25,15,0,0,0,0,0,0,0
361233,0,1,1998,0,0,0,0,0,0,0,0,0,0
361233,1,1,1998,0,0,0,0,0,0,0,0,0,0
361234,0,1,1998,0,0,0,0,0,0,0,0,0,0
361234,1,1,1998,0,0,0,0,0,0,0,0,0,0
361235,1,1,1998,0,0,0,0,0,0,0,0,0,0
361235,2,1,1998,0,0,0,0,0,0,0,0,0,0
361236,1,1,1998,0,0,0,0,0,0,0,0,0,0
361236,2,1,1998,0,0,0,0,0,0,0,0,0,0
361237,1,1,1998,0,0,0,0,0,0,0,0,0,0
361237,2,1,1998,0,0,0,0,0,0,0,0,0,0
361237,3,1,1998,0,0,0,0,0,0,0,0,0,0
361238,1,1,1998,0,0,0,0,0,0,0,0,0,4
361238,2,1,1998,0,0,11,0,0,0,0,0,0,0
361238,3,1,1998,0,0,0,0,0,0,0,0,0,0
361238,4,1,1998,5,0,0,0,0,0,0,0,0,0
361239,1,1,1998,0,0,0,0,0,0,0,0,0,0
361239,2,1,1998,0,0,0,0,0,0,0,0,0,11
361240,0,1,1998,0,0,0,0,0,0,0,0,0,0
361240,1,1,1998,0,0,0,0,0,0,0,0,13,0
361241,0,1,1998,0,0,0,0,0,0,0,12,0,0
361241,1,1,1998,0,0,0,0,0,0,0,0,0,0
361242,0,1,1998,0,0,0,22,0,7,0,0,2,0
361242,1,1,1998,0,0,0,0,0,0,0,0,0,0
361243,0,1,1998,0,0,0,8,0,12,0,21,0,9
361243,1,1,1998,0,0,0,0,0,0,0,0,0,0
361244,1,1,1998,0,0,0,0,0,0,0,0,0,0
361245,1,1,1998,0,24,0,0,0,0,0,0,0,0
361246,0,1,1998,0,0,9,0,0,7,20,8,0,0
361246,1,1,1998,0,0,0,0,0,0,0,0,0,0
361247,1,1,1998,0,0,0,0,0,0,0,0,0,0
361247,2,1,1998,0,0,0,0,0,0,0,0,0,0
361248,1,1,1998,1,1,1,1,1,1,1,1,1,1
361249,1,1,1998,0,0,0,0,0,0,0,0,0,0
361250,1,1,1998,31,31,31,31,31,31,31,31,31,31
361251,0,1,1998,0,0,0,0,6,0,0,6,0,0
361251,1,1,1998,0,0,0,0,0,0,0,0,0,0
361252,0,1,1998,0,0,0,0,0,0,0,0,0,0
361252,1,1,1998,0,0,0,0,0,0,0,0,0,0
361253,1,1,1998,0,0,0,0,0,0,0,0,0,0
361254,1,1,1998,0,0,0,0,0,0,0,0,0,0
361254,2,1,1998,0,0,0,0,0,0,0,0,0,0
361255,0,1,1998,1,1,1,1,1,1,1,1,1,1
361255,1,1,1998,0,0,0,0,0,0,0,4,0,13
361256,0,1,1998,2,2,2,2,2,2,2,2,2,2
361256,1,1,1998,0,0,10,0,0,0,0,0,0,0
361257,1,1,1998,0,0,3,0,0,25,16,0,0,0
361258,0,1,1998,0,0,0,0,0,0,0,0,0,0
361258,1,1,1998,0,0,0,0,0,0,0,0,0,0
361259,0,1,1998,0,16,0,0,0,12,0,0,0,0
361259,1,1,1998,0,0,0,0,0,0,0,0,0,0
361260,0,1,1998,0,0,0,0,0,0,6,0,0,0
361260,1,1,1998,0,0,0,0,0,0,0,0,0,0
361260,2,1,1998,0,0,0,0,0,0,0,0,0,0
361261,0,1,1998,0,0,0,0,0,0,0,4,0,0
361261,1,1,1998,0,0,0,0,0,0,0,0,0,0
361262,0,1,1998,19,19,39,26,17,36,24,23,19,4
361262,1,1,1998,0,0,0,0,0,0,0,0,0,0
361263,1,1,1998,0,0,0,0,0,0,0,0,0,0
361263,2,1,1998,0,0,0,0,0,0,0,0,0,0
361264,0,1,1998,0,0,0,0,0,0,0,0,0,0
361264,1,1,1998,0,0,0,0,0,0,0,0,0,0
361265,1,1,1998,0,0,0,0,0,0,0,0,0,0
361265,2,1,1998,5,5,5,5,5,5,5,5,5,5
361266,1,1,1998,24,27,24,16,19,29,11,24,31,22
361267,1,1,1998,0,12,9,0,0,0,0,0,0,0
361268,1,1,1998,4,4,4,4,4,4,4,4,4,4
361269,1,1,1998,21,17,17,7,12,20,28,24,5,15
361269,2,1,1998,0,0,0,0,0,0,0,0,0,0
361270,0,1,1998,0,0,0,0,0,0,8,26,0,0
361270,1,1,1998,0,13,0,0,0,0,0,0,0,0
361271,0,1,1998,0,0,0,0,0,0,0,0,0,0
361271,1,1,1998,0,0,27,0,3,9,7,9,0,0
361272,1,1,1998,0,19,0,0,8,0,0,0,0,0
361273,1,1,1998,6,6,6,6,6,6,6,6,6,6
361274,1,1,1998,0,0,0,0,0,0,0,0,0,0
361275,1,1,1998,13,17,12,16,19,26,15,16,30,19
361276,1,1,1998,3,3,3,3,3,3,3,3,3,3
361277,1,1,1998,17,36,14,24,28,15,29,13,15,17
361278,0,1,1998,0,0,0,0,0,0,0,0,0,0
361278,1,1,1998,0,0,0,0,0,0,0,0,0,0
361279,0,1,1998,0,0,0,0,0,0,0,0,0,0
361279,1,1,1998,0,0,0,0,0,0,0,0,0,0
361280,0,1,1998,0,0,0,0,0,0,0,0,0,0
361280,1,1,1998,0,0,0,0,0,0,0,0,0,0
361281,1,1,1998,0,0,0,0,0,0,0,0,0,0
361281,2,1,1998,0,0,0,0,0,0,0,0,0,0
361282,0,1,1998,0,0,0,0,0,0,0,0,0,0
361282,1,1,1998,0,0,0,0,17,0,0,0,0,0
361283,1,1,1998,0,0,0,0,0,0,0,0,0,0
361283,2,1,1998,0,0,0,0,0,0,0,0,0,0
361284,1,1,1998,0,0,0,0,0,0,0,0,0,0
361284,2,1,1998,0,0,0,0,0,0,0,0,0,0
361285,0,1,1998,0,0,0,0,0,0,0,0,0,0
361285,0,2,1998,0,0,18,0,0,0,5,0,0,9
361285,1,1,1998,0,0,0,0,0,0,0,0,15,0
361285,2,1,1998,0,0,0,0,0,0,0,0,0,0
361286,1,1,1998,0,0,0,0,0,0,0,0,0,0
361286,2,1,1998,0,0,0,0,0,0,0,0,0,0
361287,1,1,1998,0,0,0,0,0,0,0,0,0,0
361287,2,1,1998,0,0,14,0,0,0,0,0,0,0
361288,0,1,1998,0,0,0,0,0,0,0,0,0,0
361288,1,1,1998,16,0,0,0,0,0,0,0,0,0
361289,1,1,1998,0,0,0,0,0,7,0,0,0,0
361289,2,1,1998,0,0,0,4,0,19,0,0,0,0
361290,1,1,1998,0,0,0,0,0,0,0,0,0,0
361291,1,1,1998,36,28,6,0,41,16,19,48,24,12
361292,1,1,1998,0,0,0,0,0,23,0,0,0,0
361293,1,1,1998,0,0,0,0,0,0,0,0,0,0
361293,2,1,1998,0,0,0,0,0,0,0,0,0,0
361294,1,1,1998,16,17,13,13,9,13,9,17,12,8
361294,2,1,1998,0,0,0,0,0,0,0,0,0,0
361295,0,1,1998,0,0,0,0,0,0,0,0,0,12
361295,1,1,1998,0,0,0,0,0,0,0,0,0,0
361296,0,1,1998,1,1,1,1,1,1,1,1,1,1
361296,1,1,1998,0,0,0,0,0,0,0,0,0,0
361297,0,1,1998,0,6,0,0,0,0,0,0,0,9
361297,1,1,1998,30,0,19,21,12,17,3,11,19,19
361298,0,1,1998,0,0,0,0,0,0,0,0,0,0
361298,1,1,1998,0,0,0,0,0,0,0,0,0,0
361299,0,1,1998,0,0,0,0,0,0,0,0,0,0
361299,1,1,1998,0,0,0,0,0,0,0,0,0,0
361300,1,1,1998,0,0,0,0,0,0,0,0,0,0
361300,2,1,1998,0,0,0,0,0,0,0,0,0,0
361301,0,1,1998,0,0,0,0,0,12,0,0,0,0
361301,1,1,1998,0,0,0,0,0,0,0,0,0,0
361302,0,1,1998,0,0,0,0,0,0,0,0,0,0
361302,1,1,1998,0,0,0,0,0,0,0,0,0,0
361303,1,1,1998,28,0,36,18,36,20,29,9,9,17
361304,1,1,1998,0,0,0,0,0,0,0,0,0,0
361305,0,1,1998,0,0,0,0,0,0,0,0,0,0
361305,1,1,1998,0,0,0,7,0,0,0,0,0,0
361306,1,1,1998,0,0,13,10,0,0,10,9,0,0
361307,0,1,1998,0,2,0,0,0,0,0,0,0,0
361307,0,2,1998,0,0,0,0,0,0,0,0,0,0
361307,1,1,1998,0,0,0,8,0,0,0,0,0,0
361308,0,1,1998,7,27,0,8,0,0,0,0,0,9
361308,1,1,1998,0,0,0,0,0,0,0,0,0,0
361309,0,1,1998,0,0,0,0,0,0,0,0,0,0
361309,1,1,1998,0,0,0,16,0,0,0,0,0,0
361310,1,1,1998,5,10,2,11,18,8,5,6,6,6
361310,2,1,1998,0,0,0,0,0,0,0,11,0,0
361311,1,1,1998,0,0,0,0,0,0,0,0,0,0
361311,2,1,1998,20,21,23,12,9,23,14,13,3,27
361312,1,1,1998,0,0,0,0,0,0,0,0,0,0
361313,1,1,1998,0,0,0,7,0,0,0,0,0,0
361314,1,1,1998,0,0,0,0,0,0,0,0,0,0
361314,2,1,1998,0,0,0,0,0,0,0,0,0,0
361315,0,1,1998,0,0,0,0,6,0,13,0,15,0
361315,1,1,1998,0,0,0,0,0,0,0,0,0,0
361316,1,1,1998,0,0,0,0,0,0,0,0,0,0
361317,0,1,1998,0,25,0,12,0,9,0,0,0,0
361317,0,2,1998,0,0,0,0,0,0,0,0,0,0
361317,1,1,1998,0,0,0,0,0,0,0,0,0,0
361318,0,1,1998,0,0,0,0,0,0,0,0,0,0
361318,1,1,1998,0,0,0,0,0,0,11,0,0,0
361319,1,1,1998,0,0,0,0,0,0,0,0,0,0
361319,2,1,1998,0,0,0,0,0,0,0,0,0,0
361320,1,1,1998,0,0,0,0,0,0,0,0,0,0
361321,1,1,1998,0,0,0,0,0,0,0,0,0,17
361321,2,1,1998,0,0,0,0,0,9,0,0,0,0
361322,0,1,1998,0,0,0,0,0,0,0,0,0,0
361322,1,1,1998,0,0,0,0,0,0,0,0,0,0
361323,0,1,1998,0,0,0,0,0,0,0,0,0,0
361323,1,1,1998,0,0,0,0,0,0,0,0,0,0
361324,1,1,1998,0,0,0,0,0,0,0,0,0,0
361324,2,1,1998,0,0,0,0,0,0,0,0,0,0
361325,0,1,1998,0,0,0,0,0,0,0,0,0,0
361325,1,1,1998,0,0,0,0,0,0,0,0,0,0
361326,0,1,1998,11,0,0,19,0,0,2,0,0,0
361326,1,1,1998,0,0,0,0,0,0,0,5,7,0
361326,2,1,1998,0,0,0,0,0,0,0,0,0,0
361327,0,1,1998,0,0,0,0,0,0,0,0,0,0
361327,1,1,1998,0,0,0,0,0,0,0,0,0,0
361328,0,1,1998,3,3,3,3,3,3,3,3,3,3
361328,1,1,1998,11,12,0,0,0,0,0,0,0,0
361329,1,1,1998,0,0,0,0,0,0,0,0,0,0
361330,1,1,1998,0,7,14,0,3,0,0,0,0,0
361331,1,2,1998,0,0,0,0,0,0,0,0,0,20
361332,1,1,1998,17,18,22,0,0,0,12,19,0,0
361333,1,1,1998,0,0,0,0,0,0,0,0,0,0
361333,2,1,1998,0,0,0,0,0,0,0,0,0,0
361334,0,1,1998,0,0,0,0,0,0,0,0,0,0
361334,1,1,1998,0,0,0,0,0,0,0,0,0,0
361335,1,1,1998,0,0,0,0,0,8,0,0,0,0
361335,2,1,1998,0,0,0,0,0,0,0,0,0,0
361336,1,1,1998,0,0,0,0,0,0,0,0,0,0
361336,2,1,1998,0,0,0,0,0,0,0,0,0,0
361337,1,1,1998,8,13,0,0,0,0,0,0,15,17
361338,0,1,1998,0,4,0,0,0,0,0,0,0,0
361338,1,1,1998,0,0,0,0,0,0,0,0,0,0
361339,1,1,1998,0,0,0,0,0,0,0,0,0,0
361339,2,1,1998,0,0,0,0,0,0,0,0,0,0
361340,0,1,1998,0,0,0,0,0,0,0,0,0,0
361340,1,1,1998,25,26,15,0,16,0,21,25,17,13
361341,0,1,1998,0,0,0,0,0,0,0,0,0,0
361341,1,1,1998,0,0,0,0,0,0,0,0,0,0
361342,1,1,1998,18,0,0,0,0,0,0,0,0,0
361343,1,1,1998,0,0,0,0,12,0,0,0,0,0
361343,2,1,1998,0,0,0,0,0,0,0,0,0,0
361344,1,1,1998,0,0,23,0,0,0,0,0,0,0
361344,2,1,1998,0,0,0,0,0,0,0,0,0,0
361345,1,1,1998,6,0,0,0,0,0,0,0,0,0
361345,2,1,1998,0,0,0,0,0,0,0,0,0,0
361345,3,1,1998,0,0,0,0,0,0,0,0,0,0
361346,0,1,1998,0,0,0,0,0,0,0,0,0,0
361346,1,1,1998,0,0,0,0,0,0,0,0,0,0
361347,1,1,1998,0,0,0,0,0,0,0,0,0,0
361347,2,1,1998,0,0,0,0,0,0,0,0,0,0
361348,0,1,1998,12,0,0,0,0,3,0,0,0,0
361348,1,1,1998,9,9,9,9,9,9,9,9,9,9
361349,1,1,1998,15,16,6,0,20,13,13,9,10,6
361349,2,1,1998,0,0,0,0,0,0,0,0,17,0
361350,0,1,1998,0,0,0,0,0,0,0,0,0,0
361350,1,1,1998,0,0,0,0,0,0,0,0,0,0
361351,1,1,1998,0,16,0,0,0,0,0,0,0,0
361351,2,1,1998,0,0,0,0,0,0,0,0,0,0
361352,0,1,1998,5,5,5,5,5,5,5,5,5,5
361352,1,1,1998,0,0,0,0,0,0,0,13,0,0
361353,0,1,1998,0,0,0,0,0,0,0,0,0,0
361353,1,1,1998,0,0,0,0,0,0,0,0,0,0
361354,0,1,1998,0,0,0,0,0,0,0,0,0,0
361354,1,1,1998,0,0,0,0,0,0,0,0,0,0
361355,0,1,1998,0,0,0,0,0,0,0,0,0,0
361355,1,1,1998,0,0,0,0,0,0,0,0,0,0
361356,1,1,1998,0,0,0,0,0,0,0,0,0,0
361356,2,1,1998,0,0,0,0,0,0,0,0,0,0
361357,1,1,1998,0,0,0,0,0,0,0,0,0,0
361357,2,1,1998,0,0,0,0,0,0,0,0,0,0
361358,1,1,1998,5,5,5,5,5,5,5,5,5,5
361359,1,1,1998,0,0,0,0,0,0,0,0,0,0
361360,0,1,1998,0,0,0,0,0,0,0,0,0,0
361360,1,1,1998,0,0,0,0,12,0,0,0,0,0
361361,1,1,1998,0,0,0,0,0,0,0,0,0,0
361361,2,1,1998,0,0,0,0,0,0,0,0,0,0
361362,1,1,1998,14,14,14,14,14,14,14,14,14,14
361363,1,1,1998,0,0,0,0,0,0,0,0,0,0
361363,2,1,1998,0,0,0,0,0,0,0,0,0,0
361364,1,1,1998,0,0,0,0,0,0,0,0,0,0
361364,2,1,1998,0,0,0,0,0,0,0,0,0,0
361365,0,1,1998,0,0,0,0,0,0,0,0,0,0
361365,1,1,1998,0,0,0,0,0,0,0,0,0,0
361366,0,1,1998,0,0,0,0,0,0,0,0,0,0
361366,1,1,1998,0,0,0,0,0,0,0,0,0,0
361367,1,1,1998,0,0,0,0,0,0,0,0,0,0
361367,2,1,1998,0,0,0,0,0,0,0,0,0,0
361368,0,1,1998,15,0,0,0,0,0,0,0,0,0
361368,1,1,1998,0,0,0,0,0,0,0,0,0,0
361369,1,1,1998,0,0,0,0,0,0,0,0,0,0
361369,2,1,1998,0,0,17,0,0,0,0,0,0,0
361369,3,1,1998,0,0,0,0,0,0,0,0,0,0
361369,4,1,1998,0,0,0,0,0,0,0,0,0,0
361369,5,1,1998,0,0,0,0,0,0,0,0,0,0
361369,6,1,1998,0,0,15,0,0,0,0,0,0,0
361369,7,1,1998,0,0,0,0,0,0,0,0,0,0
361369,8,1,1998,0,0,0,0,0,0,0,0,0,0
361370,1,1,1998,0,0,15,15,10,0,0,0,0,0
361371,0,1,1998,0,0,0,0,0,0,0,0,0,0
361371,1,1,1998,0,0,0,0,0,0,0,0,0,0
361372,1,1,1998,0,0,0,0,0,0,7,0,0,0
361373,1,1,1998,25,27,17,12,15,16,25,17,30,29
361374,1,1,1998,10,19,8,0,22,0,0,0,26,14
361375,1,1,1998,19,0,0,0,0,23,0,0,0,0
361376,1,1,1998,0,15,0,0,0,0,0,18,0,0
361377,1,1,1998,0,24,0,21,0,12,13,23,0,12
361378,1,1,1998,10,10,10,10,10,10,10,10,10,10
361378,2,1,1998,0,0,0,0,0,0,0,0,6,0
361379,1,1,1998,0,0,0,12,0,0,0,0,0,0
361380,1,1,1998,0,0,0,0,0,0,0,0,0,0
361381,1,1,1998,8,15,0,14,25,18,8,9,0,22
361382,1,1,1998,0,0,0,0,0,0,0,0,0,0
361382,2,1,1998,0,0,0,0,0,0,0,0,0,0
361383,0,1,1998,0,0,0,0,0,0,0,0,0,0
361383,1,1,1998,0,0,0,0,0,0,0,0,0,0
361384,0,1,1998,27,18,0,0,0,0,0,0,0,16
361384,1,1,1998,0,0,0,0,0,0,0,0,0,0
361385,1,1,1998,0,0,0,0,0,0,13,0,0,19
361385,2,1,1998,0,0,0,0,0,0,0,0,0,0
361386,0,1,1998,0,0,0,0,0,0,0,0,0,0
361386,1,1,1998,0,0,0,0,0,0,0,0,0,0
361387,1,1,1998,16,16,0,16,15,0,0,0,0,0
361388,0,1,1998,0,0,0,0,0,0,0,0,0,0
361388,1,1,1998,0,0,0,0,0,0,0,0,0,0
361388,2,1,1998,0,0,0,0,0,0,0,0,0,0
361389,0,1,1998,0,30,0,0,0,0,21,0,0,0
361389,1,1,1998,8,13,18,17,17,8,14,24,18,7
361390,0,1,1998,0,6,0,0,0,0,0,0,0,0
361390,1,1,1998,0,11,0,0,0,0,0,0,0,10
361390,2,1,1998,0,0,0,15,0,0,0,0,0,4
361391,0,1,1998,0,0,0,0,0,0,0,0,0,0
361391,1,1,1998,0,0,0,0,0,0,0,0,0,0
361392,1,1,1998,0,0,0,0,0,0,0,0,0,0
361393,1,1,1998,0,0,0,0,0,0,0,0,0,0
361394,0,1,1998,0,0,0,0,0,0,0,0,0,0
361394,1,1,1998,0,0,0,0,0,0,0,0,0,0
361395,1,1,1998,0,0,0,0,0,0,0,0,0,0
361396,1,1,1998,0,0,0,0,0,0,2,20,0,0
361397,1,1,1998,19,5,0,0,0,0,0,0,0,0
361398,0,1,1998,0,0,0,0,0,0,0,0,0,0
361398,1,1,1998,0,0,0,0,0,0,0,0,0,0
361399,0,1,1998,4,4,4,4,4,4,4,4,4,4
361399,1,1,1998,0,0,0,0,0,0,0,0,0,0
361400,1,1,1998,0,0,0,14,5,0,0,0,0,0
361401,1,1,1998,0,0,0,0,0,0,0,0,0,0
361401,2,1,1998,0,0,0,0,0,0,0,0,0,0
361401,3,1,1998,0,0,0,0,0,0,0,0,0,0
361402,1,1,1998,0,0,0,0,0,0,0,0,0,0
361403,1,1,1998,0,0,0,0,0,0,0,0,0,0
361403,2,1,1998,0,0,0,0,0,0,0,0,0,0