ST_CASE,VEH_NO,PER_NO,YEAR,P1,P2,P3,P4,P5,P6,P7,P8,P9,P10
361403,3,1,1998,0,0,0,0,0,0,0,0,0,0
361404,1,1,1998,0,0,0,0,0,0,0,0,0,0
361404,2,1,1998,0,0,0,0,0,0,0,0,0,0
361404,3,1,1998,0,0,0,0,0,0,0,0,0,0
361405,1,1,1998,1,1,1,1,1,1,1,1,1,1
361405,2,1,1998,0,0,0,0,0,0,0,0,0,0
361405,3,1,1998,0,0,0,0,0,0,0,0,0,0
361406,1,1,1998,0,0,0,0,0,0,0,0,0,0
361406,2,1,1998,0,0,0,0,0,0,0,0,0,42
361407,0,1,1998,11,0,0,0,0,0,0,6,0,0
361407,1,1,1998,0,11,0,0,5,0,0,0,0,0
361408,0,1,1998,0,0,0,0,0,0,0,0,0,0
361408,1,1,1998,0,0,0,0,0,0,0,0,0,0
361409,0,1,1998,0,0,0,0,0,0,0,0,0,0
361409,1,1,1998,6,0,0,0,0,0,0,0,0,0
361410,0,1,1998,0,0,0,0,0,0,0,0,0,0
361410,1,1,1998,0,0,0,0,0,0,0,0,0,0
370001,0,1,1998,30,30,30,30,30,30,30,30,30,30
370001,1,1,1998,0,0,0,0,3,0,0,0,0,0
370002,1,1,1998,0,0,0,0,0,0,0,0,0,0
370002,2,1,1998,0,0,0,0,0,0,0,0,0,0
370002,3,1,1998,0,0,0,0,0,0,0,0,0,0
370003,1,1,1998,6,15,17,3,25,18,21,17,10,0
370004,1,1,1998,0,0,0,0,0,0,0,0,0,0
370005,1,1,1998,0,0,0,0,0,0,0,0,0,0
370005,2,1,1998,0,0,0,0,0,0,0,0,0,0
370006,1,1,1998,0,0,0,0,0,0,0,0,0,0
370007,1,1,1998,24,24,24,24,24,24,24,24,24,24
370008,1,1,1998,0,0,0,0,0,0,0,0,0,0
370008,2,1,1998,0,0,0,0,0,0,0,0,0,0
370009,1,1,1998,0,0,0,0,0,0,0,0,0,0
370010,1,1,1998,0,0,0,0,0,11,0,0,0,0
370011,1,1,1998,0,0,0,0,0,0,0,0,0,0
370011,2,1,1998,0,0,0,0,0,0,0,0,0,0
370012,1,1,1998,3,0,11,0,0,0,0,0,10,0
370012,2,1,1998,0,0,0,0,0,0,0,0,0,0
370013,0,1,1998,0,0,0,0,0,0,0,0,0,0
370013,0,2,1998,0,0,0,0,0,0,0,0,0,0
370013,1,1,1998,0,0,0,0,0,0,0,0,10,0
370014,0,1,1998,18,18,18,18,18,18,18,18,18,18
370014,1,1,1998,0,0,0,0,0,0,0,0,0,0
370014,2,1,1998,0,0,0,0,0,0,0,0,0,11
370015,1,1,1998,0,0,0,0,0,0,0,0,0,0
370015,2,1,1998,0,0,0,0,0,0,0,0,0,0
370016,1,1,1998,0,0,0,0,0,0,0,0,0,0
370016,2,1,1998,0,0,0,0,0,0,0,0,0,0
370017,0,1,1998,13,13,13,13,13,13,13,13,13,13
370017,1,1,1998,8,0,9,0,0,32,8,16,0,17
370018,0,1,1998,0,0,0,0,0,0,0,0,0,0
370018,1,1,1998,0,0,0,0,0,0,0,0,0,0
370019,0,1,1998,0,0,0,0,0,0,0,0,0,0
370019,1,1,1998,0,0,0,0,0,0,0,0,0,0
370020,1,1,1998,0,0,0,0,0,0,0,0,0,0
370021,1,1,1998,33,33,33,33,33,33,33,33,33,33
370021,2,1,1998,0,0,0,0,0,0,0,0,0,0
370022,1,1,1998,0,0,0,0,0,0,0,0,0,0
370023,1,1,1998,0,0,0,21,0,0,0,0,0,0
370023,2,1,1998,0,0,0,0,0,0,0,0,0,0
370024,1,1,1998,0,0,0,0,0,0,0,0,0,0
370024,2,1,1998,0,0,0,0,0,0,0,0,0,0
370025,1,1,1998,17,17,17,17,17,17,17,17,17,17
370026,1,1,1998,0,0,0,0,0,0,0,0,0,0
370027,0,1,1998,0,0,0,0,0,0,0,0,0,0
370027,1,1,1998,0,0,0,0,0,0,0,0,0,0
370028,1,1,1998,0,0,0,0,0,0,0,0,0,0
370029,1,1,1998,0,0,0,0,0,0,0,0,0,0
370029,2,1,1998,0,0,0,0,0,0,0,0,0,0
370030,0,1,1998,0,37,8,11,0,25,0,0,0,0
370030,1,1,1998,0,0,0,0,0,0,0,0,0,0
370031,0,1,1998,0,13,0,0,0,0,0,0,0,0
370031,1,1,1998,0,0,0,0,0,0,0,0,0,0
370032,1,1,1998,17,14,20,23,0,16,30,18,20,18
370033,1,1,1998,9,18,0,14,29,25,7,21,27,20
370034,1,1,1998,0,0,0,0,0,0,0,0,0,0
370034,2,1,1998,0,0,0,0,0,0,0,0,0,0
370035,0,1,1998,0,0,0,0,0,0,0,0,0,0
370035,0,2,1998,0,4,0,0,0,0,0,0,0,0
370035,1,1,1998,0,0,0,0,0,0,0,0,0,0
370037,1,1,1998,16,16,16,16,16,16,16,16,16,16
370038,0,1,1998,26,26,26,26,26,26,26,26,26,26
370038,1,1,1998,0,0,0,0,0,0,0,0,0,0
370038,2,1,1998,0,0,0,0,0,0,0,0,0,0
370038,3,1,1998,0,0,0,0,0,0,0,0,0,0
370038,4,1,1998,0,0,0,0,0,0,0,0,0,0
370038,5,1,1998,0,0,0,0,0,0,0,0,0,0
370039,0,1,1998,27,27,27,27,27,27,27,27,27,27
370039,1,1,1998,0,0,0,0,0,0,0,0,0,0
370040,1,1,1998,0,0,0,0,0,0,0,0,0,0
370041,1,1,1998,0,0,0,0,0,0,0,0,0,0
370042,1,1,1998,0,0,0,0,0,0,0,0,0,0
370042,2,1,1998,0,0,0,0,0,0,0,0,0,0
370043,0,1,1998,32,32,32,32,32,32,32,32,32,32
370043,1,1,1998,0,0,0,0,0,0,0,0,0,0
370044,1,1,1998,0,0,0,0,0,0,0,0,0,0
370045,1,1,1998,0,0,0,0,0,0,0,0,0,0
370045,2,1,1998,3,3,3,3,3,3,3,3,3,3
370045,3,1,1998,0,0,0,0,0,0,0,0,0,0
370045,4,1,1998,0,0,0,0,0,0,0,0,0,0
370045,5,1,1998,0,0,0,0,0,0,0,0,0,0
370045,6,1,1998,0,0,0,0,0,0,0,0,0,0
370045,7,1,1998,0,0,0,0,0,0,0,0,0,0
370046,1,1,1998,0,0,0,0,0,0,0,0,0,0
370046,2,1,1998,0,0,0,0,0,0,0,0,0,0
370047,1,1,1998,14,30,6,14,13,8,11,19,32,8
370047,2,1,1998,0,0,0,0,0,0,0,0,0,0
370048,1,1,1998,38,38,38,38,38,38,38,38,38,38
370049,1,1,1998,0,0,0,0,0,0,0,0,0,0
370050,1,1,1998,0,0,0,0,0,0,0,0,0,0
370050,2,1,1998,0,0,0,0,0,0,0,0,0,0
370050,3,1,1998,0,0,0,0,0,0,0,0,0,0
370051,0,1,1998,19,19,19,19,19,19,19,19,19,19
370051,1,1,1998,26,6,0,0,0,0,9,11,7,0
370052,1,1,1998,11,25,18,27,28,24,15,17,0,7
370053,1,1,1998,0,0,0,0,0,0,0,0,0,0
370053,2,1,1998,0,0,0,0,0,0,0,0,0,0
370054,1,1,1998,0,0,0,0,0,0,0,0,0,0
370054,2,1,1998,0,0,0,0,0,0,0,0,0,0
370055,1,1,1998,0,0,0,0,0,0,0,0,0,0
370055,2,1,1998,0,11,0,0,0,0,0,0,0,0
370056,1,1,1998,10,10,10,10,10,10,10,10,10,10
370057,0,1,1998,0,0,0,0,0,0,0,0,0,0
370057,1,1,1998,0,0,0,0,0,0,0,0,0,0
370058,1,1,1998,0,0,0,0,0,0,0,0,0,0
370059,1,1,1998,0,12,12,23,6,12,11,25,0,18
370060,1,1,1998,0,0,0,0,0,0,0,0,0,0
370060,2,1,1998,0,0,0,0,0,0,0,0,0,0
370061,1,1,1998,0,0,0,0,0,0,0,0,0,0
370061,2,1,1998,0,0,0,0,0,0,0,0,0,0
370062,1,1,1998,0,0,0,0,0,0,0,0,0,0
370062,2,1,1998,11,3,9,23,5,10,2,19,12,14
370063,1,1,1998,0,19,0,5,0,0,0,0,0,0
370064,0,1,1998,24,24,24,24,24,24,24,24,24,24
370064,1,1,1998,0,0,0,0,0,0,0,0,0,0
370065,1,1,1998,0,0,0,0,0,0,0,0,0,0
370065,2,1,1998,0,0,0,0,0,0,0,0,0,0
370067,0,1,1998,0,0,0,0,0,0,0,0,0,0
370067,1,1,1998,0,0,0,0,0,0,0,0,0,0
370068,1,1,1998,0,0,0,0,0,0,0,0,0,0
370068,2,1,1998,0,0,0,0,0,0,0,0,0,0
370069,1,1,1998,0,0,0,0,0,0,0,0,0,3
370069,2,1,1998,16,16,16,16,16,16,16,16,16,16
370070,1,1,1998,0,0,0,0,0,0,0,0,0,0
370070,2,1,1998,0,7,0,0,0,0,0,10,0,0
370071,1,1,1998,0,0,0,0,0,0,0,0,0,0
370071,2,1,1998,0,2,0,0,0,0,0,0,0,0
370072,1,1,1998,0,0,0,0,0,0,0,0,0,0
370072,2,1,1998,0,0,0,0,0,0,0,0,0,0
370073,1,1,1998,0,0,0,0,0,0,0,0,0,0
370074,1,1,1998,0,0,0,0,0,0,0,0,0,0
370075,1,1,1998,0,0,0,0,0,0,0,0,0,0
370076,1,1,1998,0,0,0,0,0,0,0,0,0,0
370077,1,1,1998,0,0,0,0,0,0,0,0,0,0
370078,1,1,1998,0,0,0,0,0,0,0,0,0,0
370078,2,1,1998,25,25,25,25,25,25,25,25,25,25
370079,1,1,1998,0,0,0,0,0,0,0,0,0,0
370079,2,1,1998,0,0,0,0,0,0,0,0,0,0
370079,3,1,1998,0,0,0,0,0,0,0,0,0,0
370080,1,1,1998,15,15,15,15,15,15,15,15,15,15
370081,1,1,1998,0,0,0,0,0,0,0,0,0,0
370081,2,1,1998,0,0,0,0,0,0,0,0,0,0
370082,1,1,1998,0,0,0,0,0,0,0,0,20,0
370082,2,1,1998,0,0,0,0,0,0,0,0,0,0
370083,1,1,1998,0,0,0,0,0,0,0,0,0,0
370083,2,1,1998,0,0,0,0,0,0,0,0,0,0
370084,1,1,1998,0,0,0,0,0,0,0,0,0,0
370085,1,1,1998,16,0,0,0,0,13,0,0,0,0
370086,1,1,1998,0,0,0,0,0,0,0,0,0,0
370087,1,1,1998,0,0,0,0,0,0,0,0,0,0
370088,1,1,1998,0,0,0,0,0,0,0,0,0,0
370089,1,1,1998,6,6,6,6,6,6,6,6,6,6
370090,0,1,1998,23,17,29,27,0,22,21,29,34,22
370090,1,1,1998,0,0,0,0,0,0,0,0,0,0
370091,1,1,1998,0,0,0,0,0,0,0,0,0,0
370092,0,1,1998,24,24,24,24,24,24,24,24,24,24
370092,1,1,1998,0,0,0,0,0,0,0,0,0,0
370093,1,1,1998,19,19,19,19,19,19,19,19,19,19
370094,0,1,1998,2,2,2,2,2,2,2,2,2,2
370094,1,1,1998,0,0,0,0,0,0,0,0,0,0
370094,2,1,1998,0,0,0,0,0,0,0,0,0,0
370095,1,1,1998,0,0,0,0,0,0,0,0,0,0
370095,2,1,1998,0,0,0,0,0,0,0,0,0,0
370096,1,1,1998,0,0,0,0,0,0,0,0,0,0
370097,1,1,1998,0,0,0,0,0,0,0,0,0,0
370097,2,1,1998,0,0,0,0,0,0,0,0,27,0
370098,1,1,1998,21,45,15,15,17,22,23,27,30,14
370099,1,1,1998,0,0,0,0,0,0,0,0,0,0
370099,2,1,1998,0,0,0,0,0,0,0,0,0,0
370100,1,1,1998,0,0,0,0,0,0,0,0,0,0
370100,2,1,1998,0,0,0,0,0,0,0,0,0,0
370101,1,1,1998,0,0,0,0,0,0,0,0,0,0
370101,2,1,1998,0,0,0,0,0,0,0,0,0,0
370102,1,1,1998,0,0,0,0,0,0,0,0,0,0
370102,2,1,1998,0,0,0,0,0,0,0,0,0,0
370103,1,1,1998,0,0,0,0,0,0,0,0,0,0
370104,1,1,1998,18,18,18,18,18,18,18,18,18,18
370105,1,1,1998,0,0,0,0,0,0,0,0,0,0
370106,1,1,1998,0,0,0,0,16,0,0,0,0,0
370106,2,1,1998,0,0,0,0,0,0,0,0,0,0
370107,1,1,1998,0,0,0,0,0,0,0,0,0,0
370107,2,1,1998,0,0,0,0,0,0,0,0,0,0
370108,1,1,1998,0,0,0,0,0,0,0,0,0,0
370108,2,1,1998,0,0,0,0,0,0,0,0,0,0
370109,1,1,1998,0,0,0,0,0,0,0,0,0,0
370110,1,1,1998,0,0,0,0,0,0,0,0,0,0
370111,1,1,1998,0,0,0,0,0,0,0,0,0,0
370111,2,1,1998,0,0,0,0,0,0,0,0,0,0
370111,3,1,1998,0,0,0,0,0,0,0,0,0,0
370112,0,1,1998,0,0,0,0,0,0,0,0,0,0
370112,1,1,1998,0,0,0,0,0,0,0,0,0,0
370113,1,1,1998,12,12,12,12,12,12,12,12,12,12
370114,1,1,1998,0,0,0,0,0,0,0,0,0,0
370115,1,1,1998,0,0,0,0,0,0,0,0,0,0
370115,2,1,1998,0,0,0,0,0,0,0,0,0,0
370116,1,1,1998,0,0,0,0,0,0,0,0,0,0
370116,2,1,1998,0,0,0,0,0,0,0,0,0,0
370117,0,1,1998,41,5,0,0,0,14,0,6,37,32
370117,1,1,1998,0,0,0,0,0,0,0,0,0,0
370118,0,1,1998,13,31,16,35,31,6,34,10,0,28
370118,1,1,1998,0,0,0,0,0,0,0,0,0,0
370119,1,1,1998,17,17,17,17,17,17,17,17,17,17
370120,1,1,1998,0,0,0,0,0,0,0,0,0,0
370121,1,1,1998,0,0,0,0,0,0,0,0,0,0
370121,2,1,1998,0,14,0,0,0,0,0,0,0,0
370122,1,1,1998,12,12,12,12,12,12,12,12,12,12
370123,0,1,1998,10,10,10,10,10,10,10,10,10,10
370123,1,1,1998,3,15,9,9,0,0,0,0,27,0
370124,1,1,1998,0,0,0,0,0,0,0,0,0,0
370124,2,1,1998,0,0,0,0,17,0,9,0,0,0
370125,0,1,1998,21,21,21,21,21,21,21,21,21,21
370125,1,1,1998,0,0,0,0,0,0,0,0,0,0
370126,0,1,1998,23,23,23,23,23,23,23,23,23,23
370126,1,1,1998,0,0,0,0,0,0,0,0,0,0
370127,1,1,1998,0,0,0,0,0,0,0,0,0,0
370127,2,1,1998,0,0,0,0,0,0,0,0,0,0
370128,1,1,1998,20,14,16,27,15,26,8,14,9,24
370129,1,1,1998,0,0,0,0,0,0,0,0,0,0
370129,2,1,1998,0,0,0,0,0,0,0,0,0,0
370130,1,1,1998,0,0,0,0,0,0,0,0,0,0
370130,2,1,1998,19,10,7,0,8,8,15,0,2,0
370131,1,1,1998,0,0,0,0,0,0,0,0,0,0
370132,0,1,1998,0,0,0,0,0,0,0,0,0,0
370132,1,1,1998,0,0,0,0,0,10,0,0,0,0
370133,1,1,1998,25,25,25,25,25,25,25,25,25,25
370134,1,1,1998,0,0,0,0,0,0,0,0,0,0
370134,2,1,1998,0,0,0,0,0,0,0,0,0,0
370135,1,1,1998,0,8,18,28,20,23,4,10,22,0
370135,2,1,1998,0,0,0,0,29,0,0,0,0,0
370136,1,1,1998,29,29,29,29,29,29,29,29,29,29
370137,0,1,1998,0,0,0,0,0,0,0,0,0,0
370137,1,1,1998,0,0,0,0,0,0,0,0,0,0
370138,1,1,1998,0,0,0,0,0,0,0,0,0,0
370139,1,1,1998,0,0,0,0,0,0,0,0,0,0
370139,2,1,1998,0,0,0,0,0,0,0,0,0,0
370140,1,1,1998,0,0,0,0,0,0,0,0,0,0
370140,2,1,1998,0,0,0,0,0,0,0,0,0,0
370141,0,1,1998,6,6,6,6,6,6,6,6,6,6
370141,1,1,1998,0,0,0,0,0,0,0,0,0,0
370142,1,1,1998,0,0,0,0,0,0,0,0,0,0
370143,1,1,1998,0,0,0,0,0,0,0,0,0,0
370144,0,1,1998,39,39,39,39,39,39,39,39,39,39
370144,1,1,1998,0,0,0,0,0,0,0,0,0,0
370144,2,1,1998,0,0,0,0,0,0,0,0,0,0
370145,0,1,1998,11,11,11,11,11,11,11,11,11,11
370145,1,1,1998,0,0,0,0,0,0,0,0,0,0
370146,1,1,1998,0,0,0,0,0,0,0,0,0,0
370146,2,1,1998,0,0,0,0,0,0,0,0,0,0
370147,1,1,1998,24,24,24,24,24,24,24,24,24,24
370147,2,1,1998,0,0,0,0,0,0,0,0,0,0
370148,1,1,1998,0,0,0,0,0,0,0,0,0,0
370148,2,1,1998,0,0,0,0,0,0,0,0,0,0
370149,1,1,1998,28,28,28,28,28,28,28,28,28,28
370149,2,1,1998,0,0,0,0,0,0,0,0,0,0
370150,1,1,1998,18,18,18,18,18,18,18,18,18,18
370150,2,1,1998,0,0,0,0,0,0,0,0,0,0
370151,1,1,1998,0,0,0,0,0,0,0,0,0,0
370151,2,1,1998,0,0,0,0,0,0,0,0,0,0
370152,1,1,1998,0,0,0,0,10,0,0,0,0,0
370153,1,1,1998,0,0,0,0,0,0,0,0,0,0
370153,2,1,1998,0,0,0,0,0,0,0,0,0,0
370154,1,1,1998,17,8,15,17,6,14,29,3,13,13
370155,1,1,1998,0,0,0,0,0,0,0,0,0,0
370156,1,1,1998,0,0,0,0,0,0,0,0,0,0
370156,2,1,1998,0,0,0,0,0,0,0,0,0,0
370157,1,1,1998,21,23,13,12,0,5,10,0,8,0
370158,1,1,1998,0,0,0,0,0,0,0,0,0,0
370158,2,1,1998,0,0,0,0,0,0,0,0,0,0
370158,3,1,1998,0,0,0,0,0,0,0,0,0,0
370159,1,1,1998,0,0,0,0,0,0,0,0,0,0
370159,2,1,1998,0,0,0,0,0,0,0,0,0,0
370160,1,1,1998,0,0,0,0,0,0,0,0,0,0
370160,2,1,1998,0,0,0,0,0,0,0,0,0,0
370161,1,1,1998,0,0,0,0,0,0,0,0,0,0
370161,2,1,1998,0,0,0,0,0,0,0,0,0,0
370161,3,1,1998,0,0,0,0,0,0,0,0,0,0
370162,1,1,1998,0,0,0,0,0,0,0,0,0,0
370162,2,1,1998,0,0,0,0,0,0,0,0,0,0
370163,1,1,1998,0,0,0,0,0,0,0,0,0,0
370163,2,1,1998,0,0,0,0,0,0,0,0,0,0
370164,1,1,1998,0,0,0,0,0,0,0,0,0,0
370165,1,1,1998,0,0,0,0,0,0,0,0,0,0
370165,2,1,1998,0,0,0,0,0,0,0,0,0,0
370166,0,1,1998,0,0,0,0,0,0,0,0,0,0
370166,1,1,1998,2,15,6,8,15,15,12,6,18,16
370167,0,1,1998,0,0,0,0,0,0,0,0,0,0
370167,1,1,1998,14,6,15,28,30,4,15,0,0,0
370168,1,1,1998,0,0,0,0,0,0,0,0,0,0
370168,2,1,1998,0,0,0,0,0,0,0,0,0,0
370169,1,1,1998,8,8,8,8,8,8,8,8,8,8
370169,2,1,1998,0,0,0,0,0,0,0,0,0,0
370170,1,1,1998,16,11,21,10,0,14,10,0,0,18
370171,1,1,1998,0,0,0,0,0,0,0,0,0,0
370171,2,1,1998,0,0,0,0,0,0,0,0,0,0
370172,1,1,1998,0,0,0,0,11,0,0,0,0,0
370172,2,1,1998,0,0,0,0,11,0,0,0,0,0
370173,1,1,1998,0,0,0,0,0,0,0,0,0,0
370173,2,1,1998,0,0,0,0,0,0,0,0,0,0
370174,0,1,1998,0,0,0,0,0,0,0,0,0,0
370174,1,1,1998,0,0,0,0,0,0,0,0,0,0
370175,1,1,1998,0,0,0,0,0,0,0,0,0,0
370176,1,1,1998,23,19,8,6,15,8,14,19,11,12
370177,1,1,1998,0,0,0,0,0,0,0,0,0,0
370177,2,1,1998,0,0,0,0,0,0,0,0,0,0
370178,1,1,1998,15,15,15,15,15,15,15,15,15,15
370179,1,1,1998,0,0,0,0,0,0,0,0,0,0
370179,2,1,1998,0,0,0,0,0,0,0,0,0,0
370180,1,1,1998,0,0,0,0,0,0,0,0,0,0
370180,2,1,1998,0,0,0,0,0,0,0,0,0,0
370181,1,1,1998,0,11,0,0,0,0,0,0,0,0
370182,0,1,1998,34,34,34,34,34,34,34,34,34,34
370182,1,1,1998,0,0,7,0,0,0,0,0,0,0
370183,0,1,1998,0,0,0,0,0,0,0,0,0,0
370183,1,1,1998,0,0,0,0,0,0,9,7,0,0
370184,0,1,1998,23,23,23,23,23,23,23,23,23,23
370184,1,1,1998,0,0,0,0,0,0,13,0,0,0
370185,1,1,1998,0,0,0,0,0,0,0,25,0,0
370185,2,1,1998,0,0,9,0,0,0,0,0,0,0
370186,1,1,1998,28,11,18,26,18,15,9,15,21,29
370187,1,1,1998,0,0,0,0,0,0,0,0,0,0
370188,1,1,1998,0,0,16,0,0,0,0,0,0,0
370188,2,1,1998,0,0,0,0,0,0,0,0,0,0
370189,1,1,1998,0,0,0,0,0,0,0,0,0,0
370189,2,1,1998,10,10,10,10,10,10,10,10,10,10
370189,3,1,1998,0,0,0,0,0,0,0,0,0,0
370189,4,1,1998,0,0,0,0,0,0,0,0,0,0
370189,5,1,1998,0,0,2,0,11,0,0,0,8,0
370190,0,1,1998,0,0,0,0,0,0,0,0,0,0
370190,1,1,1998,0,0,0,0,6,0,0,0,0,14
370191,1,1,1998,0,0,0,0,0,0,0,0,0,0
370191,2,1,1998,0,0,0,0,0,0,0,0,0,0
370192,1,1,1998,0,0,0,0,0,0,0,0,0,0
370192,2,1,1998,0,0,0,0,0,0,0,0,0,0
370193,1,1,1998,0,0,0,0,0,0,0,0,0,0
370193,2,1,1998,0,0,0,0,0,0,0,0,0,0
370194,1,1,1998,0,0,0,0,0,0,0,0,0,0
370194,2,1,1998,0,0,0,0,0,0,0,0,0,0
370195,1,1,1998,19,22,23,25,21,0,26,0,32,0
370196,1,1,1998,0,10,7,20,0,0,0,0,0,0
370196,2,1,1998,0,0,0,0,0,0,0,0,0,0
370197,1,1,1998,21,21,21,21,21,21,21,21,21,21
370198,1,1,1998,8,22,3,5,8,12,13,19,0,37
370198,2,1,1998,0,0,0,0,0,0,0,0,0,0
370200,1,1,1998,0,0,0,0,0,0,0,0,0,0
370201,1,1,1998,0,0,0,0,0,0,0,0,0,0
370201,2,1,1998,0,0,0,0,0,0,0,0,0,0
370201,3,1,1998,0,0,0,0,0,0,0,0,0,33
370202,0,1,1998,26,26,26,26,26,26,26,26,26,26
370202,1,1,1998,8,0,0,0,0,0,0,0,0,0
370203,1,1,1998,0,0,0,0,0,0,0,0,0,0
370203,2,1,1998,0,0,0,0,22,0,0,0,0,0
370204,1,1,1998,0,0,0,0,0,0,0,0,0,0
370204,2,1,1998,0,5,0,0,0,0,0,0,0,0
370205,1,1,1998,0,0,0,0,0,0,0,0,0,0
370206,1,1,1998,0,0,0,0,0,0,0,0,0,0
370206,2,1,1998,0,0,0,0,0,0,0,0,0,0
370207,1,1,1998,0,0,0,0,0,0,0,0,0,0
370208,1,1,1998,0,0,0,0,0,0,0,0,0,0
370208,2,1,1998,0,0,0,0,0,0,0,0,0,0
370208,3,1,1998,0,0,0,0,0,0,0,0,0,0
370208,4,1,1998,0,0,0,0,0,0,0,0,0,0
370208,5,1,1998,0,0,0,0,0,0,0,0,0,0
370209,1,1,1998,0,0,0,0,0,0,0,0,0,0
370209,2,1,1998,0,0,0,0,0,0,0,0,0,0
370210,1,1,1998,0,0,0,0,0,18,8,0,0,0
370210,2,1,1998,0,0,0,0,0,0,0,0,0,0
370211,1,1,1998,0,0,0,0,0,0,0,0,0,0
370212,1,1,1998,0,0,0,0,0,0,0,0,0,0
370213,1,1,1998,0,0,0,0,0,0,0,0,0,0
370213,2,1,1998,0,0,0,0,0,0,0,0,0,0
370213,3,1,1998,0,0,0,0,0,0,0,0,0,0
370214,1,1,1998,0,0,0,0,0,0,0,0,0,0
370214,2,1,1998,0,0,0,0,0,0,0,0,0,0
370215,1,1,1998,19,13,0,7,0,5,12,6,10,19
370216,1,1,1998,23,23,23,23,23,23,23,23,23,23
370216,2,1,1998,0,0,0,0,0,0,0,0,0,0
370216,3,1,1998,0,0,0,0,0,0,0,0,0,0
370216,4,1,1998,0,0,0,0,0,0,0,0,0,0
370217,1,1,1998,0,0,0,0,0,0,0,0,0,0
370217,2,1,1998,0,0,0,0,0,0,0,0,0,0
370218,1,1,1998,0,17,37,0,0,0,18,12,16,13
370221,1,1,1998,0,0,0,0,0,0,0,0,0,0
370221,2,1,1998,0,0,0,0,0,0,0,0,0,0
370222,1,1,1998,0,0,0,0,0,0,0,0,0,0
370222,2,1,1998,0,0,0,0,0,0,0,0,0,0
370223,1,1,1998,0,0,0,0,0,0,0,0,0,0
370224,1,1,1998,8,9,21,30,8,6,18,0,9,20
370225,1,1,1998,0,0,0,0,0,0,0,0,0,0
370226,1,1,1998,0,0,0,0,0,0,0,0,0,0
370226,2,1,1998,0,0,0,0,0,0,0,0,0,0
370226,3,1,1998,0,0,0,0,0,0,0,0,0,0
370227,1,1,1998,0,0,0,0,0,0,0,0,0,0
370227,2,1,1998,0,0,0,0,0,0,0,0,0,0
370228,1,1,1998,0,0,0,0,0,0,0,0,0,0
370228,2,1,1998,20,20,20,20,20,20,20,20,20,20
370229,1,1,1998,31,31,31,31,31,31,31,31,31,31
370230,1,1,1998,0,0,0,0,0,0,0,0,0,0
370230,2,1,1998,0,0,0,0,0,0,0,0,0,0
370231,1,1,1998,0,0,0,0,0,0,0,0,0,0
370231,2,1,1998,0,0,0,0,0,0,0,0,0,0
370232,1,1,1998,0,0,0,0,0,0,0,0,0,0
370233,1,1,1998,0,0,0,0,0,0,0,0,0,0
370233,2,1,1998,0,0,0,0,0,0,0,0,0,0
370233,3,1,1998,0,0,0,0,0,0,0,0,0,0
370234,1,1,1998,0,5,0,0,0,0,0,0,0,0
370234,2,1,1998,0,0,0,0,0,0,0,0,0,0
370235,1,1,1998,19,19,19,19,19,19,19,19,19,19
370235,2,1,1998,0,0,0,0,0,0,0,0,0,0
370236,0,1,1998,16,16,16,16,16,16,16,16,16,16
370236,1,1,1998,0,0,0,0,0,0,0,0,0,0
370237,1,1,1998,9,19,31,19,25,34,12,13,21,13
370238,1,1,1998,5,5,5,5,5,5,5,5,5,5
370239,0,1,1998,16,16,16,16,16,16,16,16,16,16
370239,1,1,1998,0,0,0,0,0,0,0,0,0,0
370240,0,1,1998,12,12,12,12,12,12,12,12,12,12
370240,1,1,1998,0,0,0,0,0,0,0,0,0,0
370241,1,1,1998,0,0,0,0,0,0,0,0,0,0
370242,0,1,1998,18,18,18,18,18,18,18,18,18,18
370242,0,2,1998,0,6,17,0,15,13,5,0,6,0
370242,1,1,1998,20,13,18,25,11,14,7,18,24,12
370243,1,1,1998,21,21,21,21,21,21,21,21,21,21
370244,1,1,1998,0,0,0,0,0,0,0,0,0,0
370244,2,1,1998,0,0,0,0,0,0,3,0,0,0
370245,1,1,1998,0,0,0,0,0,0,0,0,0,0
370246,1,1,1998,0,0,0,0,0,0,0,0,0,0
370248,1,1,1998,0,0,0,0,0,0,0,0,0,0
370249,1,1,1998,7,16,21,15,0,14,15,25,15,15
370250,1,1,1998,0,0,0,0,0,0,0,0,0,0
370250,2,1,1998,0,0,0,0,0,0,0,0,0,0
370251,1,1,1998,0,0,0,16,0,0,0,0,18,0
370252,1,1,1998,0,0,0,0,0,0,0,0,0,0
370252,2,1,1998,0,0,0,18,15,0,0,0,0,0
370253,1,1,1998,0,0,0,0,0,0,0,0,0,0
370253,2,1,1998,0,0,0,0,0,0,0,0,0,0
370254,1,1,1998,0,0,0,0,0,0,0,0,0,0
370254,2,1,1998,0,0,0,0,0,0,0,0,0,0
370255,1,1,1998,12,0,20,18,14,33,30,24,12,33
370256,1,1,1998,0,0,0,0,0,0,0,0,0,0
370257,1,1,1998,0,0,0,0,0,0,0,0,0,0
370257,2,1,1998,0,0,0,0,0,0,0,0,0,0
370258,0,1,1998,0,0,0,0,0,0,0,0,0,0
370258,1,1,1998,0,0,0,0,10,0,0,0,0,0
370259,1,1,1998,0,0,0,0,0,0,0,0,0,0
370259,2,1,1998,0,0,0,10,0,0,0,0,0,0
370259,3,1,1998,0,0,0,0,0,0,0,0,0,0
370260,1,1,1998,0,0,0,0,0,0,0,0,0,0
370260,2,1,1998,0,0,0,0,0,0,0,0,0,0
370261,1,1,1998,0,0,0,0,0,0,0,0,0,0
370262,1,1,1998,0,0,0,0,0,0,0,0,0,0
370262,2,1,1998,0,0,0,0,0,0,0,0,0,0
370263,1,1,1998,0,0,0,0,0,0,0,0,0,0