ST_CASE,VEH_NO,PER_NO,YEAR,P1,P2,P3,P4,P5,P6,P7,P8,P9,P10
370546,1,1,1998,25,25,25,25,25,25,25,25,25,25
370547,1,1,1998,0,0,0,0,0,0,0,0,0,0
370547,2,1,1998,0,0,0,0,0,0,0,0,0,0
370548,1,1,1998,0,0,0,0,0,0,0,0,0,0
370548,2,1,1998,0,0,0,0,0,0,0,0,0,0
370549,1,1,1998,0,0,0,0,0,0,0,0,0,0
370550,1,1,1998,0,0,0,0,0,0,0,0,0,0
370550,2,1,1998,0,0,0,0,0,0,0,0,0,0
370551,1,1,1998,0,0,0,0,0,0,0,0,0,0
370551,2,1,1998,0,0,0,0,0,0,0,0,6,0
370552,1,1,1998,18,18,18,18,18,18,18,18,18,18
370553,1,1,1998,0,0,0,0,0,0,0,0,0,0
370553,2,1,1998,0,0,0,0,0,0,0,0,0,0
370554,1,1,1998,21,21,21,21,21,21,21,21,21,21
370555,1,1,1998,0,0,0,0,0,0,0,0,0,0
370555,2,1,1998,0,0,0,9,0,0,0,0,0,0
370556,1,1,1998,0,0,0,0,0,0,0,0,0,0
370557,1,1,1998,0,0,0,0,0,0,0,0,0,0
370558,1,1,1998,0,0,0,0,0,0,0,0,0,0
370559,1,1,1998,0,0,0,0,0,0,0,0,0,0
370560,1,1,1998,0,0,0,0,0,0,0,0,0,0
370560,2,1,1998,0,0,0,0,0,0,5,0,0,0
370562,1,1,1998,0,9,0,0,0,0,0,21,0,0
370563,1,1,1998,0,0,0,0,0,0,0,0,0,0
370564,1,1,1998,19,19,19,19,19,19,19,19,19,19
370565,0,1,1998,23,23,23,23,23,23,23,23,23,23
370565,1,1,1998,0,0,0,0,0,0,0,0,0,0
370566,1,1,1998,0,0,0,0,0,0,0,0,0,0
370566,2,1,1998,0,8,0,0,0,0,0,0,0,0
370567,1,1,1998,23,0,0,0,0,0,0,0,0,0
370567,2,1,1998,0,0,0,0,0,0,0,0,0,0
370568,1,1,1998,16,16,16,16,16,16,16,16,16,16
370570,1,1,1998,0,0,0,0,0,3,0,0,0,0
370571,1,1,1998,29,0,0,0,0,0,0,12,0,0
370571,2,1,1998,0,0,0,0,0,0,0,0,0,0
370572,1,1,1998,0,0,0,0,0,0,0,0,0,0
370572,2,1,1998,0,0,0,0,0,0,0,0,0,0
370573,1,1,1998,11,11,11,11,11,11,11,11,11,11
370574,1,1,1998,0,0,0,0,0,0,0,0,0,0
370575,1,1,1998,13,13,13,13,13,13,13,13,13,13
370576,1,1,1998,0,0,0,0,0,0,0,0,0,0
370576,2,1,1998,0,0,0,0,0,0,0,0,0,0
370577,0,1,1998,11,11,11,11,11,11,11,11,11,11
370577,1,1,1998,0,0,0,0,0,0,0,0,0,0
370578,1,1,1998,0,0,0,0,0,0,0,0,0,0
370578,2,1,1998,0,0,0,0,0,0,0,0,0,0
370579,1,1,1998,0,0,0,0,0,0,0,0,0,0
370580,1,1,1998,16,26,12,21,14,16,15,8,13,28
370581,1,1,1998,0,0,15,0,0,0,0,0,0,0
370581,2,1,1998,0,0,0,0,0,0,0,0,0,0
370582,1,1,1998,2,2,2,2,2,2,2,2,2,2
370583,1,1,1998,18,18,18,18,18,18,18,18,18,18
370584,1,1,1998,0,15,0,15,0,0,0,0,0,0
370584,2,1,1998,0,0,0,0,0,0,0,0,0,0
370585,1,1,1998,0,0,0,0,0,0,0,0,0,0
370585,2,1,1998,0,0,0,0,0,0,0,0,0,0
370586,0,1,1998,14,0,22,6,0,0,0,15,0,0
370586,1,1,1998,0,0,13,0,4,0,0,0,0,0
370587,1,1,1998,0,0,0,0,0,0,0,0,0,0
370587,2,1,1998,0,2,0,5,0,0,0,0,0,0
370587,3,1,1998,0,0,0,0,0,0,0,0,0,0
370588,1,1,1998,0,0,0,0,0,0,0,0,0,0
370588,2,1,1998,0,0,0,0,0,0,0,0,0,0
370589,1,1,1998,0,15,10,11,0,0,0,17,14,5
370590,1,1,1998,20,25,34,38,18,23,15,0,15,12
370591,1,1,1998,0,0,0,0,0,0,0,0,0,0
370592,1,1,1998,0,0,0,19,0,0,0,19,0,0
370593,1,1,1998,22,16,18,17,19,26,27,29,9,33
370593,2,1,1998,0,0,0,0,0,0,0,0,0,0
370594,1,1,1998,0,0,0,0,0,0,0,0,0,0
370595,1,1,1998,31,31,31,31,31,31,31,31,31,31
370596,1,1,1998,36,36,36,36,36,36,36,36,36,36
370597,1,1,1998,13,13,13,13,13,13,13,13,13,13
370598,0,1,1998,28,28,28,28,28,28,28,28,28,28
370598,1,1,1998,0,0,0,0,0,0,0,0,0,0
370598,2,1,1998,0,0,0,0,0,0,0,0,0,0
370598,3,1,1998,0,0,0,0,0,0,12,0,0,0
370599,1,1,1998,29,0,0,0,0,0,0,0,0,0
370599,2,1,1998,0,0,0,0,0,0,0,0,0,0
370599,3,1,1998,0,0,4,0,0,0,0,0,0,0
370600,1,1,1998,0,0,0,0,12,0,0,0,0,0
370600,2,1,1998,0,6,13,0,0,0,0,0,0,0
370601,1,1,1998,0,0,0,0,0,0,0,0,0,0
370601,2,1,1998,0,0,0,9,0,0,0,0,0,0
370602,1,1,1998,0,0,0,0,0,0,0,0,0,0
370603,1,1,1998,0,0,18,0,13,0,0,0,0,0
370603,2,1,1998,0,0,0,0,0,0,0,0,0,0
370604,1,1,1998,11,14,7,0,0,5,7,13,0,0
370604,2,1,1998,0,0,0,0,0,0,0,0,0,0
370605,0,1,1998,50,10,0,18,9,34,0,10,0,19
370605,1,1,1998,17,0,0,33,23,14,17,0,0,8
370606,1,1,1998,0,0,0,0,0,0,0,0,0,0
370606,2,1,1998,0,0,0,0,0,0,0,0,0,0
370607,0,1,1998,0,20,12,0,0,0,12,13,16,0
370607,1,1,1998,0,0,0,0,0,0,0,0,0,0
370608,1,1,1998,17,0,0,0,0,9,0,0,0,0
370609,1,1,1998,0,0,0,0,0,0,0,0,0,0
370610,1,1,1998,0,0,0,0,0,0,0,0,0,0
370610,2,1,1998,0,0,0,0,0,0,0,0,0,0
370611,1,1,1998,11,11,11,11,11,11,11,11,11,11
370612,1,1,1998,0,0,0,0,0,0,0,0,0,0
370612,2,1,1998,0,0,0,0,0,0,0,0,0,0
370613,1,1,1998,12,12,12,12,12,12,12,12,12,12
370614,1,1,1998,15,15,15,15,15,15,15,15,15,15
370615,1,1,1998,15,15,15,15,15,15,15,15,15,15
370616,0,1,1998,24,24,24,24,24,24,24,24,24,24
370616,1,1,1998,0,0,0,0,0,0,0,0,0,0
370617,0,1,1998,15,6,20,17,18,19,35,32,14,15
370617,1,1,1998,12,17,0,0,24,23,6,14,0,18
370618,1,1,1998,0,0,0,0,0,0,0,0,0,0
370618,2,1,1998,0,0,0,0,0,0,0,0,0,0
370619,1,1,1998,0,0,0,0,0,0,0,0,0,0
370620,1,1,1998,0,12,12,19,8,14,10,0,0,0
370621,1,1,1998,0,0,0,0,0,0,0,0,0,0
370621,2,1,1998,0,0,0,0,0,0,0,0,0,13
370622,1,1,1998,0,0,0,0,0,0,0,0,0,0
370622,2,1,1998,3,10,16,36,16,14,9,21,18,30
370623,1,1,1998,12,13,0,8,0,20,0,0,7,15
370624,1,1,1998,18,18,18,18,18,18,18,18,18,18
370625,0,1,1998,0,0,0,0,0,0,7,0,0,0
370625,1,1,1998,0,0,0,0,0,0,0,0,0,0
370626,1,1,1998,11,11,11,11,11,11,11,11,11,11
370627,1,1,1998,0,0,0,0,0,0,0,0,18,0
370628,1,1,1998,39,39,39,39,39,39,39,39,39,39
370629,0,1,1998,0,0,0,0,0,0,0,0,0,0
370629,1,1,1998,0,0,0,0,0,0,0,0,0,0
370630,1,1,1998,16,16,16,16,16,16,16,16,16,16
370631,1,1,1998,16,16,16,16,16,16,16,16,16,16
370632,1,1,1998,0,0,3,0,0,35,0,0,0,0
370632,2,1,1998,0,0,0,0,0,0,0,0,0,0
370633,1,1,1998,0,0,0,0,0,0,0,0,0,0
370634,1,1,1998,4,16,23,23,22,0,9,16,36,23
370636,1,1,1998,28,0,0,0,22,0,0,13,0,0
370637,0,1,1998,11,11,11,11,11,11,11,11,11,11
370637,1,1,1998,0,0,0,0,0,0,0,0,0,0
370638,1,1,1998,0,0,0,0,0,7,0,0,0,13
370639,1,1,1998,0,0,0,0,0,0,0,10,0,0
370640,1,1,1998,0,0,0,0,0,0,0,0,0,0
370641,1,1,1998,0,0,0,0,0,0,0,0,0,0
370641,2,1,1998,0,0,0,0,0,0,0,0,0,0
370642,0,1,1998,24,24,24,24,24,24,24,24,24,24
370642,1,1,1998,0,0,20,7,0,0,0,15,18,15
370643,0,1,1998,22,22,22,22,22,22,22,22,22,22
370643,1,1,1998,0,4,0,0,0,0,0,0,0,0
370644,0,1,1998,0,0,0,0,0,0,0,20,0,0
370644,1,1,1998,0,0,0,0,0,0,0,0,0,0
370645,1,1,1998,0,0,0,0,0,0,0,0,0,0
370645,2,1,1998,0,0,0,0,0,0,0,0,0,0
370646,0,1,1998,0,0,0,32,20,0,8,13,0,0
370646,1,1,1998,0,0,0,0,0,0,0,0,0,0
370647,1,1,1998,0,0,0,0,0,0,0,0,0,0
370647,2,1,1998,15,0,0,0,0,0,0,0,0,0
370648,1,1,1998,17,17,17,17,17,17,17,17,17,17
370649,1,1,1998,0,0,0,0,0,0,0,0,0,0
370649,2,1,1998,0,0,0,0,0,0,0,0,0,0
370649,3,1,1998,0,0,0,0,0,0,0,0,0,8
370650,1,1,1998,0,0,0,0,0,0,0,0,0,0
370651,1,1,1998,0,24,0,16,0,8,0,7,15,0
370652,0,1,1998,0,0,0,0,0,0,0,0,0,0
370652,1,1,1998,0,0,0,0,0,0,0,0,0,0
370653,1,1,1998,0,0,0,0,0,0,0,0,0,0
370653,2,1,1998,0,0,0,0,0,0,0,0,0,0
370654,1,1,1998,0,0,0,0,0,0,0,0,0,0
370655,1,1,1998,24,13,20,19,6,30,10,31,10,35
370656,1,1,1998,0,0,0,0,0,0,0,0,0,0
370657,1,1,1998,0,0,0,0,0,0,0,0,0,0
370657,2,1,1998,0,0,0,0,0,0,0,0,0,0
370658,1,1,1998,20,22,23,24,25,15,16,20,25,21
370659,0,1,1998,10,10,10,10,10,10,10,10,10,10
370659,1,1,1998,0,0,0,0,0,0,0,0,0,0
370659,2,1,1998,0,0,0,0,0,0,0,0,0,0
370660,1,1,1998,0,0,16,0,0,0,0,0,24,22
370661,1,1,1998,0,0,0,0,0,0,0,0,0,0
370661,2,1,1998,0,0,0,0,0,0,0,0,0,0
370662,1,1,1998,0,0,0,0,0,0,0,0,0,0
370662,2,1,1998,0,0,0,0,0,0,0,0,0,0
370663,1,1,1998,0,0,0,0,0,0,0,0,0,16
370663,2,1,1998,0,0,0,0,0,0,0,0,0,0
370664,1,1,1998,16,25,8,24,0,22,22,15,42,22
370665,0,1,1998,0,47,18,0,17,35,31,30,22,14
370665,1,1,1998,0,0,0,0,6,0,0,0,0,0
370666,1,1,1998,0,0,0,0,0,0,0,0,0,0
370666,2,1,1998,0,0,0,0,0,0,0,0,0,0
370667,1,1,1998,0,0,0,0,0,0,0,0,0,12
370668,1,1,1998,0,0,0,0,0,0,0,0,0,0
370668,2,1,1998,0,0,0,0,0,0,0,0,0,0
370669,0,1,1998,0,0,23,0,0,0,0,0,0,0
370669,1,1,1998,11,0,0,0,0,0,0,0,0,0
370670,1,1,1998,0,0,0,0,0,0,0,0,0,0
370671,1,1,1998,0,0,0,0,0,0,0,14,0,0
370672,1,1,1998,0,0,0,0,0,0,0,0,0,0
370672,2,1,1998,0,0,3,0,0,0,0,0,0,0
370672,3,1,1998,0,0,0,0,0,0,0,0,0,0
370673,1,1,1998,0,0,0,7,0,0,0,16,0,0
370673,2,1,1998,0,0,18,12,0,0,0,0,0,0
370674,1,1,1998,0,0,0,0,0,0,0,0,0,0
370674,2,1,1998,0,0,0,4,0,0,0,0,0,0
370675,1,1,1998,0,0,0,0,0,0,0,0,0,0
370675,2,1,1998,0,0,0,0,0,0,0,0,0,0
370676,1,1,1998,0,0,0,0,0,0,0,0,0,0
370677,0,1,1998,20,20,20,20,20,20,20,20,20,20
370677,1,1,1998,0,0,0,0,0,0,0,0,0,0
370678,0,1,1998,6,6,6,6,6,6,6,6,6,6
370678,1,1,1998,0,0,0,0,0,0,0,0,0,0
370679,1,1,1998,21,22,27,0,16,0,0,0,0,12
370680,1,1,1998,0,0,0,0,0,0,0,0,0,0
370680,2,1,1998,0,0,0,0,0,0,0,0,0,14
370681,1,1,1998,0,0,0,0,0,0,0,0,0,0
370681,2,1,1998,30,40,18,21,17,10,40,13,15,9
370682,1,1,1998,0,0,0,0,0,0,0,0,0,0
370682,2,1,1998,0,0,0,0,0,0,0,0,0,0
370683,1,1,1998,15,0,0,19,17,26,9,0,17,0
370683,2,1,1998,4,9,0,0,0,0,0,30,26,0
370684,1,1,1998,0,0,0,0,8,0,0,0,0,0
370684,2,1,1998,32,9,14,20,7,12,6,8,15,11
370685,1,1,1998,0,0,0,0,0,0,0,0,0,0
370685,2,1,1998,0,0,0,0,9,0,0,0,0,0
370686,1,1,1998,0,0,0,0,0,0,0,0,0,0
370687,1,1,1998,0,0,0,0,0,0,21,15,0,0
370687,2,1,1998,0,0,0,0,0,0,0,0,0,0
370688,1,1,1998,47,47,47,47,47,47,47,47,47,47
370689,1,1,1998,5,5,5,5,5,5,5,5,5,5
370690,1,1,1998,0,0,0,0,0,0,0,0,0,0
370690,2,1,1998,0,0,0,0,0,0,0,0,0,0
370691,1,1,1998,7,18,17,25,29,46,21,16,14,32
370692,1,1,1998,19,0,0,0,0,0,0,0,0,0
370692,2,1,1998,0,0,0,0,0,0,0,0,0,0
370693,0,1,1998,17,23,18,17,11,0,44,0,17,40
370693,1,1,1998,0,7,0,3,0,0,0,0,11,0
370694,0,1,1998,0,0,0,14,26,3,0,6,0,0
370694,1,1,1998,0,0,0,0,0,0,0,0,0,0
370695,0,1,1998,15,15,15,15,15,15,15,15,15,15
370695,1,1,1998,18,0,0,0,0,0,0,0,0,0
370696,1,1,1998,12,0,11,16,28,11,16,14,14,26
370697,0,1,1998,0,0,0,0,0,0,0,0,0,0
370697,0,2,1998,12,21,22,25,29,17,0,42,13,22
370697,1,1,1998,9,11,17,9,16,21,30,6,22,10
370698,1,1,1998,11,11,11,11,11,11,11,11,11,11
370698,2,1,1998,0,0,0,0,0,0,0,0,0,0
370699,1,1,1998,0,0,0,0,0,0,0,0,0,0
370700,1,1,1998,14,16,27,0,16,0,22,0,7,14
370701,1,1,1998,0,0,0,0,0,0,0,0,0,0
370701,2,1,1998,0,0,0,0,0,0,0,0,0,0
370702,1,1,1998,12,12,12,12,12,12,12,12,12,12
370703,1,1,1998,30,30,30,30,30,30,30,30,30,30
370704,1,1,1998,0,0,0,0,0,0,0,0,0,0
370705,1,1,1998,0,0,0,0,0,0,0,0,0,0
370706,1,1,1998,0,0,0,0,0,0,0,0,0,0
370706,2,1,1998,3,3,3,3,3,3,3,3,3,3
370707,0,1,1998,13,13,13,13,13,13,13,13,13,13
370707,1,1,1998,0,0,0,0,9,0,0,0,0,0
370708,1,1,1998,0,0,0,0,0,0,0,0,0,0
370708,2,1,1998,0,0,0,0,0,0,0,0,0,0
370709,1,1,1998,0,16,5,5,7,0,0,6,0,0
370710,1,1,1998,2,2,2,2,2,2,2,2,2,2
370710,2,1,1998,0,0,0,0,0,0,0,0,0,0
370711,0,1,1998,0,18,0,15,0,0,0,19,17,0
370711,1,1,1998,0,0,0,0,0,0,0,0,0,0
370712,0,1,1998,0,0,0,0,25,0,14,0,0,0
370712,1,1,1998,0,0,13,0,0,0,0,0,0,0
370713,1,1,1998,0,0,0,0,0,0,0,0,0,0
370713,2,1,1998,0,0,0,0,0,0,0,0,0,0
370714,0,1,1998,0,0,0,0,0,0,0,0,0,0
370714,1,1,1998,0,0,0,0,0,0,0,0,0,0
370715,1,1,1998,0,0,0,0,0,0,0,0,0,0
370716,1,1,1998,13,0,0,0,0,0,0,0,0,0
370717,1,1,1998,0,0,0,0,0,0,0,0,0,0
370717,2,1,1998,0,0,0,0,0,0,0,0,0,0
370718,1,1,1998,0,0,3,0,0,0,0,0,0,0
370718,2,1,1998,0,0,0,0,0,0,0,0,0,0
370718,3,1,1998,0,0,0,0,0,0,0,0,0,0
370719,1,1,1998,16,16,16,16,16,16,16,16,16,16
370720,0,1,1998,0,0,0,0,0,0,0,0,0,0
370720,1,1,1998,0,0,0,0,0,0,0,0,0,0
370721,1,1,1998,0,0,0,0,0,0,0,0,0,0
370721,2,1,1998,0,0,0,0,0,0,0,0,0,0
370722,1,1,1998,0,6,0,0,9,0,0,0,0,0
370722,2,1,1998,0,0,0,0,0,0,0,0,0,0
370723,1,1,1998,0,0,0,0,0,0,0,0,0,0
370723,2,1,1998,0,0,0,0,15,0,0,5,0,0
370724,1,1,1998,0,0,0,0,0,0,0,17,0,0
370725,1,1,1998,0,0,0,0,0,0,0,0,0,0
370725,2,1,1998,0,0,0,0,0,0,0,0,0,0
370726,1,1,1998,0,0,0,0,0,0,0,0,0,0
370726,2,1,1998,0,0,0,0,0,0,0,0,0,0
370727,0,1,1998,17,17,17,17,17,17,17,17,17,17
370727,1,1,1998,14,13,5,26,20,18,24,23,8,18
370728,1,1,1998,20,20,20,20,20,20,20,20,20,20
370728,2,1,1998,0,0,0,12,0,0,0,6,0,0
370728,3,1,1998,0,0,0,0,0,0,0,0,0,0
370728,4,1,1998,0,0,0,0,0,0,0,0,0,0
370729,0,1,1998,0,0,0,0,0,0,0,0,0,0
370729,1,1,1998,0,0,0,0,0,0,0,0,0,0
370730,1,1,1998,0,0,0,0,0,0,0,0,0,0
370731,1,1,1998,5,29,12,0,10,3,7,14,10,18
370731,2,1,1998,0,0,0,0,0,0,0,0,0,0
370732,1,1,1998,0,0,0,0,0,0,0,0,0,0
370732,2,1,1998,0,0,0,0,0,0,0,0,0,0
370733,1,1,1998,0,0,0,0,0,0,0,0,0,0
370734,1,1,1998,7,7,7,7,7,7,7,7,7,7
370735,1,1,1998,33,11,0,27,17,28,16,20,43,16
370736,1,1,1998,0,0,0,0,0,0,0,0,0,0
370736,2,1,1998,0,0,0,0,0,0,0,0,0,0
370737,1,1,1998,0,0,0,0,0,0,0,0,0,0
370737,2,1,1998,0,0,0,0,0,0,0,0,0,0
370738,0,1,1998,0,0,0,16,0,0,0,4,39,0
370738,0,2,1998,0,0,0,0,0,0,0,0,0,0
370738,2,1,1998,0,0,0,0,0,0,0,0,0,0
370739,1,1,1998,0,0,0,0,0,0,0,0,0,0
370740,0,1,1998,14,0,0,23,0,0,0,0,0,0
370740,1,1,1998,15,3,19,12,0,16,21,16,18,8
370741,1,1,1998,0,0,0,0,0,0,0,0,0,0
370742,1,1,1998,0,0,0,0,0,0,0,0,0,0
370742,2,1,1998,0,0,0,0,0,0,0,0,0,27
370743,1,1,1998,0,0,0,0,0,0,0,0,0,0
370743,2,1,1998,0,0,21,0,0,0,0,0,0,0
370744,1,1,1998,17,17,17,17,17,17,17,17,17,17
370745,1,1,1998,13,13,13,13,13,13,13,13,13,13
370747,1,1,1998,0,0,0,0,13,0,0,0,0,11
370748,0,1,1998,29,29,29,29,29,29,29,29,29,29
370748,1,1,1998,0,0,0,0,0,0,0,0,0,0
370749,1,1,1998,0,0,0,0,0,0,0,0,0,0
370749,2,1,1998,0,0,0,0,0,0,0,0,0,0
370750,0,1,1998,13,13,13,13,13,13,13,13,13,13
370750,1,1,1998,0,0,0,0,0,0,0,0,0,0
370751,1,1,1998,0,0,5,0,0,0,0,0,0,0
370751,2,1,1998,0,0,0,0,0,0,0,0,0,0
370752,1,1,1998,0,0,0,0,0,0,0,0,0,0
370753,1,1,1998,22,22,22,22,22,22,22,22,22,22
370754,1,1,1998,0,0,0,0,0,0,0,0,0,0
370754,2,1,1998,0,0,0,0,0,0,0,0,0,0
370755,0,1,1998,15,10,25,0,11,11,10,0,0,12
370755,0,2,1998,0,0,15,0,0,0,0,0,0,0
370755,1,1,1998,0,0,0,0,0,0,0,0,0,0
370756,1,1,1998,0,0,0,0,0,0,0,0,0,0
370756,2,1,1998,0,0,0,0,20,0,0,0,0,0
370757,1,1,1998,29,29,29,29,29,29,29,29,29,29
370758,1,1,1998,32,13,19,35,22,13,17,14,4,17
370759,0,1,1998,12,12,12,12,12,12,12,12,12,12
370759,1,1,1998,0,0,0,0,0,0,0,0,0,0
370759,2,1,1998,0,0,0,0,0,0,0,0,0,0
370760,1,1,1998,20,16,17,19,21,19,28,9,24,17
370761,0,1,1998,20,20,20,20,20,20,20,20,20,20
370761,1,1,1998,0,0,0,0,0,0,0,0,0,0
370762,1,1,1998,0,0,0,0,0,0,0,0,0,0
370763,1,1,1998,0,0,0,0,0,0,0,0,0,0
370763,2,1,1998,30,30,30,30,30,30,30,30,30,30
370764,1,1,1998,0,0,0,0,0,0,0,0,0,0
370764,2,1,1998,0,0,0,0,0,7,0,0,0,0
370765,0,1,1998,47,27,18,21,29,13,6,7,31,33
370765,1,1,1998,0,0,0,0,0,0,0,0,0,0
370766,1,1,1998,0,0,0,0,8,14,0,20,0,0
370766,2,1,1998,0,0,0,0,0,0,0,0,0,0
370767,1,1,1998,17,0,21,10,7,15,11,12,12,11
370767,2,1,1998,0,0,0,2,11,0,2,12,0,3
370768,1,1,1998,0,0,0,0,0,0,0,0,0,0
370768,2,1,1998,14,14,14,14,14,14,14,14,14,14
370769,1,1,1998,8,8,8,8,8,8,8,8,8,8
370769,2,1,1998,0,15,19,10,35,0,14,7,3,15
370770,1,1,1998,0,0,0,0,0,0,0,0,0,0
370770,2,1,1998,0,0,0,0,0,0,0,0,0,0
370771,1,1,1998,0,0,0,0,0,0,0,0,0,0
370771,2,1,1998,0,0,0,0,0,0,0,0,0,0
370771,3,1,1998,0,0,0,0,0,0,0,0,0,0
370771,4,1,1998,0,0,0,0,0,0,0,0,0,0
370772,1,1,1998,0,18,0,0,5,11,0,0,0,0
370773,1,1,1998,0,0,0,0,0,0,0,0,0,0
370773,2,1,1998,0,0,0,0,0,0,0,0,0,0
370774,1,1,1998,0,0,0,0,0,0,0,0,0,0
370774,2,1,1998,0,0,0,0,0,0,0,0,0,0
370775,1,1,1998,0,0,0,0,0,0,0,0,0,0
370775,2,1,1998,0,5,0,0,0,0,0,0,0,0
370775,3,1,1998,0,0,0,0,0,0,0,0,0,0
370776,1,1,1998,0,0,0,0,0,0,0,0,0,0
370776,2,1,1998,0,0,0,0,0,0,0,0,0,0
370777,0,1,1998,0,0,0,0,0,0,0,0,0,0
370777,1,1,1998,0,0,0,0,0,0,0,0,0,0
370778,0,1,1998,17,5,18,24,40,48,21,29,12,33
370778,1,1,1998,0,0,0,0,0,0,0,0,0,0
370779,1,1,1998,0,0,0,0,0,0,0,0,0,0
370779,2,1,1998,0,0,0,0,0,0,0,0,0,0
370779,3,1,1998,0,0,0,0,0,0,0,0,0,0
370779,4,1,1998,0,0,0,0,0,0,0,0,0,0
370779,5,1,1998,0,0,0,0,0,0,0,0,0,0
370779,6,1,1998,0,0,0,0,0,0,0,0,0,0
370779,7,1,1998,0,0,0,0,0,0,0,0,0,0
370780,1,1,1998,7,0,0,0,0,0,0,0,0,0
370781,1,1,1998,0,0,0,0,0,0,0,0,0,0
370781,2,1,1998,0,0,0,0,0,0,0,0,0,0
370782,1,1,1998,0,0,0,0,0,0,0,0,0,0
370783,1,1,1998,0,0,0,0,0,0,0,0,0,0
370783,2,1,1998,0,0,9,0,9,0,0,8,0,0
370784,1,1,1998,20,20,20,20,20,20,20,20,20,20
370785,1,1,1998,0,0,0,0,0,0,0,0,0,0
370786,1,1,1998,0,0,0,0,0,0,0,0,0,0
370787,0,1,1998,0,0,0,0,0,0,0,0,0,0
370787,0,2,1998,26,0,0,15,0,13,0,0,0,10
370787,1,1,1998,10,13,7,7,9,23,16,24,26,18
370788,0,1,1998,0,0,0,0,20,0,0,0,0,0
370788,0,2,1998,0,15,0,0,0,0,0,0,0,0
370788,1,1,1998,0,0,0,0,0,0,0,0,0,0
370789,0,1,1998,3,0,0,39,0,23,24,0,16,0
370789,0,2,1998,18,0,0,0,13,0,0,0,0,0
370789,1,1,1998,0,9,11,0,0,0,0,0,0,0
370790,1,1,1998,3,13,0,5,0,8,0,12,0,0
370791,1,1,1998,0,0,0,0,0,0,0,0,0,0
370791,2,1,1998,0,0,0,0,0,0,0,0,0,0
370792,1,1,1998,0,0,0,0,0,0,0,0,0,0
370792,2,1,1998,0,0,0,0,0,0,0,0,0,0
370792,3,1,1998,0,0,0,0,0,0,0,0,0,0
370793,1,1,1998,0,0,0,0,0,0,0,0,0,0
370793,2,1,1998,0,0,0,0,0,0,0,0,0,0
370793,3,1,1998,0,0,0,0,0,0,0,0,0,0
370793,4,1,1998,0,0,0,0,0,0,0,0,0,0
370793,5,1,1998,14,0,0,0,0,0,0,0,0,0
370794,1,1,1998,0,0,0,0,0,0,0,0,0,0
370794,2,1,1998,0,0,0,0,0,0,0,0,0,0
370795,0,1,1998,24,16,0,0,12,0,0,0,26,16
370795,1,1,1998,0,0,0,0,0,0,0,0,0,0
370796,0,1,1998,48,48,48,48,48,48,48,48,48,48
370796,1,1,1998,0,11,0,17,15,0,0,0,0,13
370797,1,1,1998,14,0,0,5,18,20,17,20,10,11
370797,2,1,1998,0,0,0,0,0,0,0,0,0,17
370798,1,1,1998,12,12,12,12,12,12,12,12,12,12
370799,1,1,1998,28,22,11,10,12,6,15,23,15,8
370800,1,1,1998,0,5,0,0,0,0,0,0,0,0
370801,0,1,1998,18,18,18,18,18,18,18,18,18,18
370801,1,1,1998,0,0,0,0,0,0,0,0,0,0
370802,1,1,1998,0,0,0,0,0,0,0,0,0,0
370803,0,1,1998,0,0,0,0,0,0,0,0,0,0
370803,1,1,1998,0,0,0,0,0,0,0,0,0,0
370804,0,1,1998,0,0,0,0,0,0,0,0,0,0
370804,0,2,1998,0,0,0,0,0,0,0,0,0,0
370804,1,1,1998,0,17,0,0,0,0,0,0,0,0
370805,1,1,1998,0,0,0,0,0,0,0,6,0,0
370805,2,1,1998,0,0,0,0,0,0,0,0,0,0
370806,0,1,1998,0,0,0,0,0,0,0,0,0,0
370806,1,1,1998,0,0,0,0,0,0,0,0,0,0
370807,1,1,1998,0,0,0,0,16,23,0,0,0,0
370807,2,1,1998,0,0,0,0,0,0,0,0,7,0
370808,1,1,1998,20,20,20,20,20,20,20,20,20,20
370808,2,1,1998,0,0,0,0,0,0,0,0,0,0
370809,1,1,1998,0,0,0,0,0,0,0,0,0,0
370809,2,1,1998,0,0,0,0,0,0,0,0,0,0
370810,1,1,1998,18,18,18,18,18,18,18,18,18,18
370811,1,1,1998,0,0,0,0,0,0,0,0,0,0
370811,2,1,1998,0,0,0,0,0,0,0,7,0,0
370812,1,1,1998,0,0,0,0,10,0,0,0,0,0
370812,2,1,1998,0,0,0,0,0,0,0,7,0,0
370813,1,1,1998,0,0,0,0,0,0,0,0,0,0
370813,2,1,1998,16,31,14,21,20,0,10,14,26,0
370814,1,1,1998,0,23,0,20,11,9,30,30,19,12
370815,1,1,1998,0,0,0,0,0,0,16,0,0,0
370816,1,1,1998,0,0,0,0,0,0,0,0,0,0
370817,1,1,1998,0,0,0,0,0,0,0,0,0,0
370817,2,1,1998,0,0,0,0,0,0,0,0,0,0
370818,1,1,1998,2,2,2,2,2,2,2,2,2,2
370819,0,1,1998,26,35,31,0,0,10,0,15,0,18
370819,0,2,1998,0,22,21,26,18,15,0,0,0,0
370819,1,1,1998,0,0,0,0,0,0,0,0,0,0
370820,1,1,1998,0,0,0,0,0,8,7,6,0,14
370821,1,1,1998,0,0,0,0,0,0,0,0,0,0