ST_CASE,VEH_NO,PER_NO,YEAR,P1,P2,P3,P4,P5,P6,P7,P8,P9,P10
370821,2,1,1998,0,0,0,0,0,0,0,0,0,0
370822,1,1,1998,13,13,13,13,13,13,13,13,13,13
370822,2,1,1998,0,18,12,0,0,0,0,0,0,13
370823,1,1,1998,0,0,0,0,0,0,0,0,0,0
370824,1,1,1998,0,0,0,0,0,0,0,0,0,0
370824,2,1,1998,2,11,16,10,3,13,19,12,5,15
370825,1,1,1998,10,10,10,10,10,10,10,10,10,10
370826,0,1,1998,16,16,16,16,16,16,16,16,16,16
370826,1,1,1998,0,0,0,0,0,0,0,0,0,0
370827,0,1,1998,24,9,15,28,17,22,11,14,24,9
370827,1,1,1998,0,0,0,0,0,0,0,0,0,0
370828,1,1,1998,0,0,0,0,0,0,0,0,0,0
370829,1,1,1998,25,25,25,25,25,25,25,25,25,25
370830,1,1,1998,0,0,0,0,0,0,0,0,0,0
370831,1,1,1998,0,0,0,0,0,0,0,0,0,0
370831,2,1,1998,0,0,0,0,0,0,0,0,0,0
370832,1,1,1998,0,0,0,0,0,0,0,0,0,0
370832,2,1,1998,0,0,0,0,0,0,0,0,0,0
370833,1,1,1998,38,38,38,38,38,38,38,38,38,38
370834,1,1,1998,0,0,0,0,0,0,0,0,0,0
370835,1,1,1998,0,0,0,0,0,0,0,0,0,0
370835,2,1,1998,0,0,0,0,0,0,0,0,0,0
370835,3,1,1998,0,0,0,0,0,0,0,0,0,0
370836,1,1,1998,0,0,0,0,0,0,30,0,0,0
370837,1,1,1998,0,0,0,0,0,0,0,0,0,0
370837,2,1,1998,0,0,0,0,0,0,0,0,0,0
370838,0,1,1998,0,0,0,0,0,0,0,0,0,0
370838,1,1,1998,0,0,0,0,0,0,0,7,0,0
370839,0,1,1998,7,7,7,7,7,7,7,7,7,7
370839,1,1,1998,0,0,0,0,0,0,0,0,0,0
370840,1,1,1998,0,0,0,0,0,0,0,0,0,18
370842,0,1,1998,0,0,0,0,0,0,0,0,0,0
370842,1,1,1998,0,0,0,0,0,0,0,0,0,0
370843,1,1,1998,18,18,18,18,18,18,18,18,18,18
370844,1,1,1998,0,0,0,0,0,0,0,0,0,0
370845,1,1,1998,0,0,0,0,0,0,0,0,0,0
370845,2,1,1998,0,0,0,0,0,0,0,0,0,0
370846,1,1,1998,0,0,0,0,0,0,0,0,0,0
370847,0,1,1998,19,19,19,19,19,19,19,19,19,19
370847,1,1,1998,0,0,0,0,13,13,0,0,0,12
370848,1,1,1998,0,0,0,0,0,0,0,0,0,0
370848,2,1,1998,0,0,0,0,0,0,0,0,0,0
370849,1,1,1998,0,0,0,0,0,0,0,0,0,0
370849,2,1,1998,0,0,0,0,0,0,0,0,0,0
370850,1,1,1998,0,0,0,0,0,0,0,0,0,0
370850,2,1,1998,0,0,0,0,0,0,0,0,0,0
370850,3,1,1998,0,0,0,0,0,0,0,0,0,0
370851,1,1,1998,0,0,0,0,0,0,0,0,0,0
370852,1,1,1998,0,0,0,0,0,0,0,0,0,0
370852,2,1,1998,0,0,0,0,0,0,0,0,0,0
370852,3,1,1998,0,0,0,0,0,0,0,0,0,0
370853,1,1,1998,6,15,5,10,0,17,0,10,0,12
370854,0,1,1998,0,0,0,0,0,0,0,0,0,0
370854,1,1,1998,0,0,0,0,0,0,0,0,0,0
370855,1,1,1998,0,0,0,0,0,0,0,0,0,0
370855,2,1,1998,0,0,0,0,0,0,0,7,0,0
370856,0,1,1998,0,11,0,0,0,0,0,0,0,0
370856,0,2,1998,0,0,0,0,0,0,0,0,0,0
370856,1,1,1998,0,0,0,0,0,0,0,0,0,0
370857,1,1,1998,0,0,0,0,0,0,0,0,0,0
370857,2,1,1998,0,0,0,0,0,0,0,0,0,0
370858,1,1,1998,0,0,0,0,0,8,0,0,0,0
370859,1,1,1998,0,0,0,0,0,0,0,32,0,12
370861,1,1,1998,20,20,20,20,20,20,20,20,20,20
370861,2,1,1998,0,0,0,0,0,0,0,0,0,0
370863,1,1,1998,0,0,0,0,0,0,0,0,0,0
370863,2,1,1998,0,0,0,0,0,0,0,0,0,0
370864,1,1,1998,0,0,0,0,0,0,0,0,0,0
370864,2,1,1998,0,0,0,0,0,0,0,8,0,0
370865,1,1,1998,0,0,0,0,0,0,0,0,0,0
370866,1,1,1998,9,19,13,14,0,3,0,5,6,9
370866,2,1,1998,0,0,0,0,0,0,0,0,0,0
370867,1,1,1998,0,0,0,0,0,0,0,0,0,0
370868,1,1,1998,22,9,27,12,21,12,9,13,19,27
370869,0,1,1998,24,24,24,24,24,24,24,24,24,24
370869,1,1,1998,0,0,0,0,0,0,0,4,0,0
370870,1,1,1998,0,0,0,0,0,0,0,0,0,0
370870,2,1,1998,0,0,0,0,0,0,0,0,0,0
370871,1,1,1998,0,0,0,0,0,0,0,0,0,0
370871,2,1,1998,0,0,0,0,0,0,0,0,0,0
370872,1,1,1998,0,0,0,0,0,0,0,0,0,0
370872,2,1,1998,0,0,0,0,0,0,0,0,0,0
370873,1,1,1998,0,0,0,0,0,0,0,0,0,0
370874,1,1,1998,0,0,0,0,0,0,0,0,0,0
370875,1,1,1998,0,0,0,0,0,0,0,0,0,0
370875,2,1,1998,0,0,0,0,0,0,0,0,0,0
370876,1,1,1998,0,0,0,0,0,0,0,0,0,0
370876,2,1,1998,0,0,0,0,0,0,0,0,0,0
370876,3,1,1998,0,0,0,0,0,0,0,0,0,0
370877,1,1,1998,0,0,0,0,0,0,0,0,0,0
370878,1,1,1998,20,0,26,0,0,0,0,0,0,0
370879,1,1,1998,0,0,0,0,0,0,0,0,0,0
370880,1,1,1998,0,0,0,0,0,0,0,0,0,0
370881,1,1,1998,0,0,0,0,0,0,0,0,0,0
370882,1,1,1998,0,0,0,0,0,0,0,0,0,0
370883,1,1,1998,0,0,0,0,0,0,0,0,0,0
370883,2,1,1998,0,0,0,0,0,0,0,0,0,0
370883,3,1,1998,0,0,0,0,0,0,0,0,0,0
370884,1,1,1998,21,21,21,21,21,21,21,21,21,21
370885,0,1,1998,0,0,0,0,0,0,0,0,0,0
370885,1,1,1998,11,12,14,10,0,4,10,14,28,12
370886,1,1,1998,0,0,0,0,0,0,0,0,0,0
370886,2,1,1998,0,0,0,0,0,0,0,0,0,0
370887,1,1,1998,0,0,0,0,0,0,23,5,0,0
370887,2,1,1998,0,0,0,0,0,0,8,0,0,0
370887,3,1,1998,0,0,0,0,0,0,0,0,0,0
370888,1,1,1998,17,15,9,6,26,1,0,7,14,2
370888,2,1,1998,0,0,0,0,0,0,0,0,0,0
370888,3,1,1998,0,0,0,0,0,0,0,0,0,0
370889,1,1,1998,0,0,0,0,0,0,0,0,0,0
370889,2,1,1998,0,0,0,0,0,0,0,0,0,0
370890,1,1,1998,0,0,0,0,0,0,0,0,0,0
370890,2,1,1998,0,0,0,0,0,0,0,0,0,0
370891,1,1,1998,0,0,0,0,0,0,0,0,0,0
370892,1,1,1998,0,0,0,0,0,0,0,0,0,0
370892,2,1,1998,0,0,0,0,0,0,0,0,0,0
370893,1,1,1998,0,0,0,0,0,0,0,0,0,0
370893,2,1,1998,7,9,21,12,10,0,16,0,17,12
370894,1,1,1998,0,0,0,0,0,0,0,0,0,0
370895,1,1,1998,0,0,0,0,0,0,0,0,0,0
370896,1,1,1998,0,0,0,0,0,0,0,0,0,0
370896,2,1,1998,0,0,0,0,0,0,0,0,0,0
370897,1,1,1998,0,0,0,0,0,0,0,0,0,0
370898,1,1,1998,0,0,0,0,0,0,7,0,0,0
370898,2,1,1998,0,0,0,0,0,0,0,0,0,0
370899,1,1,1998,24,8,17,12,8,11,19,10,31,10
370900,1,1,1998,0,0,0,0,0,0,0,0,0,0
370900,2,1,1998,0,0,0,0,0,0,0,0,0,0
370901,1,1,1998,13,13,13,13,13,13,13,13,13,13
370902,0,1,1998,34,8,21,25,20,25,48,24,13,10
370902,1,1,1998,0,0,0,0,0,0,0,0,0,0
370903,1,1,1998,13,13,13,13,13,13,13,13,13,13
370904,0,1,1998,13,13,13,13,13,13,13,13,13,13
370904,1,1,1998,0,0,0,0,0,0,0,0,0,0
370905,1,1,1998,0,0,11,26,3,0,13,0,7,18
370905,2,1,1998,11,12,8,17,0,19,5,14,0,6
370906,0,1,1998,0,0,0,0,0,0,0,0,0,0
370906,1,1,1998,0,0,0,0,0,0,0,0,0,0
370907,1,1,1998,0,0,0,0,0,0,0,0,0,0
370907,2,1,1998,0,0,0,0,0,0,0,0,0,0
370908,1,1,1998,14,14,14,14,14,14,14,14,14,14
370909,1,1,1998,8,6,0,22,0,0,0,0,4,29
370909,2,1,1998,0,0,0,0,0,0,0,0,0,0
370910,1,1,1998,13,32,24,0,22,17,0,22,15,12
370911,1,1,1998,0,0,0,0,0,0,0,0,0,0
370911,2,1,1998,0,0,0,0,0,0,0,0,0,0
370912,1,1,1998,0,0,0,0,0,0,0,0,0,0
370912,2,1,1998,0,0,0,0,0,0,0,0,0,0
370913,1,1,1998,0,0,0,0,0,0,0,0,0,0
370913,2,1,1998,0,0,0,0,0,0,0,0,0,0
370914,0,1,1998,0,0,0,0,0,0,0,0,0,0
370914,1,1,1998,0,0,0,0,0,0,0,0,0,0
370915,1,1,1998,29,29,29,29,29,29,29,29,29,29
370916,1,1,1998,0,0,0,0,0,0,0,0,0,15
370916,2,1,1998,0,0,0,0,0,0,0,0,0,0
370917,1,1,1998,0,17,0,0,0,0,0,0,9,0
370918,1,1,1998,0,0,0,0,0,0,0,0,0,0
370918,2,1,1998,0,0,0,0,0,0,0,0,0,0
370919,1,1,1998,0,0,0,0,0,0,0,0,0,0
370920,1,1,1998,0,0,0,0,0,0,0,0,0,0
370921,1,1,1998,0,0,0,0,0,0,0,0,0,0
370921,2,1,1998,26,26,26,26,26,26,26,26,26,26
370922,0,1,1998,0,0,0,0,0,0,0,0,0,0
370922,1,1,1998,0,0,0,0,0,0,0,0,0,0
370923,1,1,1998,0,0,0,0,0,0,0,0,0,0
370923,2,1,1998,0,0,0,0,0,0,0,0,0,0
370924,1,1,1998,19,19,19,19,19,19,19,19,19,19
370925,1,1,1998,0,0,0,0,0,0,0,0,0,0
370926,1,1,1998,0,0,0,0,0,0,0,0,0,0
370927,1,1,1998,12,12,12,12,12,12,12,12,12,12
370928,1,1,1998,0,0,0,0,0,0,0,0,0,0
370929,1,1,1998,0,0,0,0,0,0,0,0,0,0
370930,1,1,1998,0,0,0,0,0,0,0,0,0,0
370930,2,1,1998,0,0,0,0,0,0,0,0,0,0
370931,1,1,1998,11,11,11,11,11,11,11,11,11,11
370931,2,1,1998,0,0,0,0,0,0,0,0,0,0
370932,1,1,1998,0,0,0,0,0,0,0,0,4,0
370933,1,1,1998,0,0,0,0,0,0,0,0,0,0
370933,2,1,1998,27,27,27,27,27,27,27,27,27,27
370934,1,1,1998,0,0,0,0,0,0,0,0,0,0
370934,2,1,1998,0,0,0,0,0,0,0,0,0,0
370935,1,1,1998,0,0,19,0,0,0,17,0,0,0
370936,0,1,1998,0,0,0,0,0,0,0,0,0,0
370936,1,1,1998,0,12,0,0,0,0,0,0,0,0
370937,1,1,1998,0,0,0,0,0,0,0,0,0,0
370938,1,1,1998,20,6,7,12,22,14,0,5,14,11
370939,0,1,1998,0,0,0,0,0,0,0,0,0,0
370939,1,1,1998,0,0,0,0,0,0,0,0,0,0
370940,1,1,1998,0,0,0,0,0,0,0,0,0,0
370940,2,1,1998,0,0,0,0,0,0,0,0,0,0
370940,3,1,1998,0,0,0,0,0,0,0,0,0,0
370941,0,1,1998,0,0,0,0,0,0,0,0,0,0
370941,1,1,1998,0,0,0,0,0,6,0,0,0,0
370942,0,1,1998,16,16,16,16,16,16,16,16,16,16
370942,1,1,1998,0,0,0,2,0,0,0,0,0,0
370943,1,1,1998,0,0,0,0,0,0,0,0,0,0
370944,1,1,1998,0,0,0,0,0,0,0,0,0,0
370945,1,1,1998,0,0,0,0,0,0,0,0,0,0
370945,2,1,1998,0,0,0,0,0,0,0,0,0,0
370946,1,1,1998,0,0,0,0,0,0,0,0,0,0
370946,2,1,1998,0,0,0,0,0,0,0,0,0,0
370947,0,1,1998,0,0,0,0,0,0,0,0,0,0
370947,1,1,1998,0,0,0,0,0,0,0,0,0,0
370948,1,1,1998,0,0,0,0,0,9,0,0,0,5
370949,1,1,1998,0,0,0,0,0,0,0,0,0,0
370949,2,1,1998,0,19,0,0,0,0,0,0,0,0
370950,1,1,1998,19,19,19,19,19,19,19,19,19,19
370950,2,1,1998,0,0,0,0,0,0,0,0,0,0
370951,1,1,1998,20,20,20,20,20,20,20,20,20,20
370952,1,1,1998,17,17,17,17,17,17,17,17,17,17
370953,0,1,1998,0,0,0,0,0,0,0,0,0,0
370953,0,2,1998,27,20,11,0,40,31,25,21,27,1
370953,1,1,1998,0,0,0,0,0,0,0,0,0,0
370954,1,1,1998,0,0,0,0,0,0,0,0,0,0
370954,2,1,1998,0,0,0,0,0,0,0,0,0,0
370955,1,1,1998,0,0,0,0,0,0,0,0,0,0
370955,2,1,1998,0,0,0,0,0,0,0,0,0,0
370956,1,1,1998,14,14,14,14,14,14,14,14,14,14
370957,1,1,1998,0,0,0,0,0,0,0,0,0,0
370957,2,1,1998,0,0,0,0,0,0,0,0,0,0
370957,3,1,1998,0,0,0,10,0,0,0,0,0,0
370957,4,1,1998,0,0,0,0,0,0,0,0,0,0
370958,1,1,1998,0,0,0,0,0,0,0,0,0,0
370959,1,1,1998,0,0,16,19,17,21,10,12,10,34
370960,1,1,1998,9,9,9,9,9,9,9,9,9,9
370961,1,1,1998,24,24,24,24,24,24,24,24,24,24
370961,2,1,1998,8,23,11,18,12,7,13,18,17,4
370962,1,1,1998,0,0,0,0,0,0,0,0,0,0
370962,2,1,1998,0,0,0,0,0,0,0,0,0,0
370963,1,1,1998,8,8,8,8,8,8,8,8,8,8
370964,1,1,1998,9,24,23,29,25,31,24,14,14,23
370965,1,1,1998,0,0,0,0,0,0,0,0,0,0
370966,0,1,1998,0,23,0,11,30,0,15,16,0,19
370966,1,1,1998,0,0,0,0,0,0,0,0,6,0
370967,0,1,1998,29,28,33,20,9,15,17,11,30,0
370967,1,1,1998,8,22,13,2,5,0,9,13,5,7
370968,1,1,1998,16,16,16,16,16,16,16,16,16,16
370969,1,1,1998,35,18,25,0,19,18,21,7,0,0
370970,0,1,1998,2,2,2,2,2,2,2,2,2,2
370970,1,1,1998,27,5,33,3,0,9,16,13,17,7
370971,1,1,1998,0,0,0,5,0,0,0,10,7,0
370971,2,1,1998,0,0,0,0,0,0,0,0,0,0
370972,1,1,1998,0,0,0,0,0,0,0,0,0,0
370972,2,1,1998,0,0,0,0,0,0,0,0,0,0
370973,1,1,1998,0,0,0,0,0,0,0,0,23,0
370974,1,1,1998,14,14,14,14,14,14,14,14,14,14
370975,1,1,1998,26,26,26,26,26,26,26,26,26,26
370976,1,1,1998,7,12,12,16,31,31,15,0,26,14
370976,2,1,1998,0,0,0,0,0,0,0,0,0,0
370977,1,1,1998,0,0,0,0,0,0,0,0,0,0
370977,2,1,1998,0,0,0,0,0,0,0,0,0,0
370978,1,1,1998,0,0,0,0,0,0,0,0,12,0
370978,2,1,1998,2,2,2,2,2,2,2,2,2,2
370979,1,1,1998,25,10,10,15,12,22,7,15,25,28
370980,1,1,1998,0,0,0,0,0,0,0,0,0,0
370980,2,1,1998,0,0,0,0,0,0,0,0,0,0
370981,1,1,1998,7,7,7,7,7,7,7,7,7,7
370982,1,1,1998,21,21,21,21,21,21,21,21,21,21
370983,1,1,1998,0,0,0,0,0,0,0,0,0,0
370984,0,1,1998,29,29,29,29,29,29,29,29,29,29
370984,1,1,1998,0,0,7,0,22,0,0,0,0,0
370985,1,1,1998,0,0,0,0,0,0,0,0,0,0
370986,1,1,1998,0,0,0,0,0,0,0,0,0,0
370986,2,1,1998,0,0,0,0,0,0,0,0,0,0
370987,1,1,1998,23,23,23,23,23,23,23,23,23,23
370987,2,1,1998,0,0,0,3,7,0,0,0,0,0
370988,1,1,1998,0,0,0,0,0,0,0,0,0,0
370988,2,1,1998,16,0,12,19,18,22,11,26,9,19
370989,1,1,1998,16,22,31,9,0,4,16,4,18,24
370990,1,1,1998,12,12,12,12,12,12,12,12,12,12
370991,1,1,1998,0,0,0,0,0,0,0,0,0,0
370991,2,1,1998,0,0,0,0,0,0,0,0,0,0
370992,1,1,1998,0,0,0,0,0,0,0,0,0,0
370992,2,1,1998,0,0,0,0,0,0,0,0,0,0
370993,1,1,1998,0,0,0,0,0,0,0,0,0,0
370993,2,1,1998,0,0,0,0,0,0,0,0,0,0
370994,1,1,1998,12,4,11,10,14,22,14,12,14,20
370995,1,1,1998,30,18,28,14,19,0,0,19,8,11
370996,1,1,1998,0,0,0,0,0,0,0,0,0,0
370996,2,1,1998,0,0,0,0,0,0,0,0,0,0
370997,0,1,1998,0,0,0,0,0,0,0,0,0,0
370997,1,1,1998,0,0,0,0,0,0,0,0,0,0
370998,1,1,1998,6,0,31,21,25,14,0,11,0,17
370998,2,1,1998,0,0,0,0,0,0,0,0,0,0
370999,1,1,1998,0,0,0,0,0,0,0,0,0,0
370999,2,1,1998,0,0,0,0,0,0,0,0,0,0
371000,1,1,1998,37,0,13,21,39,22,30,17,0,24
371001,1,1,1998,0,0,0,0,0,0,0,0,0,0
371001,2,1,1998,0,0,0,0,0,0,0,0,0,0
371002,1,1,1998,8,8,8,8,8,8,8,8,8,8
371002,2,1,1998,0,0,0,0,0,0,0,0,0,28
371003,1,1,1998,0,0,0,0,0,0,0,0,0,0
371003,2,1,1998,0,0,0,0,0,0,0,0,0,0
371004,1,1,1998,0,2,0,0,0,0,0,0,0,0
371004,2,1,1998,0,27,0,0,0,29,0,0,29,0
371004,3,1,1998,0,0,0,0,0,0,0,0,0,0
371005,0,1,1998,0,0,0,0,0,0,0,0,0,0
371005,1,1,1998,6,0,0,0,0,0,0,0,0,0
371006,0,1,1998,0,0,0,0,0,0,0,0,0,0
371006,1,1,1998,0,0,0,0,0,0,0,0,0,0
371007,1,1,1998,0,0,0,0,0,0,0,0,0,0
371008,0,1,1998,20,12,59,39,29,15,20,16,0,0
371008,1,1,1998,0,0,0,7,0,0,0,0,0,9
371009,1,1,1998,0,0,0,0,0,0,0,0,0,0
371009,2,1,1998,0,0,0,0,0,0,0,0,0,0
371009,3,1,1998,0,0,0,0,0,0,0,0,0,0
371010,0,1,1998,0,0,0,0,0,0,0,0,0,0
371010,1,1,1998,0,0,0,0,0,0,0,0,0,0
371011,1,1,1998,0,0,0,0,0,0,0,0,0,0
371011,2,1,1998,0,0,0,0,0,0,0,0,0,0
371012,1,1,1998,5,5,5,5,5,5,5,5,5,5
371013,1,1,1998,0,0,0,0,0,0,0,0,0,0
371013,2,1,1998,0,0,0,0,0,0,0,0,0,0
371014,1,1,1998,16,16,16,16,16,16,16,16,16,16
371015,0,1,1998,0,0,0,0,0,0,9,0,15,15
371015,1,1,1998,16,11,17,0,0,0,4,15,12,10
371016,0,1,1998,0,0,0,0,0,0,0,0,0,0
371016,1,1,1998,0,0,0,0,0,0,0,0,0,0
371017,1,1,1998,14,28,26,22,46,6,12,14,33,28
371018,1,1,1998,0,0,0,0,0,0,0,0,0,0
371018,2,1,1998,0,0,0,0,0,0,0,0,0,0
371019,1,1,1998,0,0,0,0,0,0,21,0,0,0
371019,2,1,1998,0,0,0,0,0,0,0,0,0,0
371019,3,1,1998,0,0,0,0,0,0,0,0,0,0
371020,1,1,1998,0,0,0,0,0,0,0,0,0,0
371020,2,1,1998,0,0,0,0,0,0,0,0,0,0
371020,3,1,1998,0,0,0,0,0,0,0,0,0,0
371021,1,1,1998,0,0,0,0,0,0,0,0,0,0
371022,1,1,1998,0,0,0,0,0,0,0,0,0,0
371023,1,1,1998,0,0,0,0,0,0,0,0,0,0
371023,2,1,1998,0,0,0,0,0,0,0,0,0,0
371024,1,1,1998,0,0,0,0,0,0,0,0,0,0
371024,2,1,1998,0,0,0,0,0,0,0,0,0,0
371025,1,1,1998,0,0,0,0,0,0,0,0,0,21
371025,2,1,1998,0,0,0,0,0,0,0,0,0,0
371026,1,1,1998,0,0,0,0,0,0,0,0,0,0
371026,2,1,1998,5,5,5,5,5,5,5,5,5,5
371027,0,1,1998,0,0,0,0,0,0,0,0,0,0
371027,1,1,1998,0,0,0,0,0,6,0,0,0,0
371028,1,1,1998,23,23,23,23,23,23,23,23,23,23
371029,1,1,1998,0,0,0,0,0,0,0,0,0,0
371030,1,1,1998,26,36,24,26,25,27,33,28,12,25
371031,0,1,1998,0,0,0,0,0,0,0,0,0,0
371031,1,1,1998,0,0,0,0,0,0,0,0,0,0
371032,1,1,1998,17,5,0,16,17,6,37,0,8,0
371032,2,1,1998,0,0,0,0,0,0,0,0,0,0
371033,1,1,1998,14,16,10,0,29,36,21,16,29,19
371034,1,1,1998,27,27,27,27,27,27,27,27,27,27
371035,1,1,1998,19,14,32,0,2,17,11,9,26,16
371035,2,1,1998,0,0,0,0,0,0,6,0,0,0
371036,1,1,1998,0,14,0,0,0,16,11,0,0,0
371036,2,1,1998,0,0,0,0,0,0,8,0,0,5
371037,1,1,1998,0,0,0,0,0,0,0,0,0,0
371037,2,1,1998,0,0,0,0,0,0,0,0,0,0
371038,1,1,1998,12,19,15,6,17,16,12,15,1,12
371038,2,1,1998,0,0,0,0,0,0,0,0,0,0
371039,0,1,1998,16,16,16,16,16,16,16,16,16,16
371039,1,1,1998,0,0,0,0,0,0,0,0,0,0
371040,1,1,1998,0,0,0,0,0,0,0,0,0,0
371040,2,1,1998,6,0,0,8,3,0,4,13,11,16
371041,1,1,1998,0,0,0,0,0,0,0,0,0,0
371041,2,1,1998,0,0,0,0,0,0,0,0,0,0
371042,1,1,1998,0,0,0,0,0,0,0,0,0,0
371044,1,1,1998,14,4,26,7,14,0,5,7,22,29
371045,1,1,1998,0,0,0,0,0,0,0,0,16,0
371045,2,1,1998,0,0,0,0,0,0,0,0,0,0
371046,0,1,1998,35,35,35,35,35,35,35,35,35,35
371046,1,1,1998,0,13,0,0,6,15,12,0,0,9
371047,1,1,1998,0,0,0,0,0,0,0,0,0,0
371047,2,1,1998,0,0,0,0,0,0,0,0,0,0
371048,1,1,1998,24,0,16,0,0,9,0,25,10,0
371049,1,1,1998,0,0,0,0,0,0,0,0,0,0
371049,2,1,1998,0,0,0,0,0,0,0,0,0,0
371049,3,1,1998,0,0,0,0,0,0,0,0,0,0
371050,1,1,1998,0,0,0,0,0,0,0,0,0,0
371050,2,1,1998,19,19,19,19,19,19,19,19,19,19
371050,3,1,1998,0,0,0,0,0,0,0,0,0,0
371051,0,1,1998,0,0,0,0,0,0,0,0,0,0
371051,1,1,1998,0,0,0,0,0,0,0,0,0,0
371052,0,1,1998,0,0,0,0,0,0,0,0,0,0
371052,1,1,1998,0,0,0,0,13,9,0,0,0,0
371053,1,1,1998,0,0,0,0,0,0,0,0,0,0
371053,2,1,1998,0,0,0,0,0,0,0,0,0,0
371053,3,1,1998,0,0,0,8,0,0,0,0,0,0
371054,0,1,1998,29,29,29,29,29,29,29,29,29,29
371054,1,1,1998,0,0,0,0,0,0,0,0,0,0
371055,1,1,1998,11,11,11,11,11,11,11,11,11,11
371056,1,1,1998,0,0,0,0,0,0,0,0,0,0
371056,2,1,1998,0,0,0,0,0,0,0,0,0,0
371057,1,1,1998,0,0,0,0,0,0,0,0,0,0
371057,2,1,1998,0,0,0,0,0,0,0,0,0,0
371058,1,1,1998,7,7,7,7,7,7,7,7,7,7
371058,2,1,1998,0,0,0,0,0,0,0,0,0,0
371059,1,1,1998,0,0,0,0,0,0,0,0,0,0
371060,0,1,1998,28,28,28,28,28,28,28,28,28,28
371060,1,1,1998,0,0,0,0,0,0,0,0,0,0
371061,1,1,1998,0,0,0,0,0,0,0,0,0,0
371062,1,1,1998,28,4,0,25,6,12,0,21,0,8
371063,1,1,1998,30,8,17,19,27,0,6,15,9,16
371064,1,1,1998,17,17,17,17,17,17,17,17,17,17
371065,1,1,1998,4,4,4,4,4,4,4,4,4,4
371066,1,1,1998,10,10,10,10,10,10,10,10,10,10
371067,1,1,1998,0,0,0,0,0,0,0,0,0,0
371067,2,1,1998,0,0,0,0,0,0,0,0,0,0
371068,1,1,1998,0,0,0,0,0,0,0,0,0,0
371069,1,1,1998,0,0,0,0,0,0,0,0,0,0
371069,2,1,1998,0,0,0,0,0,0,0,0,0,0
371070,1,1,1998,5,24,11,11,0,18,12,0,22,22
371070,2,1,1998,0,0,0,0,0,0,0,0,0,0
371071,1,1,1998,0,0,0,0,0,0,0,0,0,0
371072,1,1,1998,0,0,0,0,0,0,0,0,0,0
371072,2,1,1998,0,0,0,0,0,0,0,0,0,0
371073,1,1,1998,0,0,0,0,0,0,0,0,0,0
371073,2,1,1998,0,0,0,0,0,0,0,0,0,0
371074,0,1,1998,21,21,21,21,21,21,21,21,21,21
371074,1,1,1998,0,0,13,0,0,0,0,0,4,0
371075,1,1,1998,24,24,24,24,24,24,24,24,24,24
371076,1,1,1998,0,0,0,0,0,0,0,0,0,0
371076,2,1,1998,0,0,0,0,0,0,0,0,0,0
371076,3,1,1998,0,0,0,0,0,0,0,0,0,0
371077,1,1,1998,0,0,0,0,0,0,0,0,0,0
371077,2,1,1998,0,0,0,0,0,0,0,0,0,0
371078,0,1,1998,0,0,0,0,0,0,0,0,0,0
371078,1,1,1998,0,0,0,0,0,0,0,0,0,0
371079,1,1,1998,0,0,0,0,0,0,0,0,0,0
371080,1,1,1998,0,0,0,0,0,0,0,0,0,0
371080,2,1,1998,0,0,0,0,0,0,0,0,0,0
371080,3,1,1998,0,0,0,0,0,0,0,0,0,0
371080,4,1,1998,0,0,0,0,0,0,0,0,0,0
371081,1,1,1998,0,0,0,0,0,0,0,0,0,0
371081,2,1,1998,11,13,9,11,5,18,26,8,7,17
371082,1,1,1998,3,20,7,23,16,24,5,7,22,16
371083,1,1,1998,45,29,22,31,13,18,24,25,23,27
371084,0,1,1998,0,0,0,0,0,0,0,0,0,0
371084,1,1,1998,0,0,0,0,0,0,0,0,0,0
371085,1,1,1998,0,0,0,0,0,0,0,0,0,0
371085,2,1,1998,0,0,0,0,0,0,0,0,0,0
371085,3,1,1998,17,8,18,4,8,0,6,4,9,8
371086,1,1,1998,0,0,0,0,0,0,0,0,0,0
371086,2,1,1998,0,0,0,0,0,0,0,0,0,0
371087,1,1,1998,22,22,22,22,22,22,22,22,22,22
371088,1,1,1998,13,13,13,13,13,13,13,13,13,13
371089,1,1,1998,0,0,0,0,0,0,0,0,0,0
371090,1,1,1998,0,0,0,0,0,0,0,0,0,0
371090,2,1,1998,0,0,0,0,0,0,0,0,0,0
371090,3,1,1998,0,0,0,0,0,0,0,0,0,0
371091,1,1,1998,2,2,2,2,2,2,2,2,2,2
371092,0,1,1998,0,0,0,0,0,0,0,0,0,0
371092,1,1,1998,0,0,0,0,0,0,0,0,0,0
371093,1,1,1998,0,0,0,0,0,0,0,0,0,0
371093,2,1,1998,0,0,0,0,0,0,0,0,0,0
371094,0,1,1998,23,24,22,42,17,26,27,22,32,0
371094,1,1,1998,29,29,29,29,29,29,29,29,29,29
371095,0,1,1998,0,0,0,0,0,0,0,0,0,0
371095,1,1,1998,0,0,0,0,0,0,0,0,0,0
371096,1,1,1998,0,0,0,0,0,0,0,0,0,0
371096,2,1,1998,0,0,0,0,0,0,0,0,0,0
371097,1,1,1998,16,0,0,0,6,0,0,11,0,0
371098,1,1,1998,0,0,0,0,0,0,0,0,0,0
371098,2,1,1998,0,0,0,0,0,0,0,0,0,0
371099,0,1,1998,16,16,16,16,16,16,16,16,16,16
371099,1,1,1998,0,0,0,0,0,0,0,0,0,0
371100,1,1,1998,0,0,0,0,0,0,0,0,0,0
371101,1,1,1998,0,0,0,0,0,0,0,0,0,0
371101,2,1,1998,0,0,0,0,0,0,0,0,0,0