ST_CASE,VEH_NO,PER_NO,YEAR,P1,P2,P3,P4,P5,P6,P7,P8,P9,P10
371371,1,1,1998,0,0,0,0,0,0,0,0,0,0
371371,2,1,1998,0,0,0,0,0,0,0,0,0,0
371372,1,1,1998,15,5,11,24,39,8,19,31,20,34
371373,1,1,1998,2,2,2,2,2,2,2,2,2,2
371373,2,1,1998,0,0,0,0,0,0,0,0,0,0
371374,1,1,1998,2,2,2,2,2,2,2,2,2,2
371375,1,1,1998,23,23,23,23,23,23,23,23,23,23
371376,0,1,1998,0,0,0,0,0,0,0,0,0,0
371376,1,1,1998,0,0,0,0,0,0,0,0,0,0
371376,2,1,1998,0,0,0,0,0,0,0,0,0,0
371377,1,1,1998,0,0,0,0,0,0,0,0,0,0
371377,2,1,1998,0,0,0,0,0,0,0,0,0,0
371377,3,1,1998,0,0,0,0,0,0,0,0,0,0
371378,1,1,1998,0,0,0,0,0,0,0,0,0,0
371378,2,1,1998,23,23,23,23,23,23,23,23,23,23
371379,1,1,1998,0,0,0,0,0,0,0,0,0,0
371379,2,1,1998,0,11,0,0,0,0,0,0,0,0
371380,1,1,1998,8,8,8,8,8,8,8,8,8,8
371381,0,1,1998,17,0,0,20,0,0,0,0,0,0
371381,1,1,1998,0,0,22,0,4,22,0,0,11,4
371382,1,1,1998,0,0,0,0,0,0,0,0,0,0
371383,1,1,1998,0,0,0,0,0,0,0,0,0,0
371383,2,1,1998,0,0,0,0,0,0,0,0,0,0
371383,3,1,1998,0,0,0,0,0,0,0,0,0,0
371384,1,1,1998,0,0,0,0,0,0,0,0,0,0
371385,1,1,1998,0,0,0,0,0,0,0,0,0,0
371386,1,1,1998,19,19,19,19,19,19,19,19,19,19
371387,1,1,1998,0,0,0,12,0,0,0,0,0,0
371387,2,1,1998,0,0,0,0,0,0,0,0,0,0
371388,1,1,1998,0,0,0,0,0,0,0,0,0,0
371389,1,1,1998,5,32,18,0,5,11,13,0,0,13
371390,1,1,1998,23,23,23,23,23,23,23,23,23,23
371391,1,1,1998,12,0,0,0,0,38,13,0,8,0
371392,1,1,1998,32,32,32,32,32,32,32,32,32,32
371393,0,1,1998,0,0,0,23,15,0,6,21,0,0
371393,1,1,1998,0,0,0,0,0,0,0,0,0,0
371394,1,1,1998,0,0,0,0,0,0,0,0,0,0
371394,2,1,1998,0,0,0,0,0,0,0,0,0,0
371395,0,1,1998,8,8,8,8,8,8,8,8,8,8
371395,1,1,1998,0,0,0,0,0,0,0,0,0,0
371396,1,1,1998,0,0,0,0,0,0,0,0,0,0
371396,2,1,1998,25,25,25,25,25,25,25,25,25,25
371397,1,1,1998,0,0,0,0,0,0,0,0,0,0
371397,2,1,1998,0,0,0,0,0,0,0,0,0,0
371398,1,1,1998,0,0,0,0,0,0,0,0,0,0
371399,1,1,1998,22,22,22,22,22,22,22,22,22,22
371399,2,1,1998,0,0,0,0,0,0,0,0,0,0
371400,1,1,1998,0,0,0,0,0,0,0,0,0,0
371400,2,1,1998,0,0,0,0,0,0,0,0,0,0
371401,1,1,1998,23,23,23,23,23,23,23,23,23,23
371402,1,1,1998,0,0,13,13,0,0,12,0,0,0
371402,2,1,1998,0,0,0,0,0,0,0,0,0,0
371403,1,1,1998,10,10,10,10,10,10,10,10,10,10
371403,2,1,1998,0,0,0,0,0,0,0,0,0,0
371404,1,1,1998,0,0,0,0,0,0,0,0,0,0
371404,2,1,1998,0,0,0,0,0,0,0,0,0,0
371405,0,1,1998,0,0,0,0,0,0,0,0,0,0
371405,1,1,1998,0,0,0,0,0,0,0,0,0,0
371406,1,1,1998,0,0,0,0,0,0,0,0,0,0
371407,1,1,1998,0,0,0,0,0,0,0,0,0,0
371408,1,1,1998,0,0,0,0,0,0,0,0,0,0
371408,2,1,1998,0,0,0,0,0,0,0,0,0,0
371409,1,1,1998,0,0,0,0,0,0,0,0,0,0
371409,2,1,1998,0,0,0,0,0,0,0,0,0,0
371409,3,1,1998,0,0,0,0,0,0,0,0,0,0
371410,1,1,1998,0,0,0,0,0,0,0,0,0,0
371410,2,1,1998,0,0,0,0,0,0,0,0,0,0
371411,0,1,1998,6,6,6,6,6,6,6,6,6,6
371411,1,1,1998,0,0,0,0,0,0,0,0,0,0
371412,1,1,1998,5,23,0,16,7,0,0,0,0,9
371413,1,1,1998,0,0,0,0,0,0,0,0,0,0
371413,2,1,1998,0,0,0,0,0,0,0,0,0,0
371414,1,1,1998,0,0,0,0,0,0,0,0,0,0
371414,2,1,1998,0,0,0,0,0,0,0,0,0,0
371414,3,1,1998,0,0,0,0,0,0,0,0,0,0
371415,1,1,1998,14,26,14,16,14,12,12,5,20,6
371415,2,1,1998,0,0,0,0,0,0,0,0,0,0
371416,1,1,1998,0,0,0,0,0,0,0,0,0,0
371416,2,1,1998,0,0,0,0,0,0,0,0,0,0
371417,1,1,1998,0,0,0,0,0,0,0,0,0,0
371417,2,1,1998,0,0,0,0,0,0,0,0,0,0
371417,3,1,1998,0,0,0,0,0,0,0,0,0,0
371417,4,1,1998,0,0,0,0,0,0,0,0,0,0
371418,1,1,1998,6,6,6,6,6,6,6,6,6,6
371419,1,1,1998,0,0,0,21,0,0,0,0,0,0
371420,1,1,1998,0,0,0,0,0,0,0,0,0,0
371421,1,1,1998,10,10,10,10,10,10,10,10,10,10
371421,2,1,1998,0,0,0,0,0,0,0,0,0,0
371422,1,1,1998,18,18,18,18,18,18,18,18,18,18
371423,1,1,1998,0,0,0,0,0,0,0,0,0,0
371424,0,1,1998,0,0,0,0,0,0,0,0,0,0
371424,1,1,1998,0,0,0,0,0,0,0,0,0,0
371425,1,1,1998,0,0,0,0,0,0,0,0,0,0
371425,2,1,1998,7,11,11,13,0,18,11,15,0,21
371426,1,1,1998,0,0,0,0,0,0,0,0,0,0
371426,2,1,1998,0,0,0,0,0,0,0,0,0,0
371427,1,1,1998,17,17,12,14,31,11,18,15,13,0
371428,1,1,1998,0,0,0,0,0,0,0,0,0,0
371428,2,1,1998,0,0,0,0,0,0,0,0,0,0
371428,3,1,1998,0,0,0,0,0,0,0,0,0,0
371428,4,1,1998,0,0,0,0,0,0,0,0,0,0
371429,1,1,1998,0,0,0,0,0,0,0,0,0,0
371429,2,1,1998,0,0,0,0,0,0,0,0,0,0
371430,1,1,1998,0,14,15,16,0,19,11,13,0,15
371431,1,1,1998,0,0,0,0,0,0,0,0,0,0
371431,2,1,1998,0,0,0,0,0,0,0,0,0,0
371432,0,1,1998,27,27,27,27,27,27,27,27,27,27
371432,1,1,1998,0,0,0,0,0,0,0,0,0,0
371433,1,1,1998,13,0,12,0,17,0,0,0,4,6
371434,1,1,1998,0,0,0,0,0,0,0,0,0,0
371434,2,1,1998,0,7,18,19,13,28,0,2,0,26
371435,1,1,1998,0,0,0,0,0,0,0,0,0,0
371435,2,1,1998,0,0,0,0,0,0,0,0,0,0
371436,0,1,1998,19,32,18,41,18,19,25,36,29,27
371436,1,1,1998,0,0,0,0,0,14,0,6,0,0
371437,0,1,1998,22,22,22,22,22,22,22,22,22,22
371437,1,1,1998,17,16,16,17,28,19,11,0,14,0
371438,0,1,1998,8,8,8,8,8,8,8,8,8,8
371438,1,1,1998,0,0,0,0,0,0,0,0,0,0
371439,1,1,1998,0,0,0,0,0,0,0,0,0,0
371439,2,1,1998,0,0,0,0,0,0,0,0,0,0
371440,1,1,1998,0,0,0,0,0,0,0,0,0,0
371440,2,1,1998,19,0,5,0,6,24,11,2,0,5
371441,1,1,1998,0,0,0,0,0,0,0,0,0,0
371441,2,1,1998,0,0,0,0,0,0,0,0,0,0
371442,1,1,1998,0,0,0,0,0,0,0,0,0,0
371442,2,1,1998,0,0,0,0,0,0,0,0,0,0
371443,1,1,1998,0,0,0,0,0,4,0,0,0,5
371443,2,1,1998,0,0,0,0,0,0,0,0,0,0
371443,3,1,1998,0,14,0,0,0,0,0,0,0,0
371444,0,1,1998,0,0,0,0,0,0,0,0,0,0
371444,1,1,1998,0,0,0,0,0,0,0,0,0,0
371445,1,1,1998,0,0,0,0,0,0,0,0,0,0
371446,0,1,1998,0,0,0,0,0,0,0,0,6,0
371446,1,1,1998,0,4,0,0,0,0,0,0,0,0
371446,2,1,1998,0,0,0,0,0,0,0,0,0,0
371447,0,1,1998,25,13,20,20,26,23,27,9,15,17
371447,1,1,1998,0,0,0,0,0,0,0,0,0,0
371448,1,1,1998,0,0,0,0,0,0,0,0,0,0
371448,2,1,1998,0,0,0,0,0,0,0,0,0,0
371449,1,1,1998,0,0,0,0,0,0,21,0,0,0
371449,2,1,1998,0,0,0,0,0,0,0,0,0,0
371450,1,1,1998,0,0,0,0,0,0,0,0,0,0
371450,2,1,1998,0,0,0,17,0,0,0,0,0,0
371451,1,1,1998,0,0,0,0,0,0,0,0,0,0
371451,2,1,1998,0,0,0,0,0,0,0,0,0,0
371452,1,1,1998,0,0,0,0,0,0,0,0,0,0
371452,2,1,1998,0,0,0,0,0,0,0,0,0,0
371453,1,1,1998,0,0,0,0,0,0,0,0,0,0
371453,2,1,1998,0,0,0,0,0,0,0,0,0,0
371454,1,1,1998,6,13,4,0,0,8,15,6,15,0
371455,1,1,1998,0,0,0,0,0,0,0,0,0,0
371455,2,1,1998,0,0,0,0,0,0,0,0,0,0
380001,1,1,1998,20,20,20,20,20,20,20,20,20,20
380002,1,1,1998,0,0,0,0,0,0,0,0,0,0
380002,2,1,1998,16,16,16,16,16,16,16,16,16,16
380003,1,1,1998,0,0,14,0,0,0,2,16,9,0
380004,1,1,1998,0,0,0,0,0,0,14,0,0,0
380005,1,1,1998,0,0,0,0,0,0,0,0,0,0
380006,1,1,1998,7,7,7,7,7,7,7,7,7,7
380006,2,1,1998,0,0,0,0,0,0,0,0,0,0
380007,1,1,1998,0,0,0,0,0,0,0,0,0,0
380007,2,1,1998,0,0,0,0,0,0,0,0,0,0
380008,1,1,1998,18,8,14,13,16,14,20,25,20,8
380009,1,1,1998,0,0,0,0,0,0,0,0,0,0
380009,2,1,1998,0,0,19,0,0,0,0,0,0,0
380010,1,1,1998,0,0,0,0,0,0,0,0,0,0
380011,1,1,1998,0,0,0,0,0,0,0,0,0,0
380011,2,1,1998,0,0,0,0,0,0,0,0,0,0
380012,1,1,1998,21,21,21,21,21,21,21,21,21,21
380013,1,1,1998,0,0,0,0,0,0,0,0,0,0
380014,1,1,1998,11,11,11,11,11,11,11,11,11,11
380015,1,1,1998,6,0,0,0,0,0,0,0,0,0
380016,1,1,1998,0,0,0,0,0,0,0,0,0,0
380017,1,1,1998,0,0,0,0,0,0,0,0,0,0
380017,2,1,1998,0,0,4,0,0,0,0,0,0,0
380018,1,1,1998,10,10,10,10,10,10,10,10,10,10
380019,1,1,1998,0,0,0,0,0,0,0,0,0,0
380019,2,1,1998,0,0,0,0,0,0,0,0,0,0
380020,1,1,1998,0,0,0,0,0,0,0,0,0,0
380021,1,1,1998,10,10,10,10,10,10,10,10,10,10
380022,1,1,1998,0,14,0,0,0,11,14,0,22,0
380023,1,1,1998,0,0,0,0,0,0,0,0,0,0
380023,2,1,1998,0,0,16,0,0,0,0,0,0,0
380024,1,1,1998,0,0,0,0,0,0,0,0,0,0
380024,2,1,1998,0,0,0,0,0,0,0,0,0,0
380025,1,1,1998,18,18,18,18,18,18,18,18,18,18
380026,1,1,1998,2,2,2,2,2,2,2,2,2,2
380027,1,1,1998,0,0,0,0,0,0,0,0,0,0
380027,2,1,1998,0,0,0,0,0,0,0,0,0,0
380027,3,1,1998,0,0,0,0,0,0,0,0,0,0
380028,1,1,1998,20,20,20,20,20,20,20,20,20,20
380029,1,1,1998,0,0,0,0,0,0,0,0,0,0
380029,2,1,1998,0,0,0,0,0,0,0,0,0,0
380030,1,1,1998,13,13,13,13,13,13,13,13,13,13
380030,2,1,1998,0,0,0,0,0,0,0,0,0,0
380031,1,1,1998,0,0,0,0,0,0,0,0,0,0
380032,1,1,1998,20,20,20,20,20,20,20,20,20,20
380033,1,1,1998,23,23,23,23,23,23,23,23,23,23
380033,2,1,1998,0,0,0,0,0,0,0,0,0,0
380034,1,1,1998,0,0,0,0,0,0,0,0,0,0
380035,0,1,1998,0,0,0,0,0,0,0,0,0,0
380035,1,1,1998,12,12,12,12,12,12,12,12,12,12
380036,1,1,1998,14,4,14,11,12,21,10,0,11,10
380037,1,1,1998,0,0,0,0,0,0,0,0,0,0
380037,2,1,1998,0,0,0,0,0,0,0,0,0,0
380038,1,1,1998,0,0,0,0,0,0,0,0,0,0
380039,1,1,1998,21,21,21,21,21,21,21,21,21,21
380040,1,1,1998,15,15,15,15,15,15,15,15,15,15
380041,1,1,1998,0,0,12,0,0,0,0,0,0,0
380041,2,1,1998,0,0,0,0,0,0,0,0,0,0
380042,1,1,1998,0,0,0,0,0,0,16,0,0,0
380043,1,1,1998,0,0,0,0,0,0,0,0,0,0
380043,2,1,1998,0,0,0,0,0,0,0,0,0,0
380043,3,1,1998,0,0,0,0,0,0,0,0,0,0
380043,4,1,1998,0,0,0,0,0,0,0,0,0,0
380043,5,1,1998,0,0,0,0,0,0,0,0,0,0
380044,1,1,1998,0,0,0,0,0,0,0,0,0,0
380045,1,1,1998,0,0,0,0,0,0,0,0,0,0
380045,2,1,1998,0,0,0,0,0,0,0,0,0,0
380046,1,1,1998,26,26,26,26,26,26,26,26,26,26
380046,2,1,1998,11,25,0,15,16,26,0,11,25,15
380047,0,1,1998,33,33,33,33,33,33,33,33,33,33
380047,1,1,1998,0,0,0,0,0,0,0,0,0,0
380048,1,1,1998,24,24,24,24,24,24,24,24,24,24
380049,1,1,1998,0,0,0,0,0,0,0,0,0,0
380049,2,1,1998,0,0,0,0,0,0,0,0,0,0
380050,1,1,1998,14,14,14,14,14,14,14,14,14,14
380051,1,1,1998,1,1,1,1,1,1,1,1,1,1
380051,2,1,1998,0,0,0,0,0,0,0,0,0,0
380052,1,1,1998,15,15,15,15,15,15,15,15,15,15
380053,1,1,1998,36,36,36,36,36,36,36,36,36,36
380054,1,1,1998,0,0,0,0,0,0,0,0,0,0
380055,0,1,1998,17,17,17,17,17,17,17,17,17,17
380055,1,1,1998,0,12,19,0,0,13,0,14,0,0
380056,1,1,1998,0,0,24,0,0,15,17,0,0,15
380057,1,1,1998,39,39,39,39,39,39,39,39,39,39
380058,1,1,1998,23,23,23,23,23,23,23,23,23,23
380058,2,1,1998,0,0,0,0,0,0,0,0,0,0
380059,1,1,1998,0,0,0,0,0,0,0,0,7,0
380059,2,1,1998,0,0,0,0,0,0,0,0,0,0
380060,1,1,1998,26,26,26,26,26,26,26,26,26,26
380060,2,1,1998,13,13,13,13,13,13,13,13,13,13
380061,1,1,1998,0,0,0,0,0,0,0,0,0,0
380061,2,1,1998,0,0,0,0,0,0,0,0,0,0
380062,1,1,1998,13,13,13,13,13,13,13,13,13,13
380063,0,1,1998,21,21,21,21,21,21,21,21,21,21
380063,1,1,1998,0,0,0,0,0,0,0,0,0,11
380064,1,1,1998,0,0,0,0,0,0,0,0,0,0
380065,1,1,1998,13,13,13,13,13,13,13,13,13,13
380066,0,1,1998,0,0,0,0,0,0,0,0,0,0
380066,1,1,1998,0,0,0,0,0,0,0,0,0,0
380067,1,1,1998,29,29,29,29,29,29,29,29,29,29
380068,1,1,1998,19,19,19,19,19,19,19,19,19,19
380069,1,1,1998,15,15,15,15,15,15,15,15,15,15
380069,2,1,1998,1,1,1,1,1,1,1,1,1,1
380070,1,1,1998,24,0,16,0,0,0,0,16,0,0
380071,1,1,1998,0,0,19,0,0,0,0,0,0,0
380072,1,1,1998,0,0,0,0,0,0,0,0,0,4
380073,1,1,1998,20,20,20,20,20,20,20,20,20,20
380074,1,1,1998,0,0,0,0,0,0,0,0,0,0
380074,2,1,1998,0,0,0,0,0,0,0,0,0,0
380075,1,1,1998,0,0,0,0,0,0,0,0,0,0
380076,1,1,1998,11,11,11,11,11,11,11,11,11,11
380077,1,1,1998,0,0,0,0,0,0,0,0,0,0
380078,1,1,1998,0,0,0,0,0,0,0,0,0,0
380079,1,1,1998,0,0,0,0,0,0,0,0,0,0
390001,0,1,1998,20,20,20,20,20,20,20,20,20,20
390001,1,1,1998,0,0,0,0,0,0,0,0,0,0
390002,1,1,1998,0,0,0,0,0,0,0,0,0,0
390002,2,1,1998,13,13,13,13,13,13,13,13,13,13
390003,1,1,1998,14,14,14,14,14,14,14,14,14,14
390004,1,1,1998,0,0,0,0,0,0,0,0,0,0
390005,1,1,1998,0,0,0,0,0,0,0,0,0,0
390005,2,1,1998,0,0,0,0,3,0,0,7,0,0
390006,1,1,1998,13,0,0,8,0,0,0,0,0,0
390007,1,1,1998,0,0,0,0,0,0,3,0,0,0
390007,2,1,1998,0,0,0,13,0,0,0,0,0,0
390007,3,1,1998,7,0,0,0,0,0,0,0,0,0
390008,1,1,1998,0,0,0,0,0,0,0,0,0,0
390009,1,1,1998,0,4,0,0,0,12,0,0,0,0
390010,1,1,1998,0,0,0,0,0,0,0,0,0,0
390010,2,1,1998,0,0,0,0,0,0,0,0,0,0
390011,1,1,1998,0,0,0,0,0,0,0,0,0,0
390011,2,1,1998,0,0,0,0,0,0,0,0,0,0
390012,1,1,1998,0,0,0,0,0,0,0,0,0,0
390012,2,1,1998,0,0,0,9,0,0,0,0,0,0
390012,3,1,1998,0,0,0,0,0,0,0,0,0,0
390012,4,1,1998,0,0,0,0,0,0,0,0,0,0
390013,1,1,1998,33,33,33,33,33,33,33,33,33,33
390014,1,1,1998,0,0,0,0,26,0,0,0,0,0
390014,2,1,1998,0,0,0,0,0,0,0,0,0,0
390015,1,1,1998,0,0,0,0,0,0,0,0,0,0
390015,2,1,1998,0,0,0,0,0,0,0,0,0,18
390016,1,1,1998,23,23,23,23,23,23,23,23,23,23
390017,1,1,1998,0,0,0,0,0,0,0,0,0,0
390018,1,1,1998,0,0,0,0,0,0,0,0,0,0
390018,2,1,1998,0,0,0,0,0,0,0,0,0,0
390018,3,1,1998,0,0,0,0,0,0,0,0,0,0
390019,1,1,1998,0,0,0,0,0,0,0,0,0,0
390020,1,1,1998,15,15,15,15,15,15,15,15,15,15
390020,2,1,1998,0,0,0,0,0,0,0,0,0,0
390021,1,1,1998,0,0,0,0,0,0,0,0,0,0
390021,2,1,1998,0,0,0,0,0,0,0,0,0,0
390022,1,1,1998,0,0,0,0,0,0,0,0,0,0
390022,2,1,1998,0,0,0,27,0,0,0,0,0,0
390023,1,1,1998,10,10,10,10,10,10,10,10,10,10
390023,2,1,1998,0,0,0,0,0,0,0,0,0,0
390024,1,1,1998,9,9,9,9,9,9,9,9,9,9
390025,1,1,1998,0,0,0,0,0,0,0,0,0,0
390025,2,1,1998,0,0,0,0,0,0,0,0,0,0
390025,3,1,1998,0,0,0,0,0,0,0,0,0,0
390026,1,1,1998,0,0,0,0,0,0,0,0,0,0
390027,0,1,1998,0,0,0,0,0,0,0,0,0,0
390027,1,1,1998,0,0,0,0,0,0,0,0,0,0
390028,0,1,1998,0,0,4,0,0,0,0,0,0,0
390028,1,1,1998,0,0,0,0,0,0,0,0,0,0
390029,1,1,1998,0,0,0,0,0,0,0,0,0,0
390030,1,1,1998,0,0,0,0,0,0,0,0,0,0
390031,1,1,1998,0,6,0,0,3,0,0,0,0,0
390032,1,1,1998,0,0,0,0,0,0,0,0,0,0
390032,2,1,1998,0,0,0,0,0,0,0,0,0,0
390033,1,1,1998,0,0,0,0,0,0,0,0,0,0
390033,2,1,1998,0,0,0,0,0,0,0,0,0,0
390033,3,1,1998,0,0,0,0,0,0,0,0,0,0
390034,1,1,1998,0,0,8,0,15,0,8,0,0,0
390035,1,1,1998,13,0,23,0,0,0,0,0,19,0
390036,1,1,1998,16,16,16,16,16,16,16,16,16,16
390037,0,1,1998,38,38,38,38,38,38,38,38,38,38
390037,1,1,1998,0,0,0,0,0,0,0,0,0,0
390038,1,1,1998,23,23,23,23,23,23,23,23,23,23
390039,1,1,1998,25,25,25,25,25,25,25,25,25,25
390040,1,1,1998,0,0,0,0,0,0,0,0,0,0
390041,1,1,1998,0,0,0,0,0,0,0,0,0,0
390041,2,1,1998,0,0,0,0,0,0,0,0,0,0
390042,1,1,1998,0,0,0,0,0,0,0,0,0,0
390042,2,1,1998,0,0,17,0,0,0,0,0,0,0
390043,1,1,1998,14,14,14,14,14,14,14,14,14,14
390044,0,1,1998,0,0,0,0,0,0,0,0,0,0
390044,1,1,1998,10,23,21,0,13,20,7,9,13,4
390045,1,1,1998,0,0,0,0,0,0,0,0,0,0
390045,2,1,1998,0,0,0,0,0,12,0,0,0,0
390046,1,1,1998,0,0,0,0,0,0,0,0,0,0
390047,1,1,1998,0,0,0,0,0,0,0,0,0,0
390047,2,1,1998,0,0,0,0,0,0,0,0,0,0
390048,1,1,1998,24,11,27,40,15,21,18,19,16,37
390049,1,1,1998,0,0,0,0,0,0,0,0,0,0
390049,2,1,1998,0,0,0,0,0,0,0,0,0,0
390050,1,1,1998,37,0,23,0,11,18,31,0,23,0
390051,1,1,1998,0,0,0,0,0,0,0,0,0,0
390051,2,1,1998,0,0,0,0,0,0,0,0,0,0
390052,1,1,1998,0,0,0,0,0,0,0,0,0,0
390053,1,1,1998,0,0,0,0,0,0,0,0,0,0
390055,1,1,1998,0,0,0,0,0,0,0,0,0,0
390055,2,1,1998,0,0,0,0,0,0,0,0,0,0
390055,3,1,1998,0,0,0,0,0,0,0,0,0,0
390056,1,1,1998,0,0,0,0,0,0,0,0,7,0
390056,2,1,1998,0,0,0,15,0,0,0,0,0,0
390057,1,1,1998,25,25,25,25,25,25,25,25,25,25
390058,1,1,1998,0,0,0,0,16,37,28,14,23,0
390059,1,1,1998,0,0,0,15,0,0,0,0,0,0
390059,2,1,1998,0,0,0,0,0,0,0,0,0,0
390060,1,1,1998,0,0,0,0,0,0,0,0,0,0
390061,1,1,1998,0,0,0,0,0,0,0,0,0,0
390062,1,1,1998,0,0,0,0,0,0,0,0,0,0
390062,2,1,1998,0,0,0,0,0,0,0,0,0,0
390063,1,1,1998,0,0,0,0,0,0,0,0,0,0
390064,1,1,1998,23,23,23,23,23,23,23,23,23,23
390065,1,1,1998,0,0,0,0,0,0,0,0,0,0
390065,2,1,1998,22,0,0,0,25,0,0,0,18,0
390066,1,1,1998,0,0,0,0,0,0,0,0,0,0
390066,2,1,1998,0,0,0,0,0,0,0,0,0,0
390067,1,1,1998,0,0,0,0,0,0,19,0,0,0
390067,2,1,1998,0,0,0,0,0,0,0,0,0,0
390067,3,1,1998,0,0,0,0,0,0,0,0,0,0
390068,0,1,1998,23,23,23,23,23,23,23,23,23,23
390068,1,1,1998,0,0,0,0,0,0,0,0,0,0
390069,1,1,1998,0,15,19,0,0,0,0,0,0,23
390070,1,1,1998,0,0,0,0,0,0,0,0,0,0
390070,2,1,1998,0,0,0,0,0,0,0,0,0,0
390071,1,1,1998,20,20,20,20,20,20,20,20,20,20
390072,0,1,1998,0,0,0,0,0,0,0,0,0,0
390072,0,2,1998,0,0,0,0,0,0,0,0,0,0
390072,0,3,1998,0,0,0,0,20,0,0,8,0,0
390072,1,1,1998,0,0,0,0,0,0,0,0,0,0
390073,1,1,1998,31,31,31,31,31,31,31,31,31,31
390073,2,1,1998,0,6,0,0,0,0,0,0,0,0
390074,0,1,1998,0,0,0,0,0,0,0,0,0,0
390074,1,1,1998,0,0,0,0,0,0,0,0,0,0
390075,0,1,1998,0,0,0,0,0,0,0,0,0,0
390075,1,1,1998,0,0,0,0,0,0,0,0,0,0
390076,1,1,1998,18,0,0,0,0,17,29,0,14,0
390077,1,1,1998,21,0,6,0,0,0,0,0,0,15
390077,2,1,1998,0,0,0,0,0,0,0,0,0,0
390078,1,1,1998,0,0,0,0,0,0,0,0,0,0
390078,2,1,1998,0,0,0,0,0,0,0,0,0,0
390079,0,1,1998,0,0,0,0,0,0,0,0,0,0
390079,1,1,1998,0,0,0,0,0,0,0,0,0,0
390080,1,1,1998,0,0,0,0,0,0,0,0,0,0
390080,2,1,1998,20,20,20,20,20,20,20,20,20,20
390081,1,1,1998,0,0,0,0,0,0,0,0,0,0
390081,2,1,1998,0,0,0,0,0,0,0,0,0,0
390081,3,1,1998,0,0,4,0,0,0,0,0,0,0
390081,4,1,1998,0,0,0,0,0,0,0,6,0,0
390081,5,1,1998,0,0,0,0,0,0,0,0,0,0
390081,6,1,1998,0,0,0,0,0,0,0,0,0,0
390081,7,1,1998,0,0,0,0,0,0,0,0,0,0
390082,0,1,1998,0,0,0,0,0,0,0,0,0,0
390082,1,1,1998,0,0,0,0,0,0,0,0,0,0
390083,0,1,1998,0,0,0,0,0,0,0,0,0,0
390083,1,1,1998,0,0,0,0,0,0,0,0,0,0
390084,1,1,1998,0,0,0,0,0,0,0,0,0,0
390084,2,1,1998,0,0,0,0,0,0,0,0,0,0
390085,0,1,1998,15,0,0,7,13,0,15,23,0,20
390085,0,2,1998,0,0,0,12,0,14,0,0,4,13
390085,1,1,1998,0,0,0,0,0,0,0,0,0,0
390086,1,1,1998,6,20,11,19,10,11,11,12,5,7
390087,1,1,1998,0,0,0,0,0,0,0,0,0,0
390087,2,1,1998,11,11,11,11,11,11,11,11,11,11
390088,1,1,1998,18,18,18,18,18,18,18,18,18,18
390089,1,1,1998,0,0,0,0,0,0,0,0,0,0
390089,2,1,1998,11,11,11,11,11,11,11,11,11,11
390090,1,1,1998,3,3,3,3,3,3,3,3,3,3
390091,1,1,1998,26,26,26,26,26,26,26,26,26,26
390092,1,1,1998,0,0,0,0,0,0,0,0,0,0
390092,2,1,1998,0,0,0,0,0,0,0,0,0,21
390093,1,1,1998,0,0,0,0,0,0,0,0,0,0
390093,2,1,1998,0,0,0,0,0,0,0,0,0,0
390094,1,1,1998,0,0,9,0,0,0,0,0,0,0
390094,2,1,1998,0,0,0,0,0,0,0,0,0,0
390095,0,1,1998,0,3,0,2,0,11,0,0,0,0
390095,1,1,1998,0,0,0,0,0,0,0,0,0,0
390096,1,1,1998,0,0,3,0,0,0,0,0,0,0
390097,1,1,1998,0,0,0,0,0,0,0,0,0,0
390097,2,1,1998,0,0,0,0,0,0,0,0,0,0
390098,1,1,1998,17,17,17,17,17,17,17,17,17,17
390098,2,1,1998,25,25,25,25,25,25,25,25,25,25
390099,1,1,1998,3,3,3,3,3,3,3,3,3,3
390100,1,1,1998,13,0,0,0,9,0,0,0,0,0
390100,2,1,1998,0,0,0,0,0,0,0,0,0,0
390101,1,1,1998,0,0,0,0,0,0,0,0,0,0
390101,2,1,1998,0,0,0,0,0,0,0,0,0,0
390102,0,1,1998,0,0,0,0,0,0,0,0,0,0
390102,1,1,1998,9,9,9,9,9,9,9,9,9,9
390102,2,1,1998,0,0,0,0,0,0,0,0,0,0
390103,1,1,1998,0,0,0,0,0,0,0,0,0,0
390103,2,1,1998,0,0,0,0,0,0,0,0,0,0
390104,1,1,1998,0,0,0,0,0,0,0,0,0,0
390104,2,1,1998,0,0,0,0,0,0,0,0,0,0
390105,1,1,1998,15,15,15,15,15,15,15,15,15,15
390105,2,1,1998,4,0,0,0,0,0,0,0,0,0
390106,1,1,1998,10,10,10,10,10,10,10,10,10,10
390107,0,1,1998,31,31,31,31,31,31,31,31,31,31
390107,1,1,1998,0,0,0,0,0,0,0,0,0,0
390108,1,1,1998,24,24,24,24,24,24,24,24,24,24
390108,2,1,1998,0,0,0,0,0,0,0,0,0,0
390109,0,1,1998,18,18,18,18,18,18,18,18,18,18
390109,1,1,1998,0,0,0,0,0,17,0,0,0,0
390110,1,1,1998,0,0,0,0,0,0,0,0,0,0
390110,2,1,1998,0,0,0,0,0,0,0,0,0,0
390111,1,1,1998,0,0,0,0,0,0,0,0,0,0
390111,2,1,1998,29,29,29,29,29,29,29,29,29,29