ST_CASE,VEH_NO,PER_NO,YEAR,P1,P2,P3,P4,P5,P6,P7,P8,P9,P10
390385,2,1,1998,0,17,0,0,0,0,0,0,0,0
390386,1,1,1998,16,16,16,16,16,16,16,16,16,16
390386,2,1,1998,0,0,0,0,0,0,0,0,0,0
390387,1,1,1998,0,0,0,0,0,0,0,0,0,0
390387,2,1,1998,0,0,0,0,0,0,0,0,0,0
390388,1,1,1998,0,0,0,0,0,0,0,0,0,0
390389,1,1,1998,0,0,0,0,0,0,0,0,0,0
390389,2,1,1998,0,0,0,0,0,0,0,0,0,0
390390,1,1,1998,27,27,27,27,27,27,27,27,27,27
390391,1,1,1998,0,0,0,0,0,0,0,0,0,0
390392,1,1,1998,0,0,0,0,0,0,0,0,0,0
390392,2,1,1998,0,0,0,0,0,0,0,0,0,0
390393,1,1,1998,0,0,0,0,0,0,0,0,0,0
390394,1,1,1998,0,0,0,0,0,0,0,0,0,0
390394,2,1,1998,18,18,18,18,18,18,18,18,18,18
390395,1,1,1998,19,19,19,19,19,19,19,19,19,19
390396,1,1,1998,0,0,0,0,0,0,0,0,0,0
390396,2,1,1998,0,0,0,0,0,0,0,0,0,0
390397,1,1,1998,0,0,0,0,0,0,0,0,0,0
390397,2,1,1998,0,0,0,0,0,0,0,0,0,0
390398,1,1,1998,13,13,13,13,13,13,13,13,13,13
390399,1,1,1998,0,0,0,0,0,0,0,0,0,0
390399,2,1,1998,23,23,23,23,23,23,23,23,23,23
390400,1,1,1998,0,0,0,3,13,0,16,34,0,0
390401,1,1,1998,0,0,0,0,0,0,0,0,0,0
390401,2,1,1998,0,0,0,0,0,0,0,0,0,0
390402,0,1,1998,26,26,26,26,26,26,26,26,26,26
390402,1,1,1998,0,0,21,0,0,0,27,0,0,0
390403,1,1,1998,0,0,0,0,0,0,0,0,0,0
390403,2,1,1998,0,0,0,0,0,0,0,0,0,0
390404,1,1,1998,0,0,0,0,0,0,4,5,0,0
390404,2,1,1998,0,0,0,0,0,0,0,0,9,0
390405,1,1,1998,7,7,7,7,7,7,7,7,7,7
390406,1,1,1998,0,5,23,21,13,0,20,10,22,0
390407,1,1,1998,0,0,0,0,0,0,0,0,0,0
390408,1,1,1998,0,0,0,9,0,0,0,9,0,27
390409,1,1,1998,0,0,0,0,0,0,0,0,0,0
390410,1,1,1998,0,0,0,0,0,0,0,0,0,0
390411,1,1,1998,14,14,14,14,14,14,14,14,14,14
390412,0,1,1998,0,0,0,0,0,0,0,0,0,0
390412,1,1,1998,0,0,0,0,5,0,0,0,0,0
390413,1,1,1998,8,20,0,0,11,0,6,0,16,10
390414,1,1,1998,15,15,15,15,15,15,15,15,15,15
390415,1,1,1998,22,22,22,22,22,22,22,22,22,22
390416,1,1,1998,0,0,0,0,0,0,13,0,0,0
390417,0,1,1998,0,0,0,0,0,0,0,0,0,0
390417,1,1,1998,0,0,0,0,0,0,0,0,0,0
390418,0,1,1998,0,0,0,0,0,0,0,0,0,0
390418,1,1,1998,0,0,0,0,0,0,0,0,0,0
390419,1,1,1998,0,0,0,0,0,0,0,0,0,0
390419,2,1,1998,0,0,0,0,0,0,0,0,0,0
390420,1,1,1998,0,0,0,0,0,0,0,0,0,0
390420,2,1,1998,0,0,0,0,0,0,0,0,0,0
390421,1,1,1998,0,0,6,0,33,0,2,0,10,0
390421,2,1,1998,0,0,0,0,0,0,0,0,0,0
390422,1,1,1998,29,29,29,29,29,29,29,29,29,29
390423,1,1,1998,0,0,0,0,10,7,0,0,0,0
390424,1,1,1998,0,0,0,0,0,0,0,0,0,0
390424,2,1,1998,0,0,0,0,0,0,0,0,0,0
390425,1,1,1998,18,36,20,28,7,25,22,19,15,7
390426,1,1,1998,18,18,18,18,18,18,18,18,18,18
390427,1,1,1998,0,18,20,25,10,8,0,20,10,0
390428,0,1,1998,32,32,32,32,32,32,32,32,32,32
390428,1,1,1998,0,0,0,0,0,0,0,0,0,0
390429,1,1,1998,0,0,0,0,0,0,0,0,0,0
390430,1,1,1998,4,0,0,0,9,9,13,0,0,0
390431,0,1,1998,0,0,0,0,0,0,0,0,0,0
390431,1,1,1998,0,0,0,0,0,0,0,0,0,0
390432,1,1,1998,16,16,16,16,16,16,16,16,16,16
390433,1,1,1998,0,0,0,23,0,0,0,0,13,0
390434,1,1,1998,0,0,0,0,0,0,0,0,0,0
390435,1,1,1998,15,15,15,15,15,15,15,15,15,15
390436,1,1,1998,0,0,0,0,10,0,0,0,0,0
390437,1,1,1998,0,0,0,0,0,11,0,0,13,0
390437,2,1,1998,0,0,0,0,0,0,0,0,0,0
390438,1,1,1998,0,0,0,0,0,0,0,0,0,0
390439,1,1,1998,0,0,0,0,0,0,0,0,0,0
390439,2,1,1998,0,0,0,0,0,0,0,0,0,0
390440,1,1,1998,21,0,0,0,0,24,15,15,0,0
390441,1,1,1998,24,0,0,18,10,0,18,24,10,10
390442,1,1,1998,0,0,0,0,0,0,0,0,0,0
390442,2,1,1998,0,0,0,9,8,0,0,13,0,0
390442,3,1,1998,0,0,0,0,0,0,0,0,0,0
390443,1,1,1998,6,9,7,8,13,11,7,16,28,7
390444,1,1,1998,0,7,0,0,0,0,0,0,0,0
390444,2,1,1998,6,6,6,6,6,6,6,6,6,6
390445,1,1,1998,0,13,0,0,8,0,0,0,0,0
390445,2,1,1998,16,0,24,0,0,0,0,0,0,0
390446,1,1,1998,0,0,0,0,0,0,0,0,0,0
390446,2,1,1998,0,0,0,0,0,0,0,0,0,0
390446,3,1,1998,0,0,0,0,0,0,0,0,0,0
390447,1,1,1998,0,0,0,0,0,0,0,0,0,0
390448,1,1,1998,21,21,21,21,21,21,21,21,21,21
390449,1,1,1998,0,0,0,0,0,0,0,0,0,0
390449,2,1,1998,6,0,0,0,0,5,0,0,0,0
390450,1,1,1998,19,19,19,19,19,19,19,19,19,19
390450,2,1,1998,0,0,3,0,0,0,0,0,0,0
390451,1,1,1998,18,18,18,18,18,18,18,18,18,18
390452,1,1,1998,0,0,0,0,0,0,0,0,0,0
390452,2,1,1998,0,0,0,0,0,0,0,0,0,0
390453,1,1,1998,6,6,6,6,6,6,6,6,6,6
390453,2,1,1998,0,0,0,0,0,0,0,0,0,0
390454,1,1,1998,0,0,0,0,0,0,0,0,0,0
390454,2,1,1998,0,0,0,0,0,0,0,0,0,0
390455,1,1,1998,24,5,11,12,0,21,20,0,13,16
390456,1,1,1998,0,0,0,0,0,0,0,0,0,0
390456,2,1,1998,0,0,0,0,0,0,0,0,0,0
390457,1,1,1998,10,10,10,10,10,10,10,10,10,10
390458,1,1,1998,28,28,28,28,28,28,28,28,28,28
390459,1,1,1998,0,0,0,0,0,0,0,0,0,0
390460,1,1,1998,0,0,0,0,0,0,0,0,0,0
390460,2,1,1998,0,0,0,0,0,0,0,0,0,0
390461,1,1,1998,0,0,0,0,0,0,0,0,0,0
390461,2,1,1998,0,0,0,0,0,0,0,0,0,0
390462,1,1,1998,12,0,0,0,0,0,0,0,0,23
390462,2,1,1998,0,0,0,0,0,0,0,0,0,0
390463,1,1,1998,33,33,33,33,33,33,33,33,33,33
390464,1,1,1998,14,14,14,14,14,14,14,14,14,14
390465,1,1,1998,30,30,30,30,30,30,30,30,30,30
390466,1,1,1998,22,22,22,22,22,22,22,22,22,22
390467,1,1,1998,0,0,0,0,0,0,0,0,0,0
390467,2,1,1998,0,0,0,0,0,0,0,0,0,0
390468,1,1,1998,0,0,0,0,0,0,0,0,0,0
390468,2,1,1998,0,0,0,0,0,0,0,0,0,0
390469,1,1,1998,0,0,0,0,0,0,0,0,0,0
390470,1,1,1998,21,0,0,0,4,0,0,0,0,0
390470,2,1,1998,0,0,0,0,0,0,0,0,0,0
390470,3,1,1998,0,0,0,0,0,0,0,0,0,0
390471,0,1,1998,0,0,0,0,0,0,0,0,0,0
390471,1,1,1998,0,0,0,7,0,5,0,0,0,0
390472,1,1,1998,0,28,0,0,0,0,0,0,0,0
390473,1,1,1998,0,0,0,0,0,0,0,0,0,0
390473,2,1,1998,0,0,0,0,0,0,0,0,0,0
390474,1,1,1998,0,0,0,0,0,0,0,0,0,0
390474,2,1,1998,0,0,0,5,0,10,10,0,6,0
390475,1,1,1998,28,28,28,28,28,28,28,28,28,28
390476,1,1,1998,0,0,0,0,0,0,0,0,0,0
390476,2,1,1998,0,0,0,0,0,0,0,0,0,0
390477,0,1,1998,0,0,0,0,0,0,0,0,5,0
390477,1,1,1998,0,0,0,0,0,0,0,11,0,0
390478,1,1,1998,0,0,0,0,0,0,0,0,0,0
390478,2,1,1998,0,0,0,0,0,0,0,0,0,0
390479,1,1,1998,49,22,11,10,0,11,0,0,0,25
390480,1,1,1998,2,2,2,2,2,2,2,2,2,2
390481,1,1,1998,0,0,0,0,0,12,14,0,12,0
390481,2,1,1998,0,0,0,0,0,0,0,0,0,0
390481,3,1,1998,0,0,0,0,0,0,0,0,0,0
390481,4,1,1998,0,0,0,0,0,0,0,0,0,0
390481,5,1,1998,0,0,0,0,0,0,0,0,0,0
390482,1,1,1998,20,11,11,0,19,32,15,0,12,4
390483,1,1,1998,0,0,0,0,0,0,0,0,0,0
390483,2,1,1998,0,0,0,0,0,0,0,0,0,0
390484,1,1,1998,0,0,0,0,0,0,0,0,0,0
390485,0,1,1998,0,0,0,0,0,0,0,0,0,0
390485,1,1,1998,0,0,0,0,0,0,0,0,0,0
390486,0,1,1998,0,0,0,0,0,0,0,0,0,0
390486,1,1,1998,0,0,0,0,0,0,0,0,0,0
390487,1,1,1998,5,5,5,5,5,5,5,5,5,5
390488,1,1,1998,0,0,0,0,0,0,0,0,0,0
390489,1,1,1998,15,15,15,15,15,15,15,15,15,15
390490,1,1,1998,14,0,17,13,12,0,0,11,0,0
390491,1,1,1998,5,5,5,5,5,5,5,5,5,5
390492,1,1,1998,0,0,0,0,0,0,0,0,0,0
390492,2,1,1998,0,0,0,0,0,0,0,0,0,0
390493,1,1,1998,0,0,0,0,0,0,0,0,0,0
390494,1,1,1998,9,9,9,9,9,9,9,9,9,9
390494,2,1,1998,0,17,0,0,0,0,0,0,0,0
390495,1,1,1998,0,0,0,0,0,0,0,0,0,0
390495,2,1,1998,0,0,0,0,0,0,0,0,0,0
390496,1,1,1998,12,12,12,12,12,12,12,12,12,12
390497,0,1,1998,0,0,0,0,0,0,0,0,4,22
390497,1,1,1998,0,0,0,0,0,0,0,0,0,0
390498,1,1,1998,0,0,0,0,0,0,0,0,0,0
390498,2,1,1998,15,15,15,15,15,15,15,15,15,15
390499,1,1,1998,17,17,17,17,17,17,17,17,17,17
390500,1,1,1998,0,0,0,0,0,0,0,0,0,0
390500,2,1,1998,0,8,0,0,0,0,0,0,0,0
390501,1,1,1998,0,0,0,0,0,0,0,0,0,0
390501,2,1,1998,0,0,0,0,0,0,0,0,0,0
390501,3,1,1998,0,0,0,0,0,0,0,0,0,0
390502,0,1,1998,0,0,0,0,0,0,0,0,0,0
390502,1,1,1998,0,0,0,0,0,0,0,0,0,0
390503,1,1,1998,31,31,31,31,31,31,31,31,31,31
390504,1,1,1998,0,0,0,0,0,0,0,0,0,0
390504,2,1,1998,0,20,0,0,11,0,0,0,0,0
390505,1,1,1998,0,0,0,0,0,0,0,0,0,0
390506,1,1,1998,0,0,0,0,0,10,0,0,24,0
390506,2,1,1998,0,0,0,0,0,0,0,0,0,0
390507,1,1,1998,11,11,11,11,11,11,11,11,11,11
390508,1,1,1998,0,0,0,0,0,0,0,0,0,0
390509,1,1,1998,21,21,21,21,21,21,21,21,21,21
390510,1,1,1998,0,0,0,0,0,5,0,0,0,0
390510,2,1,1998,0,0,0,0,0,0,0,0,0,0
390511,1,1,1998,8,8,8,8,8,8,8,8,8,8
390512,1,1,1998,17,17,17,17,17,17,17,17,17,17
390513,1,1,1998,2,2,2,2,2,2,2,2,2,2
390514,1,1,1998,0,0,0,0,0,0,0,0,0,0
390514,2,1,1998,0,0,0,0,0,0,0,0,0,0
390515,1,1,1998,0,0,0,0,0,0,0,0,0,0
390515,2,1,1998,0,0,0,0,0,0,0,0,0,0
390515,3,1,1998,0,0,0,0,0,0,0,0,0,0
390516,1,1,1998,0,0,0,0,0,0,0,0,0,0
390516,2,1,1998,0,0,23,0,0,0,0,0,0,0
390517,0,1,1998,22,22,22,22,22,22,22,22,22,22
390517,1,1,1998,22,22,22,22,22,22,22,22,22,22
390518,1,1,1998,24,24,24,24,24,24,24,24,24,24
390519,1,1,1998,24,24,24,24,24,24,24,24,24,24
390519,2,1,1998,0,0,0,0,0,0,17,0,0,0
390520,1,1,1998,10,0,0,0,9,16,0,0,0,0
390521,1,1,1998,0,0,0,0,0,0,0,0,0,0
390521,2,1,1998,0,0,0,0,0,6,0,0,0,0
390522,0,1,1998,0,0,0,15,0,0,0,0,22,21
390522,1,1,1998,0,0,0,0,0,0,0,0,0,0
390523,1,1,1998,0,0,0,0,0,0,0,0,0,0
390523,2,1,1998,0,0,0,0,0,0,0,0,0,0
390524,1,1,1998,0,0,0,0,0,0,0,0,0,0
390525,1,1,1998,0,0,0,0,0,0,0,0,0,0
390525,2,1,1998,0,0,0,0,0,0,0,0,0,0
390526,1,1,1998,0,0,0,0,0,0,0,0,0,0
390527,1,1,1998,6,6,6,6,6,6,6,6,6,6
390528,1,1,1998,0,0,0,0,0,0,0,0,0,0
390529,1,1,1998,15,0,0,0,0,0,0,0,0,0
390529,2,1,1998,0,0,0,0,0,0,0,0,0,0
390530,0,1,1998,0,0,0,0,0,0,0,0,0,0
390530,0,2,1998,0,14,5,15,0,0,13,0,39,0
390530,0,3,1998,33,18,23,12,30,0,22,0,12,23
390530,1,1,1998,18,18,18,18,18,18,18,18,18,18
390531,1,1,1998,0,0,0,0,0,0,0,0,0,0
390531,2,1,1998,0,0,0,0,0,0,0,0,0,0
390532,1,1,1998,14,14,14,14,14,14,14,14,14,14
390533,0,1,1998,17,17,17,17,17,17,17,17,17,17
390533,1,1,1998,0,0,0,0,0,0,0,0,0,0
390534,1,1,1998,0,0,0,0,0,0,0,0,0,0
390534,2,1,1998,16,11,12,0,19,0,14,12,0,0
390535,1,1,1998,22,22,22,22,22,22,22,22,22,22
390535,2,1,1998,0,0,0,0,0,0,0,0,0,0
390536,1,1,1998,7,0,0,0,0,0,0,0,0,0
390536,2,1,1998,0,0,0,0,0,0,0,0,0,0
390537,1,1,1998,0,0,0,0,0,0,0,0,0,0
390537,2,1,1998,0,0,0,0,0,0,0,0,0,0
390538,1,1,1998,0,0,0,0,0,0,0,0,0,0
390539,1,1,1998,0,0,0,0,0,0,0,0,0,0
390540,1,1,1998,0,0,0,0,0,0,0,0,0,0
390540,2,1,1998,0,0,0,0,0,0,0,0,0,0
390541,1,1,1998,0,0,0,0,0,0,0,0,0,0
390541,2,1,1998,0,0,0,0,0,0,0,0,0,0
390542,0,1,1998,0,0,0,0,0,0,0,0,0,0
390542,1,1,1998,0,0,0,0,0,6,0,0,0,0
390543,1,1,1998,6,6,6,6,6,6,6,6,6,6
390544,1,1,1998,20,20,20,20,20,20,20,20,20,20
390545,0,1,1998,0,0,0,0,0,0,0,0,0,0
390545,1,1,1998,3,4,13,17,11,5,9,21,10,21
390546,1,1,1998,0,0,0,0,0,0,0,0,0,0
390546,2,1,1998,0,0,0,0,0,0,0,0,0,0
390547,1,1,1998,14,14,14,14,14,14,14,14,14,14
390548,1,1,1998,0,0,7,0,0,0,0,0,0,5
390548,2,1,1998,0,0,0,0,0,0,0,0,0,0
390549,1,1,1998,21,25,0,26,10,16,12,15,19,17
390549,2,1,1998,14,0,19,0,26,10,0,32,15,0
390550,1,1,1998,0,0,0,0,7,0,0,0,0,17
390551,1,1,1998,0,0,0,0,0,0,0,0,9,0
390551,2,1,1998,0,0,0,0,0,0,0,0,0,0
390552,1,1,1998,0,0,0,0,0,0,0,0,0,0
390552,2,1,1998,0,0,0,0,0,0,0,0,0,0
390553,1,1,1998,0,21,11,0,12,0,0,8,0,0
390554,1,1,1998,0,5,0,0,0,0,9,0,0,0
390555,1,1,1998,23,23,23,23,23,23,23,23,23,23
390556,1,1,1998,14,0,0,28,30,13,0,0,0,16
390557,0,1,1998,21,21,21,21,21,21,21,21,21,21
390557,1,1,1998,0,0,17,13,4,11,26,0,0,0
390558,1,1,1998,0,0,0,15,0,0,0,0,0,0
390558,2,1,1998,0,0,0,0,0,0,0,0,0,0
390559,1,1,1998,0,0,0,0,0,0,0,0,0,22
390559,2,1,1998,0,0,0,0,0,0,0,0,0,0
390560,1,1,1998,0,0,0,0,0,0,0,0,0,0
390560,2,1,1998,0,0,0,0,0,0,0,0,0,0
390561,1,1,1998,0,0,0,0,0,0,0,0,5,0
390561,2,1,1998,0,0,0,0,0,0,0,0,0,0
390562,1,1,1998,0,0,0,0,0,0,0,0,0,0
390562,2,1,1998,0,0,0,0,0,0,0,0,0,0
390563,1,1,1998,0,0,0,0,0,0,0,0,0,0
390564,1,1,1998,0,0,0,0,0,0,0,0,0,0
390564,2,1,1998,0,0,0,0,0,0,0,0,0,0
390565,1,1,1998,8,0,0,0,0,0,0,0,0,0
390565,2,1,1998,0,0,0,0,0,0,0,0,0,0
390566,1,1,1998,17,17,17,17,17,17,17,17,17,17
390566,2,1,1998,22,0,0,0,0,0,0,0,0,0
390567,1,1,1998,0,0,0,0,0,0,0,0,0,0
390567,2,1,1998,0,0,0,0,0,0,0,0,0,0
390568,0,1,1998,0,0,0,0,0,0,0,0,0,0
390568,1,1,1998,0,0,0,0,0,0,0,0,0,0
390569,0,1,1998,7,0,0,0,0,0,0,0,0,0
390569,1,1,1998,0,0,0,0,0,0,0,0,0,0
390570,1,1,1998,0,0,5,0,0,0,0,0,0,0
390570,2,1,1998,0,11,0,0,0,0,0,0,0,0
390571,1,1,1998,0,0,0,0,0,0,0,0,0,0
390572,1,1,1998,19,19,19,19,19,19,19,19,19,19
390573,1,1,1998,0,3,0,0,0,0,0,0,0,0
390573,2,1,1998,0,0,0,0,19,0,0,0,0,0
390573,3,1,1998,0,0,0,0,4,0,0,0,0,0
390573,4,1,1998,0,0,0,0,0,0,0,0,0,0
390573,5,1,1998,0,0,0,0,0,0,0,0,0,0
390574,1,1,1998,0,0,0,14,0,0,0,0,0,0
390574,2,1,1998,5,0,0,0,0,0,0,0,0,0
390575,1,1,1998,0,0,0,0,0,0,0,0,0,0
390575,2,1,1998,0,0,12,17,0,0,0,0,0,23
390576,1,1,1998,0,9,0,0,0,0,0,0,0,0
390577,1,1,1998,0,0,0,0,0,0,0,0,0,0
390577,2,1,1998,0,0,0,0,0,0,0,0,0,0
390578,1,1,1998,0,17,22,0,0,9,21,16,0,0
390578,2,1,1998,28,9,35,5,15,34,9,30,11,29
390579,1,1,1998,0,0,0,0,0,0,0,0,0,0
390580,1,1,1998,0,0,0,0,0,0,0,0,0,0
390580,2,1,1998,0,0,0,0,0,0,0,0,0,0
390581,1,1,1998,0,0,13,0,7,3,0,0,0,10
390582,0,1,1998,0,0,0,0,0,0,0,0,0,0
390582,1,1,1998,0,0,0,0,0,0,0,0,0,0
390583,0,1,1998,0,0,0,0,0,0,0,0,0,0
390583,1,1,1998,0,0,0,0,0,0,0,0,0,0
390584,0,1,1998,22,22,22,22,22,22,22,22,22,22
390584,1,1,1998,0,0,0,0,0,0,0,0,0,0
390585,1,1,1998,0,0,24,0,0,22,0,16,25,0
390585,2,1,1998,0,0,0,0,0,0,0,0,0,0
390586,1,1,1998,0,0,0,0,0,0,0,0,0,0
390586,2,1,1998,0,0,0,0,0,0,0,0,0,0
390587,1,1,1998,0,0,0,0,0,0,0,0,0,0
390587,2,1,1998,0,0,0,0,0,0,0,0,0,0
390588,1,1,1998,0,0,0,0,0,0,0,0,0,0
390588,2,1,1998,0,0,0,0,0,0,0,0,0,0
390588,3,1,1998,0,0,11,0,0,0,0,0,0,0
390589,1,1,1998,0,0,0,0,0,0,0,22,0,0
390590,1,1,1998,6,6,6,6,6,6,6,6,6,6
390591,1,1,1998,0,0,0,0,0,0,0,0,0,0
390591,2,1,1998,0,0,0,0,0,0,0,0,0,0
390592,1,1,1998,0,0,0,0,0,0,0,0,0,0
390592,2,1,1998,0,0,0,0,0,0,0,0,0,0
390593,1,1,1998,0,8,0,0,0,0,0,0,0,0
390593,2,1,1998,0,0,0,0,0,0,0,0,0,0
390594,1,1,1998,0,0,0,0,0,0,0,0,0,0
390594,2,1,1998,0,0,0,0,0,0,0,0,0,0
390595,1,1,1998,0,0,0,0,0,0,0,0,0,0
390596,1,1,1998,24,0,0,0,0,0,0,0,0,0
390596,2,1,1998,0,0,0,0,0,0,0,0,0,0
390597,1,1,1998,16,16,16,16,16,16,16,16,16,16
390598,1,1,1998,0,0,0,0,0,0,0,0,0,0
390598,2,1,1998,0,0,0,0,0,0,0,0,0,0
390599,1,1,1998,0,0,0,0,0,0,0,0,0,0
390600,0,1,1998,0,0,0,0,0,0,18,0,0,0
390600,1,1,1998,0,0,0,0,0,0,0,0,0,0
390601,1,1,1998,18,19,0,12,0,29,0,0,0,17
390602,1,1,1998,14,14,14,14,14,14,14,14,14,14
390603,1,1,1998,11,11,11,11,11,11,11,11,11,11
390604,1,1,1998,0,0,0,0,0,0,0,0,0,0
390604,2,1,1998,0,0,0,0,0,0,0,0,0,0
390605,1,1,1998,0,0,0,0,0,0,0,0,0,0
390606,1,1,1998,0,0,0,0,4,0,0,0,0,0
390607,1,1,1998,0,0,0,0,0,0,0,0,0,0
390607,2,1,1998,17,17,17,17,17,17,17,17,17,17
390608,0,1,1998,0,0,0,0,6,0,0,0,0,0
390608,1,1,1998,0,0,0,0,0,0,0,0,0,0
390608,2,1,1998,0,0,0,0,0,0,0,0,0,0
390609,1,1,1998,17,17,17,17,17,17,17,17,17,17
390610,1,1,1998,0,0,0,0,0,0,0,0,0,0
390610,2,1,1998,0,0,0,0,0,0,0,0,0,0
390611,1,1,1998,10,10,10,10,10,10,10,10,10,10
390612,1,1,1998,0,0,0,0,0,0,0,0,0,0
390612,2,1,1998,0,0,0,0,0,0,0,0,0,0
390613,1,1,1998,0,0,0,0,0,0,0,0,0,0
390613,2,1,1998,0,0,0,0,0,0,0,0,0,0
390614,1,1,1998,0,0,0,0,0,0,0,0,0,0
390614,2,1,1998,0,0,0,0,0,0,0,14,0,0
390615,1,1,1998,0,0,0,0,0,0,0,0,0,0
390615,2,1,1998,0,0,0,0,0,0,0,0,0,0
390616,1,1,1998,9,9,9,9,9,9,9,9,9,9
390617,1,1,1998,17,17,17,17,17,17,17,17,17,17
390618,1,1,1998,0,0,0,0,0,0,0,0,0,16
390619,1,1,1998,0,0,0,0,0,10,0,0,0,0
390619,2,1,1998,0,0,0,0,17,0,10,0,0,0
390620,1,1,1998,9,9,9,9,9,9,9,9,9,9
390621,1,1,1998,21,21,21,21,21,21,21,21,21,21
390622,1,1,1998,22,22,22,22,22,22,22,22,22,22
390623,1,1,1998,15,0,0,0,7,16,23,27,0,0
390624,1,1,1998,0,21,32,19,13,14,15,0,38,26
390625,1,1,1998,10,10,10,10,10,10,10,10,10,10
390626,1,1,1998,0,0,0,0,0,0,0,0,0,0
390626,2,1,1998,16,16,16,16,16,16,16,16,16,16
390627,1,1,1998,0,0,0,0,0,0,0,0,0,0
390627,2,1,1998,0,0,0,0,0,0,0,0,0,0
390628,1,1,1998,2,2,2,2,2,2,2,2,2,2
390629,1,1,1998,0,0,0,0,0,0,0,0,0,0
390630,1,1,1998,0,0,0,0,15,18,18,0,20,22
390631,1,1,1998,0,0,0,0,0,0,0,0,0,0
390631,2,1,1998,0,0,0,0,0,0,0,0,5,0
390631,3,1,1998,0,0,0,0,0,0,0,0,0,0
390631,4,1,1998,0,0,0,0,0,0,0,0,0,0
390631,5,1,1998,0,0,0,0,0,0,0,0,0,0
390632,1,1,1998,0,0,0,0,0,0,0,0,0,0
390632,2,1,1998,0,0,0,0,0,0,0,0,0,0
390633,1,1,1998,0,0,0,0,0,0,0,0,0,0
390634,1,1,1998,0,0,0,0,0,0,0,0,0,0
390634,2,1,1998,0,0,0,0,0,0,0,0,0,0
390635,1,1,1998,11,11,11,11,11,11,11,11,11,11
390636,1,1,1998,0,0,0,0,0,0,0,0,0,0
390636,2,1,1998,0,0,0,0,0,0,0,0,0,0
390637,1,1,1998,0,0,0,0,0,0,0,0,0,0
390637,2,1,1998,14,14,14,14,14,14,14,14,14,14
390638,1,1,1998,0,0,0,0,0,0,14,0,0,0
390638,2,1,1998,0,0,0,0,0,0,0,0,0,0
390639,1,1,1998,0,0,0,0,0,0,0,0,0,0
390639,2,1,1998,0,25,15,16,20,33,10,12,21,15
390640,1,1,1998,10,10,10,10,10,10,10,10,10,10
390641,0,1,1998,0,0,0,0,0,0,0,0,0,0
390641,0,2,1998,0,0,0,0,0,0,0,0,0,0
390641,1,1,1998,0,0,0,0,0,0,0,0,0,0
390642,1,1,1998,0,0,0,0,0,0,0,0,0,0
390642,2,1,1998,0,0,0,0,0,0,0,0,0,0
390643,1,1,1998,0,0,0,0,0,0,0,0,0,0
390643,2,1,1998,0,0,0,0,0,0,0,0,0,0
390644,1,1,1998,23,23,23,23,23,23,23,23,23,23
390645,1,1,1998,29,29,29,29,29,29,29,29,29,29
390646,0,1,1998,0,0,3,0,4,0,6,0,0,7
390646,1,1,1998,0,0,0,0,0,6,0,0,14,0
390647,1,1,1998,0,0,0,0,0,0,0,0,0,0
390648,1,1,1998,17,17,17,17,17,17,17,17,17,17
390649,1,1,1998,0,0,0,0,0,0,0,0,0,0
390650,1,1,1998,0,0,0,0,0,0,0,0,0,0
390651,1,1,1998,0,0,0,0,22,0,0,0,0,0
390652,1,1,1998,0,0,0,0,0,0,0,0,0,0
390652,2,1,1998,0,0,0,0,0,0,0,0,0,0
390652,3,1,1998,0,0,0,0,0,0,0,0,0,0
390653,1,1,1998,0,0,0,0,0,0,0,0,0,0
390653,2,1,1998,0,0,0,0,0,0,0,0,0,0
390654,1,1,1998,11,11,11,11,11,11,11,11,11,11
390654,2,1,1998,0,0,0,0,0,0,0,0,0,0
390655,1,1,1998,24,24,24,24,24,24,24,24,24,24
390656,1,1,1998,14,14,14,14,14,14,14,14,14,14
390657,1,1,1998,0,10,0,0,0,0,0,0,0,0
390657,2,1,1998,0,0,0,0,0,0,0,0,0,0
390657,3,1,1998,0,0,0,0,0,0,0,0,0,0
390658,1,1,1998,35,35,35,35,35,35,35,35,35,35
390658,2,1,1998,0,0,0,0,0,0,0,0,0,0
390659,1,1,1998,15,15,15,15,15,15,15,15,15,15
390660,1,1,1998,10,10,10,10,10,10,10,10,10,10
390661,1,1,1998,0,0,0,0,0,0,0,0,0,0
390661,2,1,1998,0,0,0,0,0,0,0,0,0,0
390662,1,1,1998,0,0,0,0,0,0,0,0,0,0
390662,2,1,1998,0,0,0,0,0,0,0,0,0,0
390662,3,1,1998,0,0,0,0,0,0,0,0,0,0
390663,1,1,1998,22,21,13,22,26,8,14,18,15,25
390664,1,1,1998,19,19,19,19,19,19,19,19,19,19
390665,1,1,1998,0,0,0,0,0,0,0,0,0,0
390665,2,1,1998,0,0,0,0,0,0,0,0,0,0
390666,1,1,1998,0,0,0,0,0,0,0,0,0,0
390666,2,1,1998,18,0,0,0,0,0,0,13,0,0
390667,1,1,1998,0,0,0,0,0,0,0,12,0,0
390667,2,1,1998,8,8,8,8,8,8,8,8,8,8
390668,0,1,1998,0,0,0,0,0,0,0,0,0,0
390668,1,1,1998,0,0,0,0,0,0,0,0,0,0
390669,1,1,1998,0,0,0,0,0,0,0,0,0,0
390669,2,1,1998,0,0,0,0,0,0,0,0,0,0
390669,3,1,1998,0,0,0,0,0,0,0,0,0,0
390669,4,1,1998,0,0,0,0,0,0,0,0,0,0
390669,5,1,1998,0,0,0,0,0,0,0,0,0,0