ST_CASE,VEH_NO,PER_NO,YEAR,P1,P2,P3,P4,P5,P6,P7,P8,P9,P10
390669,6,1,1998,0,0,0,0,0,0,0,0,0,0
390670,1,1,1998,24,24,24,24,24,24,24,24,24,24
390671,1,1,1998,0,0,0,0,0,0,0,0,0,0
390671,2,1,1998,0,0,0,0,0,0,0,0,0,0
390672,1,1,1998,0,0,0,0,0,0,0,0,0,5
390673,1,1,1998,0,0,0,0,0,0,11,0,0,0
390674,1,1,1998,0,0,0,0,0,0,0,0,0,0
390675,1,1,1998,0,0,0,0,0,0,0,0,0,0
390675,2,1,1998,0,0,0,0,0,0,0,0,0,0
390676,1,1,1998,0,0,0,0,0,0,0,0,0,0
390677,1,1,1998,12,17,0,0,0,10,11,0,0,22
390677,2,1,1998,0,0,0,0,4,0,0,0,0,0
390678,0,1,1998,0,0,0,13,0,0,0,0,0,11
390678,1,1,1998,29,29,29,29,29,29,29,29,29,29
390679,1,1,1998,0,0,0,0,19,0,0,0,0,0
390679,2,1,1998,0,0,0,0,0,0,0,0,0,0
390679,3,1,1998,0,0,0,0,0,0,0,0,0,0
390680,0,1,1998,0,0,0,0,0,0,0,0,0,0
390680,1,1,1998,0,0,0,0,0,0,0,0,0,0
390681,1,1,1998,0,0,0,0,0,0,0,10,0,13
390682,1,1,1998,5,5,5,5,5,5,5,5,5,5
390682,2,1,1998,0,0,0,0,0,0,0,0,0,6
390682,3,1,1998,5,5,5,5,5,5,5,5,5,5
390683,1,1,1998,13,13,13,13,13,13,13,13,13,13
390684,1,1,1998,0,0,0,0,0,0,0,0,0,0
390685,0,1,1998,0,0,0,0,0,0,0,0,0,0
390685,1,1,1998,20,0,0,0,0,0,0,0,0,0
390686,1,1,1998,0,0,0,9,0,0,0,0,0,0
390686,2,1,1998,0,0,0,0,0,0,0,0,0,0
390687,1,1,1998,21,21,21,21,21,21,21,21,21,21
390688,0,1,1998,0,0,0,0,0,0,0,0,0,0
390688,1,1,1998,0,0,0,0,0,0,0,0,0,0
390688,2,1,1998,0,0,0,0,0,0,0,0,0,0
390689,1,1,1998,0,0,0,0,0,0,0,0,0,0
390690,0,1,1998,34,20,24,0,0,32,0,15,39,0
390690,1,1,1998,15,0,0,0,13,0,17,0,13,22
390691,1,1,1998,0,0,0,0,0,0,0,0,0,0
390691,2,1,1998,0,0,0,0,0,0,0,0,0,0
390692,1,1,1998,0,0,0,0,0,0,0,0,0,0
390692,2,1,1998,0,0,23,0,0,0,0,0,0,0
390693,0,1,1998,27,27,27,27,27,27,27,27,27,27
390693,1,1,1998,0,0,0,0,6,0,0,16,6,0
390694,0,1,1998,37,37,37,37,37,37,37,37,37,37
390694,1,1,1998,18,12,0,0,13,24,11,0,17,15
390695,1,1,1998,0,0,0,0,0,0,0,0,0,0
390696,1,1,1998,0,0,0,0,0,0,0,0,0,0
390697,1,1,1998,0,0,0,0,0,0,0,0,0,0
390697,2,1,1998,0,0,0,0,0,0,0,0,0,0
390698,1,1,1998,0,0,0,5,0,0,0,0,0,0
390699,0,1,1998,0,0,0,0,0,0,0,0,0,0
390699,1,1,1998,0,0,0,0,0,0,0,0,0,0
390700,1,1,1998,0,10,0,0,0,0,0,7,0,10
390701,1,1,1998,2,2,2,2,2,2,2,2,2,2
390701,2,1,1998,5,5,5,5,5,5,5,5,5,5
390702,1,1,1998,0,0,0,0,0,0,0,0,0,0
390702,2,1,1998,0,0,0,0,0,0,0,0,0,0
390703,1,1,1998,0,0,0,0,0,0,0,0,0,0
390704,1,1,1998,0,6,15,0,0,0,0,0,0,0
390705,1,1,1998,0,0,0,0,2,0,0,0,0,0
390706,1,1,1998,1,1,1,1,1,1,1,1,1,1
390707,1,1,1998,14,14,14,14,14,14,14,14,14,14
390707,2,1,1998,0,0,0,0,0,0,0,0,0,0
390707,3,1,1998,0,0,0,0,0,0,0,0,0,0
390708,1,1,1998,6,0,0,0,0,0,16,0,0,0
390708,2,1,1998,0,0,0,0,0,0,0,0,0,0
390709,1,1,1998,0,0,0,0,0,0,0,0,0,0
390709,2,1,1998,6,6,6,6,6,6,6,6,6,6
390710,1,1,1998,0,0,0,0,0,0,0,0,0,0
390710,2,1,1998,0,0,0,0,0,0,0,0,0,0
390711,1,1,1998,0,0,0,0,0,0,0,0,0,0
390712,1,1,1998,13,27,15,12,7,0,18,9,6,19
390713,0,1,1998,0,0,0,0,0,0,10,0,0,0
390713,1,1,1998,0,0,0,0,0,0,0,0,0,0
390714,1,1,1998,28,28,28,28,28,28,28,28,28,28
390715,1,1,1998,0,0,0,0,0,0,0,0,0,0
390716,1,1,1998,0,0,0,0,0,0,0,0,0,0
390717,1,1,1998,23,12,6,13,14,28,30,7,11,16
390718,1,1,1998,0,0,0,0,0,0,0,0,0,0
390718,2,1,1998,0,0,0,0,0,0,0,0,0,0
390719,1,1,1998,0,0,0,0,0,0,0,0,0,0
390719,2,1,1998,0,0,0,0,0,0,0,0,0,0
390720,1,1,1998,0,0,0,0,0,0,0,0,0,0
390720,2,1,1998,0,0,0,0,0,0,7,0,0,0
390721,1,1,1998,0,0,0,0,0,0,0,0,0,0
390721,2,1,1998,0,0,0,0,0,0,0,0,0,0
390722,1,1,1998,0,0,0,0,0,0,0,0,0,0
390722,2,1,1998,0,0,0,0,0,0,0,0,0,0
390723,1,1,1998,0,0,0,0,0,0,0,0,0,0
390723,2,1,1998,0,0,0,0,0,0,0,0,0,0
390724,1,1,1998,0,0,0,0,0,0,0,0,0,0
390724,2,1,1998,0,0,0,0,0,0,0,0,0,0
390725,1,1,1998,0,11,0,0,0,0,0,0,0,0
390725,2,1,1998,0,0,0,0,0,0,0,0,0,0
390726,0,1,1998,0,0,0,0,0,0,0,0,0,0
390726,1,1,1998,0,0,0,0,0,0,0,0,0,0
390727,1,1,1998,2,2,2,2,2,2,2,2,2,2
390728,1,1,1998,21,21,21,21,21,21,21,21,21,21
390729,1,1,1998,22,7,11,10,14,16,22,7,23,8
390730,1,1,1998,22,22,22,22,22,22,22,22,22,22
390731,1,1,1998,0,0,0,0,0,0,0,0,0,0
390731,2,1,1998,0,0,0,0,0,0,0,0,0,0
390731,3,1,1998,0,0,0,0,0,0,0,0,0,2
390732,1,1,1998,0,0,0,0,0,0,0,0,0,0
390733,1,1,1998,0,0,3,0,0,0,0,0,0,0
390733,2,1,1998,0,0,0,0,0,0,0,0,0,0
390734,1,1,1998,0,0,0,0,0,0,0,0,0,0
390734,2,1,1998,31,0,0,0,0,0,0,0,0,7
390735,1,1,1998,0,0,0,0,0,0,0,0,0,0
390736,1,1,1998,0,0,0,17,0,0,0,0,8,0
390737,1,1,1998,0,0,17,0,0,0,0,0,0,0
390738,1,1,1998,0,0,0,0,0,0,0,0,0,0
390738,2,1,1998,0,0,0,0,0,0,0,0,0,0
390739,1,1,1998,0,0,0,0,0,0,0,0,0,0
390740,1,1,1998,0,0,0,0,12,0,0,0,0,0
390741,1,1,1998,0,0,0,0,0,0,0,0,0,0
390741,2,1,1998,0,0,0,0,0,0,0,0,0,0
390741,3,1,1998,7,0,0,0,0,0,0,0,0,0
390742,1,1,1998,0,0,0,0,0,0,0,0,0,0
390743,0,1,1998,34,22,0,0,0,20,42,0,32,10
390743,1,1,1998,0,0,10,0,0,0,0,0,0,0
390744,0,1,1998,0,0,0,0,0,0,0,0,0,0
390744,1,1,1998,0,0,0,0,0,0,0,0,0,0
390745,1,1,1998,12,0,0,0,0,0,0,0,0,0
390745,2,1,1998,0,0,12,0,0,3,0,0,0,0
390746,1,1,1998,9,0,0,0,0,0,0,0,0,0
390747,1,1,1998,0,0,0,0,0,0,0,0,0,0
390748,1,1,1998,0,0,0,0,0,0,0,0,0,0
390748,2,1,1998,0,0,0,0,0,0,0,0,0,0
390749,1,1,1998,0,0,0,0,0,0,0,0,0,0
390749,2,1,1998,0,0,0,0,0,0,5,0,0,0
390750,1,1,1998,4,0,0,10,0,0,0,0,0,0
390750,2,1,1998,0,0,0,0,0,0,0,0,0,0
390751,0,1,1998,0,0,0,0,0,0,0,0,0,0
390751,0,2,1998,0,0,13,0,33,22,23,16,6,0
390751,1,1,1998,0,0,0,0,0,0,0,0,0,0
390752,1,1,1998,16,16,16,16,16,16,16,16,16,16
390752,2,1,1998,0,0,17,0,0,0,0,0,0,0
390753,1,1,1998,17,17,17,17,17,17,17,17,17,17
390754,1,1,1998,5,0,0,0,0,0,0,0,0,0
390755,1,1,1998,17,17,17,17,17,17,17,17,17,17
390756,1,1,1998,23,23,23,23,23,23,23,23,23,23
390756,2,1,1998,0,0,0,0,0,0,0,0,0,0
390757,1,1,1998,0,0,0,10,0,0,0,0,0,0
390758,0,1,1998,16,16,16,16,16,16,16,16,16,16
390758,1,1,1998,0,0,0,0,0,18,0,0,0,0
390759,0,1,1998,0,0,0,0,0,0,0,0,0,0
390759,1,1,1998,0,0,0,0,0,0,0,0,0,0
390760,1,1,1998,0,0,0,0,0,0,0,0,0,0
390760,2,1,1998,0,0,0,11,0,0,0,0,0,0
390761,1,1,1998,0,0,0,0,0,0,0,0,0,0
390761,2,1,1998,0,0,0,0,0,0,0,0,0,0
390761,3,1,1998,0,0,0,0,0,0,0,0,0,0
390762,1,1,1998,17,17,17,17,17,17,17,17,17,17
390763,1,1,1998,0,0,0,0,0,0,0,0,0,0
390763,2,1,1998,0,0,0,0,0,0,0,0,0,0
390764,1,1,1998,0,0,0,20,0,0,0,0,0,0
390764,2,1,1998,0,0,0,0,0,0,0,0,0,0
390766,1,1,1998,0,0,0,14,0,0,0,0,0,0
390766,2,1,1998,0,0,0,0,0,0,0,0,0,0
390766,3,1,1998,0,0,0,0,0,0,0,0,0,0
390766,4,1,1998,0,0,0,0,0,0,0,0,0,0
390767,1,1,1998,0,0,0,0,30,0,0,13,7,0
390768,1,1,1998,0,0,0,0,0,0,0,0,0,0
390768,2,1,1998,0,0,0,0,0,0,0,0,0,0
390769,1,1,1998,0,0,0,0,0,0,0,0,0,0
390769,2,1,1998,0,0,0,0,0,0,0,0,0,0
390770,1,1,1998,14,12,14,2,17,9,25,19,24,11
390771,1,1,1998,20,20,20,20,20,20,20,20,20,20
390771,2,1,1998,0,0,0,0,0,0,0,0,0,0
390772,1,1,1998,0,0,0,0,0,0,0,0,0,0
390772,2,1,1998,0,0,0,0,0,0,0,7,0,0
390773,1,1,1998,0,0,0,0,0,0,0,0,0,0
390773,2,1,1998,0,0,0,0,0,0,0,0,0,0
390773,3,1,1998,0,0,0,0,0,0,0,0,0,0
390774,1,1,1998,0,0,0,0,0,0,0,0,0,0
390774,2,1,1998,8,24,36,7,26,20,0,22,0,0
390775,0,1,1998,17,17,17,17,17,17,17,17,17,17
390775,1,1,1998,0,0,0,0,0,0,0,0,21,0
390775,2,1,1998,0,0,0,0,0,0,0,0,0,0
390776,0,1,1998,0,0,0,0,0,0,0,0,0,0
390776,1,1,1998,0,0,0,0,0,0,0,0,0,0
390777,1,1,1998,0,0,0,0,0,0,0,0,0,0
390777,2,1,1998,19,29,13,14,20,10,12,25,17,10
390778,1,1,1998,10,10,10,10,10,10,10,10,10,10
390779,1,1,1998,12,12,12,12,12,12,12,12,12,12
390779,2,1,1998,0,0,0,0,0,0,0,0,0,0
390780,1,1,1998,19,19,19,19,19,19,19,19,19,19
390781,0,1,1998,0,0,0,0,0,0,0,0,0,0
390781,1,1,1998,0,0,0,0,0,0,0,0,0,0
390782,1,1,1998,0,0,0,18,0,0,15,0,0,0
390783,1,1,1998,0,0,0,0,0,20,0,0,0,0
390784,1,1,1998,37,37,37,37,37,37,37,37,37,37
390785,1,1,1998,10,10,10,10,10,10,10,10,10,10
390786,1,1,1998,0,0,0,0,0,0,0,0,0,0
390786,2,1,1998,0,0,0,0,0,0,0,25,0,0
390787,1,1,1998,0,0,0,0,0,0,0,0,0,0
390787,2,1,1998,0,0,0,0,0,0,0,0,0,0
390788,0,1,1998,0,0,0,0,0,0,0,0,0,0
390788,1,1,1998,0,0,0,0,0,0,0,0,0,0
390789,1,1,1998,0,10,0,0,10,0,0,0,9,0
390790,1,1,1998,0,0,0,0,0,0,0,0,0,0
390790,2,1,1998,0,0,0,0,0,0,0,0,0,10
390791,1,1,1998,0,0,0,21,0,0,0,0,3,0
390791,2,1,1998,0,0,0,0,0,0,0,0,0,0
390791,3,1,1998,0,0,0,0,0,0,0,0,0,13
390792,1,1,1998,0,0,0,0,0,0,0,0,0,0
390792,2,1,1998,0,0,0,0,0,0,0,0,0,0
390793,1,1,1998,0,0,0,0,0,0,0,0,0,0
390793,2,1,1998,0,0,0,0,0,0,0,0,0,0
390794,1,1,1998,0,0,0,0,0,0,0,0,0,0
390795,1,1,1998,0,0,0,0,0,0,0,0,0,0
390796,1,1,1998,0,0,0,0,0,0,0,0,0,0
390797,0,1,1998,0,0,0,0,0,0,0,0,0,0
390797,1,1,1998,0,0,0,0,0,0,0,0,0,0
390798,1,1,1998,0,0,0,0,0,0,0,0,0,0
390798,2,1,1998,0,0,0,0,0,0,0,0,0,0
390799,1,1,1998,10,0,0,0,0,0,0,0,0,0
390799,2,1,1998,0,0,0,0,0,0,0,0,0,0
390800,1,1,1998,9,16,26,24,13,0,0,5,0,17
390801,1,1,1998,0,0,0,0,0,0,0,0,0,22
390802,1,1,1998,0,0,0,0,0,0,0,0,0,0
390802,2,1,1998,0,21,23,0,0,0,0,0,0,0
390803,1,1,1998,19,19,19,19,19,19,19,19,19,19
390804,1,1,1998,0,0,0,0,0,0,0,0,0,0
390805,1,1,1998,0,0,0,0,0,0,0,0,0,0
390805,2,1,1998,0,0,0,0,0,0,0,0,0,0
390805,3,1,1998,0,0,0,0,0,0,0,0,0,0
390805,4,1,1998,0,0,0,0,0,0,0,0,0,0
390806,1,1,1998,0,0,0,0,0,0,0,0,0,0
390806,2,1,1998,0,0,0,0,0,0,0,0,0,0
390806,3,1,1998,0,0,0,0,0,0,0,0,0,0
390807,1,1,1998,14,8,30,13,17,10,0,0,0,14
390808,1,1,1998,0,0,0,0,0,0,0,0,0,0
390808,2,1,1998,0,0,0,0,0,0,0,0,0,0
390809,1,1,1998,0,0,0,0,0,0,0,0,0,0
390809,2,1,1998,0,0,0,0,0,0,0,0,0,0
390810,1,1,1998,0,0,0,0,0,0,0,0,0,0
390810,2,1,1998,0,0,0,0,0,0,0,0,0,0
390811,1,1,1998,23,23,23,23,23,23,23,23,23,23
390812,1,1,1998,9,9,9,9,9,9,9,9,9,9
390813,0,1,1998,18,18,18,18,18,18,18,18,18,18
390813,1,1,1998,24,0,27,0,8,8,0,14,0,14
390814,1,1,1998,0,26,16,19,14,0,18,0,17,19
390814,2,1,1998,28,28,28,28,28,28,28,28,28,28
390815,1,1,1998,7,7,7,7,7,7,7,7,7,7
390816,1,1,1998,0,0,0,0,0,0,0,0,11,17
390817,1,1,1998,0,0,0,0,0,0,0,0,0,6
390818,1,1,1998,30,30,30,30,30,30,30,30,30,30
390819,1,1,1998,37,37,37,37,37,37,37,37,37,37
390820,0,1,1998,0,0,0,0,0,0,0,0,0,0
390820,1,1,1998,0,0,0,0,0,0,0,0,0,0
390821,1,1,1998,19,19,19,19,19,19,19,19,19,19
390821,2,1,1998,0,0,0,0,0,0,0,0,8,0
390822,1,1,1998,0,0,0,0,0,0,0,0,0,0
390823,1,1,1998,0,0,0,0,0,0,0,0,0,0
390824,1,1,1998,0,0,0,0,0,0,0,0,0,0
390825,1,1,1998,0,0,0,0,0,0,0,0,0,0
390826,1,1,1998,0,0,0,0,9,0,0,0,0,0
390827,0,1,1998,0,0,0,0,0,0,0,0,0,0
390827,1,1,1998,0,0,0,0,0,0,0,0,0,0
390828,1,1,1998,5,5,5,5,5,5,5,5,5,5
390829,1,1,1998,0,13,9,0,23,10,16,15,0,12
390830,1,1,1998,0,0,0,0,20,0,0,0,0,0
390830,2,1,1998,0,0,0,0,0,0,0,0,0,0
390831,1,1,1998,0,0,0,0,0,0,0,0,0,25
390832,1,1,1998,0,0,0,0,0,0,0,0,0,0
390833,0,1,1998,0,0,0,0,21,0,0,0,7,0
390833,1,1,1998,0,0,0,0,0,0,0,0,0,0
390834,1,1,1998,0,0,0,0,0,0,0,0,0,0
390834,2,1,1998,4,0,0,0,0,0,0,0,9,0
390835,1,1,1998,0,0,0,0,0,0,0,0,0,0
390835,2,1,1998,0,0,0,0,0,0,0,0,0,0
390835,3,1,1998,0,0,0,0,0,0,0,0,0,0
390835,4,1,1998,0,0,0,0,0,0,0,0,0,0
390836,1,1,1998,0,0,0,0,0,0,0,0,0,0
390836,2,1,1998,0,0,0,0,0,0,0,0,0,0
390836,3,1,1998,0,0,0,0,0,0,0,0,0,0
390838,1,1,1998,0,0,0,0,0,0,0,0,0,0
390838,2,1,1998,0,0,0,23,0,0,0,0,0,16
390839,1,1,1998,9,9,9,9,9,9,9,9,9,9
390839,2,1,1998,0,0,0,0,0,0,0,0,0,0
390839,3,1,1998,0,0,0,0,0,0,0,0,0,0
390840,1,1,1998,0,0,0,0,0,0,0,0,0,0
390840,2,1,1998,0,0,0,0,0,0,0,0,0,0
390841,1,1,1998,10,10,10,10,10,10,10,10,10,10
390842,1,1,1998,0,0,0,0,0,0,0,0,0,0
390843,0,1,1998,0,0,0,0,0,0,0,0,0,0
390843,1,1,1998,0,0,0,0,0,0,0,0,0,0
390844,1,1,1998,30,30,30,30,30,30,30,30,30,30
390845,1,1,1998,0,0,0,0,0,0,0,0,0,0
390846,1,1,1998,17,13,0,0,0,0,0,0,0,0
390847,1,1,1998,0,0,0,0,0,0,0,0,0,0
390847,2,1,1998,0,0,0,0,0,0,0,0,0,0
390848,1,1,1998,23,23,23,23,23,23,23,23,23,23
390849,1,1,1998,0,21,0,0,0,25,0,0,0,0
390850,1,1,1998,0,0,0,0,0,0,0,0,0,0
390850,2,1,1998,0,0,0,0,0,0,0,0,0,0
390851,1,1,1998,0,0,0,0,0,0,0,0,0,0
390852,0,1,1998,0,10,14,0,13,0,14,7,0,14
390852,1,1,1998,0,0,0,0,23,0,0,0,0,0
390853,1,1,1998,0,0,0,0,0,0,0,0,0,0
390853,2,1,1998,0,0,0,0,0,0,0,0,0,0
390854,1,1,1998,0,0,0,0,0,0,0,0,0,0
390854,2,1,1998,0,0,0,0,0,0,0,0,0,0
390855,1,1,1998,19,19,19,19,19,19,19,19,19,19
390856,1,1,1998,0,0,0,0,0,0,0,0,0,0
390857,1,1,1998,0,0,0,0,0,0,0,0,0,0
390857,2,1,1998,0,0,0,0,0,0,0,0,0,0
390858,1,1,1998,0,0,0,0,0,0,0,0,0,0
390858,2,1,1998,0,0,0,0,0,0,0,0,0,0
390859,1,1,1998,0,0,0,0,0,0,0,0,0,0
390859,2,1,1998,0,0,0,0,0,0,0,0,0,0
390860,1,1,1998,0,0,0,0,0,0,5,0,0,0
390860,2,1,1998,0,0,0,0,0,0,0,0,0,0
390861,1,1,1998,0,0,0,0,0,0,0,0,0,0
390861,2,1,1998,0,0,0,0,0,0,0,0,0,0
390862,1,1,1998,0,0,0,0,0,0,0,0,0,14
390863,1,1,1998,0,0,0,0,0,0,0,0,0,0
390863,2,1,1998,0,0,0,0,0,0,0,0,0,0
390864,1,1,1998,0,0,0,0,0,0,0,0,0,0
390864,2,1,1998,0,0,0,0,0,0,36,0,0,0
390865,1,1,1998,0,0,0,0,0,0,0,0,0,0
390865,2,1,1998,0,0,0,0,0,0,0,0,0,0
390866,1,1,1998,0,0,0,0,0,0,0,0,0,0
390866,2,1,1998,0,0,0,0,0,0,0,0,0,0
390867,1,1,1998,0,0,0,0,0,0,0,0,0,0
390868,1,1,1998,0,0,0,0,0,0,0,0,0,0
390868,2,1,1998,0,0,0,0,0,0,0,0,0,0
390869,1,1,1998,0,0,0,0,0,0,0,0,0,0
390869,2,1,1998,0,0,0,0,0,0,0,0,0,0
390870,1,1,1998,3,3,3,3,3,3,3,3,3,3
390870,2,1,1998,0,0,0,0,0,0,0,0,0,0
390871,1,1,1998,0,0,0,15,21,0,0,0,10,13
390872,1,1,1998,0,0,0,0,0,0,0,0,23,0
390873,1,1,1998,0,0,0,0,0,0,0,0,0,0
390873,2,1,1998,0,0,0,0,0,0,0,0,0,0
390874,1,1,1998,0,0,0,0,0,0,0,0,0,0
390875,1,1,1998,0,0,0,0,0,0,0,0,0,0
390875,2,1,1998,0,0,0,0,0,0,0,0,0,0
390876,1,1,1998,0,0,0,0,0,0,0,16,0,0
390876,2,1,1998,0,0,0,0,0,0,0,0,0,0
390877,0,1,1998,0,0,0,0,0,0,0,0,0,0
390877,1,1,1998,0,0,0,0,0,0,0,0,0,0
390878,1,1,1998,0,0,0,36,16,24,31,0,20,0
390879,1,1,1998,0,5,0,0,0,0,0,0,13,0
390879,2,1,1998,0,0,0,0,0,0,0,0,0,0
390880,1,1,1998,0,31,24,16,17,13,24,17,11,0
390881,1,1,1998,34,22,27,28,19,16,9,20,19,4
390882,0,1,1998,0,0,0,0,0,0,0,0,0,0
390882,1,1,1998,0,0,0,0,0,0,0,0,0,0
390883,1,1,1998,0,0,0,0,0,0,0,0,0,0
390883,2,1,1998,0,0,0,0,0,0,0,0,0,0
390884,1,1,1998,0,18,15,27,0,14,5,16,0,0
390884,2,1,1998,0,0,0,0,0,0,0,0,13,0
390885,0,1,1998,0,0,0,0,0,0,0,0,0,0
390885,1,1,1998,0,0,0,0,0,0,0,0,0,0
390886,1,1,1998,8,8,8,8,8,8,8,8,8,8
390886,2,1,1998,0,0,0,0,0,0,0,0,0,0
390887,1,1,1998,14,14,14,14,14,14,14,14,14,14
390888,1,1,1998,0,0,0,0,0,0,0,0,0,0
390888,2,1,1998,0,0,0,0,0,0,0,0,0,0
390889,1,1,1998,15,23,0,18,0,10,18,8,35,0
390890,1,1,1998,16,16,16,16,16,16,16,16,16,16
390891,1,1,1998,0,0,0,0,0,0,0,0,0,0
390892,1,1,1998,0,0,0,0,0,0,0,0,0,0
390892,2,1,1998,0,0,0,0,0,0,0,0,0,0
390893,1,1,1998,0,0,0,0,0,0,0,0,0,0
390893,2,1,1998,0,0,0,0,0,0,0,0,0,0
390894,1,1,1998,21,21,21,21,21,21,21,21,21,21
390895,1,1,1998,17,22,5,12,6,16,16,16,14,19
390896,1,1,1998,0,0,0,0,0,0,0,0,0,0
390896,2,1,1998,30,30,30,30,30,30,30,30,30,30
390897,1,1,1998,0,0,0,0,0,0,0,0,0,0
390897,2,1,1998,21,21,21,21,21,21,21,21,21,21
390898,1,1,1998,12,12,12,12,12,12,12,12,12,12
390899,1,1,1998,0,0,0,0,0,0,0,0,0,0
390899,2,1,1998,0,0,0,0,0,0,0,0,0,0
390900,1,1,1998,0,0,0,0,0,0,0,0,0,0
390901,1,1,1998,0,0,0,0,0,0,0,0,0,0
390901,2,1,1998,0,0,0,0,0,0,0,0,0,0
390902,1,1,1998,0,0,0,0,0,0,0,0,0,0
390903,1,1,1998,18,18,18,18,18,18,18,18,18,18
390903,2,1,1998,0,0,0,0,0,0,0,0,0,0
390904,1,1,1998,16,0,0,0,0,0,0,0,0,0
390904,2,1,1998,0,0,0,0,0,0,0,0,0,0
390904,3,1,1998,0,0,17,0,0,0,0,0,0,0
390905,1,1,1998,0,0,0,0,0,8,0,34,0,0
390906,1,1,1998,0,0,0,0,0,0,0,0,0,0
390906,2,1,1998,0,0,0,0,0,0,0,0,0,0
390907,1,1,1998,0,0,0,0,0,0,0,0,0,0
390908,1,1,1998,0,0,0,0,0,0,0,0,0,0
390908,2,1,1998,0,0,0,0,0,0,0,0,0,0
390909,1,1,1998,0,0,0,0,0,0,0,0,0,0
390909,2,1,1998,0,0,0,0,0,0,0,0,0,0
390911,0,1,1998,0,0,0,0,0,0,0,0,15,0
390911,1,1,1998,0,0,0,0,0,0,5,0,0,0
390912,1,1,1998,0,0,0,0,0,0,0,7,0,0
390913,1,1,1998,0,0,0,0,0,13,0,11,11,0
390913,2,1,1998,0,0,0,0,0,0,0,0,0,0
390914,1,1,1998,0,0,0,0,0,0,0,0,0,0
390914,2,1,1998,12,12,12,12,12,12,12,12,12,12
390915,1,1,1998,0,0,24,0,0,0,30,18,0,0
390916,1,1,1998,0,0,0,0,0,0,0,0,0,0
390917,1,1,1998,0,0,0,0,0,0,10,0,0,0
390918,1,1,1998,0,0,0,0,0,0,0,0,0,0
390918,2,1,1998,0,0,0,0,0,0,0,0,0,0
390919,1,1,1998,0,0,0,0,0,0,0,0,0,0
390919,2,1,1998,0,0,0,0,0,0,4,0,0,0
390919,3,1,1998,0,0,0,0,0,0,0,0,0,0
390920,1,1,1998,19,10,19,20,11,19,21,0,17,0
390921,1,1,1998,0,0,0,0,0,0,0,0,0,0
390922,1,1,1998,1,1,1,1,1,1,1,1,1,1
390923,1,1,1998,10,0,0,0,0,0,0,0,0,0
390923,2,1,1998,0,0,0,0,0,0,0,0,0,0
390924,0,1,1998,0,0,0,0,0,0,0,0,0,0
390924,1,1,1998,0,0,0,0,0,0,0,0,0,0
390925,1,1,1998,0,0,0,0,0,0,0,0,0,0
390925,2,1,1998,5,0,0,13,15,0,0,15,29,0
390926,1,1,1998,0,0,0,0,0,0,0,0,0,0
390926,2,1,1998,0,0,0,0,0,0,0,0,0,0
390927,1,1,1998,0,0,0,0,0,0,0,0,0,0
390927,2,1,1998,0,0,0,0,0,0,0,0,0,0
390928,1,1,1998,0,0,0,0,0,0,0,0,14,0
390928,2,1,1998,33,0,0,0,0,0,0,0,0,0
390929,0,1,1998,0,18,0,12,0,0,18,0,0,0
390929,0,2,1998,0,19,0,0,0,0,0,0,0,0
390929,1,1,1998,27,0,19,0,0,0,0,0,0,0
390930,1,1,1998,0,0,23,0,17,20,27,19,0,0
390930,2,1,1998,0,0,0,0,0,0,0,0,0,0
390930,3,1,1998,17,0,0,0,0,0,0,0,0,6
390930,4,1,1998,31,23,0,0,9,15,12,0,0,6
390931,1,1,1998,0,0,10,0,0,0,0,0,0,0
390932,1,1,1998,13,13,13,13,13,13,13,13,13,13
390933,1,1,1998,0,0,0,19,0,0,0,0,0,0
390933,2,1,1998,0,0,2,0,0,0,0,0,0,0
390934,1,1,1998,5,0,0,0,0,27,19,10,0,19
390934,2,1,1998,0,0,0,0,0,0,0,0,0,0
390935,1,1,1998,0,0,0,0,0,0,0,0,0,0
390936,1,1,1998,0,0,12,0,0,10,0,0,0,0
390937,1,1,1998,0,0,0,0,0,0,0,0,0,0
390937,2,1,1998,19,19,19,19,19,19,19,19,19,19
390938,1,1,1998,19,19,19,19,19,19,19,19,19,19
390939,1,1,1998,7,0,0,0,0,18,5,0,0,0
390940,1,1,1998,0,0,0,0,0,0,0,14,0,0
390941,1,1,1998,29,29,29,29,29,29,29,29,29,29
390941,2,1,1998,0,0,0,0,0,0,0,0,0,0
390941,3,1,1998,0,0,0,0,0,0,0,0,0,0
390942,1,1,1998,0,0,0,0,0,0,0,0,0,0
390942,2,1,1998,0,0,0,0,0,0,0,0,0,0
390943,1,1,1998,27,27,27,27,27,27,27,27,27,27
390944,1,1,1998,0,0,0,8,0,0,0,0,0,0
390944,2,1,1998,0,0,0,0,0,0,0,14,0,0
390945,1,1,1998,0,0,0,0,0,0,0,0,0,0
390945,2,1,1998,0,0,0,0,0,0,0,0,0,0
390946,1,1,1998,0,0,0,0,0,0,0,0,0,0
390947,1,1,1998,0,0,0,0,0,0,0,0,0,0
390947,2,1,1998,0,0,0,0,0,0,0,0,0,0
390948,1,1,1998,3,0,0,0,21,0,0,0,0,0
390949,1,1,1998,12,12,12,12,12,12,12,12,12,12
390950,1,1,1998,0,0,0,0,0,0,0,0,0,0
390951,1,1,1998,0,0,0,0,0,0,0,0,0,0
390952,1,1,1998,0,0,0,0,0,0,0,0,0,0
390953,1,1,1998,8,0,0,0,0,0,0,0,0,12
390954,1,1,1998,0,0,0,0,0,0,0,0,0,0
390954,2,1,1998,0,0,0,0,0,0,0,0,0,0
390955,1,1,1998,0,0,0,0,0,0,0,0,0,0
390955,2,1,1998,0,0,0,0,0,0,0,0,0,0
390956,1,1,1998,21,21,21,21,21,21,21,21,21,21