ST_CASE,VEH_NO,PER_NO,YEAR,P1,P2,P3,P4,P5,P6,P7,P8,P9,P10
400238,2,1,1998,0,0,0,0,0,0,0,0,0,0
400238,3,1,1998,0,0,0,0,0,0,0,0,0,0
400239,1,1,1998,0,0,0,0,0,0,0,0,0,0
400239,2,1,1998,0,0,0,0,0,0,0,0,0,0
400241,1,1,1998,0,0,0,0,0,0,0,0,0,0
400241,2,1,1998,0,0,0,0,0,0,0,0,0,0
400242,1,1,1998,0,0,0,0,0,0,0,0,0,0
400243,1,1,1998,0,0,0,0,0,0,0,0,0,0
400243,2,1,1998,0,0,0,0,0,0,0,0,0,0
400244,1,1,1998,21,3,19,19,17,28,20,21,25,18
400245,1,1,1998,0,0,0,0,0,0,0,0,0,0
400245,2,1,1998,0,0,0,0,0,0,0,0,0,0
400245,3,1,1998,0,0,0,0,0,0,0,0,0,0
400245,4,1,1998,0,0,0,0,0,0,0,0,0,0
400246,1,1,1998,0,0,0,0,0,0,0,0,0,0
400247,1,1,1998,14,15,9,2,22,15,7,18,16,18
400247,2,1,1998,0,0,0,0,0,0,0,0,0,0
400248,1,1,1998,0,0,0,0,0,0,0,0,0,0
400249,1,1,1998,0,0,0,0,5,0,15,0,0,0
400249,2,1,1998,0,0,0,0,0,0,0,24,0,0
400250,1,1,1998,23,17,21,13,20,30,8,9,22,23
400250,2,1,1998,0,0,0,0,0,0,0,0,0,0
400251,1,1,1998,0,0,0,0,0,0,0,0,0,0
400252,1,1,1998,0,0,0,0,0,0,0,0,0,0
400253,1,1,1998,20,0,0,22,0,19,0,15,17,0
400254,1,1,1998,0,0,0,0,0,0,0,0,0,0
400254,2,1,1998,0,0,0,0,0,0,0,0,0,0
400255,1,1,1998,0,0,0,0,0,0,0,0,0,0
400255,2,1,1998,0,0,0,12,0,0,0,0,0,0
400256,1,1,1998,0,11,0,0,0,0,0,0,0,0
400256,2,1,1998,0,0,0,0,0,0,0,0,0,0
400257,1,1,1998,10,10,10,10,10,10,10,10,10,10
400257,2,1,1998,0,0,0,0,0,0,0,0,0,0
400258,1,1,1998,4,19,0,7,9,0,10,31,7,13
400259,1,1,1998,0,0,0,0,0,0,0,0,0,0
400259,2,1,1998,13,13,13,13,13,13,13,13,13,13
400260,1,1,1998,0,0,0,0,0,0,0,0,0,0
400260,2,1,1998,17,17,17,17,17,17,17,17,17,17
400261,1,1,1998,0,0,0,0,0,0,0,0,0,0
400261,2,1,1998,0,0,0,0,0,0,0,0,0,0
400262,1,1,1998,0,0,0,0,0,0,0,0,0,0
400263,1,1,1998,0,19,0,0,0,0,10,0,0,7
400264,1,1,1998,0,9,17,21,21,0,7,21,30,0
400264,2,1,1998,0,0,0,0,0,0,0,0,0,0
400265,1,1,1998,6,21,3,19,8,22,20,25,9,10
400266,0,1,1998,0,0,0,0,0,0,0,0,0,0
400266,1,1,1998,0,0,0,0,0,0,0,0,0,0
400266,2,1,1998,0,10,0,0,0,0,0,0,0,0
400267,1,1,1998,0,4,26,20,0,17,0,20,15,0
400268,1,1,1998,0,0,0,0,0,0,0,0,0,0
400269,1,1,1998,16,16,16,16,16,16,16,16,16,16
400269,2,1,1998,0,0,0,0,0,0,0,0,0,0
400270,1,1,1998,0,0,0,0,0,0,25,0,0,0
400271,1,1,1998,0,0,0,0,0,0,0,0,0,0
400271,2,1,1998,0,0,0,0,13,0,0,0,0,0
400272,1,1,1998,0,0,0,0,0,0,0,0,0,0
400273,1,1,1998,0,0,0,0,0,0,0,0,0,0
400274,0,1,1998,0,0,0,0,0,0,0,0,0,0
400274,1,1,1998,21,0,20,12,19,14,31,12,6,0
400275,1,1,1998,0,0,0,0,0,0,0,0,0,0
400275,2,1,1998,0,0,0,0,0,0,0,0,0,0
400276,1,1,1998,0,0,0,0,0,0,0,0,0,0
400277,0,1,1998,3,0,12,0,23,0,0,18,12,8
400277,1,1,1998,0,9,0,0,0,15,0,19,28,0
400278,1,1,1998,0,0,0,0,0,0,0,0,0,0
400278,2,1,1998,0,0,0,0,0,0,0,0,0,0
400279,1,1,1998,0,0,0,0,0,0,0,0,0,0
400279,2,1,1998,0,0,0,0,0,0,0,0,0,0
400279,3,1,1998,0,0,0,0,0,0,0,0,0,0
400280,1,1,1998,11,19,13,17,18,25,18,12,21,17
400281,1,1,1998,0,0,0,0,0,0,0,0,0,0
400282,1,1,1998,0,0,0,0,0,0,0,0,0,0
400283,1,1,1998,0,0,0,0,0,0,0,0,0,0
400284,0,1,1998,0,0,0,0,0,0,0,0,0,0
400284,1,1,1998,0,0,0,0,0,0,0,0,0,0
400285,0,1,1998,0,0,0,0,0,0,0,0,0,0
400285,1,1,1998,20,0,9,0,10,0,9,0,0,8
400286,1,1,1998,5,5,5,5,5,5,5,5,5,5
400286,2,1,1998,0,0,0,0,0,0,0,0,0,0
400287,1,1,1998,25,25,25,25,25,25,25,25,25,25
400287,2,1,1998,17,0,0,0,0,23,7,0,14,0
400288,1,1,1998,0,7,0,8,26,0,13,0,16,16
400289,1,1,1998,0,0,0,0,0,0,0,0,0,0
400289,2,1,1998,0,0,0,0,0,0,0,0,0,0
400290,1,1,1998,0,0,0,0,4,0,0,0,0,0
400291,1,1,1998,16,16,16,16,16,16,16,16,16,16
400292,1,1,1998,0,0,0,0,0,0,0,0,0,0
400292,2,1,1998,0,0,0,0,0,0,0,0,0,0
400293,1,1,1998,19,19,19,19,19,19,19,19,19,19
400294,1,1,1998,0,0,0,0,0,0,0,0,0,0
400295,1,1,1998,0,0,0,0,0,0,0,0,0,0
400296,1,1,1998,27,27,27,27,27,27,27,27,27,27
400297,1,1,1998,0,0,0,0,0,0,0,0,0,0
400298,1,1,1998,0,0,0,11,0,0,32,20,0,0
400299,1,1,1998,0,0,23,0,0,16,30,0,0,0
400300,1,1,1998,0,0,0,0,0,0,0,0,0,0
400300,2,1,1998,0,0,0,0,0,0,0,0,0,0
400301,1,1,1998,0,0,0,0,0,0,0,0,0,0
400301,2,1,1998,0,0,0,0,0,0,0,0,0,0
400302,1,1,1998,0,0,0,0,0,0,0,0,0,0
400303,1,1,1998,12,29,10,17,33,25,27,22,17,17
400304,1,1,1998,0,0,0,0,0,0,0,0,0,0
400304,2,1,1998,0,0,0,0,0,0,0,0,0,0
400305,1,1,1998,8,8,8,8,8,8,8,8,8,8
400306,1,1,1998,0,0,0,0,0,0,0,0,0,0
400307,1,1,1998,0,0,0,0,0,0,0,16,0,0
400307,2,1,1998,0,0,0,0,0,0,0,0,0,0
400308,1,1,1998,0,0,0,0,0,0,0,0,0,0
400309,1,1,1998,5,0,0,0,0,0,0,0,0,0
400309,2,1,1998,0,0,0,0,0,0,0,0,22,0
400310,1,1,1998,0,0,0,0,0,0,26,0,0,0
400311,1,1,1998,28,23,31,18,18,12,10,0,0,28
400312,0,1,1998,0,0,0,0,0,0,0,0,0,0
400312,1,1,1998,0,0,0,0,0,0,0,0,0,0
400313,1,1,1998,19,19,19,19,19,19,19,19,19,19
400314,1,1,1998,0,0,0,0,0,0,0,0,0,0
400314,2,1,1998,0,0,0,0,0,0,0,0,0,0
400315,1,1,1998,15,15,15,15,15,15,15,15,15,15
400316,1,1,1998,10,12,12,22,23,0,24,8,8,0
400316,2,1,1998,0,0,0,0,0,0,0,0,0,0
400317,1,1,1998,0,0,0,0,7,0,0,0,0,0
400317,2,1,1998,0,0,0,0,0,0,0,0,0,0
400318,1,1,1998,5,8,17,5,0,9,3,16,9,14
400319,1,1,1998,0,18,13,11,0,0,0,0,10,0
400319,2,1,1998,0,0,0,16,0,0,0,0,0,0
400320,1,1,1998,0,0,0,0,2,0,0,0,0,0
400320,2,1,1998,0,0,0,0,0,0,0,0,0,0
400321,1,1,1998,0,0,0,0,0,0,0,0,0,0
400321,2,1,1998,0,0,0,0,0,0,0,0,0,0
400322,0,1,1998,0,0,0,27,0,0,0,22,39,0
400322,1,1,1998,0,0,0,0,0,0,0,0,0,0
400323,1,1,1998,0,0,0,0,0,0,0,0,0,0
400323,2,1,1998,0,0,0,0,0,0,0,0,0,0
400324,1,1,1998,0,20,0,0,0,0,0,0,0,5
400324,2,1,1998,0,0,0,0,0,0,0,0,0,0
400325,1,1,1998,0,0,0,0,0,0,14,0,0,11
400326,1,1,1998,7,0,0,18,0,0,28,0,0,12
400326,2,1,1998,0,0,0,0,0,0,0,0,0,0
400327,1,1,1998,0,0,0,0,0,0,0,0,0,0
400327,2,1,1998,0,0,0,0,0,0,0,0,0,0
400328,1,1,1998,0,0,0,0,0,0,0,0,0,0
400328,2,1,1998,0,0,3,0,0,0,0,0,0,0
400328,3,1,1998,0,0,0,0,0,0,0,0,0,0
400329,1,1,1998,0,0,0,0,0,0,0,0,0,0
400330,0,1,1998,0,0,0,0,0,25,0,12,0,0
400330,1,1,1998,0,0,0,0,0,0,0,0,0,0
400331,0,1,1998,18,8,3,0,0,0,20,0,0,22
400331,1,1,1998,0,0,0,0,0,0,0,0,0,0
400332,1,1,1998,15,0,14,13,17,38,29,0,4,4
400333,1,1,1998,11,11,4,0,11,0,0,5,0,8
400334,1,1,1998,11,11,11,11,11,11,11,11,11,11
400335,1,1,1998,7,23,23,10,20,27,21,25,33,7
400336,1,1,1998,0,0,0,0,0,0,0,0,0,0
400336,2,1,1998,0,0,0,0,0,0,0,0,0,0
400336,3,1,1998,0,0,0,0,0,0,0,0,0,0
400337,1,1,1998,0,0,0,0,0,0,0,14,0,0
400338,1,1,1998,0,0,0,0,0,9,0,0,0,0
400338,2,1,1998,0,0,0,0,0,0,0,0,0,0
400339,1,1,1998,0,0,16,0,0,12,0,0,0,0
400339,2,1,1998,4,0,0,0,0,0,0,0,0,0
400340,1,1,1998,0,0,0,0,0,0,0,8,0,0
400340,2,1,1998,0,0,20,0,0,0,0,0,0,0
400341,1,1,1998,0,0,0,26,15,0,28,0,0,0
400341,2,1,1998,0,0,0,0,0,0,0,0,0,0
400342,1,1,1998,27,27,27,27,27,27,27,27,27,27
400342,2,1,1998,0,0,0,0,7,0,0,0,0,0
400343,1,1,1998,0,0,0,7,16,24,29,22,0,0
400343,2,1,1998,0,0,0,0,0,0,0,0,0,0
400343,3,1,1998,0,16,0,3,0,0,0,0,5,9
400343,4,1,1998,0,0,12,0,0,13,15,0,0,0
400344,1,1,1998,0,0,0,0,0,0,0,0,0,0
400344,2,1,1998,0,0,0,0,0,0,0,0,0,0
400344,3,1,1998,0,0,0,0,0,0,0,7,0,0
400345,1,1,1998,0,0,0,0,0,0,0,0,0,0
400345,2,1,1998,0,0,0,0,0,0,0,0,0,0
400346,1,1,1998,0,0,0,0,0,0,0,0,14,0
400346,2,1,1998,0,0,0,0,0,0,0,0,0,0
400347,1,1,1998,21,21,21,21,21,21,21,21,21,21
400348,0,1,1998,0,6,0,19,15,0,0,0,0,0
400348,1,1,1998,13,22,6,14,6,5,14,19,13,6
400349,1,1,1998,20,20,20,20,20,20,20,20,20,20
400350,0,1,1998,0,0,0,0,0,0,0,0,0,0
400350,1,1,1998,0,0,0,0,0,0,0,0,0,0
400351,1,1,1998,19,0,0,0,25,0,20,0,0,0
400352,1,1,1998,12,12,12,12,12,12,12,12,12,12
400353,1,1,1998,9,24,39,34,18,26,6,16,5,37
400354,1,1,1998,0,0,0,0,0,5,0,19,0,5
400354,2,1,1998,0,0,0,0,0,0,0,0,0,0
400355,1,1,1998,0,0,0,16,19,0,6,0,0,0
400356,1,1,1998,0,0,0,0,0,0,0,0,0,0
400357,1,1,1998,0,0,0,0,0,0,0,0,0,0
400357,2,1,1998,0,0,0,0,0,0,0,0,0,0
400358,1,1,1998,6,0,0,13,16,14,0,0,0,0
400358,2,1,1998,0,0,0,0,0,0,0,0,0,0
400359,1,1,1998,20,0,10,0,15,7,0,9,11,8
400359,2,1,1998,0,0,0,0,0,17,0,0,0,0
400360,1,1,1998,0,0,0,0,0,0,0,0,0,0
400361,1,1,1998,15,15,15,15,15,15,15,15,15,15
400362,1,1,1998,35,32,16,25,0,29,19,8,30,18
400363,1,1,1998,0,0,0,0,0,0,0,0,0,0
400363,2,1,1998,0,0,0,0,0,0,0,0,0,0
400364,1,1,1998,0,0,0,0,0,0,0,0,0,0
400365,1,1,1998,17,17,17,17,17,17,17,17,17,17
400366,1,1,1998,0,14,0,0,0,0,0,0,0,0
400366,2,1,1998,0,0,0,0,0,0,0,0,0,0
400367,1,1,1998,0,0,12,0,0,0,0,0,0,0
400367,2,1,1998,0,0,0,0,0,0,0,0,0,0
400368,1,1,1998,0,0,0,0,0,0,0,0,0,0
400369,1,1,1998,0,0,0,11,0,0,0,0,0,0
400370,1,1,1998,5,8,0,0,0,11,0,0,0,0
400371,0,1,1998,17,17,17,17,17,17,17,17,17,17
400371,1,1,1998,0,0,0,0,0,0,0,0,0,0
400372,1,1,1998,0,0,0,0,0,0,0,0,0,0
400372,2,1,1998,0,0,0,0,0,0,10,0,0,0
400372,3,1,1998,0,0,0,0,0,0,0,0,0,0
400373,1,1,1998,18,29,0,7,14,19,11,6,11,16
400374,1,1,1998,0,0,0,0,0,0,0,0,0,0
400374,2,1,1998,0,0,0,0,11,0,4,0,0,0
400374,3,1,1998,0,0,0,0,0,0,0,0,0,0
400375,1,1,1998,0,0,0,0,0,0,0,0,0,0
400375,2,1,1998,0,0,0,0,0,0,0,0,0,0
400376,1,1,1998,0,0,0,0,0,0,0,0,0,0
400376,2,1,1998,0,0,0,0,0,0,0,0,0,0
400376,3,1,1998,0,0,0,0,0,0,0,0,0,0
400377,0,1,1998,0,0,9,0,0,0,0,0,0,0
400377,1,1,1998,5,13,6,17,23,27,15,27,19,16
400378,1,1,1998,20,20,20,20,20,20,20,20,20,20
400379,1,1,1998,0,0,0,0,0,0,0,0,0,0
400379,2,1,1998,0,0,0,0,0,0,0,0,0,0
400380,1,1,1998,0,0,23,0,0,0,0,0,0,0
400381,1,1,1998,25,12,19,21,0,18,10,16,0,2
400381,2,1,1998,0,0,0,5,0,0,0,0,0,0
400382,1,1,1998,16,12,17,13,25,21,3,11,16,4
400382,2,1,1998,0,0,0,0,0,4,0,0,0,0
400383,1,1,1998,5,5,5,5,5,5,5,5,5,5
400384,1,1,1998,16,16,16,16,16,16,16,16,16,16
400385,1,1,1998,16,17,19,4,9,29,33,10,0,10
400386,1,1,1998,14,6,24,29,13,27,28,11,12,26
400387,1,1,1998,0,0,0,0,2,0,19,0,0,0
400388,1,1,1998,38,12,34,16,5,30,15,12,12,27
400389,1,1,1998,0,0,0,15,0,0,0,0,0,0
400389,2,1,1998,0,0,0,0,0,0,0,0,0,0
400390,1,1,1998,0,0,0,0,0,0,0,0,0,0
400391,1,1,1998,0,0,5,20,25,25,24,39,46,33
400391,2,1,1998,0,0,0,0,0,0,0,0,0,0
400392,1,1,1998,0,0,24,0,32,15,0,0,27,0
400393,1,1,1998,20,20,20,20,20,20,20,20,20,20
400394,1,1,1998,0,0,0,0,0,0,0,0,0,0
400394,2,1,1998,0,0,0,0,0,0,0,0,0,0
400395,1,1,1998,0,0,0,0,0,0,0,0,0,0
400396,1,1,1998,22,19,31,6,25,24,15,10,10,24
400397,1,1,1998,13,28,27,36,30,15,22,20,28,25
400398,1,1,1998,0,8,0,0,0,11,9,12,5,5
400398,2,1,1998,0,0,0,0,0,0,0,0,0,0
400399,1,1,1998,24,24,24,24,24,24,24,24,24,24
400400,1,1,1998,0,15,13,0,0,24,16,38,13,21
400401,1,1,1998,0,0,0,0,0,0,0,0,0,0
400401,2,1,1998,0,0,0,0,0,0,0,0,0,0
400402,1,1,1998,0,0,0,0,0,0,0,0,0,0
400402,2,1,1998,0,0,0,0,0,0,0,0,0,0
400403,1,1,1998,0,0,0,0,0,0,0,0,0,0
400403,2,1,1998,0,0,0,0,0,0,0,0,0,0
400404,1,1,1998,18,18,18,18,18,18,18,18,18,18
400404,2,1,1998,0,0,0,0,0,0,0,0,0,0
400405,1,1,1998,23,23,23,23,23,23,23,23,23,23
400406,1,1,1998,19,19,19,19,19,19,19,19,19,19
400407,1,1,1998,18,18,18,18,18,18,18,18,18,18
400408,1,1,1998,16,16,16,16,16,16,16,16,16,16
400409,1,1,1998,0,0,8,14,4,0,0,6,0,0
400409,2,1,1998,10,0,0,0,0,0,0,0,0,0
400410,1,1,1998,18,3,20,48,24,7,15,19,13,11
400410,2,1,1998,0,0,0,0,0,0,0,0,0,0
400411,1,1,1998,0,0,12,0,0,0,0,0,0,0
400411,2,1,1998,0,0,0,0,0,0,0,0,0,0
400412,1,1,1998,11,33,36,24,23,28,26,22,13,33
400413,1,1,1998,0,0,0,0,0,0,0,0,0,0
400414,0,1,1998,0,0,0,0,0,0,0,0,0,0
400414,1,1,1998,0,19,0,0,0,0,0,0,0,0
400415,1,1,1998,0,0,0,0,0,0,0,0,0,0
400415,2,1,1998,0,0,0,0,0,0,0,0,0,0
400415,3,1,1998,0,0,0,0,0,0,0,0,0,0
400416,1,1,1998,0,0,0,0,0,0,0,0,0,0
400417,1,1,1998,0,0,0,0,0,0,0,0,0,0
400417,2,1,1998,0,0,0,0,0,0,0,0,0,0
400417,3,1,1998,0,0,0,0,0,0,0,0,0,0
400417,4,1,1998,0,0,0,0,0,0,0,0,0,0
400418,1,1,1998,13,0,0,0,22,0,19,0,16,21
400419,1,1,1998,0,0,0,0,0,0,0,0,0,0
400420,1,1,1998,0,0,0,0,0,0,0,0,0,0
400421,1,1,1998,8,8,8,8,8,8,8,8,8,8
400422,1,1,1998,0,0,0,0,0,0,0,10,0,0
400422,2,1,1998,0,0,0,0,0,0,0,0,0,0
400423,1,1,1998,16,12,15,24,17,0,0,0,13,8
400423,2,1,1998,5,0,0,0,0,0,0,0,0,3
400424,1,1,1998,0,21,0,3,0,24,3,11,0,0
400425,1,1,1998,0,0,0,0,0,0,0,0,0,0
400426,1,1,1998,0,0,0,0,0,0,0,0,0,0
400426,2,1,1998,0,0,0,0,0,0,0,0,0,0
400427,1,1,1998,0,0,0,0,0,0,0,0,0,0
400428,1,1,1998,0,0,0,0,0,0,0,0,0,0
400429,1,1,1998,27,11,8,16,32,0,7,20,19,45
400430,1,1,1998,0,36,0,0,0,0,0,0,0,0
400430,2,1,1998,0,0,0,0,0,0,0,0,0,0
400431,1,1,1998,51,51,51,51,51,51,51,51,51,51
400432,1,1,1998,0,0,0,0,0,0,0,0,0,0
400432,2,1,1998,0,0,0,0,0,0,0,0,0,0
400433,1,1,1998,0,0,0,0,4,0,0,0,0,16
400434,1,1,1998,0,0,0,0,0,0,0,0,0,0
400434,2,1,1998,0,0,0,0,0,0,0,0,0,0
400435,1,1,1998,0,0,0,0,0,0,0,0,0,0
400435,2,1,1998,0,0,0,0,0,0,0,0,0,0
400436,1,1,1998,0,0,0,0,0,0,0,0,0,0
400436,2,1,1998,0,0,0,0,0,5,0,0,0,0
400437,1,1,1998,0,0,0,0,0,0,0,0,0,0
400437,2,1,1998,0,0,0,0,0,0,0,0,0,0
400438,1,1,1998,0,0,0,0,15,0,0,0,0,0
400439,1,1,1998,16,16,16,16,16,16,16,16,16,16
400439,2,1,1998,0,0,0,0,0,0,0,0,0,0
400440,1,1,1998,0,0,0,0,0,0,0,0,0,0
400440,2,1,1998,0,0,0,0,0,0,0,0,0,0
400441,1,1,1998,0,0,0,0,0,0,0,0,0,0
400441,2,1,1998,0,0,0,0,0,0,0,0,0,0
400442,1,1,1998,19,19,19,19,19,19,19,19,19,19
400443,1,1,1998,0,0,0,0,0,0,0,0,0,0
400444,0,1,1998,0,0,0,0,0,0,0,0,0,0
400444,1,1,1998,0,0,0,0,0,0,0,0,0,0
400445,1,1,1998,5,12,18,16,9,3,28,15,11,8
400446,1,1,1998,3,0,0,0,0,0,0,0,0,0
400446,2,1,1998,0,0,0,0,0,0,0,0,0,0
400447,1,1,1998,0,0,0,0,0,0,0,0,0,0
400447,2,1,1998,0,0,0,0,0,0,0,0,0,0
400448,1,1,1998,22,22,22,22,22,22,22,22,22,22
400449,1,1,1998,7,7,7,7,7,7,7,7,7,7
400450,1,1,1998,0,0,0,0,0,0,0,0,0,0
400450,2,1,1998,9,12,12,20,9,7,14,15,10,10
400451,1,1,1998,0,20,0,0,0,0,0,0,0,0
400452,1,1,1998,21,21,21,21,21,21,21,21,21,21
400453,0,1,1998,18,18,18,18,18,18,18,18,18,18
400453,1,1,1998,17,17,19,18,17,0,0,0,14,15
400454,1,1,1998,25,25,25,25,25,25,25,25,25,25
400454,2,1,1998,0,0,0,0,0,0,0,0,0,0
400455,1,1,1998,0,0,0,0,0,0,0,0,0,0
400456,1,1,1998,0,0,0,0,0,0,0,0,0,0
400457,1,1,1998,27,27,27,27,27,27,27,27,27,27
400458,1,1,1998,0,0,0,0,0,0,0,0,0,0
400458,2,1,1998,0,0,0,15,0,0,0,0,0,0
400459,1,1,1998,0,0,0,0,0,0,0,0,0,0
400459,2,1,1998,0,0,0,0,0,0,0,0,0,0
400460,1,1,1998,0,0,0,0,0,0,0,0,0,0
400460,2,1,1998,0,0,0,0,0,0,0,0,0,0
400461,1,1,1998,0,0,0,0,0,0,0,0,0,0
400461,2,1,1998,16,21,14,21,19,9,16,19,13,13
400462,1,1,1998,0,0,0,0,0,0,0,0,0,0
400462,2,1,1998,0,0,0,0,0,0,0,0,0,0
400463,1,1,1998,0,0,0,0,0,0,0,0,0,0
400464,1,1,1998,0,0,0,0,0,0,0,0,0,0
400465,1,1,1998,0,0,0,0,0,0,0,0,0,0
400466,1,1,1998,0,0,0,0,0,0,0,0,0,0
400466,2,1,1998,0,0,0,0,0,0,0,0,0,0
400467,1,1,1998,11,11,11,11,11,11,11,11,11,11
400467,2,1,1998,0,0,0,0,0,0,16,0,0,0
400468,1,1,1998,0,0,0,0,10,0,0,0,0,0
400468,2,1,1998,21,21,21,21,21,21,21,21,21,21
400469,1,1,1998,0,0,0,0,0,0,0,0,0,0
400469,2,1,1998,0,0,0,0,0,0,0,0,0,0
400470,1,1,1998,9,14,20,16,6,5,8,5,19,14
400470,2,1,1998,0,0,0,0,0,0,0,0,0,0
400471,1,1,1998,0,0,0,0,0,0,0,0,0,0
400471,2,1,1998,0,0,0,0,0,0,0,0,0,0
400472,1,1,1998,0,0,0,0,0,0,0,0,0,0
400473,0,1,1998,0,0,0,0,0,0,0,0,0,0
400473,1,1,1998,0,0,0,0,0,0,0,0,0,0
400474,1,1,1998,0,0,0,0,0,0,0,0,0,0
400474,2,1,1998,0,0,0,0,0,0,0,0,0,0
400475,1,1,1998,26,26,26,26,26,26,26,26,26,26
400476,1,1,1998,22,22,22,22,22,22,22,22,22,22
400477,1,1,1998,0,0,0,0,0,0,0,0,0,0
400477,2,1,1998,0,0,0,0,0,0,0,0,0,0
400477,3,1,1998,17,0,0,0,0,0,0,0,0,0
400478,1,1,1998,0,0,0,0,0,0,0,0,0,0
400478,2,1,1998,0,0,0,0,0,0,0,0,0,0
400479,1,1,1998,0,0,0,0,0,0,0,0,0,0
400480,1,1,1998,22,22,22,22,22,22,22,22,22,22
400481,1,1,1998,0,0,0,0,0,0,0,0,0,0
400482,1,1,1998,0,0,0,0,0,0,0,0,0,0
400483,1,1,1998,0,0,0,0,0,0,0,0,0,0
400483,2,1,1998,0,8,0,0,0,0,19,0,0,0
400484,1,1,1998,0,0,0,0,0,0,0,0,0,0
400484,2,1,1998,0,0,0,0,0,0,0,0,0,0
400485,1,1,1998,0,0,0,0,0,0,0,0,0,0
400486,1,1,1998,0,0,0,0,0,0,0,0,0,0
400486,2,1,1998,0,0,0,0,0,0,0,0,0,0
400486,3,1,1998,0,0,0,0,0,0,0,0,0,0
400487,1,1,1998,0,0,0,0,0,0,0,0,0,0
400487,2,1,1998,0,0,0,0,0,0,0,8,0,0
400488,1,1,1998,0,0,0,0,0,0,0,0,0,0
400489,1,1,1998,16,16,16,16,16,16,16,16,16,16
400490,1,1,1998,0,0,0,0,0,0,0,0,0,0
400490,2,1,1998,0,0,0,0,0,0,0,0,0,0
400491,1,1,1998,0,0,0,0,0,0,0,0,0,0
400491,2,1,1998,0,0,0,0,0,0,0,0,0,0
400492,1,1,1998,0,0,0,0,0,0,0,0,0,0
400492,2,1,1998,0,0,0,0,0,0,0,0,0,0
400493,1,1,1998,0,0,0,0,0,0,0,4,0,0
400494,1,1,1998,23,23,23,23,23,23,23,23,23,23
400495,0,1,1998,0,0,0,0,0,0,0,0,0,0
400495,1,1,1998,0,0,0,0,0,0,0,0,0,0
400496,1,1,1998,0,16,0,0,23,0,0,0,17,11
400496,2,1,1998,0,0,0,0,0,0,0,0,0,0
400496,3,1,1998,0,0,0,0,0,0,0,0,0,0
400497,0,1,1998,0,0,0,0,0,0,0,0,0,0
400498,1,1,1998,0,0,0,0,0,0,0,0,0,0
400498,2,1,1998,0,0,0,0,0,0,0,0,0,0
400498,3,1,1998,0,0,10,11,0,0,0,0,6,0
400498,4,1,1998,0,0,0,0,0,0,0,0,0,0
400499,1,1,1998,17,17,17,17,17,17,17,17,17,17
400500,1,1,1998,0,0,0,0,0,0,0,0,0,0
400500,2,1,1998,0,0,0,0,0,0,0,0,0,0
400501,0,1,1998,18,18,18,18,18,18,18,18,18,18
400502,1,1,1998,0,0,0,0,0,0,0,0,0,0
400502,2,1,1998,0,0,0,0,0,0,0,0,0,0
400503,1,1,1998,0,0,0,0,0,0,0,0,0,0
400503,2,1,1998,0,0,0,0,0,0,0,0,0,0
400504,1,1,1998,15,15,15,15,15,15,15,15,15,15
400505,1,1,1998,0,0,0,0,0,0,0,0,0,0
400505,2,1,1998,0,0,0,0,0,0,0,0,0,0
400506,1,1,1998,0,0,0,0,0,0,0,0,0,0
400506,2,1,1998,24,24,24,24,24,24,24,24,24,24
400507,1,1,1998,0,0,0,0,0,0,0,0,0,0
400508,1,1,1998,13,13,13,13,13,13,13,13,13,13
400509,1,1,1998,0,0,0,0,0,0,0,0,0,0
400509,2,1,1998,0,0,0,0,0,0,0,0,0,0
400510,1,1,1998,0,0,0,0,0,0,0,0,0,0
400510,2,1,1998,0,0,0,0,0,0,0,0,0,0
400511,1,1,1998,0,0,0,0,0,0,0,0,0,0
400512,1,1,1998,21,21,21,21,21,21,21,21,21,21
400513,1,1,1998,13,13,13,13,13,13,13,13,13,13
400514,0,1,1998,0,0,0,0,0,0,0,0,0,0
400514,1,1,1998,0,0,0,0,0,3,0,18,0,14
400515,1,1,1998,0,0,0,0,0,0,0,0,0,0
400515,2,1,1998,0,0,0,0,0,0,0,0,0,0
400516,1,1,1998,0,0,0,0,0,0,0,0,0,0
400517,1,1,1998,0,0,0,0,0,0,0,0,0,0
400518,1,1,1998,0,0,0,0,0,0,0,8,0,0
400519,1,1,1998,0,0,0,0,0,0,0,0,0,0
400520,1,1,1998,0,0,0,0,0,0,0,0,0,0
400520,2,1,1998,0,0,0,0,0,0,0,0,0,0
400521,0,1,1998,0,0,0,0,0,0,0,0,0,0
400521,1,1,1998,0,0,0,0,0,0,0,0,0,0
400522,1,1,1998,0,14,20,21,5,0,0,0,14,0
400523,1,1,1998,0,0,0,0,0,0,0,0,0,0
400524,1,1,1998,0,0,0,0,0,0,0,0,0,0
400524,2,1,1998,0,0,0,0,0,0,0,0,0,0
400525,0,1,1998,9,9,9,9,9,9,9,9,9,9
400525,1,1,1998,7,7,7,7,7,7,7,7,7,7
400526,0,1,1998,0,0,0,0,0,0,0,0,0,0
400526,1,1,1998,0,0,0,0,3,0,0,0,18,0
400526,2,1,1998,0,0,0,0,0,0,0,0,0,0
400527,1,1,1998,33,8,0,8,15,11,17,13,10,22
400528,1,1,1998,37,37,37,37,37,37,37,37,37,37
400529,1,1,1998,23,23,23,23,23,23,23,23,23,23
400529,2,1,1998,0,0,0,0,0,0,0,0,0,0
400530,1,1,1998,0,0,0,0,0,0,0,0,0,0
400530,2,1,1998,0,0,0,0,0,0,0,0,0,0