ST_CASE,VEH_NO,PER_NO,YEAR,P1,P2,P3,P4,P5,P6,P7,P8,P9,P10
410451,0,1,1998,25,0,0,0,25,24,11,0,11,0
410451,1,1,1998,6,6,6,6,6,6,6,6,6,6
410452,1,1,1998,0,0,0,0,0,0,0,0,0,0
410452,2,1,1998,0,0,0,0,0,0,0,0,0,0
410453,1,1,1998,0,0,0,0,0,0,0,0,0,0
410453,2,1,1998,0,0,0,0,0,0,0,0,0,0
410454,1,1,1998,0,0,0,0,0,0,0,0,0,0
410454,2,1,1998,0,0,0,0,0,0,0,0,0,0
410455,1,1,1998,0,0,0,0,0,0,0,0,0,0
410456,1,1,1998,0,0,0,0,0,0,0,0,0,0
410457,1,1,1998,0,0,0,0,0,0,0,0,0,0
410458,1,1,1998,0,0,0,0,0,0,16,0,0,0
410459,1,1,1998,0,0,0,0,0,0,0,0,0,0
410459,2,1,1998,12,12,12,12,12,12,12,12,12,12
410460,1,1,1998,26,26,26,26,26,26,26,26,26,26
410460,2,1,1998,0,0,0,0,0,0,0,0,0,0
410461,1,1,1998,18,18,18,18,18,18,18,18,18,18
410462,1,1,1998,0,0,0,0,0,0,0,0,0,0
410463,1,1,1998,7,7,7,7,7,7,7,7,7,7
410463,2,1,1998,0,0,0,0,0,0,0,0,0,0
410464,1,1,1998,16,16,16,16,16,16,16,16,16,16
410464,2,1,1998,0,0,0,0,0,0,0,0,0,0
410465,0,1,1998,0,0,0,0,0,0,0,0,0,0
410465,1,1,1998,0,0,0,0,0,0,0,0,0,0
410466,1,1,1998,23,23,23,23,23,23,23,23,23,23
410466,2,1,1998,0,0,0,0,0,0,0,0,0,0
410467,1,1,1998,0,0,0,0,0,0,0,0,0,0
410467,2,1,1998,0,0,0,0,0,0,0,0,0,0
410468,1,1,1998,0,0,0,0,0,0,0,0,0,0
410468,2,1,1998,0,0,0,0,0,0,0,0,0,0
410469,1,1,1998,0,0,0,0,0,0,0,0,0,0
410469,2,1,1998,0,0,0,0,0,0,0,0,0,0
410470,0,1,1998,7,7,7,7,7,7,7,7,7,7
410470,0,2,1998,16,16,16,16,16,16,16,16,16,16
410470,1,1,1998,0,0,0,0,0,0,0,0,0,0
410471,1,1,1998,0,0,0,0,0,0,0,0,0,0
410471,2,1,1998,21,21,21,21,21,21,21,21,21,21
410472,0,1,1998,32,32,32,32,32,32,32,32,32,32
410472,1,1,1998,0,0,0,0,0,0,0,0,0,0
410473,1,1,1998,16,16,16,16,16,16,16,16,16,16
410473,2,1,1998,0,0,0,0,0,0,0,0,0,0
410474,1,1,1998,0,0,0,0,0,0,0,0,0,0
410474,2,1,1998,0,0,0,0,0,0,0,0,0,0
410475,1,1,1998,0,0,0,0,0,0,0,0,0,0
410475,2,1,1998,0,0,0,0,0,0,0,0,3,0
410475,3,1,1998,0,0,0,0,0,0,0,0,0,0
410476,1,1,1998,0,0,0,0,0,0,0,0,0,0
410476,2,1,1998,0,0,0,0,0,0,0,0,0,0
410477,0,1,1998,0,0,0,0,0,0,0,0,0,0
410477,1,1,1998,0,0,0,0,0,0,0,0,0,0
410478,1,1,1998,0,0,0,0,0,0,0,0,0,0
410479,0,1,1998,31,31,31,31,31,31,31,31,31,31
410479,0,2,1998,13,13,13,13,13,13,13,13,13,13
410479,1,1,1998,0,0,0,0,0,0,0,0,0,0
410480,1,1,1998,0,0,0,0,0,0,0,0,0,0
410481,1,1,1998,0,0,0,0,0,0,0,0,0,0
410482,1,1,1998,8,0,7,0,0,0,0,26,0,0
410483,0,1,1998,0,0,0,0,0,0,0,0,0,0
410483,1,1,1998,0,0,0,0,0,0,0,0,0,0
410484,1,1,1998,0,0,0,0,0,0,0,0,0,0
410484,2,1,1998,0,0,0,0,0,0,0,0,0,0
410485,1,1,1998,13,13,13,13,13,13,13,13,13,13
410486,1,1,1998,0,0,0,0,0,0,0,0,0,0
410487,1,1,1998,0,0,0,21,0,0,0,0,0,0
410489,1,1,1998,0,0,0,0,0,0,0,0,0,0
410490,1,1,1998,0,0,0,0,0,0,0,0,0,0
410491,0,1,1998,26,26,26,26,26,26,26,26,26,26
410491,1,1,1998,0,0,0,0,0,0,0,0,0,0
410492,1,1,1998,0,0,0,0,0,0,0,0,0,0
410492,2,1,1998,0,0,0,0,0,0,0,0,0,0
410493,1,1,1998,0,0,0,0,0,0,0,0,0,0
410493,2,1,1998,0,0,0,0,0,0,0,0,0,0
410494,0,1,1998,0,0,0,0,0,0,0,0,0,0
410494,1,1,1998,0,0,8,0,0,0,0,0,5,0
410495,1,1,1998,0,0,0,0,0,0,0,0,0,0
420001,1,1,1998,21,21,21,21,21,21,21,21,21,21
420001,2,1,1998,0,0,0,0,0,0,0,0,0,0
420002,0,1,1998,0,0,0,0,0,0,0,0,0,0
420002,1,1,1998,0,0,0,0,0,0,0,0,0,0
420003,1,1,1998,12,5,17,9,11,13,4,21,12,13
420004,1,1,1998,20,20,20,20,20,20,20,20,20,20
420004,2,1,1998,0,0,0,0,0,0,0,0,0,0
420005,1,1,1998,8,23,0,35,27,13,17,20,0,0
420006,0,1,1998,0,13,12,14,15,0,0,28,0,17
420006,1,1,1998,25,25,25,25,25,25,25,25,25,25
420007,1,1,1998,0,0,0,0,0,0,0,0,0,0
420007,2,1,1998,1,1,1,1,1,1,1,1,1,1
420008,1,1,1998,0,0,0,0,0,0,0,0,0,0
420008,2,1,1998,0,0,0,0,0,0,0,0,0,0
420009,1,1,1998,20,20,20,20,20,20,20,20,20,20
420010,1,1,1998,0,0,0,0,0,0,0,0,0,0
420010,2,1,1998,0,0,0,0,8,0,0,0,0,0
420011,0,1,1998,0,0,0,0,0,0,0,0,0,0
420011,1,1,1998,0,0,0,0,0,0,0,0,0,0
420012,1,1,1998,0,0,0,0,0,0,0,0,0,0
420012,2,1,1998,0,0,0,0,0,0,0,0,0,0
420013,1,1,1998,28,28,28,28,28,28,28,28,28,28
420014,1,1,1998,0,0,0,0,0,0,0,0,0,0
420015,1,1,1998,10,10,10,10,10,10,10,10,10,10
420016,0,1,1998,29,19,10,39,0,0,21,30,28,0
420016,1,1,1998,0,0,0,0,0,0,0,0,0,0
420017,1,1,1998,6,0,0,0,0,0,0,0,0,0
420017,2,1,1998,0,0,0,0,0,0,0,0,0,0
420018,1,1,1998,14,14,14,14,14,14,14,14,14,14
420019,1,1,1998,30,30,30,30,30,30,30,30,30,30
420019,2,1,1998,0,0,0,0,0,0,0,0,0,0
420020,1,1,1998,14,14,14,14,14,14,14,14,14,14
420021,1,1,1998,33,33,33,33,33,33,33,33,33,33
420022,1,1,1998,0,0,0,0,0,0,0,0,0,0
420022,2,1,1998,0,0,0,0,0,2,0,0,0,0
420023,1,1,1998,0,0,0,0,0,0,0,0,0,0
420023,2,1,1998,0,0,0,0,0,0,0,0,0,0
420024,1,1,1998,19,19,19,19,19,19,19,19,19,19
420025,1,1,1998,17,17,17,17,17,17,17,17,17,17
420026,0,1,1998,0,0,0,0,0,0,0,0,0,0
420026,2,1,1998,0,0,0,0,0,0,0,0,0,0
420027,1,1,1998,21,21,21,21,21,21,21,21,21,21
420027,2,1,1998,0,0,0,0,0,0,0,0,0,0
420028,1,1,1998,0,0,0,0,0,0,0,0,0,0
420029,1,1,1998,0,0,0,0,0,0,0,0,0,0
420030,1,1,1998,0,0,0,0,0,0,0,0,0,0
420030,2,1,1998,0,0,0,0,0,0,0,0,0,0
420031,1,1,1998,11,11,11,11,11,11,11,11,11,11
420031,2,1,1998,0,0,0,0,0,0,0,0,0,0
420032,1,1,1998,0,0,0,0,0,0,0,0,0,0
420032,2,1,1998,0,0,0,0,0,0,0,0,0,0
420033,1,1,1998,0,0,0,0,0,0,0,0,0,0
420033,2,1,1998,0,0,0,0,0,0,0,0,0,0
420034,0,1,1998,0,0,0,0,0,0,0,0,0,0
420034,1,1,1998,0,0,10,0,0,0,0,0,0,0
420035,1,1,1998,0,0,0,0,0,0,0,0,0,0
420035,2,1,1998,0,0,0,0,0,0,0,0,0,0
420036,1,1,1998,0,0,0,0,0,0,0,0,0,0
420036,2,1,1998,0,0,0,0,0,0,0,0,0,0
420037,1,1,1998,17,17,17,17,17,17,17,17,17,17
420038,1,1,1998,0,0,0,0,0,0,0,0,0,0
420038,2,1,1998,0,0,0,0,0,0,0,0,0,0
420039,1,1,1998,10,10,10,10,10,10,10,10,10,10
420040,0,1,1998,0,0,0,0,0,0,0,0,0,0
420040,1,1,1998,17,17,17,17,17,17,17,17,17,17
420040,2,1,1998,0,0,0,0,0,0,0,0,0,0
420041,1,1,1998,0,0,0,0,0,0,0,0,0,0
420041,2,1,1998,4,4,4,4,4,4,4,4,4,4
420042,1,1,1998,0,0,0,0,0,0,0,0,0,0
420042,2,1,1998,0,0,0,0,0,0,0,0,0,0
420043,1,1,1998,0,0,0,0,0,0,0,0,0,0
420044,1,1,1998,17,17,17,17,17,17,17,17,17,17
420045,1,1,1998,0,0,0,0,0,0,0,0,0,0
420045,2,1,1998,0,0,0,0,0,0,0,0,0,0
420046,1,1,1998,0,0,0,8,0,0,0,0,0,0
420047,1,1,1998,16,16,16,16,16,16,16,16,16,16
420048,1,1,1998,0,0,0,0,0,0,0,0,0,0
420048,2,1,1998,0,0,0,0,0,0,0,0,0,0
420049,1,1,1998,16,16,16,16,16,16,16,16,16,16
420050,1,1,1998,0,0,0,0,0,0,0,0,0,0
420050,2,1,1998,0,0,14,0,0,0,0,0,0,0
420051,1,1,1998,0,0,0,0,0,0,0,0,0,0
420051,2,1,1998,0,0,0,0,0,0,0,0,0,0
420052,1,1,1998,13,13,13,13,13,13,13,13,13,13
420053,1,1,1998,0,0,0,0,0,0,0,0,0,0
420053,2,1,1998,0,0,0,0,0,0,0,0,0,0
420053,3,1,1998,0,0,0,0,0,0,0,0,0,0
420054,1,1,1998,0,0,0,0,0,0,0,0,0,0
420055,1,1,1998,0,0,0,0,0,0,0,0,0,0
420055,2,1,1998,0,0,0,0,0,0,0,0,0,0
420056,1,1,1998,11,11,11,11,11,11,11,11,11,11
420056,2,1,1998,0,0,0,0,0,0,0,0,0,0
420057,1,1,1998,0,0,0,0,0,0,0,0,0,0
420058,0,1,1998,0,0,0,0,0,0,0,0,0,0
420058,1,1,1998,0,0,0,0,0,0,0,0,0,0
420059,1,1,1998,0,0,0,0,0,0,0,0,0,0
420060,1,1,1998,0,0,0,0,0,0,0,0,0,0
420060,2,1,1998,0,0,0,0,0,0,0,0,0,5
420061,1,1,1998,0,0,0,0,0,0,0,0,0,0
420061,2,1,1998,0,0,0,0,0,0,0,0,0,0
420062,1,1,1998,15,15,15,15,15,15,15,15,15,15
420063,1,1,1998,0,0,0,0,0,0,0,0,0,0
420063,2,1,1998,0,0,0,0,0,0,0,0,9,0
420064,1,1,1998,0,0,0,0,0,0,0,0,0,0
420065,1,1,1998,0,0,0,0,0,0,0,0,0,0
420066,1,1,1998,23,23,23,23,23,23,23,23,23,23
420066,2,1,1998,0,0,0,0,0,0,0,0,0,0
420067,1,1,1998,17,15,15,12,19,17,5,0,0,10
420067,2,1,1998,0,0,0,0,0,0,0,0,0,0
420068,1,1,1998,0,0,0,0,0,0,0,0,0,0
420068,2,1,1998,0,0,0,0,0,0,0,0,0,0
420069,1,1,1998,22,22,22,22,22,22,22,22,22,22
420070,1,1,1998,7,7,7,7,7,7,7,7,7,7
420071,1,1,1998,25,25,25,25,25,25,25,25,25,25
420072,0,1,1998,0,0,0,0,0,0,0,0,0,0
420072,1,1,1998,5,5,5,5,5,5,5,5,5,5
420073,1,1,1998,0,0,0,0,0,0,0,8,0,0
420073,2,1,1998,0,0,0,20,11,0,6,6,0,16
420073,3,1,1998,0,0,0,14,0,13,0,0,0,0
420074,1,1,1998,17,17,17,17,17,17,17,17,17,17
420075,1,1,1998,0,0,0,0,0,0,0,0,0,0
420075,2,1,1998,0,0,0,0,0,0,0,0,0,0
420076,1,1,1998,25,7,8,12,4,16,18,17,17,21
420077,1,1,1998,0,20,0,0,0,0,0,0,0,0
420078,0,1,1998,0,0,5,0,0,7,36,17,0,0
420078,1,1,1998,7,11,14,9,15,19,10,16,18,13
420079,1,1,1998,0,0,0,0,0,0,0,0,0,0
420079,2,1,1998,2,2,2,2,2,2,2,2,2,2
420080,1,1,1998,15,20,20,18,12,6,11,12,5,22
420081,1,1,1998,0,28,0,7,0,0,0,22,0,10
420082,1,1,1998,0,0,0,0,0,0,0,0,0,0
420082,2,1,1998,0,0,0,0,0,0,0,0,0,0
420083,1,1,1998,10,10,10,10,10,10,10,10,10,10
420084,0,1,1998,0,0,0,0,0,0,0,0,0,0
420084,1,1,1998,0,0,0,0,0,0,0,0,0,0
420085,0,1,1998,0,21,18,0,12,0,28,34,0,14
420085,0,2,1998,0,25,23,0,0,0,33,0,16,16
420085,1,1,1998,0,0,0,0,0,0,17,20,0,0
420086,0,1,1998,0,0,0,0,0,0,0,0,0,0
420086,1,1,1998,0,0,0,0,0,0,0,0,0,0
420087,1,1,1998,10,12,0,0,0,0,27,10,22,0
420089,1,1,1998,0,24,0,20,0,0,23,0,0,0
420090,1,1,1998,24,24,24,24,24,24,24,24,24,24
420091,1,1,1998,11,11,11,11,11,11,11,11,11,11
420092,1,1,1998,8,8,8,8,8,8,8,8,8,8
420093,1,1,1998,18,18,18,18,18,18,18,18,18,18
420094,1,1,1998,0,0,0,0,0,0,0,0,0,0
420094,2,1,1998,0,0,0,0,0,0,0,0,0,0
420095,1,1,1998,28,28,28,28,28,28,28,28,28,28
420096,1,1,1998,0,13,0,0,25,0,0,21,21,0
420097,0,1,1998,0,0,0,0,0,0,0,0,0,0
420097,1,1,1998,0,0,0,0,0,0,0,0,0,0
420098,1,1,1998,19,19,19,19,19,19,19,19,19,19
420099,1,1,1998,9,12,29,21,21,0,20,3,13,25
420100,1,1,1998,0,0,0,0,0,0,0,0,0,0
420100,2,1,1998,0,0,0,0,0,0,0,0,0,0
420101,1,1,1998,0,0,0,0,0,0,0,12,0,0
420101,2,1,1998,0,0,0,0,0,0,0,0,0,0
420102,1,1,1998,21,21,21,21,21,21,21,21,21,21
420103,1,1,1998,0,0,0,0,0,0,0,0,0,0
420103,2,1,1998,0,0,0,0,0,0,0,0,0,0
420104,1,1,1998,15,15,15,15,15,15,15,15,15,15
420105,1,1,1998,0,0,0,0,0,0,0,0,0,0
420106,1,1,1998,0,0,0,0,0,0,0,0,0,0
420106,2,1,1998,11,19,18,0,26,17,10,12,0,17
420107,1,1,1998,13,19,10,10,16,14,7,8,9,6
420108,1,1,1998,0,0,0,0,0,0,0,0,25,0
420108,2,1,1998,0,0,0,0,0,0,0,0,0,0
420109,1,1,1998,24,24,24,24,24,24,24,24,24,24
420109,2,1,1998,0,0,0,0,0,0,0,0,0,0
420110,0,1,1998,0,0,0,0,0,0,0,0,0,0
420110,1,1,1998,0,0,0,0,0,0,0,0,0,0
420111,0,1,1998,0,0,0,0,0,0,0,0,0,0
420111,1,1,1998,0,0,0,0,0,0,0,0,0,0
420112,0,1,1998,0,0,0,0,0,25,4,0,0,21
420112,1,1,1998,0,0,16,0,0,0,0,0,0,5
420113,1,1,1998,0,0,0,0,0,0,0,0,0,0
420114,0,1,1998,12,0,20,44,0,8,29,0,26,22
420114,1,1,1998,0,0,0,0,18,0,0,2,0,17
420115,1,1,1998,0,5,17,2,20,0,0,4,0,0
420116,0,1,1998,0,0,0,0,0,0,0,0,0,0
420116,1,1,1998,0,0,0,0,0,0,0,0,0,0
420117,1,1,1998,17,17,17,17,17,17,17,17,17,17
420118,1,1,1998,0,0,0,0,0,0,0,0,0,9
420118,2,1,1998,0,0,0,0,0,0,3,0,0,0
420119,0,1,1998,0,0,0,0,0,0,0,0,0,0
420119,1,1,1998,1,1,1,1,1,1,1,1,1,1
420120,1,1,1998,8,0,7,23,10,18,4,15,5,14
420121,1,1,1998,0,32,20,15,26,11,21,21,20,13
420122,1,1,1998,0,0,0,0,0,0,0,0,0,0
420122,2,1,1998,0,0,0,0,0,0,0,0,0,0
420123,1,1,1998,0,0,8,0,0,0,0,0,0,0
420123,2,1,1998,0,0,0,0,0,0,0,0,0,0
420123,3,1,1998,0,0,0,0,0,0,0,0,0,0
420124,1,1,1998,0,0,0,0,0,0,0,0,0,0
420124,2,1,1998,0,0,0,0,0,0,0,0,0,0
420125,0,1,1998,0,0,0,0,0,0,0,0,0,0
420125,1,1,1998,0,0,0,0,0,0,0,12,0,0
420126,1,1,1998,0,0,0,0,0,0,0,0,0,0
420126,2,1,1998,0,0,0,0,7,0,0,0,0,0
420127,1,1,1998,0,0,0,0,0,0,0,0,0,0
420128,1,1,1998,0,0,0,0,0,0,0,0,0,0
420128,2,1,1998,0,0,0,0,0,0,0,0,0,0
420129,1,1,1998,23,8,15,4,28,16,15,3,6,14
420129,2,1,1998,0,0,0,0,0,0,0,0,0,0
420130,0,1,1998,0,0,0,0,0,0,0,0,0,0
420130,1,1,1998,0,0,0,0,0,0,0,0,0,0
420131,1,1,1998,0,0,0,0,0,0,0,0,0,0
420132,1,1,1998,28,28,28,28,28,28,28,28,28,28
420133,1,1,1998,0,0,9,0,0,0,0,0,18,0
420133,2,1,1998,0,0,0,0,0,0,0,0,0,0
420134,1,1,1998,0,0,0,0,0,0,0,0,0,0
420135,1,1,1998,0,0,0,0,0,0,0,0,0,0
420135,2,1,1998,0,0,0,0,0,0,0,0,0,10
420136,1,1,1998,15,15,15,15,15,15,15,15,15,15
420137,1,1,1998,17,6,15,18,17,11,18,11,5,12
420138,1,1,1998,0,0,0,0,0,0,0,0,0,0
420138,2,1,1998,0,0,0,0,0,0,0,0,0,0
420139,1,1,1998,0,0,0,0,11,17,0,0,0,0
420139,2,1,1998,0,0,0,0,0,0,0,0,0,0
420140,1,1,1998,0,0,17,16,24,14,17,6,0,0
420141,0,1,1998,0,0,0,21,0,0,0,0,0,0
420141,1,1,1998,0,12,0,0,0,0,0,7,0,27
420142,1,1,1998,0,0,0,0,0,0,0,0,0,0
420142,2,1,1998,0,0,0,0,0,0,0,0,0,0
420143,1,1,1998,0,0,0,0,0,0,0,0,0,0
420143,2,1,1998,0,0,0,0,0,0,0,0,0,0
420144,1,1,1998,18,20,21,18,9,24,0,28,14,19
420144,2,1,1998,0,0,0,0,0,0,0,0,0,0
420145,0,1,1998,12,40,0,0,0,4,0,0,18,5
420145,1,1,1998,0,0,0,0,0,0,0,0,0,0
420146,1,1,1998,0,0,0,0,0,0,0,0,0,0
420146,2,1,1998,0,0,0,0,0,0,0,0,0,0
420147,1,1,1998,7,7,7,7,7,7,7,7,7,7
420147,2,1,1998,0,0,0,0,0,0,0,0,0,0
420148,1,1,1998,18,18,18,18,18,18,18,18,18,18
420148,2,1,1998,0,0,0,0,0,9,0,0,0,0
420149,1,1,1998,0,0,0,0,0,0,0,0,0,0
420149,2,1,1998,0,0,0,0,0,0,0,0,0,0
420150,1,1,1998,4,4,4,4,4,4,4,4,4,4
420151,1,1,1998,0,0,0,0,0,0,0,0,0,0
420152,0,1,1998,0,0,38,10,0,0,5,0,0,0
420152,1,1,1998,0,0,0,0,0,0,0,0,0,0
420153,1,1,1998,0,0,0,0,0,0,0,0,0,0
420153,2,1,1998,0,0,0,0,0,0,0,0,0,0
420154,0,1,1998,0,0,0,0,0,0,0,0,0,0
420154,1,1,1998,0,0,0,0,0,0,0,0,0,0
420155,1,1,1998,0,0,0,0,0,0,0,0,0,0
420155,2,1,1998,0,6,0,0,0,0,0,0,0,0
420156,0,1,1998,7,15,7,8,0,10,22,19,21,0
420156,1,1,1998,0,0,0,0,0,0,0,0,0,0
420157,1,1,1998,9,0,21,0,17,8,6,0,11,21
420157,2,1,1998,0,27,0,28,0,0,0,0,0,21
420158,1,1,1998,0,0,0,0,0,0,0,0,0,0
420158,2,1,1998,0,0,0,0,0,0,0,0,0,0
420158,3,1,1998,0,0,0,0,0,0,0,0,0,0
420159,1,1,1998,0,8,0,0,0,0,0,0,0,0
420159,2,1,1998,0,0,0,0,0,0,0,0,0,0
420160,1,1,1998,0,0,0,0,0,0,0,0,0,0
420161,1,1,1998,41,27,32,22,19,10,33,7,16,22
420162,1,1,1998,19,0,8,40,0,0,5,0,0,0
420163,1,1,1998,0,0,0,0,0,0,0,0,0,0
420164,1,1,1998,0,0,0,0,0,0,0,0,0,0
420165,1,1,1998,0,0,0,0,0,8,19,0,0,0
420165,2,1,1998,0,0,0,0,0,0,0,0,0,0
420166,0,1,1998,0,0,0,0,0,0,0,0,20,0
420166,1,1,1998,0,0,0,0,0,0,0,0,0,0
420167,1,1,1998,0,0,0,0,0,0,0,0,0,0
420167,2,1,1998,0,0,0,0,0,0,0,0,0,0
420168,1,1,1998,0,0,0,0,0,0,0,0,0,0
420169,1,1,1998,0,0,0,0,0,0,0,0,0,0
420170,1,1,1998,0,10,0,0,0,0,0,0,20,0
420170,2,1,1998,0,0,0,0,0,0,0,0,0,0
420171,1,1,1998,0,0,0,0,0,0,0,0,0,0
420171,2,1,1998,17,17,17,17,17,17,17,17,17,17
420172,1,1,1998,20,20,20,20,20,20,20,20,20,20
420173,1,1,1998,0,0,0,0,0,0,0,0,0,0
420173,2,1,1998,0,0,0,0,0,0,0,0,0,0
420174,1,1,1998,18,18,18,18,18,18,18,18,18,18
420174,2,1,1998,0,0,0,0,0,0,0,0,0,0
420175,1,1,1998,6,0,0,0,0,0,0,21,0,13
420176,1,1,1998,18,18,18,18,18,18,18,18,18,18
420176,2,1,1998,0,0,0,0,0,0,0,0,0,0
420177,1,1,1998,0,0,0,0,0,0,0,0,0,0
420178,1,1,1998,0,0,0,0,0,0,0,0,0,0
420178,2,1,1998,0,0,0,0,0,0,0,0,0,0
420178,3,1,1998,0,0,0,0,0,0,0,0,0,0
420178,4,1,1998,0,8,0,0,0,0,0,0,0,0
420178,5,1,1998,0,0,0,0,0,0,0,0,0,0
420178,6,1,1998,0,0,0,0,0,0,0,0,0,0
420178,7,1,1998,0,0,0,0,0,0,0,0,0,0
420178,8,1,1998,0,0,0,0,0,0,0,0,0,0
420178,9,1,1998,0,0,0,0,0,0,0,0,0,0
420178,10,1,1998,0,0,0,0,0,0,0,0,0,0
420178,11,1,1998,0,0,0,0,0,0,0,0,0,0
420178,12,1,1998,0,0,0,0,0,0,0,0,0,0
420179,1,1,1998,8,8,8,8,8,8,8,8,8,8
420179,2,1,1998,0,0,0,0,0,0,0,0,0,0
420180,1,1,1998,0,0,0,0,0,0,0,0,0,0
420181,1,1,1998,26,0,20,22,0,27,20,10,20,20
420182,1,1,1998,12,14,15,0,0,0,0,26,0,0
420182,2,1,1998,0,0,0,0,0,0,0,0,0,3
420183,1,1,1998,29,46,11,16,26,32,19,0,15,39
420184,1,1,1998,0,0,0,0,0,0,0,0,0,0
420184,2,1,1998,0,0,0,0,3,0,0,0,0,0
420185,1,1,1998,0,0,0,0,0,0,0,0,0,0
420185,2,1,1998,0,0,0,0,0,0,0,0,0,0
420186,1,1,1998,0,0,0,0,0,0,0,0,0,0
420186,2,1,1998,0,0,0,0,0,0,0,0,0,0
420187,1,1,1998,0,0,0,0,0,0,0,0,0,0
420188,1,1,1998,0,0,0,0,0,0,0,0,0,0
420188,2,1,1998,0,0,0,0,0,0,0,0,0,0
420189,1,1,1998,0,0,0,0,0,0,0,0,0,0
420189,2,1,1998,0,12,0,0,0,0,0,0,0,0
420189,3,1,1998,0,0,0,0,0,0,0,0,0,0
420190,1,1,1998,0,0,0,0,0,0,0,0,0,0
420190,2,1,1998,0,0,0,0,0,0,0,0,0,0
420191,1,1,1998,0,0,0,0,0,0,0,0,0,0
420191,2,1,1998,0,0,0,18,0,5,20,8,24,15
420192,1,1,1998,0,0,0,0,0,0,0,0,0,0
420192,2,1,1998,0,0,0,0,0,0,0,0,0,0
420193,1,1,1998,0,0,0,0,0,0,0,0,0,0
420193,2,1,1998,0,0,0,0,0,0,0,0,0,0
420193,3,1,1998,0,0,0,0,0,0,0,0,0,0
420194,1,1,1998,18,18,18,18,18,18,18,18,18,18
420195,1,1,1998,0,0,0,0,0,0,0,0,0,0
420195,2,1,1998,0,0,0,0,0,0,0,0,0,0
420196,1,1,1998,0,15,0,13,0,0,0,0,0,0
420196,2,1,1998,0,0,9,0,0,0,0,0,0,0
420197,1,1,1998,21,21,21,21,21,21,21,21,21,21
420197,2,1,1998,0,0,0,0,0,0,0,0,0,0
420197,3,1,1998,0,0,0,0,0,0,0,0,0,0
420198,1,1,1998,0,0,0,0,0,0,0,0,0,0
420198,2,1,1998,0,0,0,0,0,0,0,0,0,0
420199,0,1,1998,33,33,33,33,33,33,33,33,33,33
420199,1,1,1998,0,0,17,0,0,0,0,0,10,0
420200,1,1,1998,0,0,0,0,0,0,0,0,0,0
420200,2,1,1998,0,0,0,0,0,0,0,0,0,0
420201,1,1,1998,0,0,0,0,0,0,0,0,0,0
420201,2,1,1998,0,0,0,0,0,0,0,0,0,0
420202,1,1,1998,16,16,16,16,16,16,16,16,16,16
420203,0,1,1998,13,13,13,13,13,13,13,13,13,13
420203,1,1,1998,19,0,0,0,11,10,0,0,10,0
420204,1,1,1998,13,12,24,16,22,21,0,20,0,0
420205,1,1,1998,0,0,0,0,0,0,0,0,0,0
420205,2,1,1998,0,0,0,0,0,0,0,0,0,0
420206,1,1,1998,0,0,12,0,0,16,0,0,0,0
420206,2,1,1998,0,0,0,0,0,0,0,0,0,0
420207,1,1,1998,0,0,15,0,0,0,0,0,0,0
420207,2,1,1998,0,0,0,0,0,0,0,0,0,0
420208,1,1,1998,14,22,15,31,29,25,7,14,14,17
420209,1,1,1998,0,0,0,0,0,0,0,0,0,0
420209,2,1,1998,0,0,0,0,0,0,0,0,0,0
420210,1,1,1998,0,0,0,0,0,0,0,0,0,0
420210,2,1,1998,0,0,0,0,0,0,0,0,11,0
420211,1,1,1998,26,26,26,26,26,26,26,26,26,26
420212,1,1,1998,0,0,0,0,0,0,0,0,0,0
420213,1,1,1998,0,0,0,0,0,0,0,0,0,0
420214,1,1,1998,0,0,0,0,0,0,0,0,0,0
420214,2,1,1998,0,0,0,0,0,0,0,0,0,0
420215,1,1,1998,16,16,16,16,16,16,16,16,16,16
420216,1,1,1998,23,23,23,23,23,23,23,23,23,23
420217,1,1,1998,21,21,21,21,21,21,21,21,21,21
420218,1,1,1998,10,10,10,10,10,10,10,10,10,10
420218,2,1,1998,0,0,0,0,0,0,10,0,0,0
420219,1,1,1998,21,25,0,14,0,14,15,0,0,0
420220,1,1,1998,22,22,22,22,22,22,22,22,22,22
420220,2,1,1998,0,0,0,0,0,0,0,0,0,0
420221,1,1,1998,18,18,18,18,18,18,18,18,18,18
420222,1,1,1998,0,0,0,0,0,0,0,0,0,0
420223,1,1,1998,22,30,12,0,17,8,7,25,2,5
420223,2,1,1998,0,0,18,0,0,0,0,0,0,0
420224,0,1,1998,0,0,0,0,0,0,0,0,0,0
420224,1,1,1998,7,0,0,0,0,0,0,0,0,0
420225,0,1,1998,0,0,0,0,0,0,0,0,0,0
420225,1,1,1998,40,0,0,13,9,29,20,0,0,20
420226,1,1,1998,31,31,31,31,31,31,31,31,31,31
420226,2,1,1998,0,0,0,0,0,0,0,0,0,0
420227,1,1,1998,0,0,0,0,0,0,0,0,0,0
420227,2,1,1998,0,0,0,0,0,0,0,0,0,0
420228,0,1,1998,0,0,0,0,18,0,0,0,0,0
420228,0,2,1998,0,0,0,0,0,0,0,0,0,32
420228,0,3,1998,16,0,0,9,0,0,0,0,0,0
420228,0,4,1998,0,0,0,0,0,0,0,0,0,0
420228,0,5,1998,0,28,0,0,0,0,0,0,0,0
420228,0,6,1998,0,12,17,0,0,0,9,0,21,0