ST_CASE,VEH_NO,PER_NO,YEAR,P1,P2,P3,P4,P5,P6,P7,P8,P9,P10
421060,3,1,1998,0,0,0,0,0,0,0,0,0,0
421061,1,1,1998,24,24,24,24,24,24,24,24,24,24
421062,1,1,1998,0,0,0,0,0,0,0,0,0,0
421062,2,1,1998,0,0,0,0,0,0,0,0,0,0
421063,1,1,1998,0,0,0,0,0,0,0,0,0,0
421064,1,1,1998,19,16,15,9,5,13,11,18,21,16
421065,1,1,1998,0,3,0,5,0,0,0,0,0,0
421065,2,1,1998,0,0,0,0,0,0,0,0,0,0
421066,1,1,1998,10,10,10,10,10,10,10,10,10,10
421066,2,1,1998,0,0,0,0,0,0,0,0,0,0
421067,1,1,1998,0,13,0,0,0,0,0,0,0,0
421067,2,1,1998,0,0,0,0,0,0,0,0,0,0
421068,1,1,1998,0,0,0,0,0,0,0,0,0,0
421069,1,1,1998,6,6,6,6,6,6,6,6,6,6
421070,1,1,1998,17,17,17,17,17,17,17,17,17,17
421071,1,1,1998,0,0,13,0,0,0,0,0,0,3
421072,1,1,1998,0,0,0,0,10,0,15,0,0,0
421073,1,1,1998,0,0,0,0,0,0,0,0,0,0
421074,1,1,1998,16,16,16,16,16,16,16,16,16,16
421074,2,1,1998,0,0,0,0,0,0,0,0,0,0
421075,1,1,1998,0,0,0,0,0,0,0,0,0,0
421076,1,1,1998,26,26,26,26,26,26,26,26,26,26
421076,2,1,1998,0,0,0,0,0,0,0,0,0,0
421077,1,1,1998,23,23,23,23,23,23,23,23,23,23
421077,2,1,1998,0,0,0,0,0,0,0,0,0,0
421078,1,1,1998,11,14,10,13,17,9,24,26,20,0
421079,1,1,1998,0,0,0,0,0,4,0,0,0,0
421079,2,1,1998,0,0,0,0,0,0,0,0,0,0
421080,1,1,1998,0,0,0,0,0,0,0,0,0,0
421081,1,1,1998,0,0,0,0,0,0,0,0,0,0
421081,2,1,1998,0,0,0,23,0,0,0,0,0,0
421082,1,1,1998,13,0,0,0,0,0,0,0,0,0
421082,2,1,1998,8,0,0,13,14,0,17,0,0,0
421083,1,1,1998,18,18,18,18,18,18,18,18,18,18
421084,1,1,1998,24,24,24,24,24,24,24,24,24,24
421085,1,1,1998,24,24,24,24,24,24,24,24,24,24
421086,1,1,1998,0,0,0,0,0,0,0,0,0,0
421086,2,1,1998,0,0,0,0,0,0,0,0,0,0
421086,3,1,1998,0,0,0,0,0,0,0,0,0,0
421087,0,1,1998,0,33,25,21,0,14,0,8,0,0
421087,1,1,1998,0,0,0,0,0,0,0,0,0,0
421088,1,1,1998,0,0,0,0,0,12,0,0,0,0
421089,1,1,1998,5,5,5,5,5,5,5,5,5,5
421090,1,1,1998,14,23,10,7,29,21,13,12,13,12
421091,1,1,1998,0,0,32,0,0,0,0,0,8,0
421092,1,1,1998,0,0,0,0,0,0,0,0,0,0
421093,1,1,1998,0,0,0,0,0,0,0,0,0,0
421093,2,1,1998,0,0,0,0,0,0,0,0,0,0
421094,0,1,1998,0,0,0,0,0,0,0,0,0,0
421094,1,1,1998,0,0,0,0,0,0,0,8,0,0
421095,1,1,1998,0,0,0,0,0,0,0,0,0,0
421096,0,1,1998,0,0,0,0,0,0,0,0,0,10
421096,1,1,1998,0,0,0,0,0,0,0,0,0,0
421097,1,1,1998,0,0,0,0,13,0,0,0,0,0
421097,2,1,1998,0,0,0,0,3,0,6,0,0,0
421098,1,1,1998,0,0,21,0,0,0,0,0,20,0
421099,1,1,1998,27,27,27,27,27,27,27,27,27,27
421100,0,1,1998,0,0,0,0,0,0,0,0,0,0
421100,1,1,1998,21,21,21,21,21,21,21,21,21,21
421101,1,1,1998,0,0,0,0,0,0,0,0,0,0
421101,2,1,1998,9,13,0,0,0,0,24,0,11,22
421102,1,1,1998,0,0,0,0,0,0,0,0,0,0
421103,0,1,1998,0,0,0,0,0,0,0,0,0,0
421103,1,1,1998,0,0,0,0,0,0,0,0,0,0
421104,1,1,1998,0,0,0,0,0,0,0,0,0,0
421104,2,1,1998,0,0,0,0,0,0,0,0,0,0
421105,1,1,1998,19,19,19,19,19,19,19,19,19,19
421106,1,1,1998,0,0,0,0,0,0,0,0,0,0
421107,1,1,1998,23,23,23,23,23,23,23,23,23,23
421107,2,1,1998,0,0,0,0,0,0,0,0,0,4
421108,1,1,1998,1,1,1,1,1,1,1,1,1,1
421109,1,1,1998,0,0,0,0,0,0,0,0,0,0
421110,1,1,1998,0,0,0,0,0,0,0,18,0,0
421110,2,1,1998,0,0,0,0,0,0,0,0,0,0
421111,1,1,1998,0,0,0,0,0,0,0,0,0,0
421111,2,1,1998,0,0,0,0,0,0,0,0,9,0
421112,1,1,1998,0,0,0,0,0,0,0,0,0,0
421113,1,1,1998,21,21,21,21,21,21,21,21,21,21
421114,0,1,1998,0,0,0,0,0,0,0,0,0,0
421114,1,1,1998,0,0,0,0,0,0,0,0,0,0
421115,1,1,1998,18,18,18,18,18,18,18,18,18,18
421116,1,1,1998,15,15,15,15,15,15,15,15,15,15
421117,1,1,1998,25,25,25,25,25,25,25,25,25,25
421117,2,1,1998,0,0,0,0,0,0,0,0,0,0
421118,1,1,1998,0,0,0,0,0,0,0,0,0,0
421119,1,1,1998,0,0,0,0,0,0,0,0,0,0
421119,2,1,1998,0,0,0,0,0,0,0,0,0,0
421120,1,1,1998,22,22,22,22,22,22,22,22,22,22
421120,2,1,1998,0,0,0,0,0,0,0,0,0,0
421121,1,1,1998,0,0,0,0,0,0,0,0,0,0
421121,2,1,1998,0,0,0,0,0,0,0,0,0,0
421122,1,1,1998,17,17,17,17,17,17,17,17,17,17
421123,1,1,1998,14,14,14,14,14,14,14,14,14,14
421123,2,1,1998,0,0,0,0,0,0,0,0,0,0
421123,3,1,1998,0,0,0,0,23,0,0,0,0,18
421124,0,1,1998,0,0,0,0,0,0,0,0,0,0
421124,1,1,1998,0,0,0,0,0,0,0,0,0,0
421125,1,1,1998,0,0,0,0,0,0,0,0,0,0
421125,2,1,1998,0,0,0,0,0,0,0,0,0,0
421126,1,1,1998,0,0,19,20,0,0,0,20,0,0
421126,2,1,1998,0,0,0,0,0,0,0,0,0,0
421127,0,1,1998,0,0,0,0,0,0,0,0,0,0
421127,1,1,1998,0,16,0,10,12,6,0,12,16,20
421128,1,1,1998,14,6,24,19,21,20,32,0,12,11
421129,1,1,1998,0,0,0,0,0,0,0,0,0,0
421130,1,1,1998,0,0,0,0,0,0,0,0,0,0
421130,2,1,1998,0,0,0,0,0,0,0,0,0,0
421131,1,1,1998,0,0,0,0,0,0,0,0,0,0
421132,1,1,1998,24,24,24,24,24,24,24,24,24,24
421132,2,1,1998,0,0,0,0,0,0,0,0,0,0
421133,0,1,1998,0,0,0,0,0,15,0,0,0,0
421133,1,1,1998,0,0,0,0,0,0,0,0,0,0
421133,2,1,1998,0,0,0,0,0,0,0,0,0,0
421134,1,1,1998,0,0,0,0,13,0,0,0,0,0
421134,2,1,1998,0,0,0,0,0,0,11,0,0,0
421135,0,1,1998,0,0,0,0,0,0,0,0,0,0
421135,1,1,1998,0,0,0,0,0,0,0,0,0,0
421136,0,1,1998,0,17,0,0,41,26,0,22,0,0
421136,1,1,1998,0,0,0,0,0,0,0,0,0,0
421137,0,1,1998,19,19,19,19,19,19,19,19,19,19
421137,1,1,1998,0,0,0,0,0,0,0,0,0,0
421138,1,1,1998,23,23,23,23,23,23,23,23,23,23
421139,1,1,1998,0,0,0,0,0,0,0,0,0,0
421139,2,1,1998,0,0,0,0,0,0,0,0,0,0
421140,1,1,1998,0,0,0,0,0,0,0,15,0,0
421140,2,1,1998,0,0,0,0,0,0,0,0,0,0
421141,1,1,1998,33,33,33,33,33,33,33,33,33,33
421142,0,1,1998,0,16,0,0,0,0,0,0,0,0
421142,1,1,1998,0,0,0,0,0,0,0,0,0,0
421143,0,1,1998,40,40,40,40,40,40,40,40,40,40
421143,1,1,1998,17,15,0,0,0,0,0,0,0,8
421144,1,1,1998,20,20,20,20,20,20,20,20,20,20
421145,1,1,1998,0,0,0,0,0,0,0,0,0,0
421146,1,1,1998,22,22,22,22,22,22,22,22,22,22
421147,1,1,1998,0,0,0,0,0,0,0,0,0,0
421147,2,1,1998,0,11,0,0,0,0,0,0,0,0
421148,1,1,1998,12,12,12,12,12,12,12,12,12,12
421149,1,1,1998,26,45,9,19,22,34,22,12,0,16
421150,1,1,1998,18,0,15,0,0,0,0,0,0,0
421151,1,1,1998,0,0,0,0,0,0,0,0,0,0
421151,2,1,1998,0,24,0,0,0,0,0,0,0,0
421152,1,1,1998,25,25,25,25,25,25,25,25,25,25
421153,1,1,1998,0,0,0,0,0,0,0,0,0,0
421154,1,1,1998,0,0,12,0,0,0,0,0,6,0
421155,1,1,1998,19,19,19,19,19,19,19,19,19,19
421156,1,1,1998,26,26,26,26,26,26,26,26,26,26
421156,2,1,1998,22,0,0,0,0,0,0,0,0,0
421156,3,1,1998,0,0,0,0,0,0,0,0,0,6
421157,1,1,1998,0,0,0,0,0,0,0,0,0,0
421158,1,1,1998,0,0,0,0,0,0,0,0,0,0
421159,1,1,1998,20,20,20,20,20,20,20,20,20,20
421160,1,1,1998,0,0,0,0,0,0,0,0,0,0
421161,1,1,1998,19,19,19,19,19,19,19,19,19,19
421162,1,1,1998,31,31,31,31,31,31,31,31,31,31
421163,1,1,1998,14,14,14,14,14,14,14,14,14,14
421164,0,1,1998,0,0,0,17,0,0,0,0,0,0
421164,1,1,1998,0,0,0,0,0,0,0,0,0,0
421165,1,1,1998,0,0,0,0,0,0,0,0,0,0
421165,2,1,1998,0,0,0,0,0,0,0,0,0,0
421166,1,1,1998,0,0,0,0,0,0,0,5,0,0
421166,2,1,1998,0,0,0,0,0,0,0,0,0,0
421167,1,1,1998,0,0,0,0,0,0,0,0,0,0
421167,2,1,1998,0,7,0,11,15,14,24,14,0,4
421168,1,1,1998,0,0,0,0,0,0,0,0,0,0
421169,1,1,1998,0,0,0,0,0,0,0,0,0,0
421169,2,1,1998,0,10,9,19,37,0,10,0,12,11
421170,1,1,1998,0,0,0,0,0,0,5,0,0,0
421170,2,1,1998,0,0,0,0,0,0,0,0,0,0
421171,1,1,1998,0,0,0,0,0,0,0,0,0,0
421171,2,1,1998,0,0,0,0,0,0,0,0,0,0
421172,1,1,1998,0,0,0,0,0,0,0,0,0,0
421173,1,1,1998,0,0,0,0,0,0,0,0,0,0
421174,0,1,1998,0,0,0,0,0,0,0,0,0,0
421174,1,1,1998,17,0,0,0,0,0,0,0,23,0
421175,1,1,1998,0,0,0,0,0,0,0,0,0,0
421176,1,1,1998,0,0,0,0,0,0,0,0,0,0
421176,2,1,1998,0,0,0,0,0,0,0,0,0,0
421177,0,1,1998,0,0,0,0,0,0,0,0,0,0
421177,1,1,1998,0,0,0,0,0,0,0,0,0,0
421178,0,1,1998,18,18,18,18,18,18,18,18,18,18
421178,1,1,1998,0,0,0,0,0,0,0,0,0,0
421179,1,1,1998,0,0,12,0,0,27,0,0,8,0
421179,2,1,1998,0,0,0,0,0,0,0,0,0,0
421180,1,1,1998,14,22,19,12,8,9,11,24,15,10
421181,1,1,1998,0,0,0,0,0,0,36,0,0,0
421182,1,1,1998,0,0,0,0,0,0,0,0,0,0
421182,2,1,1998,0,0,0,0,0,0,0,0,0,0
421183,1,1,1998,0,0,0,0,0,0,0,0,0,0
421183,2,1,1998,0,0,0,0,0,0,0,0,0,0
421184,1,1,1998,0,0,0,0,0,0,22,0,27,19
421185,0,1,1998,0,0,0,6,0,0,0,0,0,0
421185,1,1,1998,0,0,0,8,10,0,0,10,13,0
421186,1,1,1998,15,19,0,0,22,8,0,19,12,12
421186,2,1,1998,0,0,0,0,0,0,0,0,0,0
421187,1,1,1998,27,27,27,27,27,27,27,27,27,27
421188,1,1,1998,20,20,20,20,20,20,20,20,20,20
421189,1,1,1998,19,19,19,19,19,19,19,19,19,19
421190,1,1,1998,14,14,14,14,14,14,14,14,14,14
421190,2,1,1998,9,0,0,28,0,0,0,29,0,0
421190,3,1,1998,0,0,0,0,0,0,0,0,0,0
421191,1,1,1998,16,0,0,25,5,0,8,0,0,0
421192,1,1,1998,27,27,27,27,27,27,27,27,27,27
421193,1,1,1998,20,29,8,15,18,14,8,27,13,8
421194,1,1,1998,0,0,0,0,0,0,0,0,0,0
421194,2,1,1998,0,0,0,0,0,0,0,0,0,0
421195,1,1,1998,22,22,22,22,22,22,22,22,22,22
421196,1,1,1998,0,0,0,0,0,0,0,0,0,0
421196,2,1,1998,0,0,0,0,0,0,0,0,7,0
421197,1,1,1998,0,0,0,0,0,0,0,0,0,0
421198,1,1,1998,0,9,0,0,0,0,0,0,0,0
421198,2,1,1998,0,0,0,0,0,0,0,0,0,0
421199,1,1,1998,21,21,21,21,21,21,21,21,21,21
421199,2,1,1998,0,0,0,0,0,0,0,0,0,0
421200,1,1,1998,15,25,16,5,6,0,26,14,12,9
421201,1,1,1998,2,18,0,0,0,12,0,12,0,6
421201,2,1,1998,19,5,15,9,11,10,14,13,6,2
421202,1,1,1998,22,22,22,22,22,22,22,22,22,22
421203,1,1,1998,13,19,25,13,20,27,34,17,17,11
421204,1,1,1998,25,25,25,25,25,25,25,25,25,25
421205,1,1,1998,0,0,0,0,0,0,0,0,0,0
421206,1,1,1998,0,0,0,0,0,0,0,0,0,0
421206,2,1,1998,0,0,0,0,0,0,0,0,0,0
421207,1,1,1998,14,14,14,14,14,14,14,14,14,14
421207,2,1,1998,0,14,0,0,0,13,0,0,0,0
421208,1,1,1998,0,5,0,0,0,0,0,0,0,0
421209,1,1,1998,0,0,16,0,9,0,25,8,11,0
421210,0,1,1998,28,28,28,28,28,28,28,28,28,28
421210,1,1,1998,0,0,0,0,0,0,0,0,0,0
421211,1,1,1998,0,0,21,0,0,0,0,13,0,0
421211,2,1,1998,30,30,30,30,30,30,30,30,30,30
421212,1,1,1998,28,28,28,28,28,28,28,28,28,28
421213,0,1,1998,0,0,0,0,0,0,0,0,0,0
421213,0,2,1998,0,0,0,0,0,0,0,0,0,0
421213,1,1,1998,0,0,0,0,0,18,0,0,0,0
421213,2,1,1998,0,0,0,0,0,0,0,0,0,0
421214,1,1,1998,0,26,25,5,10,0,0,0,0,0
421214,2,1,1998,0,0,0,0,0,0,0,0,0,0
421215,1,1,1998,0,0,0,0,0,0,0,0,0,0
421216,1,1,1998,0,0,0,11,0,0,4,0,0,0
421216,2,1,1998,0,0,0,0,0,0,0,0,0,0
421216,3,1,1998,0,0,0,0,0,0,0,0,0,0
421217,1,1,1998,0,0,0,0,0,0,0,0,0,0
421217,2,1,1998,0,0,0,0,0,0,0,0,0,0
421218,1,1,1998,0,7,0,0,0,0,0,18,0,0
421218,2,1,1998,0,10,0,0,0,0,0,0,0,0
421219,1,1,1998,8,9,19,28,15,20,16,0,11,17
421220,1,1,1998,0,0,0,0,0,0,0,0,11,0
421221,1,1,1998,0,0,0,0,0,0,0,0,0,0
421222,0,1,1998,44,22,15,45,0,39,7,12,28,17
421222,1,1,1998,0,0,0,0,0,0,0,0,0,0
421223,0,1,1998,10,10,10,10,10,10,10,10,10,10
421223,1,1,1998,0,0,0,0,0,0,0,0,0,0
421224,0,1,1998,0,0,0,0,0,0,0,0,0,0
421224,1,1,1998,21,0,21,0,0,0,0,15,12,0
421225,0,1,1998,0,0,0,0,0,0,0,0,0,0
421225,1,1,1998,0,0,0,0,0,0,0,0,0,0
421226,1,1,1998,32,24,0,0,11,0,23,33,10,14
421227,1,1,1998,0,0,0,0,0,0,0,0,0,0
421228,1,1,1998,0,0,0,0,0,0,0,0,0,0
421228,2,1,1998,0,0,0,0,0,0,0,0,0,0
421229,1,1,1998,10,10,10,10,10,10,10,10,10,10
421230,0,1,1998,6,6,6,6,6,6,6,6,6,6
421230,1,1,1998,0,8,0,11,17,7,0,0,21,0
421231,1,1,1998,0,0,0,0,0,27,0,0,0,0
421232,1,1,1998,0,0,0,0,0,0,0,0,0,0
421232,2,1,1998,0,0,0,0,0,0,0,0,0,0
421233,1,1,1998,0,0,0,0,0,0,0,0,0,0
421234,1,1,1998,0,9,0,14,3,0,0,0,0,8
421234,2,1,1998,0,0,0,0,0,0,0,0,0,0
421235,1,1,1998,20,20,18,14,14,8,9,12,11,0
421236,1,1,1998,0,0,0,0,0,0,0,0,0,0
421237,1,1,1998,0,0,0,0,0,0,0,0,0,0
421238,1,1,1998,0,0,0,0,0,0,0,0,0,0
421239,1,1,1998,23,23,23,23,23,23,23,23,23,23
421240,1,1,1998,20,20,20,20,20,20,20,20,20,20
421241,1,1,1998,0,0,0,0,0,0,0,0,0,0
421241,2,1,1998,0,0,0,0,0,0,0,0,0,0
421242,0,1,1998,16,0,0,0,0,0,0,0,0,0
421242,0,2,1998,0,27,0,33,0,0,9,0,12,24
421242,0,3,1998,32,0,0,15,25,0,41,12,4,25
421242,0,4,1998,15,0,10,23,0,16,0,8,0,0
421242,1,1,1998,0,0,10,0,0,0,0,0,0,0
421243,0,1,1998,0,0,0,0,0,0,0,0,0,0
421243,1,1,1998,0,0,0,0,0,0,0,0,10,0
421244,1,1,1998,19,19,19,19,19,19,19,19,19,19
421244,2,1,1998,0,0,0,0,0,12,0,0,0,0
421245,0,1,1998,0,0,0,17,0,0,0,0,0,0
421245,1,1,1998,0,0,0,0,0,0,0,0,0,0
421246,1,1,1998,0,0,0,0,0,0,0,0,35,0
421246,2,1,1998,0,0,0,0,0,0,0,0,0,0
421247,1,1,1998,14,14,14,14,14,14,14,14,14,14
421248,1,1,1998,6,0,0,0,0,0,0,14,0,0
421249,1,1,1998,17,17,17,17,17,17,17,17,17,17
421250,1,1,1998,0,0,0,0,0,0,11,22,10,0
421250,2,1,1998,0,5,0,0,0,0,0,0,0,25
421251,1,1,1998,0,0,0,0,0,0,0,0,0,0
421251,2,1,1998,0,0,0,0,0,0,0,0,0,0
421252,1,1,1998,0,0,0,0,0,0,0,0,0,0
421252,2,1,1998,0,0,0,0,0,0,0,0,0,0
421252,3,1,1998,0,0,0,0,0,0,0,0,0,0
421253,1,1,1998,0,0,0,0,0,0,0,0,0,0
421253,2,1,1998,0,0,0,0,0,0,0,0,0,0
421253,3,1,1998,0,0,0,0,0,0,0,0,0,0
421254,1,1,1998,0,0,0,0,0,0,0,0,0,0
421254,2,1,1998,0,0,0,0,0,0,0,0,0,0
421254,3,1,1998,0,0,0,0,0,0,0,0,0,0
421255,1,1,1998,11,11,11,11,11,11,11,11,11,11
421256,1,1,1998,16,16,16,16,16,16,16,16,16,16
421256,2,1,1998,0,0,0,0,0,0,0,0,0,0
421257,1,1,1998,0,0,0,0,0,0,0,0,0,0
421258,1,1,1998,13,13,13,13,13,13,13,13,13,13
421259,1,1,1998,0,0,0,0,0,0,0,0,0,0
421260,1,1,1998,17,17,17,17,17,17,17,17,17,17
421261,0,1,1998,0,0,0,0,0,0,0,0,0,0
421261,1,1,1998,0,0,0,0,0,0,0,0,0,0
421261,2,1,1998,0,0,0,0,0,0,0,0,0,0
421262,1,1,1998,0,0,0,0,0,0,0,0,0,0
421263,1,1,1998,0,0,0,0,0,0,0,0,0,0
421263,2,1,1998,0,0,0,0,0,0,0,0,0,0
421263,3,1,1998,0,0,11,0,0,0,0,0,0,0
421264,1,1,1998,17,17,17,17,17,17,17,17,17,17
421265,1,1,1998,0,0,0,0,0,0,0,0,0,0
421266,1,1,1998,1,1,1,1,1,1,1,1,1,1
421267,1,1,1998,0,0,0,0,0,0,0,0,0,0
421267,2,1,1998,0,0,0,0,0,0,0,0,0,0
421268,1,1,1998,32,13,29,50,18,19,14,31,35,22
421269,1,1,1998,17,17,17,17,17,17,17,17,17,17
421270,1,1,1998,0,12,0,0,0,0,0,0,0,17
421270,2,1,1998,0,0,0,0,0,0,0,0,0,0
421271,1,1,1998,11,11,11,11,11,11,11,11,11,11
421271,2,1,1998,0,0,0,0,0,13,0,0,0,0
421272,1,1,1998,25,10,11,8,21,21,10,12,36,24
421273,1,1,1998,0,0,0,0,0,0,0,0,0,0
421273,2,1,1998,0,0,0,0,0,0,0,0,0,0
421274,1,1,1998,27,27,27,27,27,27,27,27,27,27
421275,1,1,1998,17,17,17,17,17,17,17,17,17,17
421276,1,1,1998,0,0,0,0,0,0,0,0,0,0
421276,2,1,1998,0,0,0,0,0,0,0,0,0,0
421277,1,1,1998,0,0,0,0,0,0,0,0,0,0
421278,1,1,1998,17,17,17,17,17,17,17,17,17,17
421279,1,1,1998,22,22,22,22,22,22,22,22,22,22
421280,1,1,1998,11,13,0,24,25,14,25,0,31,14
421281,0,1,1998,0,0,0,0,0,0,0,0,0,0
421281,1,1,1998,0,0,0,0,0,0,0,0,0,0
421282,1,1,1998,17,17,17,17,17,17,17,17,17,17
421283,1,1,1998,0,0,0,0,18,0,0,0,0,0
421284,1,1,1998,0,16,16,24,7,0,0,16,13,0
421285,1,1,1998,0,22,0,18,25,0,0,26,9,5
421286,1,1,1998,24,24,24,24,24,24,24,24,24,24
421287,1,1,1998,18,32,19,34,30,42,5,27,28,27
421287,2,1,1998,0,0,0,0,0,0,0,0,0,0
421288,1,1,1998,21,21,21,21,21,21,21,21,21,21
421288,2,1,1998,0,0,0,0,0,0,0,0,0,0
421289,1,1,1998,0,0,0,0,0,0,0,0,0,0
421289,2,1,1998,0,0,0,0,0,0,0,0,0,0
421289,3,1,1998,0,0,4,0,0,0,0,0,0,0
421290,1,1,1998,21,33,22,13,24,0,13,8,11,33
421291,1,1,1998,21,0,0,0,0,0,0,0,0,0
421292,1,1,1998,15,15,15,15,15,15,15,15,15,15
421293,1,1,1998,0,0,0,0,0,0,0,0,0,0
421293,2,1,1998,0,0,0,0,0,0,0,0,0,0
421293,3,1,1998,0,0,0,0,0,0,0,0,0,0
421294,0,1,1998,0,0,0,0,0,0,0,0,0,0
421294,1,1,1998,0,0,0,0,0,0,0,0,0,0
421295,1,1,1998,32,32,32,32,32,32,32,32,32,32
421296,0,1,1998,27,27,27,27,27,27,27,27,27,27
421296,1,1,1998,0,0,0,0,0,0,0,0,0,0
421297,1,1,1998,0,0,0,0,0,0,0,0,0,0
421297,2,1,1998,0,0,0,0,0,0,0,0,0,0
421298,1,1,1998,21,21,21,21,21,21,21,21,21,21
421298,2,1,1998,0,0,0,0,0,0,0,0,0,0
421299,1,1,1998,0,0,0,0,0,0,0,0,0,0
421300,1,1,1998,0,0,0,0,0,0,0,0,6,0
421300,2,1,1998,0,0,0,0,0,0,0,0,0,0
421301,1,1,1998,0,0,0,14,0,0,0,0,0,0
421302,1,1,1998,0,0,0,0,0,0,0,0,0,0
421302,2,1,1998,0,0,0,0,0,0,0,0,0,0
421303,1,1,1998,10,18,28,9,23,0,28,14,40,22
421304,1,1,1998,5,5,5,5,5,5,5,5,5,5
421305,1,1,1998,0,0,0,0,0,0,0,0,0,0
421306,1,1,1998,0,0,0,0,0,0,0,0,0,0
421306,2,1,1998,0,0,0,0,0,0,0,0,0,0
421307,1,1,1998,4,4,4,4,4,4,4,4,4,4
421308,1,1,1998,10,10,10,10,10,10,10,10,10,10
421309,1,1,1998,0,0,0,0,0,0,0,0,0,0
421310,1,1,1998,0,0,0,0,0,0,0,0,0,0
421311,1,1,1998,0,0,0,0,0,0,0,0,0,0
421311,2,1,1998,0,0,0,0,0,0,0,0,0,0
421312,0,1,1998,27,27,27,27,27,27,27,27,27,27
421312,1,1,1998,0,0,0,0,0,0,0,0,0,0
421313,1,1,1998,21,21,21,21,21,21,21,21,21,21
421314,1,1,1998,0,0,0,0,0,0,0,0,0,0
421314,2,1,1998,0,0,0,0,0,0,0,0,0,0
421315,1,1,1998,0,0,0,0,0,0,0,0,0,0
421315,2,1,1998,0,0,0,0,0,0,0,0,0,0
421316,1,1,1998,0,0,0,0,0,0,0,0,0,0
421316,2,1,1998,0,0,0,0,0,0,0,0,0,0
421317,1,1,1998,0,0,0,0,0,0,0,0,0,0
421319,1,1,1998,0,0,0,0,0,0,0,0,0,0
421319,2,1,1998,0,0,0,0,0,0,0,0,0,0
421320,1,1,1998,0,0,0,0,0,5,0,0,0,0
421320,2,1,1998,0,0,0,0,0,0,0,0,0,0
421321,0,1,1998,0,0,0,23,0,11,0,40,43,27
421321,1,1,1998,3,19,6,20,16,13,25,13,22,10
421322,1,1,1998,0,0,0,0,0,0,0,0,0,0
421322,2,1,1998,0,0,0,0,0,0,0,0,0,0
421323,1,1,1998,28,28,28,28,28,28,28,28,28,28
421323,2,1,1998,0,0,0,0,0,10,0,0,0,0
421324,1,1,1998,0,0,0,0,0,0,0,0,0,0
421324,2,1,1998,0,0,11,22,16,0,0,0,0,0
421324,3,1,1998,0,0,0,0,0,0,0,0,0,0
421325,1,1,1998,28,28,28,28,28,28,28,28,28,28
421326,1,1,1998,0,0,0,0,0,0,0,0,0,0
421327,1,1,1998,13,13,13,13,13,13,13,13,13,13
421327,2,1,1998,0,0,0,0,0,0,0,0,0,0
421328,1,1,1998,0,0,0,0,0,0,0,0,0,0
421328,2,1,1998,0,0,9,0,0,0,0,0,0,0
421329,1,1,1998,0,21,14,4,12,6,7,0,17,0
421329,2,1,1998,0,0,0,0,0,0,0,0,0,0
421330,1,1,1998,0,0,0,0,0,0,0,0,0,0
421330,2,1,1998,0,0,0,0,0,0,0,0,0,0
421331,1,1,1998,18,18,18,18,18,18,18,18,18,18
421332,1,1,1998,10,10,10,10,10,10,10,10,10,10
421333,1,1,1998,0,0,0,9,0,0,0,0,0,0
421333,2,1,1998,0,0,0,0,0,0,0,0,0,0
421334,1,1,1998,0,0,0,0,0,0,0,0,0,0
421334,2,1,1998,0,0,0,0,0,0,0,11,0,27
421335,0,1,1998,0,0,0,0,0,0,0,0,0,0
421335,1,1,1998,0,0,0,0,0,0,0,0,0,0
421336,1,1,1998,4,4,4,4,4,4,4,4,4,4
421337,1,1,1998,0,0,0,0,0,0,0,0,0,0
421337,2,1,1998,0,0,0,0,0,0,0,0,0,0
421338,1,1,1998,15,15,15,15,15,15,15,15,15,15
421339,1,1,1998,0,0,0,0,0,0,0,0,0,0
421339,2,1,1998,0,0,0,0,0,0,0,0,0,0
421339,3,1,1998,0,0,0,0,0,0,0,0,0,0
421340,0,1,1998,0,0,0,0,0,0,0,0,0,0
421340,1,1,1998,0,0,0,0,0,0,0,0,0,0
421341,1,1,1998,0,5,0,0,0,0,0,0,6,0
421341,2,1,1998,0,0,0,0,0,0,0,0,0,0
421341,3,1,1998,0,0,0,0,0,0,0,0,0,0
421342,1,1,1998,0,0,0,0,0,0,0,0,0,0
421342,2,1,1998,0,0,0,0,0,0,0,0,0,0
421343,1,1,1998,6,6,6,6,6,6,6,6,6,6
421343,2,1,1998,0,0,0,0,0,3,0,0,0,0
421344,0,1,1998,0,0,0,0,0,0,0,0,0,0
421344,1,1,1998,0,0,0,0,26,0,0,0,0,0
421344,2,1,1998,0,0,0,0,0,0,0,0,0,0
421345,1,1,1998,0,14,0,0,6,0,0,15,0,0
421345,2,1,1998,10,14,14,7,12,11,28,5,12,0
421345,3,1,1998,27,16,13,7,19,0,15,9,7,8
421346,0,1,1998,17,0,13,14,11,20,0,18,0,0
421346,2,1,1998,0,0,0,0,0,0,0,0,0,0
421347,1,1,1998,0,12,0,27,21,20,0,17,0,0
421348,0,1,1998,0,0,0,13,0,0,0,0,0,28
421348,1,1,1998,3,3,3,3,3,3,3,3,3,3
421349,1,1,1998,0,0,0,0,0,0,0,0,0,0