ST_CASE,VEH_NO,PER_NO,YEAR,P1,P2,P3,P4,P5,P6,P7,P8,P9,P10
421350,1,1,1998,0,0,0,0,0,0,0,0,0,0
421351,1,1,1998,14,7,15,21,23,17,23,12,20,19
421351,2,1,1998,0,0,0,0,0,0,0,0,0,0
421351,3,1,1998,0,0,0,0,0,0,0,0,0,0
421352,0,1,1998,19,8,13,22,17,0,26,41,0,16
421352,1,1,1998,0,4,12,9,0,0,0,6,13,0
421353,1,1,1998,30,30,30,30,30,30,30,30,30,30
421354,1,1,1998,0,3,0,0,0,0,0,0,0,0
421354,2,1,1998,0,0,0,0,0,0,0,0,0,0
421354,3,1,1998,0,0,0,0,0,0,0,0,0,0
421355,1,1,1998,0,14,9,0,10,0,0,0,0,28
421355,2,1,1998,0,0,0,0,0,0,0,0,0,0
421356,1,1,1998,0,0,0,0,0,0,0,0,0,0
421356,2,1,1998,5,5,5,5,5,5,5,5,5,5
421357,1,1,1998,0,0,0,0,0,0,0,0,0,0
421357,2,1,1998,0,0,0,0,0,0,0,0,0,0
421358,1,1,1998,0,0,0,0,0,0,0,0,0,0
421358,2,1,1998,0,0,0,0,0,0,0,0,0,0
421359,1,1,1998,0,0,0,0,0,0,0,0,0,0
421359,2,1,1998,0,0,0,0,0,0,0,0,0,0
421360,1,1,1998,0,0,0,0,0,0,0,0,0,0
421360,2,1,1998,0,0,0,0,12,0,0,0,0,0
421360,3,1,1998,20,21,0,14,10,0,13,0,9,7
421361,1,1,1998,0,0,0,0,0,0,0,0,0,0
421361,2,1,1998,0,0,0,0,0,0,0,0,0,0
440001,1,1,1998,0,0,0,0,0,0,0,0,0,0
440001,2,1,1998,0,0,0,0,0,0,0,0,0,0
440002,1,2,1998,0,0,0,0,0,0,0,0,0,0
440003,1,1,1998,0,0,0,0,0,0,0,0,0,0
440003,2,1,1998,0,0,0,0,0,0,0,0,0,0
440004,1,1,1998,6,6,6,6,6,6,6,6,6,6
440004,2,1,1998,0,0,0,0,0,0,0,0,0,0
440005,1,1,1998,0,0,0,0,0,0,0,0,0,0
440005,2,1,1998,0,0,0,0,0,0,0,0,0,0
440006,1,1,1998,0,0,0,0,0,0,0,0,0,0
440006,2,1,1998,0,0,0,0,0,0,0,0,0,0
440007,1,1,1998,33,33,33,33,33,33,33,33,33,33
440008,1,1,1998,21,21,21,21,21,21,21,21,21,21
440009,1,1,1998,0,0,0,0,0,0,0,0,0,0
440009,2,1,1998,0,0,6,0,0,0,0,0,0,0
440010,1,2,1998,10,0,0,0,0,0,0,0,0,0
440011,1,1,1998,19,19,19,19,19,19,19,19,19,19
440012,1,2,1998,24,5,12,0,6,10,18,19,0,10
440013,1,1,1998,25,25,25,25,25,25,25,25,25,25
440014,1,1,1998,20,20,20,20,20,20,20,20,20,20
440015,1,1,1998,27,27,27,27,27,27,27,27,27,27
440016,1,1,1998,24,24,24,24,24,24,24,24,24,24
440017,1,1,1998,23,23,23,23,23,23,23,23,23,23
440018,1,2,1998,8,0,0,0,0,0,0,0,0,0
440018,2,1,1998,0,0,0,18,0,0,0,0,0,0
440019,1,1,1998,0,0,0,0,0,0,0,0,0,0
440019,2,1,1998,0,0,0,0,0,0,0,0,0,0
440019,3,1,1998,0,0,0,0,0,0,0,0,0,0
440019,4,1,1998,0,20,0,0,0,0,0,0,0,0
440020,1,1,1998,0,0,0,0,0,0,0,0,0,0
440020,2,1,1998,0,0,0,0,0,0,0,0,0,0
440021,1,1,1998,28,28,28,28,28,28,28,28,28,28
440021,2,1,1998,0,0,0,0,0,0,0,0,0,0
440022,1,1,1998,0,0,0,0,0,0,0,0,0,0
440023,1,1,1998,30,30,30,30,30,30,30,30,30,30
440023,2,1,1998,0,0,0,5,0,0,15,0,0,0
440024,1,1,1998,0,0,0,0,0,0,0,0,0,0
440025,1,1,1998,0,0,0,0,0,0,0,0,0,0
440025,2,1,1998,4,8,18,0,0,0,0,0,10,0
440026,0,1,1998,6,6,6,6,6,6,6,6,6,6
440026,1,1,1998,0,0,0,0,0,0,0,0,0,0
440027,1,1,1998,2,2,2,2,2,2,2,2,2,2
440028,0,1,1998,0,0,0,0,0,0,0,0,0,0
440028,1,1,1998,0,0,0,21,0,0,0,0,0,0
440029,1,2,1998,28,28,28,28,28,28,28,28,28,28
440030,1,1,1998,0,0,0,0,0,0,0,0,0,0
440031,1,1,1998,17,17,17,17,17,17,17,17,17,17
440032,1,2,1998,0,0,0,13,16,0,11,11,19,11
440033,1,1,1998,0,0,0,0,0,0,0,0,0,0
440034,1,1,1998,0,0,0,0,0,0,0,0,0,0
440035,1,2,1998,0,0,0,0,0,0,0,0,0,0
440036,1,1,1998,0,0,0,0,0,0,0,0,0,0
440037,1,2,1998,0,0,8,0,17,0,0,0,0,0
440038,1,2,1998,0,0,0,23,13,0,0,0,0,0
440038,2,1,1998,0,0,0,0,0,0,0,0,0,0
440039,0,1,1998,0,0,0,0,0,0,0,0,0,0
440039,1,1,1998,0,0,0,0,0,0,0,0,0,0
440040,1,1,1998,0,0,0,0,0,0,0,0,0,0
440041,1,1,1998,18,18,18,18,18,18,18,18,18,18
440042,1,1,1998,0,0,0,0,0,0,0,0,0,0
440043,1,1,1998,0,0,0,0,0,0,0,0,0,0
440043,2,1,1998,0,0,0,0,0,0,0,0,0,0
440044,1,2,1998,0,0,0,0,0,0,19,0,0,0
440045,1,1,1998,0,0,0,0,0,0,0,0,0,0
440045,2,1,1998,0,0,0,0,0,0,0,0,0,0
440045,3,1,1998,0,0,0,11,0,0,0,0,0,0
440045,4,1,1998,0,0,0,0,0,0,0,0,0,0
440046,0,1,1998,0,0,0,0,0,0,0,0,0,0
440046,1,1,1998,0,0,0,0,0,0,0,0,0,0
440047,0,1,1998,0,0,0,0,0,0,0,0,0,0
440047,0,2,1998,0,0,0,0,0,0,0,0,0,0
440047,1,1,1998,0,0,0,0,0,0,0,0,0,0
440048,0,1,1998,0,0,0,0,0,0,0,0,0,0
440048,1,1,1998,0,0,0,0,0,0,0,0,0,0
440049,1,1,1998,24,24,24,24,24,24,24,24,24,24
440050,1,1,1998,0,0,0,0,0,0,0,0,0,0
440050,2,1,1998,0,0,0,0,0,0,0,0,0,0
440051,1,1,1998,12,12,12,12,12,12,12,12,12,12
440052,0,1,1998,0,0,0,0,0,0,0,0,0,0
440052,1,1,1998,0,0,0,0,0,0,0,0,0,0
440053,1,2,1998,34,24,14,16,6,11,18,20,12,18
440054,1,3,1998,5,5,5,5,5,5,5,5,5,5
440055,1,2,1998,0,0,0,0,0,4,0,0,0,0
440056,0,1,1998,0,0,0,0,0,0,0,0,0,0
440056,1,1,1998,0,0,0,0,0,0,0,0,0,0
440057,0,1,1998,2,2,2,2,2,2,2,2,2,2
440057,1,1,1998,0,0,15,0,5,0,0,0,0,0
440058,1,2,1998,0,0,0,0,0,0,0,0,0,0
440058,2,1,1998,0,0,0,0,0,0,0,0,0,0
440059,0,1,1998,8,7,6,0,0,0,10,0,30,17
440059,1,1,1998,0,0,22,0,0,0,21,13,0,9
440060,1,1,1998,0,0,0,0,0,0,0,0,0,0
440060,2,1,1998,18,13,13,25,7,10,14,10,41,17
440061,1,2,1998,5,5,13,17,4,8,27,9,21,13
440062,1,1,1998,28,28,28,28,28,28,28,28,28,28
440063,0,1,1998,26,26,26,26,26,26,26,26,26,26
440063,1,1,1998,12,17,6,15,6,3,10,10,0,18
440064,1,2,1998,0,0,0,0,0,0,0,0,0,0
440065,1,1,1998,0,0,0,0,0,0,0,0,0,0
440065,2,1,1998,18,18,18,18,18,18,18,18,18,18
440065,3,1,1998,0,0,0,0,0,0,0,0,0,0
440065,4,1,1998,0,0,0,0,14,0,0,16,0,0
440065,5,1,1998,0,5,9,15,0,0,7,0,0,0
440066,1,1,1998,0,0,0,0,0,0,0,0,0,0
440066,2,1,1998,0,0,0,0,0,0,0,0,0,0
440067,1,1,1998,14,14,14,14,14,14,14,14,14,14
440068,0,1,1998,0,0,0,0,0,0,0,0,0,0
440068,0,2,1998,24,0,0,0,27,0,0,12,0,27
440068,0,3,1998,15,0,0,0,47,0,0,0,0,0
440068,1,1,1998,24,12,17,24,36,32,32,12,5,30
440069,1,3,1998,37,4,0,0,6,7,12,11,5,3
440070,1,1,1998,19,19,19,19,19,19,19,19,19,19
450001,1,1,1998,0,0,0,0,0,11,0,0,0,0
450001,2,1,1998,26,0,0,0,0,0,0,0,0,0
450002,1,1,1998,26,26,26,26,26,26,26,26,26,26
450003,1,1,1998,9,9,9,9,9,9,9,9,9,9
450004,1,1,1998,0,0,0,0,0,0,0,0,0,0
450004,2,1,1998,0,0,0,0,0,0,0,0,0,0
450005,1,1,1998,0,0,0,0,0,0,0,0,0,0
450005,2,1,1998,0,0,0,0,21,0,0,0,0,0
450006,1,1,1998,0,0,0,0,0,0,0,0,0,0
450006,2,1,1998,0,0,0,0,0,0,0,0,0,0
450007,1,1,1998,0,0,0,0,10,0,0,6,0,0
450007,2,1,1998,22,0,16,0,0,12,0,0,22,0
450008,1,1,1998,0,15,12,16,0,26,23,25,0,24
450009,1,1,1998,0,0,2,8,0,0,0,12,0,13
450010,1,1,1998,18,16,9,25,0,39,29,0,5,21
450011,1,1,1998,0,0,0,0,0,23,0,6,0,0
450012,1,1,1998,4,8,7,15,7,16,17,26,33,25
450013,1,1,1998,17,15,0,0,15,0,0,0,0,0
450014,1,1,1998,0,14,0,7,0,13,0,0,0,0
450015,1,1,1998,14,13,0,21,0,16,19,19,29,23
450016,1,1,1998,0,0,18,39,18,27,30,0,32,21
450017,1,1,1998,0,0,0,0,0,0,0,0,0,0
450017,2,1,1998,0,0,0,0,0,0,0,0,0,0
450017,3,1,1998,0,0,0,0,0,0,0,0,0,0
450018,1,1,1998,16,14,20,19,18,48,6,21,23,25
450019,1,1,1998,25,13,8,19,0,9,13,0,0,10
450020,0,1,1998,0,0,0,0,0,0,0,0,0,0
450020,1,1,1998,0,0,0,0,0,0,0,0,0,0
450021,0,1,1998,26,24,20,0,17,15,30,35,11,7
450021,1,1,1998,0,16,0,0,0,0,0,0,0,0
450022,1,1,1998,19,19,19,19,19,19,19,19,19,19
450023,0,1,1998,24,27,9,25,12,0,13,0,24,16
450023,1,1,1998,0,0,0,0,0,0,2,0,0,0
450024,1,1,1998,0,0,0,0,0,0,0,0,0,0
450024,2,1,1998,0,0,0,0,0,0,0,0,0,0
450025,1,1,1998,0,0,0,0,0,0,0,0,0,0
450025,2,1,1998,0,0,0,0,0,0,0,0,0,0
450026,1,1,1998,0,0,0,0,0,0,0,0,0,0
450026,2,1,1998,0,0,0,0,0,0,0,0,0,0
450027,1,1,1998,0,0,16,0,2,9,0,0,0,0
450027,2,1,1998,0,0,0,0,0,0,0,0,0,0
450028,0,1,1998,0,0,0,0,0,0,0,0,0,0
450028,1,1,1998,0,0,0,0,0,0,0,0,0,0
450029,0,1,1998,11,11,11,11,11,11,11,11,11,11
450029,1,1,1998,0,0,0,0,20,0,0,0,0,4
450030,1,1,1998,0,0,0,0,0,0,0,0,0,0
450030,2,1,1998,0,0,0,0,0,0,0,0,0,0
450031,1,1,1998,0,0,0,14,0,0,0,0,0,0
450032,0,1,1998,9,8,2,0,0,13,9,21,0,5
450032,1,1,1998,0,0,0,8,0,0,0,0,0,0
450034,1,1,1998,10,10,10,10,10,10,10,10,10,10
450035,1,1,1998,0,0,0,0,0,0,0,0,0,0
450036,1,1,1998,0,0,0,0,0,0,0,0,0,0
450036,2,1,1998,0,0,11,8,9,0,0,0,0,0
450037,1,1,1998,0,0,0,0,0,0,0,0,0,0
450038,1,1,1998,0,0,0,0,12,0,0,0,0,0
450038,2,1,1998,0,0,0,0,0,0,0,0,0,0
450039,1,1,1998,0,0,0,0,0,0,0,0,0,0
450040,0,1,1998,0,0,0,0,0,0,0,0,0,0
450040,1,1,1998,0,0,0,0,0,0,0,0,0,0
450041,1,1,1998,0,0,0,0,0,0,0,0,0,0
450041,2,1,1998,0,0,0,0,0,0,0,0,0,0
450042,0,1,1998,0,0,0,0,0,0,0,0,0,0
450042,1,1,1998,0,0,0,0,0,0,0,0,0,0
450043,1,1,1998,0,0,7,0,0,0,0,0,0,0
450044,1,1,1998,21,21,21,21,21,21,21,21,21,21
450045,1,1,1998,0,0,0,0,0,0,0,0,0,0
450046,1,1,1998,0,0,0,0,0,0,0,0,0,0
450046,2,1,1998,0,0,0,0,0,0,0,16,7,0
450047,1,1,1998,18,18,18,18,18,18,18,18,18,18
450048,1,1,1998,0,0,0,16,0,0,0,12,0,0
450048,2,1,1998,0,0,0,0,0,0,0,0,0,0
450048,3,1,1998,0,0,0,0,0,0,0,0,0,0
450049,1,1,1998,0,0,0,0,0,0,0,0,0,0
450049,2,1,1998,0,0,0,0,0,0,0,0,0,0
450049,3,1,1998,0,0,0,0,0,0,0,0,0,0
450050,1,1,1998,0,0,0,0,0,0,0,0,0,0
450050,2,1,1998,0,0,0,0,0,0,0,0,0,0
450051,1,1,1998,0,0,0,0,0,12,0,0,7,0
450051,2,1,1998,0,0,0,0,0,0,0,0,0,0
450052,1,1,1998,0,0,0,14,0,6,0,0,20,0
450053,1,1,1998,10,10,10,10,10,10,10,10,10,10
450053,2,1,1998,0,0,0,0,0,0,0,0,0,0
450054,1,1,1998,8,8,8,8,8,8,8,8,8,8
450055,1,1,1998,18,8,10,0,33,22,16,47,18,16
450056,0,1,1998,16,0,7,0,0,0,0,6,0,9
450056,1,1,1998,0,0,0,10,0,0,0,0,0,0
450057,1,1,1998,0,0,0,0,0,0,0,0,0,0
450058,0,1,1998,34,0,0,0,0,0,0,8,0,0
450058,1,1,1998,0,0,0,0,0,0,0,0,0,0
450059,1,1,1998,0,0,0,0,0,0,0,0,0,0
450060,1,1,1998,37,37,37,37,37,37,37,37,37,37
450061,0,1,1998,36,19,37,18,19,15,11,14,30,35
450061,1,1,1998,0,0,0,0,0,0,0,0,0,0
450062,1,1,1998,0,0,0,29,0,9,0,0,0,0
450063,1,1,1998,0,0,0,0,0,0,0,0,0,0
450064,1,1,1998,0,0,0,0,0,0,0,0,0,0
450064,2,1,1998,0,0,0,0,0,0,0,0,0,0
450065,1,1,1998,32,32,32,32,32,32,32,32,32,32
450066,1,1,1998,0,0,0,0,0,0,0,0,7,0
450066,2,1,1998,28,28,28,28,28,28,28,28,28,28
450067,1,1,1998,0,0,0,0,0,0,0,0,0,0
450067,2,1,1998,0,0,0,0,0,0,0,0,0,0
450068,1,1,1998,34,34,34,34,34,34,34,34,34,34
450069,1,1,1998,0,0,0,0,0,0,0,0,0,0
450069,2,1,1998,0,0,0,0,0,0,0,0,0,0
450070,1,1,1998,11,15,13,10,16,16,23,30,7,0
450070,2,1,1998,0,0,0,0,0,0,0,0,0,0
450071,0,1,1998,0,0,0,0,21,0,0,0,36,0
450071,1,1,1998,0,0,0,0,0,0,0,0,0,0
450072,0,1,1998,0,0,0,0,0,0,0,20,0,0
450072,1,1,1998,0,0,0,0,0,0,0,0,0,0
450073,1,1,1998,29,29,29,29,29,29,29,29,29,29
450074,1,1,1998,0,0,0,0,0,0,0,0,0,0
450074,2,1,1998,0,0,0,0,0,0,0,0,0,0
450075,1,1,1998,0,0,0,0,0,0,0,0,0,0
450075,2,1,1998,6,8,22,14,16,19,7,8,27,17
450076,1,1,1998,0,0,0,0,0,0,0,0,0,0
450076,2,1,1998,0,0,0,0,0,0,0,0,0,0
450077,0,1,1998,0,0,0,0,0,0,0,0,0,0
450077,1,1,1998,0,0,0,0,0,0,0,0,0,0
450078,1,1,1998,19,19,19,19,19,19,19,19,19,19
450079,1,1,1998,27,12,10,0,11,0,0,0,0,0
450080,1,1,1998,0,0,0,0,0,0,0,0,0,0
450080,2,1,1998,0,0,0,0,0,0,0,0,0,0
450081,1,1,1998,0,0,0,0,0,0,0,0,0,0
450081,2,1,1998,0,0,0,0,0,0,0,0,0,0
450082,1,1,1998,0,0,0,0,0,0,0,0,0,0
450082,2,1,1998,0,0,0,0,0,0,0,0,0,0
450083,1,1,1998,6,6,6,6,6,6,6,6,6,6
450084,1,1,1998,27,11,3,3,22,7,0,24,3,13
450085,1,1,1998,0,0,0,0,0,0,0,0,0,0
450085,2,1,1998,0,0,0,0,0,0,0,0,0,0
450085,3,1,1998,0,0,0,0,0,0,0,0,18,0
450085,4,1,1998,0,0,0,0,0,0,0,0,0,0
450086,1,1,1998,27,27,27,27,27,27,27,27,27,27
450087,0,1,1998,0,0,0,0,0,0,0,0,0,0
450087,1,1,1998,0,0,0,0,0,0,0,0,0,0
450088,1,1,1998,0,0,0,0,0,0,0,0,0,0
450088,2,1,1998,0,0,0,0,0,0,0,0,0,0
450089,1,1,1998,15,15,15,15,15,15,15,15,15,15
450090,1,1,1998,0,0,0,0,0,0,0,0,0,0
450090,2,1,1998,0,0,0,0,0,0,0,0,0,0
450091,1,1,1998,0,0,0,0,0,0,0,0,0,0
450091,2,1,1998,0,0,0,0,0,0,0,0,0,0
450092,1,1,1998,0,0,0,0,0,0,8,0,0,0
450093,1,1,1998,0,39,24,0,0,0,12,16,0,16
450094,1,1,1998,40,13,16,0,0,16,19,10,17,27
450095,0,1,1998,21,21,21,21,21,21,21,21,21,21
450095,1,1,1998,0,0,0,0,0,0,0,0,0,21
450096,1,1,1998,0,0,0,0,0,0,0,0,0,0
450096,2,1,1998,0,0,0,0,0,0,0,0,0,0
450097,1,1,1998,20,20,20,20,20,20,20,20,20,20
450098,0,1,1998,0,0,18,0,0,0,0,0,0,0
450098,1,1,1998,0,0,0,0,0,16,0,0,0,0
450099,1,1,1998,11,11,11,11,11,11,11,11,11,11
450100,1,1,1998,0,0,0,0,0,0,0,0,0,0
450100,2,1,1998,12,12,12,12,12,12,12,12,12,12
450101,1,1,1998,0,0,0,0,0,0,0,0,0,0
450101,2,1,1998,15,0,0,0,0,0,0,0,0,0
450102,1,1,1998,12,12,12,12,12,12,12,12,12,12
450103,0,1,1998,8,20,8,25,0,0,0,14,19,40
450103,1,1,1998,0,0,0,0,0,0,0,0,0,0
450104,1,1,1998,0,0,0,0,0,0,6,0,0,0
450105,1,1,1998,0,0,0,0,0,0,0,0,0,0
450105,2,2,1998,0,0,0,0,0,0,0,0,0,0
450106,1,1,1998,0,0,0,0,0,23,0,9,0,7
450107,1,1,1998,16,20,22,21,10,20,10,17,17,11
450107,2,1,1998,0,0,0,0,0,0,0,0,0,0
450108,1,1,1998,16,9,10,14,6,0,2,19,16,0
450109,1,1,1998,24,24,24,24,24,24,24,24,24,24
450110,0,1,1998,0,0,0,30,0,0,0,0,0,0
450110,1,1,1998,0,0,0,0,0,0,0,0,0,0
450111,0,1,1998,36,36,36,36,36,36,36,36,36,36
450111,1,1,1998,0,0,0,9,0,0,0,0,0,0
450112,1,1,1998,0,0,0,0,0,0,0,0,0,0
450112,2,1,1998,0,0,0,0,0,0,0,0,16,0
450113,1,1,1998,13,13,13,13,13,13,13,13,13,13
450114,0,1,1998,0,0,0,0,0,0,0,0,0,0
450114,1,1,1998,0,0,0,0,0,0,0,0,0,0
450114,2,1,1998,0,0,0,0,0,0,0,0,7,0
450114,3,1,1998,1,1,1,1,1,1,1,1,1,1
450114,4,1,1998,0,0,0,0,0,0,0,0,0,0
450115,1,1,1998,0,13,0,6,14,0,0,5,0,7
450116,1,1,1998,0,0,0,0,0,0,0,0,13,0
450117,1,1,1998,0,0,0,0,0,0,0,0,0,0
450118,1,1,1998,15,0,0,0,23,0,0,0,0,0
450118,2,1,1998,0,0,0,14,15,0,0,0,0,10
450119,1,1,1998,17,17,17,17,17,17,17,17,17,17
450120,1,1,1998,0,0,0,0,0,0,0,0,0,0
450121,1,1,1998,0,0,0,0,0,0,0,0,0,0
450121,2,1,1998,0,0,0,0,0,0,0,0,0,0
450122,1,1,1998,0,0,0,0,0,0,0,0,0,0
450123,1,1,1998,0,0,0,0,0,0,0,0,0,0
450123,2,1,1998,0,0,0,0,0,0,0,0,0,0
450124,0,1,1998,0,0,0,0,0,0,0,0,0,0
450124,1,1,1998,0,0,0,0,0,0,0,0,0,0
450125,1,1,1998,18,18,18,18,18,18,18,18,18,18
450126,1,1,1998,0,0,0,17,0,0,0,0,0,0
450127,1,1,1998,11,0,0,0,0,9,12,0,0,0
450127,2,1,1998,0,0,0,0,0,0,0,0,0,0
450128,1,1,1998,0,0,0,0,0,0,0,0,0,0
450129,1,1,1998,0,0,0,0,0,0,0,0,0,0
450130,1,1,1998,7,7,7,7,7,7,7,7,7,7
450131,1,1,1998,0,0,0,0,0,0,0,0,0,0
450132,1,1,1998,25,25,25,25,25,25,25,25,25,25
450133,1,1,1998,11,12,13,26,13,0,0,0,28,9
450134,1,1,1998,0,0,0,23,0,0,0,0,0,0
450134,2,1,1998,5,14,29,11,24,19,20,19,13,20
450134,3,1,1998,0,14,0,0,0,16,0,0,0,0
450135,1,1,1998,0,16,16,0,0,19,13,20,0,0
450136,1,1,1998,20,5,15,0,13,0,0,10,0,0
450137,1,1,1998,24,25,17,24,8,22,18,22,0,24
450137,2,1,1998,0,0,0,0,0,0,0,0,0,0
450138,1,1,1998,0,0,0,0,0,0,0,0,0,0
450138,2,1,1998,0,0,0,0,0,0,0,0,0,0
450139,1,1,1998,0,0,0,0,0,0,0,0,0,0
450139,2,1,1998,0,0,0,0,0,0,0,0,0,0
450140,1,1,1998,19,23,31,14,6,14,21,25,8,24
450141,1,1,1998,0,0,0,0,0,0,0,0,0,0
450141,2,1,1998,0,0,0,0,0,0,0,18,0,0
450142,1,1,1998,0,0,0,7,17,0,0,0,0,0
450143,1,1,1998,0,0,11,0,0,0,0,0,0,0
450143,2,1,1998,0,0,0,0,0,0,0,0,0,0
450144,0,1,1998,0,0,0,0,0,0,5,15,21,29
450144,1,1,1998,0,0,0,0,0,0,0,0,0,0
450145,1,1,1998,0,0,0,0,0,0,0,0,0,0
450145,2,1,1998,0,0,0,0,0,0,0,0,0,0
450145,3,1,1998,0,0,0,0,0,0,0,0,0,4
450146,1,1,1998,0,0,0,0,0,0,0,0,0,0
450146,2,1,1998,0,0,0,0,0,0,0,0,0,0
450147,1,1,1998,0,11,0,0,9,0,0,0,0,0
450148,1,1,1998,21,21,21,21,21,21,21,21,21,21
450149,1,1,1998,8,8,8,8,8,8,8,8,8,8
450149,2,1,1998,0,0,0,0,0,0,0,0,0,0
450150,1,1,1998,21,21,21,21,21,21,21,21,21,21
450151,1,1,1998,0,0,0,0,0,0,0,0,0,0
450151,2,1,1998,0,0,0,0,0,0,0,0,0,0
450151,3,1,1998,0,0,0,0,0,0,0,0,0,0
450152,1,1,1998,0,0,0,0,0,0,0,0,0,0
450152,2,1,1998,0,0,0,0,0,0,0,0,0,0
450153,1,1,1998,0,0,0,0,0,0,0,0,0,0
450153,2,1,1998,0,0,0,0,0,0,0,0,0,0
450153,3,1,1998,0,0,18,0,0,0,0,0,0,0
450154,0,1,1998,16,16,16,16,16,16,16,16,16,16
450154,1,1,1998,0,0,0,0,0,0,0,0,0,0
450155,1,1,1998,0,0,0,0,0,0,0,0,0,0
450155,2,1,1998,12,12,12,12,12,12,12,12,12,12
450156,1,1,1998,0,0,0,9,0,5,0,0,0,13
450157,1,1,1998,0,0,0,0,0,0,0,7,0,0
450158,1,1,1998,13,17,21,22,8,23,14,15,8,17
450159,1,1,1998,0,0,0,0,0,0,0,0,20,11
450159,2,1,1998,0,0,0,0,0,0,0,0,0,0
450160,1,1,1998,0,0,0,0,0,0,0,0,0,0
450160,2,1,1998,0,0,0,0,0,0,0,0,0,0
450161,1,1,1998,12,12,12,12,12,12,12,12,12,12
450162,1,1,1998,0,0,0,0,0,0,9,0,0,0
450163,0,1,1998,0,0,0,0,18,0,0,0,0,0
450163,1,1,1998,0,0,0,0,0,0,0,0,0,0
450164,1,1,1998,0,0,0,0,0,0,0,0,0,18
450164,2,1,1998,0,0,0,0,0,0,0,0,0,0
450164,3,1,1998,0,0,0,0,0,0,0,0,0,0
450165,1,1,1998,0,0,0,0,0,0,0,0,0,0
450165,2,1,1998,0,0,0,0,0,0,0,0,0,0
450165,3,1,1998,0,0,0,0,0,0,0,0,0,0
450166,1,1,1998,0,0,0,0,0,0,0,0,0,0
450167,1,1,1998,0,0,0,0,0,0,0,0,0,0
450167,2,1,1998,0,0,0,0,0,0,0,0,0,0
450167,3,1,1998,0,0,0,0,0,0,0,0,0,0
450167,4,1,1998,0,0,0,0,0,0,0,0,0,0
450168,1,1,1998,10,10,10,10,10,10,10,10,10,10
450169,0,1,1998,0,0,0,0,0,0,13,8,0,0
450169,1,1,1998,0,0,0,0,0,0,0,0,0,0
450170,1,1,1998,0,0,0,0,19,0,0,0,0,0
450171,0,1,1998,16,16,16,16,16,16,16,16,16,16
450171,1,1,1998,0,5,0,0,0,0,0,0,0,0
450172,1,1,1998,0,23,0,0,0,0,0,0,0,0
450172,2,1,1998,0,0,0,0,0,0,0,0,0,0
450173,1,1,1998,0,0,0,0,6,0,0,0,0,0
450173,2,1,1998,0,0,0,0,0,0,0,0,0,0
450174,1,1,1998,0,0,0,0,0,0,0,0,0,0
450174,2,1,1998,0,0,0,0,0,0,0,0,0,0
450175,0,1,1998,0,0,0,0,0,0,0,12,13,0
450175,1,1,1998,0,0,0,0,0,0,0,0,0,0
450176,1,1,1998,27,27,27,27,27,27,27,27,27,27
450177,1,1,1998,10,10,10,10,10,10,10,10,10,10
450178,1,1,1998,5,5,5,5,5,5,5,5,5,5
450179,1,1,1998,0,0,0,0,0,0,0,0,0,0
450179,2,1,1998,0,0,0,0,0,0,0,0,0,0
450180,1,1,1998,0,0,0,0,0,0,0,0,0,0
450181,1,1,1998,24,24,24,24,24,24,24,24,24,24
450182,1,1,1998,0,0,0,0,0,0,0,0,0,0
450182,2,1,1998,0,0,0,0,0,0,0,0,0,0
450183,1,1,1998,0,0,0,0,0,0,0,0,0,0
450184,1,1,1998,0,0,0,0,0,0,0,0,0,0
450185,1,1,1998,0,0,0,0,0,0,0,0,0,0
450185,2,1,1998,0,0,0,0,0,0,0,0,0,0
450186,1,1,1998,16,16,16,16,16,16,16,16,16,16
450187,1,1,1998,3,0,8,18,20,0,8,9,25,4
450188,1,1,1998,16,0,13,12,19,18,30,9,25,28
450189,1,1,1998,0,0,0,0,0,0,0,0,0,0
450189,2,1,1998,0,0,0,0,0,0,0,0,0,0
450190,1,1,1998,0,0,0,0,0,0,11,0,0,0
450191,1,1,1998,0,0,0,0,0,0,0,0,0,0
450192,1,1,1998,0,0,0,0,0,0,0,0,0,0
450192,2,1,1998,0,0,0,0,11,0,0,0,0,0
450193,1,1,1998,0,0,0,0,0,0,0,0,0,0
450194,1,1,1998,0,0,0,0,0,0,0,0,0,0
450195,1,1,1998,0,0,0,0,0,0,0,0,0,0
450195,2,1,1998,0,0,0,0,0,0,0,0,0,0
450196,1,1,1998,0,0,0,0,0,0,0,0,0,0
450196,2,1,1998,0,0,20,0,0,0,0,0,0,0
450197,1,1,1998,0,0,10,25,0,0,0,0,0,0
450197,2,1,1998,23,18,21,24,10,15,17,25,12,16
450198,1,1,1998,23,23,23,23,23,23,23,23,23,23
450199,1,1,1998,0,8,0,0,0,0,0,0,0,0
450200,1,1,1998,17,17,21,0,22,5,19,10,17,17
450201,1,1,1998,0,0,0,0,0,0,0,0,0,0
450201,2,1,1998,52,52,52,52,52,52,52,52,52,52
450202,1,1,1998,0,0,0,0,0,0,0,0,0,0
450202,2,1,1998,0,0,0,0,0,0,0,0,0,0
450202,3,1,1998,0,0,0,0,0,0,0,0,0,0
450203,1,1,1998,0,0,0,0,0,0,0,0,0,0
450203,2,1,1998,0,0,0,0,0,0,0,0,0,0