ST_CASE,VEH_NO,PER_NO,YEAR,P1,P2,P3,P4,P5,P6,P7,P8,P9,P10
450786,1,1,1998,0,0,0,0,11,0,0,0,0,0
450786,2,1,1998,0,0,0,0,0,0,0,0,0,0
450787,1,1,1998,9,9,9,9,9,9,9,9,9,9
450787,2,1,1998,0,0,0,0,0,0,0,0,0,0
450788,1,1,1998,0,0,0,0,0,0,0,0,0,0
450788,2,1,1998,0,0,0,0,0,0,0,0,0,0
450789,1,1,1998,0,0,0,0,0,5,0,0,0,0
450790,0,1,1998,0,0,0,0,0,0,0,0,0,0
450790,1,1,1998,7,17,16,12,3,5,4,6,4,2
450791,1,1,1998,0,0,0,0,0,0,0,0,0,0
450791,2,1,1998,0,0,0,0,0,0,0,0,0,0
450791,3,1,1998,0,0,0,0,0,0,0,0,0,0
450792,1,1,1998,0,0,0,0,0,0,0,0,0,0
450792,2,1,1998,0,0,0,0,0,0,0,0,0,0
450793,0,1,1998,11,11,11,11,11,11,11,11,11,11
450793,1,1,1998,0,0,0,0,9,0,0,0,0,0
450794,1,1,1998,29,29,29,29,29,29,29,29,29,29
450795,1,1,1998,0,0,12,16,0,0,0,0,0,0
450796,1,1,1998,19,19,19,19,19,19,19,19,19,19
450797,1,1,1998,0,0,0,0,0,0,0,0,0,0
450797,2,1,1998,0,0,0,0,0,0,0,0,0,0
450797,3,1,1998,0,0,0,0,0,0,0,0,0,0
450797,4,1,1998,0,0,0,0,0,0,0,0,0,0
450798,1,1,1998,11,11,11,11,11,11,11,11,11,11
450798,2,1,1998,0,0,0,0,0,0,0,0,0,0
450799,1,1,1998,0,0,0,0,0,0,0,0,0,0
450800,1,1,1998,0,0,0,0,0,0,0,0,0,0
450800,2,1,1998,0,0,0,0,0,0,0,0,0,0
450801,0,1,1998,23,23,23,23,23,23,23,23,23,23
450801,1,1,1998,0,0,0,0,0,0,0,0,0,0
450802,1,1,1998,0,0,0,0,0,0,0,0,0,0
450802,2,1,1998,13,14,16,17,20,21,0,19,12,22
450803,1,1,1998,9,0,20,10,0,0,0,0,15,0
450804,1,1,1998,0,0,0,0,0,0,0,0,0,0
450804,2,1,1998,0,0,0,0,0,0,0,0,0,0
450805,1,1,1998,1,1,1,1,1,1,1,1,1,1
450806,0,1,1998,22,20,12,23,34,28,31,19,18,26
450806,1,1,1998,0,0,0,0,0,0,0,0,0,0
450807,0,1,1998,0,0,0,0,0,0,0,0,0,0
450807,1,1,1998,0,0,0,0,0,0,0,0,0,0
450808,1,1,1998,9,20,19,8,27,5,32,12,21,15
450809,1,1,1998,14,19,25,22,24,4,13,4,19,17
450810,1,1,1998,0,13,0,0,0,0,0,0,0,0
450810,2,1,1998,0,0,0,0,0,0,0,0,0,6
450810,3,1,1998,0,0,0,0,0,0,0,0,0,0
450811,0,1,1998,0,0,0,0,0,0,0,0,0,0
450811,1,1,1998,0,0,0,0,0,0,0,0,0,0
450812,1,1,1998,0,0,0,0,0,0,0,0,0,0
450812,2,1,1998,0,0,0,0,0,0,0,0,0,0
450813,1,1,1998,14,24,11,27,31,21,18,36,27,14
450814,1,1,1998,11,0,0,0,0,0,0,0,0,0
450815,0,1,1998,16,0,8,0,22,0,0,0,0,0
450815,1,1,1998,0,0,0,0,0,0,0,0,0,0
450816,1,1,1998,0,0,0,0,0,0,0,0,0,0
450816,2,1,1998,0,0,0,0,0,0,0,0,0,10
450817,1,1,1998,19,0,0,0,22,0,0,0,0,15
450818,1,1,1998,0,0,0,0,0,0,0,0,0,0
450818,2,1,1998,0,0,0,0,10,0,5,0,9,0
450819,1,1,1998,0,0,0,2,12,0,0,0,14,0
450820,1,1,1998,0,0,0,0,0,0,0,0,0,0
450820,2,1,1998,0,0,0,0,0,0,0,0,0,0
450821,1,1,1998,0,0,0,0,0,0,0,0,0,0
450821,2,1,1998,0,0,0,0,0,0,0,0,0,0
450822,1,1,1998,10,12,11,24,8,20,19,9,15,6
450822,2,1,1998,0,0,10,9,20,10,0,0,0,26
450823,1,1,1998,0,0,0,0,0,0,0,0,0,0
450824,1,1,1998,0,0,0,0,0,0,0,0,0,0
450824,2,1,1998,0,0,0,0,0,0,0,0,0,0
450825,1,1,1998,0,0,0,0,0,0,0,0,0,0
450825,2,1,1998,0,0,0,0,0,0,0,0,0,0
450826,1,1,1998,13,0,0,0,0,0,0,0,5,25
450827,1,1,1998,0,0,0,0,0,0,0,0,0,0
450827,2,1,1998,0,5,0,0,0,0,0,0,0,0
450828,1,1,1998,29,13,0,18,0,0,0,11,19,34
450829,1,1,1998,36,36,36,36,36,36,36,36,36,36
450830,0,1,1998,0,0,0,0,0,0,0,0,0,0
450830,1,1,1998,0,0,0,0,0,0,0,0,0,0
450831,1,1,1998,0,0,0,0,0,0,0,0,0,0
450831,2,1,1998,0,0,0,0,5,0,0,0,0,0
450832,1,1,1998,19,18,0,3,15,18,0,18,0,0
450833,1,1,1998,0,0,0,0,0,0,0,0,0,0
450834,0,1,1998,0,0,0,0,0,0,0,0,0,0
450834,1,1,1998,0,0,5,0,0,0,0,0,0,0
450835,0,1,1998,0,0,0,0,0,0,0,0,0,25
450835,1,1,1998,0,0,0,0,0,0,0,0,0,0
450836,1,1,1998,0,0,0,0,0,0,0,0,0,0
450836,2,1,1998,0,0,0,0,0,0,0,0,0,0
450837,1,1,1998,0,0,0,0,0,0,6,0,0,0
450837,2,1,1998,0,0,0,0,0,0,0,0,0,0
450837,3,3,1998,0,0,0,0,0,0,0,0,0,0
450837,4,1,1998,0,0,0,0,0,0,0,0,0,0
450838,1,1,1998,0,27,0,25,13,0,0,0,8,0
450839,1,1,1998,0,0,0,0,0,0,0,0,0,0
450839,2,1,1998,0,0,0,0,0,0,9,0,0,8
450840,1,1,1998,0,16,0,7,13,19,11,0,0,7
450841,1,1,1998,6,13,12,11,9,0,9,4,20,17
450841,2,1,1998,0,0,0,0,0,0,0,0,0,0
450842,1,1,1998,0,0,0,0,0,0,0,0,0,0
450842,2,1,1998,0,0,0,0,0,0,0,0,0,0
450843,1,1,1998,18,18,18,18,18,18,18,18,18,18
450844,0,1,1998,0,0,0,0,0,0,0,0,0,0
450844,1,1,1998,0,0,0,0,0,0,0,0,0,0
450845,1,1,1998,0,0,0,0,0,0,0,0,0,0
450845,2,1,1998,0,0,0,0,0,0,0,0,0,0
450846,1,1,1998,0,0,0,0,0,0,0,0,0,0
450847,1,1,1998,0,0,0,0,0,0,0,0,0,0
450847,2,1,1998,0,0,0,0,0,0,0,9,0,0
450847,3,1,1998,0,0,0,0,0,0,0,0,0,0
450848,0,1,1998,23,23,26,15,39,41,21,26,18,18
450848,1,1,1998,0,0,0,3,0,0,0,0,3,0
450849,1,1,1998,0,0,0,13,0,0,0,0,0,0
450849,2,1,1998,0,0,0,0,0,0,0,0,0,0
450850,1,1,1998,0,0,0,0,13,13,0,0,0,0
450851,1,1,1998,0,0,0,0,0,0,0,0,0,0
450852,1,1,1998,0,0,0,0,0,0,0,0,0,0
450852,2,1,1998,0,0,0,0,0,0,0,0,0,0
450853,1,1,1998,0,0,0,0,11,0,0,0,0,12
450853,2,1,1998,0,0,0,0,0,18,0,0,0,0
450854,1,1,1998,0,0,0,18,6,0,0,0,0,0
450855,1,1,1998,0,2,0,22,0,0,0,0,0,0
450855,2,1,1998,0,0,0,0,0,0,0,0,0,0
450856,1,1,1998,0,0,0,0,0,0,0,0,0,0
450856,2,1,1998,0,0,0,0,0,0,0,0,0,0
450857,1,1,1998,0,0,0,0,0,0,0,0,0,0
450857,2,1,1998,0,0,0,0,0,0,0,0,0,0
450858,1,1,1998,0,0,0,0,0,0,0,0,0,0
450858,2,1,1998,0,0,0,0,0,0,0,0,0,0
450859,1,1,1998,21,21,21,21,21,21,21,21,21,21
450859,2,1,1998,0,0,0,0,0,0,0,0,0,0
450860,0,1,1998,26,26,26,26,26,26,26,26,26,26
450860,1,1,1998,0,0,5,0,0,0,0,0,0,0
450861,0,1,1998,0,0,0,0,0,0,0,0,0,7
450861,1,1,1998,0,17,12,17,5,10,31,24,10,0
450862,0,1,1998,15,0,0,0,0,0,19,0,0,0
450862,1,1,1998,0,0,0,0,0,11,0,4,0,18
450863,1,1,1998,0,0,0,0,0,0,0,0,0,0
450863,2,1,1998,0,0,0,0,0,0,0,0,0,0
450864,1,1,1998,35,19,28,24,17,17,11,16,11,20
450865,1,1,1998,0,0,0,0,0,0,0,0,0,14
450866,1,1,1998,7,18,33,0,20,22,10,0,11,14
450867,1,1,1998,0,0,0,0,0,0,0,0,0,0
450867,2,1,1998,0,0,0,0,0,0,0,0,0,0
450868,0,1,1998,0,0,0,26,0,0,0,0,0,0
450868,1,1,1998,0,0,0,0,0,0,0,0,0,0
450869,1,1,1998,17,17,17,17,17,17,17,17,17,17
450870,1,1,1998,0,0,0,0,0,0,0,0,0,0
450870,2,1,1998,0,0,0,0,0,0,0,0,0,0
450871,1,1,1998,22,16,21,3,27,14,0,21,0,21
450872,1,1,1998,10,11,10,0,14,0,24,8,0,0
450873,1,1,1998,0,0,0,0,0,0,0,0,0,0
450873,2,1,1998,0,0,0,0,0,0,0,0,0,0
450874,1,1,1998,0,0,0,0,0,16,0,0,0,0
450874,2,1,1998,0,0,0,0,0,0,0,0,0,0
450875,1,1,1998,0,0,0,0,0,0,0,0,0,0
450875,2,1,1998,0,0,0,0,0,0,0,0,0,0
450876,0,1,1998,23,15,18,12,18,13,15,26,22,29
450876,1,1,1998,0,0,0,0,0,0,0,0,0,0
450877,1,1,1998,0,0,0,0,0,0,0,0,0,0
450878,1,1,1998,0,0,0,0,0,0,0,0,0,0
450878,2,1,1998,0,0,0,0,0,0,0,0,0,0
450879,0,1,1998,8,0,0,0,0,7,0,0,22,18
450879,1,1,1998,0,0,0,0,0,0,0,0,0,0
450880,1,1,1998,8,16,5,19,29,11,4,35,17,8
450881,1,1,1998,0,0,12,0,0,0,0,0,23,10
450881,2,1,1998,0,0,0,0,0,0,0,0,8,0
450882,1,1,1998,21,0,0,0,0,0,0,0,0,0
450883,0,1,1998,25,16,34,20,28,13,27,0,35,18
450883,1,1,1998,0,0,18,9,0,0,2,12,0,7
450884,1,1,1998,15,7,23,7,17,13,15,15,17,26
450885,1,1,1998,0,0,0,0,0,0,0,0,0,0
450885,2,1,1998,21,0,0,0,0,0,0,0,0,0
450886,1,1,1998,18,15,7,14,28,20,15,0,13,0
450887,1,1,1998,0,0,0,0,0,0,0,0,0,0
450887,2,1,1998,0,22,18,0,0,0,0,25,0,0
450888,1,1,1998,5,35,7,12,0,21,10,15,28,26
450889,1,1,1998,25,25,25,25,25,25,25,25,25,25
450890,1,1,1998,0,0,0,0,0,0,0,0,0,0
450890,2,1,1998,0,0,0,0,0,0,0,0,0,0
450891,1,1,1998,19,19,19,19,19,19,19,19,19,19
450891,2,1,1998,0,0,0,0,0,0,0,0,0,0
450892,1,1,1998,0,11,0,0,0,0,0,0,0,0
450893,0,1,1998,7,29,12,13,14,24,63,20,31,25
450893,1,1,1998,13,7,8,13,8,6,2,13,0,12
450894,0,1,1998,25,11,10,41,25,15,9,14,20,12
450894,1,1,1998,0,0,0,0,0,0,0,0,0,0
450895,1,1,1998,20,12,17,17,11,14,16,22,26,15
450896,0,1,1998,0,0,0,0,0,0,0,0,0,13
450896,1,1,1998,0,0,0,0,0,0,0,0,0,0
450897,1,1,1998,0,0,0,0,0,0,0,0,0,0
450898,1,1,1998,0,20,0,0,0,0,11,11,0,0
450899,1,1,1998,0,0,0,0,0,0,0,4,0,0
450899,2,1,1998,0,0,0,0,0,0,2,0,0,0
450900,0,1,1998,0,0,0,0,0,0,0,0,21,6
450900,1,1,1998,0,0,0,0,0,0,0,0,0,0
450901,0,1,1998,0,0,0,0,0,0,0,0,0,0
450901,1,1,1998,0,0,0,0,0,0,0,0,0,0
450902,1,1,1998,0,12,0,0,0,2,0,0,0,0
450902,2,1,1998,0,0,0,0,0,0,0,0,0,0
450903,1,1,1998,0,0,27,24,0,0,23,0,22,25
450904,1,1,1998,0,0,0,16,0,21,0,0,0,15
450905,1,1,1998,0,0,0,0,0,0,0,0,0,23
450905,2,1,1998,0,0,0,0,0,0,0,0,0,0
450907,1,1,1998,0,0,0,0,0,0,0,0,0,0
450907,2,1,1998,0,0,0,0,0,0,0,0,0,0
450907,3,1,1998,0,0,0,0,0,0,0,0,0,0
450908,1,1,1998,0,0,0,0,12,0,0,0,0,0
450908,2,1,1998,0,0,0,0,0,0,0,18,0,0
450909,1,1,1998,13,3,0,0,0,0,18,17,0,0
450910,1,1,1998,19,16,0,0,0,22,0,0,0,0
450910,2,1,1998,0,0,0,0,0,0,0,0,0,0
450911,1,1,1998,17,0,0,7,0,0,11,0,14,17
450911,2,1,1998,0,0,0,0,0,0,0,0,0,0
450912,1,1,1998,0,0,18,0,18,16,11,9,0,0
450913,1,1,1998,16,15,0,13,11,31,34,19,12,21
450914,1,2,1998,0,0,0,0,0,0,0,0,0,0
450915,0,1,1998,0,26,0,0,0,20,15,0,0,5
450915,1,1,1998,0,0,0,0,0,0,0,0,0,0
450916,1,1,1998,0,0,0,0,0,0,0,0,0,0
450916,2,1,1998,0,0,0,0,0,0,0,6,0,0
450917,1,1,1998,0,0,0,0,0,0,0,0,0,0
450918,1,1,1998,0,0,0,0,0,0,0,0,0,0
450918,2,1,1998,0,0,0,0,0,0,0,0,0,0
450919,1,1,1998,0,0,0,0,0,0,0,0,12,0
450919,2,1,1998,0,11,21,0,0,0,0,0,0,0
450920,1,1,1998,0,0,0,0,0,0,0,0,0,0
450920,2,1,1998,0,0,0,0,0,0,0,0,0,0
450922,1,1,1998,0,0,0,0,0,0,0,0,0,0
450923,1,1,1998,0,0,0,0,0,0,15,0,0,0
450924,1,1,1998,0,0,0,0,0,0,0,0,0,0
450924,2,1,1998,0,0,0,0,0,0,0,0,0,0
460001,1,1,1998,7,7,7,7,7,7,7,7,7,7
460002,1,1,1998,0,0,0,0,0,0,0,0,0,0
460002,2,1,1998,0,0,0,0,0,0,0,0,0,0
460003,1,1,1998,0,0,0,0,0,0,0,0,0,0
460003,2,1,1998,0,0,0,0,0,0,0,0,0,0
460004,1,1,1998,16,16,16,16,16,16,16,16,16,16
460005,0,1,1998,34,34,34,34,34,34,34,34,34,34
460005,1,1,1998,0,0,0,0,0,0,0,0,0,0
460006,1,1,1998,0,0,0,0,0,0,0,0,0,0
460007,1,1,1998,0,0,0,0,0,0,0,0,0,0
460007,2,1,1998,0,0,0,0,0,0,0,0,0,0
460008,1,1,1998,18,18,18,18,18,18,18,18,18,18
460008,2,1,1998,0,0,0,0,0,0,0,0,0,0
460009,1,1,1998,0,0,0,0,0,0,0,0,0,0
460009,2,1,1998,0,0,0,0,0,0,0,0,0,0
460009,3,1,1998,0,0,0,0,0,0,0,0,0,0
460010,1,1,1998,0,0,0,0,0,0,0,0,0,0
460010,2,1,1998,9,9,9,9,9,9,9,9,9,9
460011,1,1,1998,20,20,20,20,20,20,20,20,20,20
460012,1,1,1998,12,0,0,0,8,0,0,0,0,0
460013,1,1,1998,22,22,22,22,22,22,22,22,22,22
460014,1,1,1998,14,14,14,14,14,14,14,14,14,14
460015,1,1,1998,0,0,0,0,0,0,0,0,0,0
460016,1,1,1998,29,29,29,29,29,29,29,29,29,29
460017,1,1,1998,0,0,0,0,0,0,0,0,0,0
460017,2,1,1998,0,0,0,0,0,0,0,0,0,0
460018,1,1,1998,0,0,0,0,0,0,0,0,0,0
460019,1,1,1998,0,0,0,0,0,0,0,0,0,0
460019,2,1,1998,0,0,0,0,0,0,0,0,0,0
460020,1,1,1998,0,0,0,0,0,0,0,0,0,0
460020,2,1,1998,0,0,0,0,0,0,0,0,0,0
460020,3,1,1998,0,0,0,0,0,0,0,0,0,0
460021,0,1,1998,26,26,26,26,26,26,26,26,26,26
460021,1,1,1998,0,11,20,3,17,17,9,11,9,18
460022,0,1,1998,0,0,0,0,0,0,0,0,0,0
460022,1,1,1998,0,0,0,0,0,0,0,0,0,0
460023,1,1,1998,6,12,11,22,9,21,6,10,15,24
460023,2,1,1998,0,0,0,0,0,0,0,0,0,0
460024,1,1,1998,0,0,0,0,0,0,0,0,0,0
460024,2,1,1998,0,0,0,0,0,0,0,0,0,0
460025,1,1,1998,10,42,16,13,11,21,15,24,11,18
460026,1,1,1998,0,0,0,21,0,0,0,0,0,0
460027,1,1,1998,18,18,18,18,18,18,18,18,18,18
460027,2,1,1998,0,0,0,0,0,0,0,0,0,0
460028,1,1,1998,0,0,0,0,0,11,0,0,0,0
460029,1,1,1998,0,0,0,0,0,0,0,0,0,0
460030,1,1,1998,20,18,12,22,28,25,23,27,14,12
460030,2,1,1998,0,0,20,0,0,0,21,0,25,0
460031,1,1,1998,19,19,19,19,19,19,19,19,19,19
460032,0,1,1998,28,28,28,28,28,28,28,28,28,28
460032,1,1,1998,0,0,0,0,0,0,0,0,0,0
460033,1,1,1998,18,18,18,18,18,18,18,18,18,18
460034,1,1,1998,15,15,15,15,15,15,15,15,15,15
460035,1,1,1998,0,0,0,0,0,0,0,0,0,0
460036,1,1,1998,0,0,0,0,0,0,0,0,0,0
460036,2,1,1998,0,0,0,0,0,0,0,0,0,0
460037,1,1,1998,11,0,5,6,16,3,8,14,17,28
460038,1,2,1998,0,5,11,3,15,0,15,0,13,9
460039,1,1,1998,0,0,0,0,0,0,0,0,0,0
460040,1,1,1998,0,0,0,15,0,0,0,0,0,0
460041,0,1,1998,0,0,0,0,0,0,0,0,0,0
460041,1,1,1998,0,13,0,0,0,0,22,0,0,0
460042,1,1,1998,0,0,0,0,0,0,0,0,0,0
460042,2,1,1998,0,0,0,0,0,0,0,0,0,0
460043,1,1,1998,0,0,0,0,0,0,0,0,0,0
460043,2,1,1998,0,0,0,0,0,0,0,0,0,0
460044,1,1,1998,0,0,0,0,0,0,0,0,0,0
460044,2,1,1998,8,8,8,8,8,8,8,8,8,8
460045,1,1,1998,27,27,27,27,27,27,27,27,27,27
460046,1,1,1998,15,15,15,15,15,15,15,15,15,15
460047,1,1,1998,0,0,0,0,0,0,0,0,0,0
460048,1,1,1998,0,0,0,0,0,0,0,0,0,0
460048,2,1,1998,0,0,0,0,0,0,0,0,0,0
460049,1,1,1998,0,0,0,0,0,0,0,0,0,0
460049,2,1,1998,0,0,0,0,0,0,0,0,0,0
460050,1,1,1998,0,0,0,0,0,0,0,0,0,0
460051,1,1,1998,0,0,0,0,0,0,0,0,0,0
460051,2,1,1998,0,0,0,0,0,0,0,0,0,0
460052,1,1,1998,0,0,0,0,0,0,0,0,0,0
460053,1,1,1998,0,0,0,0,0,0,0,0,0,0
460054,1,1,1998,7,7,7,7,7,7,7,7,7,7
460055,1,1,1998,0,0,0,0,0,0,0,0,0,0
460055,2,1,1998,0,0,0,0,0,0,0,0,0,0
460056,1,1,1998,12,12,12,12,12,12,12,12,12,12
460056,2,1,1998,0,0,0,0,0,0,0,0,0,0
460056,3,1,1998,0,0,0,0,0,0,0,0,0,0
460057,1,1,1998,10,10,10,10,10,10,10,10,10,10
460057,2,1,1998,0,0,0,0,0,0,0,0,0,0
460058,1,1,1998,23,23,23,23,23,23,23,23,23,23
460059,1,1,1998,0,0,0,0,6,0,0,0,0,0
460059,2,1,1998,12,0,0,0,0,0,18,0,0,0
460060,1,1,1998,14,18,0,25,10,13,15,30,30,23
460061,1,1,1998,0,0,0,0,0,0,0,0,0,0
460061,2,1,1998,0,0,0,0,0,0,0,0,0,0
460062,1,1,1998,18,11,21,34,32,29,13,13,17,19
460063,1,1,1998,0,0,0,0,0,0,0,0,0,0
460063,2,1,1998,0,0,0,0,0,0,0,0,0,0
460064,1,1,1998,0,0,0,0,0,0,0,0,0,0
460064,2,1,1998,0,0,0,0,0,0,0,0,0,0
460065,1,1,1998,0,0,0,0,0,0,0,0,0,0
460066,1,1,1998,14,14,14,14,14,14,14,14,14,14
460067,1,1,1998,0,0,0,0,0,0,0,0,0,0
460067,2,1,1998,0,0,0,0,0,0,0,0,0,0
460068,1,1,1998,0,0,0,0,0,0,0,0,0,0
460069,1,1,1998,0,0,0,0,0,0,0,0,0,0
460070,1,1,1998,7,7,7,7,7,7,7,7,7,7
460071,1,1,1998,4,4,4,4,4,4,4,4,4,4
460072,1,1,1998,0,0,0,0,0,0,0,0,0,0
460072,2,1,1998,0,0,0,0,0,0,0,0,0,0
460073,1,1,1998,0,0,0,0,0,0,0,0,0,0
460074,1,1,1998,0,0,0,0,0,0,0,0,0,0
460074,2,1,1998,0,0,0,0,0,0,0,0,0,0
460075,1,1,1998,0,0,0,0,0,0,0,0,0,0
460076,1,1,1998,0,0,0,0,0,0,0,0,0,0
460076,2,1,1998,0,0,0,0,0,0,0,0,0,0
460077,1,1,1998,0,0,0,0,0,0,0,0,0,0
460077,2,1,1998,15,15,15,15,15,15,15,15,15,15
460078,1,1,1998,0,0,0,0,0,0,0,0,0,0
460078,2,1,1998,0,0,0,0,0,0,0,0,0,0
460079,1,1,1998,0,0,0,0,0,0,0,0,0,0
460079,2,1,1998,0,0,0,0,0,0,0,0,0,0
460080,1,1,1998,0,0,0,0,0,0,0,0,0,9
460080,2,1,1998,0,0,0,0,0,0,0,0,0,0
460081,1,1,1998,0,0,0,0,0,0,0,0,0,0
460081,2,1,1998,0,0,0,0,0,0,0,0,0,0
460082,1,1,1998,16,16,16,16,16,16,16,16,16,16
460083,1,1,1998,17,17,17,17,17,17,17,17,17,17
460084,1,1,1998,19,19,19,19,19,19,19,19,19,19
460085,1,1,1998,21,21,21,21,21,21,21,21,21,21
460086,1,1,1998,0,0,0,0,0,0,0,0,0,0
460087,1,1,1998,0,0,0,0,0,0,0,0,0,0
460088,1,1,1998,0,0,0,0,0,0,0,0,0,0
460088,2,1,1998,12,12,12,12,12,12,12,12,12,12
460089,1,1,1998,0,0,0,0,0,0,0,0,0,0
460089,2,1,1998,0,0,0,0,0,0,0,0,0,0
460090,1,1,1998,0,0,0,5,0,18,23,11,0,0
460091,1,1,1998,0,0,0,0,0,0,0,0,0,0
460092,1,1,1998,0,0,0,0,0,0,0,0,0,0
460092,2,1,1998,0,0,0,0,0,0,0,0,0,0
460093,1,1,1998,0,0,0,0,0,0,0,0,0,0
460093,2,1,1998,0,0,0,0,0,0,0,0,0,0
460094,1,1,1998,0,0,0,0,0,0,0,0,0,0
460095,1,1,1998,23,23,23,23,23,23,23,23,23,23
460096,1,1,1998,0,0,0,0,0,0,0,0,0,0
460097,1,1,1998,17,17,17,17,17,17,17,17,17,17
460097,2,1,1998,0,13,0,0,0,0,0,0,0,19
460097,3,1,1998,0,0,0,0,0,0,0,0,0,0
460098,1,1,1998,30,30,30,30,30,30,30,30,30,30
460098,2,1,1998,0,0,0,0,0,0,0,0,0,0
460099,0,1,1998,29,29,29,29,29,29,29,29,29,29
460099,1,1,1998,0,11,8,12,0,0,0,0,10,0
460099,2,1,1998,0,14,8,14,0,0,0,13,0,0
460100,1,1,1998,6,6,6,6,6,6,6,6,6,6
460100,2,1,1998,10,0,0,0,0,0,0,0,0,14
460101,1,1,1998,19,19,19,19,19,19,19,19,19,19
460102,1,1,1998,0,0,0,0,0,0,0,0,0,0
460102,2,1,1998,0,0,0,0,0,0,0,0,0,0
460103,1,1,1998,20,20,20,20,20,20,20,20,20,20
460104,1,1,1998,0,0,0,0,0,0,0,0,0,0
460104,2,1,1998,0,0,0,0,0,0,0,0,0,0
460105,1,1,1998,0,0,0,0,0,0,0,0,0,0
460106,1,1,1998,23,23,23,23,23,23,23,23,23,23
460107,1,1,1998,0,0,0,0,0,0,0,0,0,0
460107,2,1,1998,0,0,0,0,0,0,0,0,0,0
460108,1,1,1998,16,16,16,16,16,16,16,16,16,16
460109,1,1,1998,0,0,0,0,0,0,0,0,0,0
460110,1,1,1998,10,0,0,0,8,0,0,23,0,0
460111,1,1,1998,0,0,0,0,0,0,0,0,0,0
460111,2,1,1998,0,0,0,0,0,0,0,0,0,0
460112,1,1,1998,21,10,10,14,12,4,35,21,16,27
460113,0,1,1998,0,0,0,0,0,0,0,0,0,0
460113,1,1,1998,0,0,0,0,0,0,0,0,0,0
460114,1,1,1998,12,12,12,12,12,12,12,12,12,12
460115,1,1,1998,3,3,3,3,3,3,3,3,3,3
460116,1,1,1998,21,21,21,21,21,21,21,21,21,21
460117,1,1,1998,0,0,0,0,0,0,0,0,0,0
460117,2,1,1998,0,0,0,0,0,0,0,0,0,0
460118,1,1,1998,26,30,0,0,0,20,0,0,22,0
460119,1,1,1998,0,0,0,0,0,0,0,0,0,0
460120,1,1,1998,0,0,0,0,0,0,0,0,0,0
460120,2,1,1998,0,0,0,0,0,0,0,0,0,0
460121,0,1,1998,0,0,0,0,0,0,0,0,0,0
460121,1,1,1998,0,0,0,0,0,0,0,0,0,0
460122,1,1,1998,0,0,0,0,0,0,0,0,0,0
460122,2,1,1998,0,0,0,0,0,0,0,0,0,0
460123,1,1,1998,0,0,0,0,0,0,0,0,7,0
460123,2,1,1998,0,0,0,0,0,0,0,0,0,0
460124,1,1,1998,0,0,0,0,0,0,0,0,0,0
460125,1,1,1998,19,19,19,19,19,19,19,19,19,19
460125,2,1,1998,0,0,0,0,0,0,0,0,0,2
460125,3,1,1998,0,0,0,0,0,0,0,0,0,0
460126,1,1,1998,26,26,26,26,26,26,26,26,26,26
460127,1,1,1998,16,16,16,16,16,16,16,16,16,16
460128,1,1,1998,0,0,0,0,0,0,0,0,0,0
460129,1,1,1998,27,27,27,27,27,27,27,27,27,27
460130,1,1,1998,0,0,0,0,0,9,0,0,0,10
460130,2,1,1998,0,0,13,0,0,0,0,0,0,0
460131,1,1,1998,0,0,0,0,0,0,0,0,0,0
460132,1,1,1998,0,0,0,0,0,0,0,0,0,0
460133,1,1,1998,0,0,0,0,0,5,0,0,0,0
460134,1,1,1998,22,22,22,22,22,22,22,22,22,22
460135,1,1,1998,0,0,0,0,0,0,0,0,0,0
460136,1,1,1998,0,0,0,0,0,0,0,0,0,0
460136,2,1,1998,0,0,0,0,0,0,0,0,0,0
460137,0,1,1998,26,26,26,26,26,26,26,26,26,26
460137,0,2,1998,20,20,20,20,20,20,20,20,20,20
460137,1,1,1998,0,0,0,0,0,0,0,0,0,0
460138,1,1,1998,0,0,0,0,0,0,0,0,0,0
460138,2,1,1998,0,0,0,0,0,0,0,0,0,0
460139,1,1,1998,0,0,0,0,0,0,0,0,0,0
460139,2,1,1998,0,0,0,0,0,0,0,0,0,0
460140,1,1,1998,0,0,0,0,0,0,0,0,0,0
460140,2,1,1998,0,0,0,0,0,0,0,0,0,0
460141,1,1,1998,0,0,0,0,0,0,0,0,0,0
460142,1,1,1998,0,0,0,0,0,0,0,0,0,0
460142,2,1,1998,18,18,18,18,18,18,18,18,18,18
460143,1,1,1998,0,0,0,0,0,0,0,0,0,0
460144,1,1,1998,0,0,0,0,0,0,0,0,0,0
460144,2,1,1998,0,0,0,0,0,0,0,0,0,0
460145,1,1,1998,14,14,14,14,14,14,14,14,14,14
460146,1,1,1998,4,4,4,4,4,4,4,4,4,4
460147,1,1,1998,0,0,0,0,0,0,0,0,0,0
460148,1,1,1998,8,8,8,8,8,8,8,8,8,8
460149,1,1,1998,23,23,23,23,23,23,23,23,23,23
470001,1,1,1998,15,15,15,15,15,15,15,15,15,15
470001,2,1,1998,0,0,0,0,0,0,0,0,0,0
470002,1,1,1998,19,19,19,19,19,19,19,19,19,19
470002,2,1,1998,0,0,0,0,0,0,0,0,0,0
470003,0,1,1998,0,0,0,0,0,0,0,0,0,0
470003,1,1,1998,0,0,0,0,0,0,0,0,0,0
470004,1,1,1998,22,7,16,3,14,13,23,37,15,11