ST_CASE,VEH_NO,PER_NO,YEAR,P1,P2,P3,P4,P5,P6,P7,P8,P9,P10
470005,0,1,1998,2,2,2,2,2,2,2,2,2,2
470005,1,1,1998,0,0,0,0,0,0,0,0,0,0
470006,1,1,1998,0,8,0,0,0,0,0,0,0,0
470006,2,1,1998,0,0,0,0,0,0,0,0,0,0
470006,3,1,1998,0,0,0,0,0,0,0,0,0,0
470007,1,1,1998,20,20,20,20,20,20,20,20,20,20
470008,1,1,1998,0,0,0,0,0,0,0,0,0,0
470008,2,1,1998,0,0,0,0,0,0,0,0,0,0
470008,3,1,1998,0,5,0,0,0,0,0,0,0,0
470009,1,1,1998,0,0,0,0,0,0,0,0,0,0
470009,2,1,1998,0,0,0,0,0,0,0,0,0,0
470010,1,1,1998,6,6,6,6,6,6,6,6,6,6
470011,1,1,1998,0,0,0,0,0,0,0,0,0,0
470012,0,1,1998,0,0,0,0,0,0,0,0,0,0
470012,1,1,1998,0,0,0,0,0,0,0,0,0,0
470013,1,1,1998,0,0,0,0,0,0,0,0,0,0
470014,1,1,1998,0,0,0,0,0,0,0,0,0,0
470015,1,1,1998,0,0,0,0,0,0,0,0,0,0
470015,2,1,1998,0,0,0,0,0,0,0,0,0,0
470016,1,1,1998,0,0,0,0,0,0,0,0,0,0
470016,2,1,1998,0,0,0,0,0,0,0,0,0,0
470017,1,1,1998,10,0,0,20,0,0,0,0,0,0
470017,2,1,1998,0,0,0,0,0,0,0,0,0,0
470018,1,1,1998,0,0,0,0,0,0,0,0,0,0
470018,2,1,1998,0,0,0,0,0,0,0,0,0,0
470019,1,1,1998,23,23,23,23,23,23,23,23,23,23
470019,2,1,1998,0,0,0,0,0,0,0,0,0,0
470020,1,1,1998,0,0,0,0,0,0,0,0,0,0
470020,2,1,1998,0,0,0,0,0,0,0,0,0,0
470021,1,1,1998,0,0,0,0,0,0,0,0,0,0
470021,2,1,1998,0,0,0,0,0,0,0,0,0,0
470021,3,1,1998,0,0,0,0,0,0,0,0,0,0
470021,4,1,1998,0,0,0,0,0,0,0,0,0,0
470021,5,1,1998,0,0,0,0,0,0,0,0,0,0
470021,6,1,1998,0,0,0,0,0,0,0,0,0,0
470021,7,1,1998,0,0,0,0,0,0,0,0,0,0
470021,8,1,1998,0,0,0,0,0,0,0,0,0,0
470021,9,1,1998,0,0,0,0,0,0,0,0,0,0
470021,10,1,1998,0,0,0,0,0,0,0,0,0,0
470021,11,1,1998,0,0,0,0,0,0,0,0,0,0
470021,12,1,1998,0,0,0,0,0,0,0,0,0,0
470021,13,1,1998,0,0,0,0,0,0,0,0,0,0
470021,14,1,1998,0,0,0,0,0,0,0,0,0,0
470022,1,1,1998,0,0,0,0,0,0,0,0,0,0
470022,2,1,1998,30,30,30,30,30,30,30,30,30,30
470023,1,1,1998,20,20,20,20,20,20,20,20,20,20
470023,2,1,1998,0,0,0,0,0,0,0,0,0,0
470023,3,1,1998,0,0,0,0,0,0,0,0,0,0
470024,1,1,1998,7,22,3,15,9,10,7,24,0,14
470025,1,1,1998,0,0,25,23,9,0,21,0,17,20
470026,1,1,1998,0,0,0,0,0,0,0,0,0,0
470026,2,1,1998,0,0,0,0,0,0,0,0,0,0
470027,1,1,1998,23,23,23,23,23,23,23,23,23,23
470028,1,1,1998,0,0,0,0,0,0,0,0,0,0
470028,2,1,1998,0,0,0,0,0,0,0,0,0,0
470029,1,1,1998,0,0,0,0,0,0,0,0,0,0
470030,1,1,1998,0,0,0,0,0,0,0,0,0,0
470030,2,1,1998,0,0,0,0,0,0,0,0,0,0
470031,1,1,1998,19,19,19,19,19,19,19,19,19,19
470032,0,1,1998,15,15,15,15,15,15,15,15,15,15
470032,1,1,1998,0,0,0,0,0,0,0,0,0,0
470033,1,1,1998,9,9,9,9,9,9,9,9,9,9
470034,1,1,1998,8,0,0,0,0,0,0,0,0,0
470034,2,1,1998,0,0,0,0,0,0,0,0,0,0
470035,1,1,1998,0,0,0,0,0,0,0,0,0,0
470035,2,1,1998,0,0,0,0,0,0,0,0,0,0
470035,3,1,1998,0,0,0,0,0,0,0,0,0,0
470036,1,1,1998,0,0,0,0,0,0,17,0,0,0
470036,2,1,1998,0,0,0,0,0,0,0,0,0,0
470036,3,1,1998,0,0,0,0,0,0,0,0,0,0
470037,1,1,1998,0,0,0,0,0,0,0,0,0,0
470038,1,1,1998,0,0,0,0,0,0,0,0,0,0
470039,1,1,1998,0,0,0,0,0,0,0,0,0,0
470040,1,1,1998,0,0,0,0,0,0,0,0,0,0
470040,2,1,1998,0,0,0,0,0,0,0,0,0,0
470040,3,1,1998,0,6,0,0,0,0,0,0,0,21
470040,4,1,1998,0,0,0,0,0,0,0,0,0,0
470041,1,1,1998,4,4,4,4,4,4,4,4,4,4
470041,2,1,1998,0,0,0,0,0,0,0,0,0,0
470042,1,1,1998,7,7,7,7,7,7,7,7,7,7
470043,1,1,1998,21,21,21,21,21,21,21,21,21,21
470043,2,1,1998,0,0,0,0,0,0,0,0,0,0
470043,3,1,1998,0,0,0,0,20,9,0,0,0,0
470044,1,1,1998,0,0,0,0,0,0,0,0,0,0
470044,2,1,1998,0,0,0,0,0,0,0,0,0,0
470045,0,1,1998,0,0,0,0,0,0,0,0,0,0
470045,0,2,1998,22,12,13,0,0,36,0,0,0,0
470045,1,1,1998,0,0,0,0,0,0,0,0,0,0
470046,0,1,1998,15,0,0,16,14,18,31,17,0,0
470046,1,1,1998,0,5,0,0,0,0,8,0,0,0
470047,1,1,1998,28,28,28,28,28,28,28,28,28,28
470048,1,1,1998,0,0,0,0,0,0,0,0,0,0
470048,2,1,1998,0,0,0,0,0,0,0,0,0,0
470049,0,1,1998,0,0,0,0,0,0,0,0,0,0
470049,1,1,1998,0,0,0,0,0,0,0,0,0,0
470050,1,1,1998,0,0,0,0,0,0,0,0,0,0
470050,2,1,1998,0,0,0,0,0,0,0,0,0,0
470050,3,1,1998,0,0,0,0,0,0,0,0,0,0
470051,1,1,1998,0,0,0,0,0,0,0,0,0,0
470052,1,1,1998,5,5,5,5,5,5,5,5,5,5
470053,1,1,1998,0,0,0,0,0,0,0,0,0,0
470053,2,1,1998,0,0,0,0,0,3,0,0,0,0
470053,3,1,1998,0,0,0,0,0,0,0,0,0,0
470054,1,1,1998,0,0,0,0,0,0,0,0,0,0
470054,2,1,1998,12,12,12,12,12,12,12,12,12,12
470055,1,1,1998,24,13,8,16,30,17,29,24,13,13
470056,0,1,1998,0,0,0,0,0,0,0,0,0,0
470056,1,1,1998,15,15,15,15,15,15,15,15,15,15
470057,0,1,1998,32,32,32,32,32,32,32,32,32,32
470057,1,1,1998,0,0,0,0,0,0,0,0,0,0
470058,1,1,1998,0,0,0,0,0,0,0,0,0,0
470059,1,1,1998,0,0,0,0,0,0,0,0,0,0
470059,2,1,1998,0,0,0,0,0,0,0,0,0,0
470059,3,1,1998,0,0,0,0,0,0,0,0,0,0
470060,1,1,1998,0,12,32,0,3,28,5,8,22,18
470061,1,1,1998,0,0,0,0,0,0,22,0,0,0
470061,2,1,1998,0,0,0,0,0,0,0,0,0,0
470062,1,1,1998,0,0,0,0,0,0,0,0,0,0
470063,1,1,1998,20,20,20,20,20,20,20,20,20,20
470064,1,1,1998,0,0,0,0,0,0,0,0,0,0
470066,1,1,1998,0,0,0,13,22,13,11,8,0,19
470067,1,1,1998,0,0,0,0,0,0,0,0,0,0
470067,2,1,1998,0,0,0,0,0,0,0,0,0,0
470068,1,1,1998,0,0,0,0,0,0,0,0,0,0
470069,0,1,1998,0,0,0,0,0,0,0,0,0,0
470069,1,1,1998,0,0,0,0,0,0,0,0,0,0
470070,0,1,1998,36,36,36,36,36,36,36,36,36,36
470070,1,1,1998,0,0,0,0,0,0,0,0,0,0
470071,1,1,1998,0,5,0,0,0,0,0,0,0,0
470071,2,1,1998,0,0,0,0,0,0,0,0,0,0
470072,1,1,1998,0,0,0,0,0,0,0,0,0,0
470072,2,1,1998,0,0,0,0,0,16,0,0,0,0
470073,1,1,1998,0,0,0,0,0,0,0,0,0,0
470074,1,1,1998,0,0,0,0,0,0,0,0,0,0
470075,1,1,1998,0,0,0,0,0,0,0,0,0,0
470075,2,1,1998,0,5,0,0,0,0,0,0,0,0
470076,1,1,1998,0,14,8,6,3,0,8,12,11,6
470076,2,1,1998,0,4,0,32,0,15,0,7,0,13
470076,3,1,1998,6,9,5,12,15,14,19,17,3,0
470077,1,1,1998,0,0,0,0,0,0,0,0,0,0
470077,2,1,1998,1,1,1,1,1,1,1,1,1,1
470078,1,1,1998,23,23,23,23,23,23,23,23,23,23
470079,1,1,1998,18,18,18,18,18,18,18,18,18,18
470080,1,1,1998,0,0,0,0,0,0,0,0,0,0
470080,2,1,1998,0,0,0,0,0,0,0,0,0,0
470081,1,2,1998,0,6,19,0,0,13,14,12,0,36
470082,1,1,1998,0,0,0,0,0,0,0,0,0,0
470084,1,1,1998,0,0,0,0,0,0,0,0,0,0
470084,2,1,1998,0,0,0,0,0,0,4,0,0,0
470085,1,1,1998,0,0,0,0,0,0,0,0,0,0
470086,1,1,1998,15,15,15,15,15,15,15,15,15,15
470087,1,1,1998,19,31,14,48,19,26,6,19,15,13
470089,1,1,1998,0,0,0,0,0,0,0,0,0,0
470089,2,1,1998,0,0,0,0,0,0,0,0,0,0
470090,1,1,1998,0,0,0,0,0,0,0,0,0,0
470090,2,1,1998,28,13,12,30,20,26,45,14,33,29
470091,1,1,1998,0,0,0,0,0,0,0,0,0,0
470092,1,1,1998,17,0,0,0,0,0,0,0,3,0
470093,1,1,1998,0,0,0,0,0,0,0,0,0,0
470093,2,1,1998,0,0,0,0,0,0,0,0,0,0
470094,0,1,1998,0,0,0,0,0,33,0,0,0,0
470094,0,2,1998,0,0,0,0,0,0,0,0,0,0
470094,3,1,1998,0,0,0,0,0,0,0,0,0,0
470095,1,1,1998,19,19,19,19,19,19,19,19,19,19
470096,0,1,1998,2,0,13,0,0,0,0,27,0,0
470096,1,1,1998,0,0,0,0,0,0,0,0,0,0
470097,1,1,1998,0,0,0,0,0,0,0,0,0,0
470098,1,1,1998,0,0,0,0,0,0,0,0,0,0
470099,1,1,1998,25,25,25,25,25,25,25,25,25,25
470100,1,1,1998,0,0,0,0,0,0,0,0,0,0
470101,0,1,1998,16,16,16,16,16,16,16,16,16,16
470101,1,1,1998,14,14,14,14,14,14,14,14,14,14
470102,0,1,1998,18,18,18,18,18,18,18,18,18,18
470102,1,1,1998,0,0,0,0,0,0,0,0,0,0
470102,2,1,1998,0,0,0,0,0,0,0,0,0,0
470102,3,1,1998,0,0,0,0,10,0,0,0,0,0
470102,4,1,1998,0,0,0,0,0,0,8,0,0,15
470103,1,1,1998,33,33,33,33,33,33,33,33,33,33
470103,2,1,1998,0,0,0,0,0,0,0,0,0,0
470104,0,1,1998,0,0,0,0,0,0,0,0,0,0
470104,1,1,1998,0,0,0,0,0,0,0,0,0,0
470105,1,1,1998,23,23,23,23,23,23,23,23,23,23
470106,1,1,1998,0,0,0,0,0,0,0,0,0,0
470106,2,1,1998,0,0,0,0,0,0,0,0,0,0
470107,1,1,1998,0,0,0,0,0,0,0,0,0,0
470107,2,1,1998,0,0,0,0,0,0,0,0,0,0
470108,1,1,1998,31,31,31,31,31,31,31,31,31,31
470109,1,1,1998,14,14,14,14,14,14,14,14,14,14
470110,1,1,1998,0,0,0,0,0,0,0,0,0,0
470110,2,1,1998,0,0,0,0,0,0,0,0,0,0
470111,1,1,1998,0,0,0,0,0,0,0,0,0,0
470111,2,1,1998,0,0,0,0,0,0,0,0,0,0
470112,1,1,1998,20,20,20,20,20,20,20,20,20,20
470113,1,1,1998,22,22,22,22,22,22,22,22,22,22
470114,1,1,1998,0,0,0,0,0,0,0,0,0,0
470114,2,1,1998,0,0,0,0,0,0,0,0,0,0
470114,3,1,1998,0,0,0,0,0,0,0,0,0,0
470115,1,1,1998,0,0,0,0,0,0,0,0,0,0
470115,2,1,1998,12,12,12,12,12,12,12,12,12,12
470116,0,1,1998,0,0,0,0,0,0,0,0,0,0
470117,1,1,1998,0,0,0,0,0,0,0,0,0,0
470118,1,1,1998,24,24,24,24,24,24,24,24,24,24
470119,1,1,1998,30,30,30,30,30,30,30,30,30,30
470120,1,1,1998,0,0,0,0,0,0,0,0,0,0
470120,2,1,1998,0,0,0,0,0,0,0,0,0,0
470121,0,1,1998,26,26,26,26,26,26,26,26,26,26
470121,1,1,1998,35,0,0,0,0,0,0,0,0,0
470122,1,1,1998,0,0,0,0,0,0,0,0,0,0
470123,1,1,1998,15,15,15,15,15,15,15,15,15,15
470124,1,1,1998,0,0,0,0,0,0,0,0,0,0
470124,2,1,1998,0,0,0,0,0,0,0,0,0,0
470125,1,1,1998,16,16,16,16,16,16,16,16,16,16
470126,1,1,1998,11,11,11,11,11,11,11,11,11,11
470126,2,1,1998,0,0,0,0,0,0,0,0,0,0
470127,1,1,1998,0,0,0,0,0,0,0,0,0,0
470127,2,1,1998,0,0,0,0,0,0,0,0,0,0
470128,1,1,1998,0,0,0,0,0,0,0,0,0,0
470128,2,1,1998,0,0,0,0,0,0,0,0,0,0
470129,1,1,1998,0,0,0,0,0,0,0,0,0,0
470129,2,1,1998,0,17,30,0,10,0,0,0,18,27
470130,1,1,1998,0,0,0,0,0,0,0,0,0,0
470130,2,1,1998,26,26,26,26,26,26,26,26,26,26
470131,1,1,1998,0,0,0,0,0,0,0,0,0,0
470131,2,1,1998,0,0,0,0,0,0,0,0,0,0
470132,1,1,1998,19,19,19,19,19,19,19,19,19,19
470133,1,1,1998,0,0,0,0,16,0,0,8,0,9
470134,1,1,1998,23,23,23,23,23,23,23,23,23,23
470135,1,1,1998,0,0,0,11,0,0,0,0,9,0
470136,1,1,1998,0,0,0,0,0,0,0,0,0,0
470137,1,1,1998,28,28,28,28,28,28,28,28,28,28
470138,1,1,1998,0,0,0,0,0,0,0,0,0,0
470138,2,1,1998,0,0,0,0,0,0,0,0,0,8
470139,1,1,1998,0,0,0,0,0,0,0,0,0,0
470139,2,1,1998,0,0,0,0,0,0,0,0,0,0
470140,1,1,1998,27,27,27,27,27,27,27,27,27,27
470141,1,1,1998,9,9,9,9,9,9,9,9,9,9
470141,2,1,1998,0,0,0,0,0,0,0,0,0,0
470142,1,1,1998,0,0,0,0,0,0,0,0,0,8
470143,1,1,1998,23,9,11,14,26,7,18,21,0,0
470144,1,1,1998,0,0,11,0,0,0,0,0,0,0
470145,1,1,1998,29,29,29,29,29,29,29,29,29,29
470146,0,1,1998,25,25,25,25,25,25,25,25,25,25
470146,1,1,1998,0,0,0,0,0,0,0,0,0,0
470147,1,1,1998,14,14,14,14,14,14,14,14,14,14
470147,2,1,1998,0,0,0,0,0,0,0,0,0,0
470148,1,1,1998,0,0,0,0,0,0,0,0,0,0
470148,2,1,1998,0,0,0,0,0,0,0,0,0,0
470149,1,1,1998,0,0,0,0,0,0,0,0,0,0
470149,2,1,1998,0,0,0,0,0,0,0,0,0,0
470149,3,1,1998,0,0,0,0,0,0,0,0,0,0
470150,1,1,1998,15,15,15,15,15,15,15,15,15,15
470151,0,1,1998,0,0,0,0,0,0,0,0,0,0
470151,2,1,1998,6,6,6,6,6,6,6,6,6,6
470152,1,1,1998,0,0,0,0,0,0,0,0,0,0
470153,1,1,1998,20,20,20,20,20,20,20,20,20,20
470154,0,1,1998,0,0,0,0,0,0,0,0,0,0
470154,1,1,1998,0,0,0,0,0,0,11,0,0,0
470155,1,1,1998,0,0,0,0,0,0,0,0,0,0
470155,2,1,1998,0,0,0,0,0,0,0,0,0,0
470156,1,1,1998,0,0,0,0,0,0,0,0,0,0
470156,2,1,1998,23,23,23,23,23,23,23,23,23,23
470157,1,1,1998,0,0,0,0,0,20,0,0,0,0
470157,2,1,1998,0,0,0,0,0,0,0,0,0,0
470157,3,1,1998,0,0,0,0,0,0,0,0,0,0
470158,1,1,1998,33,33,33,33,33,33,33,33,33,33
470159,1,1,1998,4,0,0,11,0,0,0,0,0,0
470159,2,1,1998,0,0,0,0,0,0,0,0,0,0
470159,3,1,1998,0,0,0,0,0,0,0,0,0,0
470160,1,1,1998,0,0,0,0,0,0,0,0,0,0
470160,2,1,1998,0,0,0,0,0,0,0,0,0,0
470161,1,1,1998,22,22,22,22,22,22,22,22,22,22
470162,1,1,1998,0,0,0,0,0,0,0,0,0,0
470163,1,1,1998,25,25,25,25,25,25,25,25,25,25
470163,2,1,1998,0,0,0,0,0,0,0,0,0,0
470164,1,1,1998,25,25,25,25,25,25,25,25,25,25
470165,1,1,1998,10,0,0,17,0,10,0,0,0,0
470165,2,1,1998,0,0,0,8,26,0,11,0,0,0
470166,1,1,1998,0,0,0,0,0,0,0,0,0,0
470168,1,1,1998,23,23,23,23,23,23,23,23,23,23
470169,1,1,1998,0,0,0,0,0,0,0,0,0,0
470169,2,1,1998,0,0,0,0,0,0,0,0,0,0
470170,1,1,1998,0,0,0,0,0,0,0,0,0,0
470171,1,1,1998,0,0,0,0,0,0,0,0,0,0
470171,2,1,1998,0,3,0,0,0,0,0,0,0,0
470171,3,1,1998,0,0,0,0,0,5,0,0,0,0
470172,1,1,1998,0,0,0,0,0,0,0,0,0,0
470172,2,1,1998,0,0,0,0,0,0,0,0,0,0
470173,1,1,1998,0,0,0,0,0,0,0,0,0,0
470174,1,1,1998,0,0,0,0,0,0,0,0,0,0
470175,1,1,1998,0,0,0,0,0,0,0,0,0,0
470175,2,1,1998,0,0,0,0,0,0,0,0,0,0
470176,1,1,1998,0,0,0,0,0,0,0,0,0,0
470176,2,1,1998,0,0,0,0,0,0,0,0,0,0
470177,1,1,1998,28,28,28,28,28,28,28,28,28,28
470178,1,1,1998,22,22,22,22,22,22,22,22,22,22
470179,1,1,1998,0,0,0,0,0,0,0,0,0,0
470179,2,1,1998,0,0,0,0,0,0,0,0,0,0
470181,1,1,1998,0,0,0,0,0,0,0,0,0,0
470181,2,1,1998,0,0,0,0,0,0,0,0,0,0
470181,3,1,1998,0,0,0,0,0,0,0,0,0,0
470182,0,1,1998,0,0,0,0,0,0,0,0,0,0
470182,1,1,1998,0,0,0,0,0,0,0,0,0,0
470183,1,1,1998,0,0,0,0,0,21,0,0,0,32
470184,1,1,1998,18,18,18,18,18,18,18,18,18,18
470184,2,1,1998,0,0,0,0,0,0,0,0,0,0
470185,1,1,1998,15,0,14,14,25,13,19,18,8,15
470186,1,1,1998,20,20,20,20,20,20,20,20,20,20
470187,1,1,1998,23,23,23,23,23,23,23,23,23,23
470188,1,1,1998,0,0,0,0,0,0,0,0,0,0
470188,2,1,1998,11,0,0,0,0,14,17,0,17,18
470189,1,1,1998,21,21,21,21,21,21,21,21,21,21
470190,1,1,1998,16,35,17,24,24,21,34,22,5,35
470191,1,1,1998,7,21,24,21,8,17,12,12,16,7
470192,1,1,1998,10,10,10,10,10,10,10,10,10,10
470193,1,1,1998,0,0,0,0,0,0,0,0,0,0
470193,2,1,1998,0,0,0,0,0,0,0,0,0,0
470194,1,1,1998,16,16,16,16,16,16,16,16,16,16
470195,1,1,1998,0,0,0,0,0,0,0,0,0,0
470196,1,1,1998,0,0,0,0,0,0,0,0,0,0
470196,2,1,1998,0,0,0,0,0,0,0,0,0,0
470197,1,1,1998,0,0,0,0,0,0,0,0,0,0
470198,1,1,1998,0,0,0,0,0,0,0,0,0,0
470199,1,1,1998,27,27,27,27,27,27,27,27,27,27
470199,2,1,1998,0,0,0,0,0,0,0,0,0,0
470200,1,1,1998,0,0,0,0,0,0,0,0,0,0
470200,2,1,1998,20,20,20,20,20,20,20,20,20,20
470201,1,1,1998,30,30,30,30,30,30,30,30,30,30
470202,1,1,1998,0,0,0,0,0,0,0,0,0,0
470202,2,1,1998,0,0,0,0,0,0,0,0,0,0
470203,1,1,1998,24,24,24,24,24,24,24,24,24,24
470204,1,1,1998,0,0,0,0,0,0,0,0,0,0
470204,2,1,1998,0,0,0,0,0,0,0,0,0,0
470205,1,1,1998,0,21,0,0,0,0,0,0,0,0
470205,2,1,1998,0,0,0,0,0,0,0,0,0,0
470207,1,1,1998,22,0,41,8,0,24,11,16,22,19
470208,1,1,1998,0,0,0,0,0,0,0,0,0,0
470209,1,1,1998,0,0,0,0,0,0,0,0,0,0
470210,1,1,1998,27,27,27,27,27,27,27,27,27,27
470211,1,1,1998,0,0,0,0,0,0,0,0,0,0
470212,1,1,1998,0,0,0,0,0,0,0,0,0,0
470213,1,1,1998,32,32,32,32,32,32,32,32,32,32
470214,1,1,1998,19,19,19,19,19,19,19,19,19,19
470215,1,1,1998,0,0,0,0,0,0,0,0,0,0
470215,2,1,1998,0,0,0,0,0,0,0,0,0,0
470216,1,1,1998,0,0,0,0,0,0,0,0,0,0
470216,2,1,1998,0,0,0,0,0,0,0,0,0,0
470217,1,1,1998,0,0,0,0,0,0,0,0,0,0
470218,1,1,1998,0,0,0,0,0,0,0,0,0,0
470218,2,1,1998,0,0,0,0,0,0,0,0,0,0
470219,1,1,1998,0,0,0,0,0,0,0,0,0,0
470220,1,1,1998,20,20,20,20,20,20,20,20,20,20
470221,1,1,1998,0,21,0,0,0,0,0,0,0,0
470222,1,1,1998,28,28,28,28,28,28,28,28,28,28
470223,1,1,1998,0,0,0,0,0,0,0,0,0,0
470223,2,1,1998,0,0,0,0,0,0,0,0,0,0
470224,1,1,1998,0,0,0,0,0,0,0,0,0,0
470224,2,1,1998,0,0,0,0,0,0,0,0,0,0
470225,1,1,1998,18,18,18,18,18,18,18,18,18,18
470225,2,1,1998,10,0,0,0,0,0,0,0,0,0
470226,1,1,1998,26,26,26,26,26,26,26,26,26,26
470227,1,1,1998,15,15,15,15,15,15,15,15,15,15
470228,1,1,1998,0,0,0,0,0,0,0,0,0,0
470229,0,1,1998,0,0,0,0,0,0,0,0,0,0
470229,1,1,1998,0,0,0,0,0,0,0,0,0,0
470230,1,1,1998,17,17,17,17,17,17,17,17,17,17
470231,1,1,1998,0,0,0,0,0,0,0,0,0,0
470231,2,1,1998,0,0,0,0,0,0,0,0,0,0
470232,1,1,1998,0,0,0,0,0,0,0,0,0,0
470232,2,1,1998,0,0,0,0,0,0,0,0,0,0
470233,1,1,1998,0,0,0,0,0,0,0,0,0,0
470233,2,1,1998,0,0,0,0,0,0,0,0,0,0
470234,1,1,1998,0,0,0,0,0,0,0,0,0,0
470234,2,1,1998,0,0,0,0,0,0,4,6,0,0
470235,1,1,1998,0,0,0,0,0,0,0,0,0,0
470236,1,1,1998,0,0,0,0,0,0,0,0,0,0
470237,1,1,1998,13,0,18,15,7,0,15,4,19,23
470237,2,1,1998,0,0,0,0,0,0,0,0,0,0
470238,1,1,1998,0,0,0,0,0,0,0,0,0,0
470239,1,1,1998,0,0,0,0,0,0,0,0,0,0
470239,2,1,1998,0,0,0,0,0,0,0,0,0,0
470240,1,1,1998,0,0,0,0,0,0,0,0,0,0
470240,2,1,1998,0,0,0,0,0,0,0,0,0,0
470241,1,1,1998,0,9,0,0,0,0,0,0,0,0
470242,1,1,1998,0,0,0,0,22,0,0,0,0,0
470242,2,1,1998,0,0,0,0,0,0,0,0,0,0
470243,1,1,1998,30,30,30,30,30,30,30,30,30,30
470244,1,1,1998,0,0,0,0,0,0,0,0,0,0
470244,2,1,1998,0,0,0,0,0,0,0,0,0,0
470245,1,1,1998,0,0,0,0,0,0,0,0,0,0
470245,2,1,1998,0,0,0,0,0,0,0,0,0,0
470246,1,1,1998,0,0,0,0,0,0,0,0,0,0
470247,1,1,1998,0,0,0,0,0,0,0,0,0,0
470247,2,1,1998,0,0,0,0,0,0,0,0,0,0
470248,1,1,1998,0,0,0,0,0,0,0,0,0,0
470248,2,1,1998,0,0,0,0,0,0,0,0,0,0
470249,1,1,1998,0,0,0,0,0,0,0,0,0,0
470250,1,1,1998,0,0,0,0,0,0,0,0,0,0
470251,1,1,1998,26,26,26,26,26,26,26,26,26,26
470252,1,1,1998,11,11,11,11,11,11,11,11,11,11
470253,1,1,1998,20,20,20,20,20,20,20,20,20,20
470254,1,1,1998,0,0,0,0,0,0,0,0,0,0
470254,2,1,1998,0,0,0,0,0,0,0,0,0,0
470255,1,1,1998,0,0,0,0,0,0,0,0,0,0
470255,2,1,1998,0,0,0,0,0,0,0,0,0,0
470255,3,1,1998,0,0,0,0,0,0,0,0,0,0
470256,1,1,1998,0,0,0,0,0,0,0,0,0,0
470256,2,1,1998,0,0,0,0,0,0,0,0,0,0
470257,1,1,1998,0,0,0,0,0,0,24,0,0,0
470257,2,1,1998,0,0,0,0,0,0,0,0,0,0
470258,1,1,1998,0,0,0,0,0,0,0,0,0,0
470259,1,1,1998,15,15,15,15,15,15,15,15,15,15
470260,1,1,1998,0,0,0,0,0,0,0,0,0,0
470260,2,1,1998,0,0,0,0,0,0,0,0,0,0
470261,0,1,1998,0,0,0,0,0,0,0,0,0,0
470261,2,1,1998,0,0,0,0,0,0,0,0,0,0
470262,1,1,1998,0,0,0,0,0,0,0,0,0,0
470262,2,1,1998,0,0,0,0,0,0,0,0,0,0
470263,1,1,1998,0,0,0,22,0,0,0,0,0,0
470263,2,1,1998,22,22,22,22,22,22,22,22,22,22
470264,1,1,1998,0,0,0,0,0,0,0,0,0,0
470264,2,1,1998,0,0,0,0,0,0,0,0,0,22
470265,1,1,1998,25,25,25,25,25,25,25,25,25,25
470266,1,1,1998,18,18,18,18,18,18,18,18,18,18
470267,1,1,1998,0,0,0,0,0,0,0,0,0,0
470268,1,1,1998,0,0,0,0,0,0,0,0,0,0
470268,2,1,1998,4,4,4,4,4,4,4,4,4,4
470269,1,1,1998,0,0,0,0,0,0,0,0,0,0
470270,1,1,1998,0,0,0,0,0,0,0,0,0,0
470270,2,1,1998,0,0,10,0,0,0,0,0,0,0
470271,1,1,1998,19,19,19,19,19,19,19,19,19,19
470272,1,1,1998,0,0,0,0,0,0,0,0,0,0
470272,2,1,1998,0,0,0,0,0,0,0,0,0,0
470273,1,1,1998,24,14,18,0,8,13,0,12,0,11
470274,1,1,1998,0,0,0,0,0,0,0,0,0,0
470274,2,1,1998,0,10,0,0,0,0,0,0,0,0
470275,1,1,1998,0,0,0,0,0,0,0,0,0,0
470275,2,1,1998,0,0,0,0,0,0,0,0,0,0
470275,3,1,1998,0,0,0,0,0,0,0,0,0,0
470276,1,1,1998,0,0,0,0,0,0,0,0,0,0
470276,2,1,1998,0,0,0,0,0,0,0,0,0,0
470277,1,1,1998,0,0,0,0,0,0,0,0,0,0
470277,2,1,1998,0,0,0,0,0,0,0,0,0,0
470279,1,1,1998,14,14,14,14,14,14,14,14,14,14
470280,1,1,1998,13,13,13,13,13,13,13,13,13,13
470281,1,1,1998,0,0,0,0,0,0,0,0,0,0
470281,2,1,1998,0,0,0,11,0,0,0,0,0,0
470282,1,1,1998,0,0,0,0,0,0,0,0,0,0
470282,2,1,1998,0,0,0,0,0,0,0,0,0,0
470283,1,1,1998,0,0,0,0,0,0,0,0,0,0
470283,2,1,1998,0,0,0,0,0,0,0,0,0,0
470284,1,1,1998,0,0,0,0,0,0,0,0,0,0
470285,1,1,1998,0,0,0,0,0,0,0,0,0,0
470286,1,1,1998,15,15,15,15,15,15,15,15,15,15
470287,1,1,1998,31,35,30,18,10,30,27,17,22,15
470288,1,1,1998,0,0,0,0,0,0,0,0,0,0
470288,2,1,1998,0,0,0,0,0,0,0,0,0,0
470289,1,1,1998,0,0,0,0,0,0,0,0,0,0
470289,2,1,1998,0,0,0,0,0,0,0,0,0,0
470289,3,1,1998,0,0,0,0,0,0,0,0,0,0
470290,1,1,1998,0,0,0,0,0,0,0,0,0,0
470291,1,1,1998,4,4,4,4,4,4,4,4,4,4