ST_CASE,VEH_NO,PER_NO,YEAR,P1,P2,P3,P4,P5,P6,P7,P8,P9,P10
470292,1,1,1998,0,0,0,0,0,0,0,0,0,0
470293,1,1,1998,13,13,13,13,13,13,13,13,13,13
470293,2,1,1998,0,0,0,0,0,0,0,0,0,0
470294,1,1,1998,0,0,0,0,0,0,0,0,0,0
470295,1,1,1998,0,0,0,0,0,0,0,0,0,0
470295,2,1,1998,0,0,0,0,0,0,11,14,0,0
470296,1,1,1998,0,0,0,0,0,0,0,0,0,0
470296,2,1,1998,0,0,0,0,0,0,0,0,0,0
470297,1,1,1998,23,23,23,23,23,23,23,23,23,23
470298,1,1,1998,0,0,0,0,0,0,0,0,0,0
470298,2,1,1998,0,0,0,0,0,0,0,0,0,0
470299,1,1,1998,6,6,6,6,6,6,6,6,6,6
470300,1,1,1998,20,20,20,20,20,20,20,20,20,20
470301,1,1,1998,0,0,0,0,0,0,0,0,0,0
470302,1,1,1998,22,22,22,22,22,22,22,22,22,22
470303,1,1,1998,0,0,0,0,0,0,0,0,0,0
470303,2,1,1998,0,0,0,0,0,0,0,0,0,0
470303,3,1,1998,0,0,0,0,0,0,0,0,0,0
470304,1,1,1998,0,0,0,0,0,0,0,0,0,0
470304,2,1,1998,0,0,0,0,0,0,0,0,0,0
470305,1,1,1998,0,19,12,14,41,7,14,0,21,22
470306,1,1,1998,0,0,0,0,0,0,0,0,0,0
470306,2,1,1998,0,0,0,0,0,0,0,0,0,0
470307,1,1,1998,0,0,0,0,0,0,0,0,0,0
470307,2,1,1998,0,0,0,0,0,0,0,0,0,0
470308,1,1,1998,20,20,20,20,20,20,20,20,20,20
470309,1,1,1998,0,0,0,0,0,0,0,0,0,0
470309,2,1,1998,0,0,0,0,0,0,0,0,0,0
470310,1,1,1998,0,0,0,0,0,0,0,0,0,0
470310,2,1,1998,0,0,0,0,0,0,0,0,0,0
470310,3,1,1998,0,0,0,0,0,0,0,0,0,0
470311,1,1,1998,17,17,17,17,17,17,17,17,17,17
470312,0,1,1998,0,17,13,13,0,0,0,0,31,0
470312,0,2,1998,49,0,0,0,0,0,0,0,36,21
470312,0,3,1998,26,38,17,0,0,14,10,16,0,30
470312,1,1,1998,0,0,0,0,0,0,0,0,0,0
470313,1,1,1998,29,29,29,29,29,29,29,29,29,29
470313,2,1,1998,0,0,0,0,0,0,0,0,0,0
470314,1,1,1998,20,20,20,20,20,20,20,20,20,20
470315,1,1,1998,5,5,5,5,5,5,5,5,5,5
470315,2,1,1998,0,0,0,0,0,0,0,0,0,0
470316,1,1,1998,15,15,15,15,15,15,15,15,15,15
470318,1,1,1998,0,0,0,0,0,0,0,0,0,0
470319,1,1,1998,0,0,0,0,0,0,0,0,0,0
470320,1,1,1998,9,9,9,9,9,9,9,9,9,9
470320,2,1,1998,0,0,0,0,0,0,0,0,0,0
470321,1,1,1998,0,0,0,0,0,0,0,0,0,0
470321,2,1,1998,0,0,0,0,0,0,0,0,0,0
470321,3,1,1998,0,0,0,0,0,0,0,0,0,0
470321,4,1,1998,0,0,0,0,0,0,0,0,0,0
470322,0,1,1998,0,0,0,0,0,0,0,0,0,0
470322,1,1,1998,0,0,0,0,0,0,0,0,0,0
470323,1,1,1998,26,26,26,26,26,26,26,26,26,26
470323,2,1,1998,0,0,0,0,0,0,0,0,0,0
470324,1,1,1998,0,0,0,0,0,0,0,0,0,0
470324,2,1,1998,0,0,0,0,0,0,0,0,0,0
470325,1,1,1998,0,0,0,0,0,0,0,0,0,0
470325,2,1,1998,0,0,0,0,0,0,0,0,0,0
470326,0,1,1998,0,0,0,0,0,0,0,0,0,0
470326,0,2,1998,0,8,0,0,0,21,37,0,0,0
470326,0,3,1998,0,0,0,0,0,0,0,0,0,0
470326,0,4,1998,0,0,0,0,0,0,0,0,0,0
470326,1,1,1998,0,0,0,0,0,0,0,0,0,0
470327,1,1,1998,0,0,0,0,0,0,0,0,0,0
470328,1,1,1998,0,0,0,0,0,0,0,0,0,0
470329,1,1,1998,0,0,0,0,0,0,0,0,0,0
470329,2,1,1998,0,0,0,0,0,0,0,0,0,0
470330,1,1,1998,0,0,0,0,0,0,0,0,0,0
470330,2,1,1998,16,0,0,0,14,16,19,0,0,0
470331,1,1,1998,0,0,0,0,0,0,0,0,0,0
470332,1,1,1998,0,0,0,0,0,0,0,0,0,0
470333,1,1,1998,26,26,26,26,26,26,26,26,26,26
470334,1,1,1998,0,0,0,0,0,0,0,0,0,0
470334,2,1,1998,0,0,0,0,0,0,0,0,0,0
470334,3,1,1998,0,0,0,0,0,0,0,0,0,0
470335,1,1,1998,19,19,19,19,19,19,19,19,19,19
470336,1,1,1998,12,12,12,12,12,12,12,12,12,12
470336,2,1,1998,0,0,0,0,0,12,0,0,0,11
470338,1,1,1998,0,0,0,0,0,0,14,0,0,0
470338,2,1,1998,0,0,0,0,0,0,0,0,0,0
470339,1,1,1998,0,0,0,0,0,0,0,0,0,0
470340,0,1,1998,26,26,26,26,26,26,26,26,26,26
470340,1,1,1998,0,0,0,0,0,0,0,0,0,0
470341,1,1,1998,0,0,0,0,0,0,0,0,0,0
470342,1,1,1998,32,13,15,0,13,17,18,11,0,3
470343,1,1,1998,10,0,0,0,0,0,0,0,0,0
470343,2,1,1998,0,0,0,0,0,0,0,14,0,0
470344,0,1,1998,0,0,0,0,0,0,0,0,0,0
470344,1,1,1998,0,0,0,0,0,0,0,0,0,0
470345,1,1,1998,22,0,0,0,18,0,12,9,15,4
470346,1,1,1998,0,0,0,0,0,0,0,0,0,0
470347,1,1,1998,0,0,0,0,0,0,0,0,0,0
470348,1,1,1998,25,0,0,0,17,0,8,0,0,0
470349,1,1,1998,16,16,16,16,16,16,16,16,16,16
470349,2,1,1998,0,0,0,0,0,0,0,0,0,0
470350,1,1,1998,0,0,0,0,0,0,0,0,0,0
470350,2,1,1998,0,0,0,0,0,0,0,0,0,0
470351,1,1,1998,0,0,0,0,0,0,0,0,0,0
470351,2,1,1998,0,19,25,0,18,0,0,0,0,0
470352,1,1,1998,0,16,17,25,10,12,22,0,16,13
470353,1,1,1998,36,36,36,36,36,36,36,36,36,36
470354,1,1,1998,0,0,0,0,0,0,0,0,0,0
470354,2,1,1998,0,0,0,0,0,0,0,0,0,0
470355,1,1,1998,30,30,30,30,30,30,30,30,30,30
470355,2,1,1998,0,0,0,0,0,0,0,0,0,0
470356,1,1,1998,0,0,0,0,0,0,0,0,0,0
470356,2,1,1998,0,0,0,0,0,0,0,0,0,0
470357,1,1,1998,0,0,0,0,0,0,0,0,0,0
470358,1,1,1998,12,0,0,7,0,0,10,2,24,0
470358,2,1,1998,0,0,0,0,0,0,0,0,0,0
470358,3,1,1998,0,0,0,0,0,0,0,0,0,0
470359,1,1,1998,29,29,29,29,29,29,29,29,29,29
470360,1,1,1998,0,0,0,0,0,0,0,0,0,0
470361,1,1,1998,0,0,0,0,0,0,0,0,0,0
470362,1,1,1998,33,33,33,33,33,33,33,33,33,33
470363,1,1,1998,0,0,0,0,0,0,0,0,0,0
470363,2,1,1998,0,0,0,0,0,0,0,0,0,0
470364,1,1,1998,0,0,0,0,0,0,0,0,0,0
470364,2,1,1998,0,0,0,0,0,0,0,0,0,0
470365,1,1,1998,16,16,16,16,16,16,16,16,16,16
470366,1,1,1998,0,0,0,0,0,0,0,0,0,0
470367,1,1,1998,0,0,0,0,0,0,0,0,0,0
470367,2,1,1998,0,0,0,0,0,10,0,0,0,0
470367,3,1,1998,0,0,0,0,0,0,0,0,0,0
470367,4,1,1998,0,0,0,0,0,0,0,0,0,0
470368,1,1,1998,25,25,25,25,25,25,25,25,25,25
470369,1,1,1998,0,0,0,0,0,0,0,0,0,0
470369,2,1,1998,18,0,0,0,0,6,14,0,0,9
470370,0,1,1998,0,0,0,0,0,0,0,0,0,0
470370,1,1,1998,0,0,0,0,0,0,0,0,0,0
470371,1,1,1998,14,14,14,14,14,14,14,14,14,14
470372,1,1,1998,0,0,0,0,0,0,0,0,0,0
470372,2,1,1998,0,0,0,0,0,0,0,0,0,0
470373,1,1,1998,0,0,0,0,0,0,0,0,0,0
470373,2,1,1998,0,0,0,0,0,0,0,0,0,0
470374,1,1,1998,14,14,14,14,14,14,14,14,14,14
470374,2,1,1998,20,20,20,20,20,20,20,20,20,20
470375,1,1,1998,19,19,19,19,19,19,19,19,19,19
470375,2,1,1998,0,0,0,0,0,0,0,0,0,0
470376,1,1,1998,0,0,0,0,0,0,0,0,0,0
470376,2,1,1998,0,0,0,0,0,0,0,0,0,0
470377,1,1,1998,0,0,0,0,0,0,0,0,0,0
470377,2,1,1998,0,0,0,0,0,0,0,8,0,0
470378,1,1,1998,0,0,0,0,0,0,0,0,0,0
470378,2,1,1998,0,0,0,0,0,0,0,0,0,0
470379,1,1,1998,2,0,0,0,13,0,0,0,0,0
470379,2,1,1998,15,0,0,0,0,0,18,0,0,0
470380,1,1,1998,0,0,0,0,0,0,0,0,0,0
470380,2,1,1998,0,0,0,0,0,0,0,0,0,0
470381,1,1,1998,36,36,36,36,36,36,36,36,36,36
470382,1,1,1998,0,0,0,0,0,0,0,0,0,0
470382,2,1,1998,0,0,0,0,0,0,0,0,0,0
470383,1,1,1998,35,35,35,35,35,35,35,35,35,35
470384,2,1,1998,0,0,0,0,0,0,0,0,0,0
470385,1,1,1998,0,0,0,0,0,3,0,0,16,0
470385,2,1,1998,0,0,0,0,0,0,0,0,0,0
470386,1,1,1998,21,21,21,21,21,21,21,21,21,21
470387,1,1,1998,9,17,13,11,11,15,9,11,29,19
470388,0,1,1998,15,15,15,15,15,15,15,15,15,15
470388,0,2,1998,18,16,22,12,24,0,12,0,17,0
470388,1,1,1998,0,0,0,0,0,0,0,0,0,12
470389,1,1,1998,13,13,13,13,13,13,13,13,13,13
470389,2,1,1998,0,0,0,0,0,0,0,0,0,0
470390,1,1,1998,0,0,0,0,0,0,0,0,0,0
470391,1,1,1998,10,10,10,10,10,10,10,10,10,10
470392,1,1,1998,11,11,11,11,11,11,11,11,11,11
470393,1,1,1998,0,0,0,0,0,0,0,0,0,0
470393,2,1,1998,0,0,0,0,0,0,0,0,0,0
470394,1,1,1998,0,0,0,0,0,0,0,0,0,0
470394,2,1,1998,0,0,0,0,0,0,0,0,0,0
470395,1,1,1998,0,0,0,0,0,0,0,0,0,0
470395,2,1,1998,0,0,0,0,0,0,0,0,0,0
470396,1,1,1998,8,8,8,8,8,8,8,8,8,8
470397,1,1,1998,0,0,0,0,0,0,0,0,0,0
470397,2,1,1998,0,0,0,0,0,0,0,0,0,0
470398,1,1,1998,0,0,0,0,0,0,0,0,0,0
470398,2,1,1998,0,0,0,0,0,0,0,0,0,0
470399,1,1,1998,0,0,0,0,0,0,0,0,0,0
470399,2,1,1998,0,0,0,0,0,0,0,0,0,0
470400,1,1,1998,0,23,0,0,0,0,0,2,5,0
470401,1,1,1998,0,0,0,0,0,0,0,0,0,0
470401,2,1,1998,0,0,0,0,0,0,0,0,0,0
470402,1,1,1998,21,21,21,21,21,21,21,21,21,21
470403,1,1,1998,0,0,0,0,0,0,0,0,0,0
470403,2,1,1998,0,0,0,0,0,0,0,0,0,0
470403,3,1,1998,0,0,0,0,0,0,0,0,0,0
470403,4,1,1998,0,0,0,0,0,0,0,0,0,0
470404,1,1,1998,28,28,28,28,28,28,28,28,28,28
470405,1,1,1998,0,0,0,0,0,0,0,0,0,0
470405,2,1,1998,0,0,0,0,0,0,0,0,0,0
470405,3,1,1998,0,0,0,0,0,0,0,0,0,0
470406,1,1,1998,0,0,0,0,0,0,0,0,0,0
470406,2,1,1998,0,0,0,0,0,0,0,9,0,0
470407,1,1,1998,24,24,24,24,24,24,24,24,24,24
470408,1,1,1998,0,0,0,0,0,0,0,0,0,0
470409,1,1,1998,0,0,0,0,0,0,0,0,0,0
470410,1,1,1998,0,0,0,0,0,0,0,0,0,0
470410,2,1,1998,0,0,0,0,0,0,0,0,0,0
470411,1,1,1998,1,1,1,1,1,1,1,1,1,1
470412,1,1,1998,0,0,0,0,0,0,0,0,0,0
470413,1,1,1998,0,0,0,0,0,0,0,0,0,0
470413,2,1,1998,0,0,0,0,0,0,0,0,0,0
470414,1,1,1998,0,0,0,0,0,0,0,0,0,0
470414,2,1,1998,0,0,0,5,0,0,0,0,3,0
470415,1,1,1998,0,0,0,0,0,0,0,0,0,0
470416,1,1,1998,0,0,0,0,0,0,0,0,0,0
470416,2,1,1998,0,0,0,0,0,0,0,0,0,0
470417,1,1,1998,0,0,0,0,0,0,0,0,0,0
470417,2,1,1998,0,0,0,0,0,0,0,0,0,0
470418,1,1,1998,0,0,0,0,0,0,0,0,0,0
470419,1,1,1998,0,0,0,0,0,0,0,0,0,0
470420,1,1,1998,0,0,0,0,0,0,0,0,0,0
470420,2,1,1998,15,15,15,15,15,15,15,15,15,15
470421,1,1,1998,0,0,0,0,0,0,0,0,0,0
470421,2,1,1998,1,1,1,1,1,1,1,1,1,1
470422,1,1,1998,0,0,0,0,0,0,0,0,0,0
470422,2,1,1998,0,0,0,0,0,0,0,0,0,0
470423,1,1,1998,9,9,9,9,9,9,9,9,9,9
470424,1,1,1998,20,20,20,20,20,20,20,20,20,20
470425,1,1,1998,0,0,0,0,0,0,0,0,0,0
470425,2,1,1998,0,0,0,0,0,0,0,0,0,8
470426,1,1,1998,0,0,0,0,0,0,0,0,0,0
470427,1,1,1998,0,0,0,0,0,0,0,0,0,0
470427,2,1,1998,0,0,0,0,0,0,0,0,0,0
470428,1,1,1998,0,0,0,0,0,0,0,0,0,0
470429,1,1,1998,0,0,0,0,0,0,0,0,0,0
470429,2,1,1998,0,0,0,0,0,0,0,0,0,0
470430,1,1,1998,19,19,19,19,19,19,19,19,19,19
470430,2,1,1998,4,4,4,4,4,4,4,4,4,4
470430,3,1,1998,0,0,0,0,0,4,0,0,0,0
470431,0,1,1998,0,0,0,0,0,0,0,0,0,0
470431,1,1,1998,8,8,8,8,8,8,8,8,8,8
470432,0,1,1998,0,0,0,0,0,0,6,0,0,0
470432,1,1,1998,0,0,0,0,0,0,0,0,0,0
470433,1,1,1998,24,24,24,24,24,24,24,24,24,24
470434,1,1,1998,21,21,21,21,21,21,21,21,21,21
470435,0,1,1998,0,0,0,0,0,0,0,0,0,0
470435,1,1,1998,0,0,0,0,0,0,0,19,0,0
470436,1,1,1998,11,11,11,11,11,11,11,11,11,11
470437,1,1,1998,0,0,0,0,0,0,0,0,0,0
470437,2,1,1998,0,0,0,22,0,0,0,0,0,0
470438,1,1,1998,0,0,0,0,0,0,0,0,0,0
470438,2,1,1998,0,0,0,0,0,0,0,0,0,0
470439,1,1,1998,0,0,0,0,0,0,0,0,0,0
470439,2,1,1998,0,0,0,0,0,0,0,0,0,0
470440,1,1,1998,15,15,15,15,15,15,15,15,15,15
470440,2,1,1998,0,0,0,0,9,0,0,0,0,0
470441,1,1,1998,0,0,0,0,0,0,0,0,0,0
470442,1,1,1998,0,0,0,0,0,0,0,0,0,0
470442,2,1,1998,0,0,0,0,0,0,0,0,0,0
470443,1,1,1998,0,0,0,0,0,0,0,0,0,0
470443,2,1,1998,0,0,0,0,0,0,0,0,0,0
470444,1,1,1998,0,0,0,0,0,0,0,0,0,0
470445,1,1,1998,4,0,0,0,0,0,0,0,0,0
470446,1,1,1998,9,9,9,9,9,9,9,9,9,9
470447,1,1,1998,6,6,6,6,6,6,6,6,6,6
470447,2,1,1998,0,0,0,0,0,0,0,0,0,0
470448,1,1,1998,29,17,23,28,26,13,25,0,21,18
470449,1,1,1998,26,26,26,26,26,26,26,26,26,26
470449,2,1,1998,0,0,0,0,0,0,0,0,0,0
470450,1,1,1998,0,0,0,0,0,0,0,0,0,0
470450,2,1,1998,0,0,0,0,0,0,0,0,0,0
470451,1,1,1998,0,0,0,0,0,0,0,0,0,0
470452,1,1,1998,0,0,0,0,0,0,0,0,0,0
470452,2,1,1998,0,0,0,0,0,0,0,0,0,0
470452,3,1,1998,0,0,0,0,0,0,0,0,0,0
470453,1,1,1998,0,0,0,0,0,0,0,0,0,0
470453,2,1,1998,0,0,0,0,0,0,0,0,0,0
470454,1,1,1998,0,0,0,0,0,0,0,0,0,0
470455,1,1,1998,6,6,6,6,6,6,6,6,6,6
470456,1,1,1998,23,23,23,23,23,23,23,23,23,23
470457,1,1,1998,22,22,22,22,22,22,22,22,22,22
470458,1,1,1998,0,0,0,0,0,0,0,0,0,0
470458,2,1,1998,0,0,0,0,0,0,0,0,0,0
470459,0,1,1998,22,22,22,22,22,22,22,22,22,22
470459,1,1,1998,0,2,0,0,0,0,0,0,0,0
470460,1,1,1998,0,0,0,0,0,0,0,0,0,0
470461,1,1,1998,20,20,20,20,20,20,20,20,20,20
470462,1,1,1998,0,0,0,0,0,0,0,0,0,0
470463,1,1,1998,0,0,0,7,0,0,0,0,0,0
470464,1,1,1998,0,0,0,0,0,0,0,0,0,0
470464,2,1,1998,5,5,5,5,5,5,5,5,5,5
470465,1,1,1998,0,0,0,0,0,0,0,0,0,0
470466,1,1,1998,0,0,0,0,0,0,0,0,0,0
470466,2,1,1998,0,0,0,0,0,0,0,0,0,0
470467,1,1,1998,0,0,0,0,8,0,0,0,0,20
470468,1,1,1998,0,0,0,0,0,0,0,0,0,0
470468,2,1,1998,0,0,0,0,0,0,0,0,0,0
470469,1,1,1998,0,0,0,0,0,0,0,0,0,0
470470,1,1,1998,0,28,10,28,27,17,10,24,36,16
470471,1,1,1998,0,0,0,0,0,0,0,0,0,0
470472,1,1,1998,14,14,14,14,14,14,14,14,14,14
470473,1,1,1998,0,0,0,0,0,0,0,0,0,0
470473,2,1,1998,13,13,13,13,13,13,13,13,13,13
470474,1,1,1998,0,0,0,0,0,0,7,0,24,0
470475,1,1,1998,5,9,0,0,13,4,6,5,4,8
470476,1,1,1998,0,0,0,0,16,10,0,0,7,5
470476,2,1,1998,0,0,0,0,0,0,0,0,0,0
470477,1,1,1998,8,8,8,8,8,8,8,8,8,8
470478,1,1,1998,17,12,34,22,9,17,0,24,26,5
470478,2,1,1998,0,0,0,0,0,0,0,0,0,0
470479,1,1,1998,20,20,20,20,20,20,20,20,20,20
470480,1,1,1998,37,37,37,37,37,37,37,37,37,37
470480,2,1,1998,0,0,0,0,0,0,0,0,0,0
470481,1,1,1998,0,0,0,0,0,0,0,0,0,0
470481,2,1,1998,0,0,0,0,0,0,0,0,0,0
470482,1,1,1998,0,0,0,0,0,0,0,0,0,0
470482,2,1,1998,6,6,6,6,6,6,6,6,6,6
470483,1,1,1998,0,0,0,0,0,0,0,0,0,0
470484,1,1,1998,0,0,0,14,0,0,15,0,12,0
470484,2,1,1998,5,0,0,23,10,0,0,0,19,10
470485,1,1,1998,17,17,17,17,17,17,17,17,17,17
470486,1,1,1998,4,4,4,4,4,4,4,4,4,4
470487,1,1,1998,0,0,0,0,0,0,0,0,0,0
470487,2,1,1998,0,0,0,0,0,0,0,0,0,0
470488,1,1,1998,0,0,0,0,0,0,0,0,0,0
470489,1,1,1998,0,0,0,0,0,0,0,0,0,0
470489,2,1,1998,19,0,0,0,0,0,0,0,0,0
470490,1,1,1998,5,5,5,5,5,5,5,5,5,5
470491,1,1,1998,7,7,7,7,7,7,7,7,7,7
470492,1,1,1998,10,10,10,10,10,10,10,10,10,10
470493,0,1,1998,22,22,22,22,22,22,22,22,22,22
470493,1,1,1998,16,16,16,16,16,16,16,16,16,16
470494,1,1,1998,0,0,0,0,0,0,0,0,0,0
470495,0,1,1998,0,0,0,0,0,0,0,0,0,0
470495,1,1,1998,0,0,0,0,0,0,0,0,0,0
470495,2,1,1998,0,0,0,0,0,0,0,0,0,0
470497,1,1,1998,0,0,0,0,0,0,0,0,0,0
470498,1,1,1998,0,0,0,0,0,0,0,0,0,0
470499,1,1,1998,0,0,0,0,0,0,0,0,0,0
470500,1,1,1998,0,0,0,0,0,0,0,0,0,0
470500,2,1,1998,0,0,0,0,0,0,0,0,0,0
470500,3,1,1998,0,0,0,0,0,0,15,0,0,0
470500,4,1,1998,0,0,0,0,0,0,0,0,0,0
470501,1,1,1998,0,0,0,0,0,0,0,0,0,0
470501,2,1,1998,0,0,0,0,0,0,0,0,0,0
470502,1,1,1998,0,0,0,0,0,0,0,0,0,0
470503,1,1,1998,9,9,9,9,9,9,9,9,9,9
470503,2,1,1998,13,0,0,16,18,17,0,17,24,11
470504,1,1,1998,6,6,6,6,6,6,6,6,6,6
470505,1,1,1998,0,0,0,0,0,0,0,0,0,0
470506,1,1,1998,16,0,12,10,16,0,15,8,20,0
470507,1,1,1998,29,29,29,29,29,29,29,29,29,29
470508,1,1,1998,0,0,0,0,0,0,0,0,0,0
470509,1,1,1998,23,23,23,23,23,23,23,23,23,23
470510,1,1,1998,0,0,0,0,0,0,0,0,0,0
470510,2,1,1998,17,17,17,17,17,17,17,17,17,17
470511,1,1,1998,25,25,25,25,25,25,25,25,25,25
470512,1,1,1998,0,0,0,0,0,0,0,0,0,0
470512,2,1,1998,0,0,0,0,0,0,0,0,0,0
470513,0,1,1998,4,21,0,0,21,0,0,15,0,4
470513,1,1,1998,0,0,0,0,0,0,0,0,0,0
470514,1,1,1998,0,0,0,0,0,0,0,0,0,0
470514,2,1,1998,0,0,0,0,0,0,0,0,0,0
470515,1,1,1998,22,28,5,18,31,26,21,17,26,14
470516,1,1,1998,27,15,0,0,0,11,0,13,0,20
470517,1,1,1998,0,0,0,0,0,0,0,0,0,0
470518,1,1,1998,0,0,0,0,0,0,0,0,0,0
470518,2,1,1998,0,0,0,0,0,0,0,0,0,0
470519,1,1,1998,0,0,0,0,0,0,0,0,0,0
470520,1,1,1998,17,17,17,17,17,17,17,17,17,17
470521,1,1,1998,0,0,0,15,0,0,20,0,0,0
470522,1,1,1998,0,0,0,0,0,0,0,0,0,0
470522,2,1,1998,0,0,0,0,0,0,0,0,0,0
470523,1,1,1998,0,0,0,0,0,0,0,0,0,0
470523,2,1,1998,0,0,0,0,0,0,0,0,0,0
470523,3,1,1998,0,0,0,0,0,0,0,0,0,0
470524,1,1,1998,2,2,2,2,2,2,2,2,2,2
470525,0,1,1998,34,34,34,34,34,34,34,34,34,34
470525,1,1,1998,0,0,0,0,0,0,0,0,0,0
470526,1,1,1998,0,0,0,0,0,0,0,0,0,0
470526,2,1,1998,21,21,21,21,21,21,21,21,21,21
470527,1,1,1998,0,0,0,0,0,0,0,0,0,0
470527,2,1,1998,0,0,0,0,0,0,0,0,0,0
470528,1,1,1998,0,0,0,0,0,0,0,0,0,0
470529,1,1,1998,15,15,15,15,15,15,15,15,15,15
470529,2,1,1998,0,0,0,0,0,0,0,0,0,0
470530,0,1,1998,18,18,18,18,18,18,18,18,18,18
470530,1,1,1998,0,0,0,0,0,0,0,0,0,0
470531,1,1,1998,0,0,0,0,0,0,0,0,0,0
470532,1,1,1998,22,22,22,22,22,22,22,22,22,22
470533,1,1,1998,0,0,0,0,0,0,0,0,0,0
470533,2,1,1998,0,0,0,0,0,0,0,0,0,0
470534,1,1,1998,0,0,0,0,0,0,0,0,0,0
470534,2,1,1998,0,0,0,0,0,0,0,0,0,0
470535,1,1,1998,0,0,0,0,0,0,0,0,0,0
470536,1,1,1998,0,0,17,0,14,0,0,0,0,0
470536,2,1,1998,0,0,0,14,14,0,0,0,0,21
470537,1,1,1998,0,0,0,0,0,0,0,0,0,0
470537,2,1,1998,0,0,0,0,0,0,0,0,0,0
470538,1,1,1998,28,28,28,28,28,28,28,28,28,28
470539,1,1,1998,0,0,0,0,0,0,0,0,0,0
470539,2,1,1998,0,0,0,0,0,0,0,0,0,0
470540,1,1,1998,0,0,0,0,0,0,0,0,0,0
470540,2,1,1998,12,12,12,12,12,12,12,12,12,12
470541,1,1,1998,0,0,0,15,0,0,0,0,0,19
470542,1,1,1998,8,8,8,8,8,8,8,8,8,8
470543,1,1,1998,0,0,0,0,0,0,0,0,0,0
470543,2,1,1998,0,0,0,0,0,0,0,0,0,0
470543,3,1,1998,0,0,0,0,0,0,0,0,0,0
470543,4,1,1998,0,0,0,0,0,0,0,0,0,0
470543,5,1,1998,0,0,0,0,0,0,0,0,0,0
470544,1,1,1998,0,0,0,0,0,0,0,0,0,0
470545,1,1,1998,0,0,0,0,0,0,0,0,0,0
470546,1,1,1998,21,21,21,21,21,21,21,21,21,21
470547,1,1,1998,0,0,0,0,0,0,0,0,0,0
470548,1,1,1998,2,2,2,2,2,2,2,2,2,2
470549,1,1,1998,30,30,30,30,30,30,30,30,30,30
470550,1,1,1998,0,0,0,0,0,0,0,0,0,0
470551,1,1,1998,0,0,0,0,0,0,0,0,0,0
470552,1,1,1998,9,0,0,0,0,0,0,0,0,16
470552,2,1,1998,0,0,0,0,0,0,0,0,0,0
470553,1,1,1998,0,0,0,0,0,0,0,0,0,0
470554,1,1,1998,0,0,0,0,0,0,0,0,0,0
470554,2,1,1998,16,16,16,16,16,16,16,16,16,16
470555,1,1,1998,15,21,16,20,9,27,26,34,17,34
470556,1,1,1998,0,0,0,0,0,0,0,0,0,0
470557,0,1,1998,0,0,0,0,0,0,0,0,0,0
470557,0,2,1998,0,21,0,0,13,14,0,14,0,0
470557,1,1,1998,0,0,0,0,0,0,0,0,0,0
470557,2,1,1998,0,15,0,0,0,0,0,0,0,0
470557,3,1,1998,0,0,0,0,0,0,0,0,0,0
470558,1,1,1998,0,0,0,0,0,0,0,0,0,0
470559,1,1,1998,29,29,29,29,29,29,29,29,29,29
470560,1,1,1998,8,8,8,8,8,8,8,8,8,8
470561,0,1,1998,12,12,12,12,12,12,12,12,12,12
470561,1,1,1998,0,0,0,0,4,0,0,0,0,0
470563,1,1,1998,0,0,0,0,0,0,0,0,0,0
470564,1,1,1998,0,0,0,0,0,0,0,0,0,0
470564,2,1,1998,0,0,0,0,0,0,0,0,0,0
470565,1,1,1998,3,3,3,3,3,3,3,3,3,3
470565,2,1,1998,0,0,0,0,0,0,0,0,0,0
470566,1,1,1998,0,0,0,0,0,0,0,0,0,0
470567,1,1,1998,18,18,18,18,18,18,18,18,18,18
470568,0,1,1998,0,0,0,0,0,16,0,0,0,0
470569,1,1,1998,22,22,22,22,22,22,22,22,22,22
470569,2,1,1998,0,0,0,0,0,0,0,0,0,0
470570,1,1,1998,0,0,0,0,0,0,0,0,0,0
470571,0,1,1998,0,0,0,0,0,0,0,0,0,0
470571,1,1,1998,16,16,16,16,16,16,16,16,16,16
470572,1,1,1998,12,12,12,12,12,12,12,12,12,12
470573,1,1,1998,21,21,21,21,21,21,21,21,21,21
470574,1,1,1998,0,0,0,0,0,0,0,14,0,0
470575,1,1,1998,8,8,8,8,8,8,8,8,8,8
470575,2,1,1998,0,0,0,0,0,0,0,0,0,0
470575,3,1,1998,0,0,0,0,0,0,10,0,0,0
470576,1,1,1998,15,19,26,12,2,26,27,24,11,23
470577,1,1,1998,0,0,0,0,0,0,0,0,0,0
470578,1,1,1998,0,0,0,0,0,0,0,0,0,0
470578,2,1,1998,0,0,0,0,0,0,0,0,15,0
470579,1,1,1998,22,22,22,22,22,22,22,22,22,22
470580,1,1,1998,0,0,0,0,0,0,0,0,0,0
470580,2,1,1998,0,0,0,0,0,0,0,0,0,0
470581,1,1,1998,0,0,0,0,0,0,0,0,0,0
470582,1,1,1998,0,0,0,0,0,0,0,0,0,0
470582,2,1,1998,0,0,0,0,0,9,0,0,0,0
470583,1,1,1998,23,23,23,23,23,23,23,23,23,23
470583,2,1,1998,0,0,0,4,0,0,0,0,0,0
470584,1,1,1998,6,6,6,6,6,6,6,6,6,6
470585,1,1,1998,0,0,0,0,0,0,0,0,0,0
470585,2,1,1998,0,0,0,0,0,0,0,26,0,0
470586,1,1,1998,0,0,0,0,0,0,0,0,0,0