ST_CASE,VEH_NO,PER_NO,YEAR,P1,P2,P3,P4,P5,P6,P7,P8,P9,P10
470586,2,1,1998,0,0,0,0,0,0,0,0,0,0
470587,1,1,1998,0,0,0,0,0,0,0,0,0,0
470587,2,1,1998,0,0,0,0,0,0,0,0,0,0
470588,1,1,1998,0,0,0,0,0,0,14,0,0,0
470589,1,1,1998,19,19,19,19,19,19,19,19,19,19
470590,1,1,1998,11,11,11,11,11,11,11,11,11,11
470591,0,1,1998,0,0,0,0,0,0,0,0,0,0
470591,1,1,1998,0,0,0,0,0,0,0,0,0,0
470592,1,1,1998,0,0,0,0,0,0,18,0,0,0
470592,2,1,1998,25,11,11,25,21,14,24,18,19,23
470593,1,1,1998,23,23,23,23,23,23,23,23,23,23
470594,1,1,1998,0,0,0,0,0,0,0,0,0,0
470594,2,1,1998,7,7,7,7,7,7,7,7,7,7
470595,1,1,1998,19,19,19,19,19,19,19,19,19,19
470596,1,1,1998,0,0,0,0,0,0,0,0,0,0
470596,2,1,1998,0,0,0,0,0,0,0,0,0,0
470596,3,1,1998,0,0,0,0,0,0,0,0,0,0
470597,1,1,1998,0,0,0,0,0,0,0,0,0,0
470597,2,1,1998,0,0,0,0,14,0,0,0,0,0
470598,1,1,1998,0,0,0,0,0,0,0,0,0,0
470599,1,1,1998,0,0,0,0,0,0,0,0,0,0
470600,1,1,1998,0,0,0,0,0,0,0,0,0,0
470600,2,1,1998,0,0,0,0,0,0,0,0,0,0
470601,1,1,1998,0,0,0,0,0,0,0,0,0,0
470602,1,1,1998,0,0,0,0,0,0,0,0,0,0
470602,2,1,1998,0,0,0,0,0,0,0,0,0,0
470602,3,1,1998,0,0,0,0,14,0,0,0,0,0
470602,4,1,1998,0,5,0,0,0,0,0,0,0,13
470603,1,1,1998,10,10,10,10,10,10,10,10,10,10
470604,1,1,1998,0,0,0,0,0,0,0,0,0,0
470605,1,1,1998,0,0,0,22,0,0,0,0,0,0
470605,2,1,1998,0,0,0,0,0,0,0,0,0,0
470606,0,1,1998,0,0,0,0,0,0,0,0,0,0
470606,1,1,1998,0,0,0,0,0,0,0,0,0,0
470607,1,1,1998,0,0,0,0,0,0,0,0,0,0
470607,2,1,1998,0,0,0,0,0,0,0,0,0,0
470608,1,1,1998,24,21,17,22,23,0,13,9,30,22
470608,2,1,1998,5,36,0,0,36,15,7,14,0,0
470609,1,1,1998,26,26,26,26,26,26,26,26,26,26
470610,1,1,1998,0,0,0,0,0,0,0,0,0,0
470611,1,1,1998,0,0,0,0,0,0,0,0,0,0
470612,1,1,1998,0,0,0,0,0,0,0,0,0,0
470612,2,1,1998,12,12,12,12,12,12,12,12,12,12
470613,1,1,1998,0,0,0,0,0,0,0,11,23,0
470614,1,1,1998,26,26,26,26,26,26,26,26,26,26
470615,1,1,1998,0,0,0,0,0,0,0,0,0,0
470615,2,1,1998,19,19,19,19,19,19,19,19,19,19
470616,1,1,1998,0,0,0,0,0,0,0,0,0,0
470618,1,1,1998,21,21,21,21,21,21,21,21,21,21
470619,0,1,1998,24,32,10,42,0,37,23,0,9,9
470619,1,1,1998,0,0,0,0,0,0,0,0,0,0
470620,1,1,1998,24,32,21,24,21,12,26,8,33,18
470621,1,1,1998,0,0,0,0,0,0,0,0,0,0
470621,2,1,1998,29,29,29,29,29,29,29,29,29,29
470622,1,1,1998,5,5,5,5,5,5,5,5,5,5
470623,1,1,1998,7,7,7,7,7,7,7,7,7,7
470624,1,1,1998,0,0,0,0,0,0,0,0,0,0
470624,2,1,1998,0,0,0,0,0,0,0,0,0,0
470625,1,1,1998,21,21,21,21,21,21,21,21,21,21
470626,1,1,1998,0,0,0,0,0,0,0,0,0,0
470626,2,1,1998,0,0,0,0,0,0,0,0,0,0
470626,3,1,1998,0,0,10,0,0,0,14,0,10,0
470627,1,1,1998,0,0,0,0,0,0,0,0,0,0
470628,1,1,1998,0,0,0,0,0,0,0,0,0,0
470628,2,1,1998,0,0,0,0,0,0,0,0,0,0
470628,3,1,1998,11,0,0,0,0,2,0,5,0,0
470629,1,1,1998,0,0,0,0,0,0,0,0,0,0
470629,2,1,1998,0,14,0,10,15,3,0,0,0,20
470630,1,1,1998,8,8,8,8,8,8,8,8,8,8
470631,1,1,1998,24,10,0,23,16,24,33,0,16,10
470632,1,1,1998,24,24,24,24,24,24,24,24,24,24
470633,1,1,1998,3,3,3,3,3,3,3,3,3,3
470634,1,1,1998,14,14,14,14,14,14,14,14,14,14
470635,1,1,1998,0,0,0,0,0,0,0,0,0,0
470636,1,1,1998,17,17,17,17,17,17,17,17,17,17
470637,1,1,1998,0,0,0,5,0,8,0,0,0,0
470638,1,1,1998,0,0,0,0,0,0,0,0,0,0
470638,2,1,1998,0,0,0,0,0,0,0,0,0,0
470639,1,1,1998,0,0,0,0,0,0,0,0,0,0
470640,1,1,1998,0,0,0,0,0,0,0,0,0,0
470640,2,1,1998,0,0,0,0,0,0,0,0,0,0
470641,1,1,1998,0,0,0,0,0,0,0,0,0,0
470641,2,1,1998,14,29,30,7,9,11,13,19,9,27
470642,1,1,1998,0,0,0,0,0,0,0,0,0,0
470642,2,1,1998,0,0,0,0,0,0,0,0,0,0
470643,1,1,1998,0,0,0,0,0,0,0,0,0,0
470643,2,1,1998,0,0,0,0,0,0,0,0,0,0
470644,1,1,1998,0,0,0,0,0,0,0,0,0,0
470644,2,1,1998,0,0,0,0,0,0,0,0,0,0
470644,3,1,1998,31,31,31,31,31,31,31,31,31,31
470645,1,1,1998,0,0,0,0,0,0,0,0,0,0
470646,1,1,1998,0,0,20,0,0,0,0,0,0,0
470646,2,1,1998,0,0,0,0,0,0,0,0,0,0
470647,1,1,1998,0,0,0,0,0,0,0,0,0,0
470647,2,1,1998,0,0,0,0,0,0,0,0,0,0
470648,1,1,1998,0,0,0,0,0,0,0,0,0,0
470649,1,1,1998,0,0,0,0,18,0,0,0,0,0
470649,2,1,1998,0,0,0,0,0,0,0,0,0,0
470650,1,1,1998,20,20,20,20,20,20,20,20,20,20
470651,1,1,1998,0,0,0,0,0,0,0,0,0,0
470651,2,1,1998,33,0,0,0,0,0,0,0,0,0
470652,1,1,1998,34,34,34,34,34,34,34,34,34,34
470653,1,1,1998,0,0,0,0,0,0,0,0,0,0
470653,2,1,1998,0,0,0,0,0,0,0,0,0,0
470654,1,1,1998,0,0,0,0,0,0,0,0,0,0
470654,2,1,1998,0,0,0,13,0,0,0,0,0,0
470655,1,1,1998,0,0,0,0,0,0,0,0,0,0
470655,2,1,1998,0,0,0,0,0,0,0,0,0,0
470655,3,1,1998,0,0,0,0,0,0,0,0,0,0
470656,1,1,1998,17,10,17,21,5,22,33,17,3,15
470656,2,1,1998,0,0,0,0,0,0,0,0,0,0
470656,3,1,1998,0,0,0,0,0,0,0,0,0,0
470656,4,1,1998,0,0,0,0,0,0,0,0,0,0
470656,5,1,1998,0,0,0,0,0,0,0,0,0,0
470656,6,1,1998,5,0,0,20,24,0,4,0,0,0
470657,1,1,1998,0,0,0,0,0,0,0,0,0,0
470657,2,1,1998,0,0,0,17,0,0,0,0,0,0
470658,1,1,1998,0,0,0,0,0,0,0,0,0,0
470659,1,1,1998,14,11,7,0,14,3,16,0,14,0
470660,1,1,1998,0,0,0,0,0,0,8,0,0,0
470660,2,1,1998,0,0,0,0,0,0,0,0,0,0
470661,1,1,1998,0,0,0,0,0,0,0,0,0,0
470661,2,1,1998,0,0,0,0,0,0,0,0,0,0
470662,1,1,1998,4,28,19,31,23,12,34,14,21,19
470662,2,1,1998,0,0,0,0,0,0,0,0,0,0
470663,0,1,1998,0,0,0,0,0,0,25,0,0,0
470663,0,2,1998,0,12,10,0,0,21,14,0,0,0
470663,0,3,1998,21,24,28,32,0,0,23,0,0,0
470663,0,4,1998,10,0,0,0,21,0,0,0,0,4
470663,0,5,1998,0,29,0,0,0,0,10,0,19,0
470663,0,6,1998,0,0,7,18,0,5,18,0,45,0
470663,0,7,1998,0,19,16,11,0,0,0,0,17,0
470663,0,8,1998,25,0,15,0,0,19,25,5,33,0
470663,0,9,1998,14,12,24,0,0,0,0,0,0,0
470663,0,10,1998,0,19,17,0,0,0,32,0,20,0
470663,0,11,1998,12,25,0,0,34,28,0,0,19,0
470663,0,12,1998,11,18,0,36,15,0,42,0,0,0
470663,0,13,1998,0,25,25,24,16,26,22,7,15,0
470663,1,1,1998,0,0,0,0,0,0,0,0,0,0
470663,2,1,1998,0,0,0,0,0,0,0,0,0,0
470663,3,1,1998,0,0,0,0,0,0,0,0,0,0
470663,4,1,1998,0,0,0,0,0,0,0,0,0,0
470663,5,1,1998,8,8,8,8,8,8,8,8,8,8
470664,1,1,1998,34,34,34,34,34,34,34,34,34,34
470664,2,1,1998,0,0,0,0,0,0,0,0,0,0
470665,1,1,1998,0,0,0,0,0,0,0,0,0,0
470666,1,1,1998,22,22,22,22,22,22,22,22,22,22
470667,1,1,1998,0,0,0,0,0,0,0,0,0,0
470667,2,1,1998,2,0,0,0,0,0,0,0,0,0
470667,3,1,1998,0,0,0,0,0,0,0,0,0,0
470668,1,1,1998,15,15,15,15,15,15,15,15,15,15
470668,2,1,1998,0,0,0,0,0,0,0,0,0,0
470669,1,1,1998,28,28,28,28,28,28,28,28,28,28
470670,0,1,1998,0,0,0,0,0,0,0,0,0,0
470670,1,1,1998,0,0,0,0,0,0,0,0,0,0
470671,1,1,1998,0,0,0,0,0,0,0,0,0,0
470671,2,1,1998,0,0,0,0,0,0,0,0,0,0
470672,1,1,1998,0,0,0,0,0,0,0,0,0,0
470673,1,1,1998,0,0,0,0,0,0,0,0,0,0
470674,1,1,1998,19,0,0,0,0,0,0,0,0,0
470674,2,1,1998,0,0,0,0,0,0,0,0,0,0
470675,1,1,1998,0,0,9,0,16,0,0,0,0,0
470675,2,1,1998,0,0,0,0,0,0,0,0,0,0
470676,1,1,1998,0,0,0,0,0,0,0,0,0,0
470677,1,1,1998,0,0,0,0,0,0,0,0,0,0
470677,2,1,1998,0,0,0,0,0,0,0,0,0,0
470678,1,1,1998,0,0,0,0,0,0,0,0,0,0
470678,2,1,1998,0,0,0,0,0,0,0,0,0,0
470679,1,1,1998,13,13,13,13,13,13,13,13,13,13
470680,1,1,1998,17,17,17,17,17,17,17,17,17,17
470681,1,1,1998,0,0,0,0,0,0,0,0,0,0
470681,2,1,1998,0,0,0,0,0,0,0,0,0,0
470681,3,1,1998,0,0,0,0,0,0,0,0,0,0
470681,4,1,1998,0,0,0,0,0,0,0,0,0,0
470682,1,1,1998,0,0,0,0,0,0,0,0,0,0
470682,2,1,1998,0,0,0,0,0,0,0,0,0,0
470682,3,1,1998,0,0,0,0,0,0,0,0,0,0
470683,1,1,1998,0,0,0,0,0,0,0,0,0,0
470683,2,1,1998,0,0,0,0,0,0,0,0,0,0
470684,1,1,1998,0,0,0,0,0,0,0,0,0,0
470685,1,1,1998,0,0,0,0,0,0,0,0,0,0
470685,2,1,1998,0,0,0,0,0,0,0,0,0,0
470686,1,1,1998,0,0,0,0,0,0,0,0,0,0
470687,0,1,1998,0,0,0,0,0,0,0,0,0,0
470687,1,1,1998,14,13,10,18,13,28,21,0,15,17
470688,1,1,1998,15,15,15,15,15,15,15,15,15,15
470689,1,1,1998,0,0,0,0,0,0,0,0,0,0
470689,2,1,1998,6,6,6,6,6,6,6,6,6,6
470690,1,1,1998,21,21,21,21,21,21,21,21,21,21
470691,1,1,1998,0,0,0,0,0,0,0,0,0,0
470692,1,1,1998,14,14,14,14,14,14,14,14,14,14
470693,1,1,1998,13,13,13,13,13,13,13,13,13,13
470694,1,1,1998,0,0,0,0,0,0,0,0,0,0
470694,2,1,1998,0,0,0,0,0,0,0,0,0,0
470695,1,1,1998,0,0,0,0,0,0,0,0,0,0
470696,0,1,1998,18,18,18,18,18,18,18,18,18,18
470696,1,1,1998,0,0,0,0,0,0,0,0,0,0
470697,1,1,1998,0,0,0,0,0,0,0,0,0,0
470698,1,1,1998,0,0,0,0,0,0,0,0,0,0
470698,2,1,1998,0,0,0,0,0,0,0,0,0,0
470699,0,1,1998,0,0,0,0,0,0,0,0,0,0
470699,1,1,1998,0,0,0,0,0,0,0,0,0,0
470700,1,1,1998,20,20,20,20,20,20,20,20,20,20
470701,1,1,1998,0,0,0,0,0,0,0,0,0,0
470701,2,1,1998,0,0,0,6,0,0,0,0,0,0
470701,3,1,1998,0,0,0,0,0,0,13,0,0,0
470701,4,1,1998,0,0,0,0,0,0,0,0,0,0
470702,1,1,1998,35,35,35,35,35,35,35,35,35,35
470703,1,1,1998,23,23,23,23,23,23,23,23,23,23
470704,0,1,1998,0,0,0,0,0,0,0,0,0,0
470704,1,1,1998,0,0,0,0,0,0,0,0,0,0
470705,1,1,1998,0,0,0,0,0,0,0,0,0,0
470705,2,1,1998,0,0,0,0,0,0,0,0,0,0
470705,3,1,1998,0,0,0,0,0,0,0,0,0,0
470706,1,1,1998,0,0,0,0,0,0,0,0,0,0
470706,2,1,1998,0,0,5,0,0,0,0,0,0,0
470707,1,1,1998,0,0,0,0,0,0,0,0,0,0
470707,2,1,1998,1,1,1,1,1,1,1,1,1,1
470708,1,1,1998,0,0,0,0,0,0,0,0,0,0
470708,2,1,1998,1,0,12,0,0,32,0,0,0,0
470709,0,1,1998,0,0,0,0,0,0,0,0,0,0
470709,1,1,1998,0,0,0,0,0,0,0,0,0,0
470710,1,1,1998,0,0,0,0,0,0,0,0,0,0
470711,1,1,1998,0,0,0,0,0,0,0,0,0,0
470711,2,1,1998,0,0,0,0,0,0,0,0,0,0
470711,3,1,1998,0,0,0,0,0,0,0,0,0,0
470711,4,1,1998,0,0,0,0,0,0,0,0,0,0
470711,5,1,1998,0,0,0,0,0,0,0,0,0,0
470712,1,1,1998,0,0,0,0,0,0,0,0,0,0
470712,2,1,1998,0,0,0,0,0,0,0,0,0,0
470712,3,1,1998,0,0,0,0,0,0,0,0,0,0
470713,1,1,1998,0,0,0,0,0,0,0,0,0,0
470714,1,1,1998,0,0,3,0,0,0,0,0,0,0
470715,1,1,1998,18,18,18,18,18,18,18,18,18,18
470716,1,1,1998,0,0,0,0,0,0,0,0,0,0
470716,2,1,1998,0,0,0,0,0,0,0,0,0,0
470717,1,1,1998,0,0,0,0,12,0,0,0,14,0
470717,2,1,1998,0,0,0,0,0,0,0,0,0,0
470720,1,1,1998,0,0,0,0,0,0,0,0,0,0
470720,2,1,1998,0,0,0,0,0,0,0,0,0,0
470721,1,1,1998,0,0,0,0,0,0,0,0,0,0
470721,2,1,1998,21,21,21,21,21,21,21,21,21,21
470722,1,1,1998,0,0,0,0,0,0,0,0,0,0
470722,2,1,1998,0,0,0,0,0,0,0,0,0,0
470723,1,1,1998,0,0,12,0,0,0,0,0,0,23
470723,2,1,1998,0,0,0,0,15,0,0,0,0,0
470724,1,1,1998,0,0,0,0,0,0,0,0,0,0
470725,1,1,1998,0,0,0,0,0,0,0,0,0,0
470726,1,1,1998,16,16,16,16,16,16,16,16,16,16
470727,1,1,1998,0,0,0,0,0,0,0,0,0,0
470728,1,1,1998,4,0,0,0,0,0,0,0,0,0
470728,2,1,1998,0,0,0,0,0,0,0,0,0,0
470729,1,1,1998,32,32,32,32,32,32,32,32,32,32
470730,1,1,1998,20,20,20,20,20,20,20,20,20,20
470731,1,1,1998,0,0,0,0,0,0,0,0,0,0
470731,2,1,1998,0,0,0,0,0,0,0,0,0,0
470732,1,1,1998,25,25,25,25,25,25,25,25,25,25
470733,1,1,1998,0,0,0,0,0,0,0,0,0,0
470733,2,1,1998,0,0,0,0,0,0,0,0,0,0
470734,1,1,1998,0,0,0,0,0,0,0,0,0,0
470734,2,1,1998,0,0,0,0,0,0,0,0,6,0
470735,1,1,1998,19,19,19,19,19,19,19,19,19,19
470736,1,1,1998,13,13,13,13,13,13,13,13,13,13
470737,0,1,1998,15,15,15,15,15,15,15,15,15,15
470737,1,1,1998,0,0,0,0,0,0,0,0,0,0
470738,1,1,1998,9,22,58,20,0,23,5,35,0,0
470740,1,1,1998,0,0,0,0,0,0,0,0,0,0
470740,2,1,1998,0,0,0,0,0,0,0,0,0,0
470741,1,1,1998,0,0,0,0,31,0,12,0,0,29
470742,1,1,1998,19,19,19,19,19,19,19,19,19,19
470743,1,1,1998,17,17,17,17,17,17,17,17,17,17
470744,1,1,1998,0,0,0,0,0,0,0,0,0,0
470745,1,1,1998,0,0,0,0,0,0,0,0,0,0
470746,1,1,1998,28,28,28,28,28,28,28,28,28,28
470747,1,1,1998,36,36,36,36,36,36,36,36,36,36
470748,1,1,1998,0,0,0,0,0,0,0,0,0,0
470748,2,1,1998,0,0,0,0,0,0,0,0,0,0
470749,1,1,1998,0,0,0,0,0,0,0,0,0,0
470749,2,1,1998,0,0,0,0,0,0,0,0,0,0
470750,1,1,1998,0,0,0,0,0,0,0,0,0,0
470750,2,1,1998,11,11,11,11,11,11,11,11,11,11
470751,1,1,1998,0,0,0,0,0,0,0,0,0,0
470752,1,1,1998,0,0,0,0,0,0,0,0,0,0
470753,0,1,1998,0,0,0,0,0,0,0,0,0,0
470753,1,1,1998,0,0,0,0,0,0,0,0,0,0
470754,1,1,1998,16,16,16,16,16,16,16,16,16,16
470754,2,1,1998,0,0,0,0,0,0,0,0,0,0
470755,1,1,1998,0,0,0,0,0,0,0,0,0,0
470755,2,1,1998,0,0,0,0,0,0,0,0,0,0
470755,3,1,1998,0,0,0,0,0,0,0,0,0,0
470756,1,1,1998,0,0,0,0,0,0,0,0,0,0
470757,1,1,1998,0,0,0,0,0,0,0,0,0,0
470757,2,1,1998,13,13,13,13,13,13,13,13,13,13
470758,1,1,1998,16,18,22,13,13,0,14,13,3,26
470759,1,1,1998,14,14,14,14,14,14,14,14,14,14
470761,1,1,1998,0,0,0,0,0,0,0,0,0,0
470762,1,1,1998,0,0,0,0,0,0,0,0,0,0
470763,0,1,1998,36,36,36,36,36,36,36,36,36,36
470763,1,1,1998,0,0,0,0,0,0,0,0,0,0
470764,1,1,1998,22,22,22,22,22,22,22,22,22,22
470765,1,1,1998,0,0,0,0,0,0,0,0,0,0
470765,2,1,1998,0,0,0,0,0,0,0,0,0,0
470766,1,1,1998,0,0,0,0,0,0,0,0,0,0
470766,2,1,1998,0,0,0,0,0,0,0,0,0,0
470767,1,1,1998,0,0,0,0,0,0,0,0,0,0
470767,2,1,1998,0,0,0,0,0,0,0,0,0,0
470768,1,1,1998,0,0,0,0,0,0,0,0,0,0
470768,2,1,1998,0,0,0,7,0,0,0,0,0,0
470769,0,1,1998,11,11,11,11,11,11,11,11,11,11
470769,1,1,1998,0,0,0,0,0,0,0,0,0,0
470770,1,1,1998,0,0,0,0,0,0,0,0,0,0
470770,2,1,1998,0,0,0,0,0,0,0,0,0,0
470771,1,1,1998,0,0,0,0,0,0,0,0,0,0
470772,1,1,1998,0,0,0,0,0,0,0,0,0,0
470773,1,1,1998,0,0,0,0,0,0,0,0,0,0
470774,1,1,1998,15,15,15,15,15,15,15,15,15,15
470775,1,1,1998,8,8,8,8,8,8,8,8,8,8
470776,1,1,1998,0,0,0,0,0,0,0,0,0,0
470777,1,1,1998,0,0,0,0,0,0,0,0,0,0
470778,1,1,1998,11,11,11,11,11,11,11,11,11,11
470779,1,1,1998,0,0,0,14,0,0,0,0,0,0
470779,2,1,1998,0,0,0,0,0,0,0,0,0,0
470780,1,1,1998,0,0,0,0,0,0,0,0,0,0
470780,2,1,1998,0,0,0,0,0,0,0,0,0,0
470781,1,1,1998,0,0,0,0,0,0,0,0,0,0
470781,2,1,1998,0,0,0,0,0,0,0,0,0,0
470782,1,1,1998,0,0,10,21,0,0,0,0,0,0
470782,2,1,1998,0,0,0,0,0,0,0,0,0,0
470783,1,1,1998,0,0,0,0,0,0,0,0,0,0
470784,1,1,1998,0,0,0,0,0,0,0,0,0,0
470784,2,1,1998,0,0,0,0,0,0,0,0,0,0
470784,3,1,1998,0,0,0,0,0,0,0,0,0,0
470785,1,1,1998,28,24,29,13,20,21,16,25,31,0
470786,1,1,1998,19,19,19,19,19,19,19,19,19,19
470787,1,1,1998,0,0,0,0,0,0,0,0,0,0
470788,0,1,1998,41,41,41,41,41,41,41,41,41,41
470788,1,1,1998,0,0,0,0,0,0,0,0,0,0
470789,1,1,1998,0,0,7,0,13,20,23,0,0,7
470790,1,1,1998,0,0,0,0,0,0,0,0,0,0
470791,1,1,1998,17,17,17,17,17,17,17,17,17,17
470791,2,1,1998,16,7,0,0,0,0,0,0,0,0
470792,1,1,1998,0,0,0,0,0,0,0,0,0,0
470793,1,1,1998,4,4,4,4,4,4,4,4,4,4
470794,1,1,1998,1,1,1,1,1,1,1,1,1,1
470795,1,1,1998,0,0,0,0,0,0,0,0,0,0
470795,2,1,1998,0,0,0,0,0,0,0,0,0,0
470796,1,1,1998,0,0,0,0,0,0,0,0,0,0
470796,2,1,1998,0,0,0,0,0,0,0,0,0,0
470798,1,1,1998,0,0,0,0,0,0,0,0,0,0
470798,2,1,1998,0,0,0,0,0,0,0,0,0,0
470799,1,1,1998,14,14,14,14,14,14,14,14,14,14
470800,1,1,1998,20,20,20,20,20,20,20,20,20,20
470801,1,1,1998,0,0,0,0,0,0,0,0,0,0
470802,0,1,1998,24,24,24,24,24,24,24,24,24,24
470802,1,1,1998,0,8,5,0,0,0,0,0,0,0
470803,1,1,1998,26,26,26,26,26,26,26,26,26,26
470804,1,1,1998,1,1,1,1,1,1,1,1,1,1
470805,1,1,1998,0,0,0,0,0,0,0,0,0,0
470805,2,1,1998,0,0,0,0,0,0,0,0,0,0
470806,0,1,1998,6,6,6,6,6,6,6,6,6,6
470806,1,1,1998,0,0,0,0,0,0,0,0,0,0
470807,1,1,1998,0,0,0,0,0,0,0,0,0,0
470808,1,3,1998,9,23,9,42,13,18,14,7,24,5
470809,1,1,1998,0,0,0,0,0,0,0,0,0,0
470809,2,1,1998,21,21,21,21,21,21,21,21,21,21
470810,1,1,1998,31,31,31,31,31,31,31,31,31,31
470811,1,1,1998,3,3,3,3,3,3,3,3,3,3
470812,1,1,1998,15,15,15,15,15,15,15,15,15,15
470813,1,1,1998,0,0,0,0,0,0,0,0,0,0
470813,2,1,1998,0,0,0,0,0,0,0,0,0,0
470813,3,1,1998,0,0,0,0,0,0,0,0,0,0
470814,1,1,1998,7,7,7,7,7,7,7,7,7,7
470815,1,1,1998,0,0,0,0,0,0,0,0,0,0
470815,2,1,1998,0,0,0,0,0,0,0,0,0,0
470816,1,1,1998,21,21,21,21,21,21,21,21,21,21
470816,2,1,1998,0,0,0,0,0,0,0,0,0,0
470817,1,1,1998,29,29,29,29,29,29,29,29,29,29
470818,1,1,1998,9,9,9,9,9,9,9,9,9,9
470819,1,1,1998,21,21,21,21,21,21,21,21,21,21
470820,1,1,1998,0,0,0,0,0,0,0,0,0,0
470820,2,1,1998,0,0,0,0,0,0,0,0,0,0
470821,1,1,1998,11,11,11,11,11,11,11,11,11,11
470822,1,1,1998,0,0,0,0,0,0,0,0,0,0
470823,0,1,1998,3,3,3,3,3,3,3,3,3,3
470823,1,1,1998,0,0,0,0,0,0,0,0,0,0
470824,1,1,1998,0,0,0,0,0,0,0,0,0,0
470824,2,1,1998,0,0,0,0,0,0,0,0,0,0
470825,1,1,1998,15,15,15,15,15,15,15,15,15,15
470825,2,1,1998,21,21,21,21,21,21,21,21,21,21
470826,0,1,1998,25,25,25,25,25,25,25,25,25,25
470826,1,1,1998,0,0,0,0,0,0,0,0,0,0
470827,1,1,1998,1,1,1,1,1,1,1,1,1,1
470828,1,1,1998,0,0,0,0,0,0,0,0,0,0
470828,2,1,1998,0,0,0,0,0,0,0,0,0,0
470830,1,1,1998,0,0,0,0,0,0,0,0,0,0
470830,2,1,1998,0,0,0,0,0,0,0,0,0,0
470831,1,1,1998,0,0,0,0,0,0,0,0,0,0
470831,2,1,1998,0,0,0,0,0,0,0,0,0,0
470832,1,1,1998,9,9,9,9,9,9,9,9,9,9
470833,0,1,1998,1,1,1,1,1,1,1,1,1,1
470833,1,1,1998,7,7,0,0,8,0,0,0,5,0
470835,1,1,1998,0,0,0,0,0,0,0,0,0,0
470836,1,1,1998,22,22,22,22,22,22,22,22,22,22
470837,1,1,1998,0,0,13,0,12,0,0,0,16,0
470838,1,1,1998,23,23,23,23,23,23,23,23,23,23
470839,1,1,1998,0,0,0,0,0,0,0,0,0,0
470840,1,1,1998,5,5,5,5,5,5,5,5,5,5
470841,1,1,1998,17,17,17,17,17,17,17,17,17,17
470842,0,1,1998,20,11,30,21,0,40,0,0,22,16
470842,1,1,1998,0,0,0,0,0,0,0,0,0,0
470843,1,1,1998,21,14,22,23,25,12,32,23,25,50
470843,2,1,1998,0,0,0,0,0,0,0,0,0,0
470844,1,1,1998,0,0,0,0,0,0,0,0,0,0
470844,2,1,1998,0,0,0,0,0,0,0,0,0,0
470845,1,1,1998,17,17,17,17,17,17,17,17,17,17
470846,0,2,1998,0,0,0,0,0,0,0,0,0,0
470846,1,1,1998,0,0,0,0,0,0,0,0,0,0
470847,1,1,1998,0,0,0,0,13,20,0,0,0,10
470848,1,1,1998,0,0,0,0,0,0,0,0,0,0
470848,2,1,1998,0,0,0,6,0,0,0,0,0,0
470848,3,1,1998,0,0,0,0,0,0,0,0,0,0
470849,0,1,1998,0,0,0,0,0,0,0,0,0,0
470849,1,1,1998,0,0,0,0,0,0,0,0,0,0
470850,1,1,1998,0,0,0,0,0,0,0,0,0,0
470850,2,1,1998,0,0,0,0,0,0,0,0,0,0
470851,1,1,1998,0,0,0,0,0,0,0,0,0,0
470851,2,1,1998,10,0,8,0,0,0,0,0,0,0
470852,1,1,1998,20,20,20,20,20,20,20,20,20,20
470853,1,1,1998,0,0,0,0,0,0,0,0,0,0
470853,2,1,1998,0,0,0,0,0,0,0,0,0,0
470854,1,1,1998,0,0,0,0,0,0,0,0,0,0
470855,1,1,1998,0,0,0,0,0,0,0,0,0,0
470856,1,1,1998,0,0,0,0,0,0,0,0,0,0
470857,1,1,1998,6,6,6,6,6,6,6,6,6,6
470857,2,1,1998,0,0,7,0,0,0,0,0,0,0
470858,1,1,1998,36,36,36,36,36,36,36,36,36,36
470859,0,1,1998,0,0,0,0,0,0,0,0,0,0
470859,1,1,1998,0,0,0,0,0,0,0,0,0,0
470860,1,1,1998,0,0,0,0,0,0,0,0,0,0
470860,2,1,1998,0,0,0,0,0,0,0,0,0,0
470860,3,1,1998,0,0,0,0,0,0,0,0,0,0
470861,1,1,1998,0,0,0,0,0,0,0,0,0,0
470861,2,1,1998,0,0,0,0,0,0,0,0,0,0
470861,3,1,1998,0,0,0,0,0,0,0,0,0,0
470862,1,1,1998,0,0,0,0,0,0,0,0,0,0
470862,2,1,1998,0,0,0,0,0,0,0,0,0,0
470863,1,1,1998,0,0,0,0,0,0,0,0,0,0
470863,2,1,1998,0,0,0,0,0,0,0,0,0,0
470863,3,1,1998,0,0,0,0,0,0,0,0,0,0
470863,4,1,1998,0,0,0,0,0,0,0,0,0,0
470863,5,1,1998,15,13,15,30,17,20,9,14,12,18
470864,1,1,1998,38,12,0,0,0,0,21,0,18,0
470865,0,1,1998,0,0,0,0,0,0,0,0,0,0
470865,1,1,1998,16,16,16,16,16,16,16,16,16,16
470866,1,1,1998,20,21,28,23,11,0,0,0,11,0
470867,1,1,1998,14,14,14,14,14,14,14,14,14,14
470867,2,1,1998,0,16,14,0,0,0,0,0,30,0
470868,1,1,1998,0,0,0,0,0,0,0,0,0,0
470868,2,1,1998,0,0,0,0,0,0,0,0,0,0
470869,1,1,1998,10,10,10,10,10,10,10,10,10,10
470869,2,1,1998,0,0,0,0,0,0,0,0,0,0