ST_CASE,VEH_NO,PER_NO,YEAR,P1,P2,P3,P4,P5,P6,P7,P8,P9,P10
470870,1,1,1998,0,2,0,0,0,0,0,0,0,0
470870,2,1,1998,0,0,0,0,0,0,0,0,0,0
470870,3,1,1998,0,0,0,0,0,0,0,0,0,0
470871,1,1,1998,0,0,0,0,0,0,0,0,0,0
470871,2,1,1998,0,0,0,0,0,0,0,0,0,0
470872,1,1,1998,0,0,0,0,0,0,0,0,0,0
470872,2,1,1998,0,0,0,0,0,0,0,0,0,0
470873,1,1,1998,0,0,0,0,0,0,0,0,0,0
470873,2,1,1998,8,0,0,0,0,0,0,0,0,0
470874,0,1,1998,12,0,36,13,18,26,12,0,24,0
470874,1,1,1998,2,2,2,2,2,2,2,2,2,2
470875,1,1,1998,0,0,0,0,0,0,0,0,0,0
470875,2,1,1998,0,0,0,0,0,0,0,0,0,0
470875,3,1,1998,0,0,0,0,0,0,0,0,0,0
470876,1,1,1998,0,0,0,0,0,0,0,0,0,0
470876,2,1,1998,0,0,0,0,0,0,0,0,0,0
470877,0,1,1998,1,1,1,1,1,1,1,1,1,1
470877,1,1,1998,16,18,0,9,19,0,9,14,13,16
470878,1,1,1998,24,24,24,24,24,24,24,24,24,24
470879,0,1,1998,0,0,0,0,0,0,0,0,0,0
470879,1,1,1998,0,0,0,0,0,0,0,0,0,0
470879,2,1,1998,0,0,0,0,0,0,0,0,0,0
470880,1,1,1998,0,0,0,0,0,0,0,0,0,0
470882,1,1,1998,12,12,12,12,12,12,12,12,12,12
470882,2,1,1998,3,3,3,3,3,3,3,3,3,3
470883,1,1,1998,15,15,15,15,15,15,15,15,15,15
470884,1,1,1998,0,0,0,0,0,0,0,0,0,0
470885,1,1,1998,3,3,3,3,3,3,3,3,3,3
470886,1,1,1998,0,0,0,0,0,0,0,0,0,0
470886,2,1,1998,0,0,0,0,0,0,0,0,0,0
470886,3,1,1998,0,0,0,0,0,0,0,0,0,0
470887,1,1,1998,0,0,0,0,0,0,0,0,0,0
470887,2,1,1998,0,0,0,0,0,0,0,0,0,0
470888,1,1,1998,0,0,0,37,0,0,19,0,0,0
470889,1,1,1998,0,0,0,0,0,0,0,0,0,0
470889,2,1,1998,0,0,0,0,0,0,0,0,0,0
470891,1,1,1998,19,19,19,19,19,19,19,19,19,19
470891,2,1,1998,0,0,0,0,0,0,0,0,0,0
470892,1,1,1998,0,0,0,0,0,0,0,0,0,0
470893,1,1,1998,0,0,0,0,0,0,0,0,0,0
470893,2,1,1998,0,0,0,0,0,0,0,0,0,0
470894,1,1,1998,0,0,0,0,0,0,0,0,0,0
470895,1,1,1998,7,0,15,0,0,0,0,11,0,15
470895,2,1,1998,12,12,12,12,12,12,12,12,12,12
470897,1,1,1998,15,15,15,15,15,15,15,15,15,15
470898,1,1,1998,0,0,0,0,0,0,0,0,0,0
470898,2,1,1998,0,0,0,0,0,0,0,0,0,0
470899,1,1,1998,11,11,11,11,11,11,11,11,11,11
470900,0,1,1998,11,0,0,0,22,14,4,0,6,12
470900,1,1,1998,0,0,0,0,0,0,0,0,0,0
470901,1,1,1998,0,0,8,0,0,0,0,0,0,0
470902,1,1,1998,0,0,0,0,0,0,0,0,0,0
470902,2,1,1998,0,0,0,0,0,0,0,0,0,0
470902,3,1,1998,0,0,0,0,0,0,0,0,0,0
470902,4,1,1998,0,0,0,0,0,0,0,0,0,0
470903,1,1,1998,0,0,0,0,0,0,0,0,0,0
470903,2,1,1998,8,11,0,22,0,0,0,12,16,10
470904,1,1,1998,0,0,0,0,0,0,0,0,0,0
470904,2,1,1998,0,0,0,0,0,0,0,0,0,0
470904,3,1,1998,0,0,0,0,0,0,0,0,0,0
470905,1,1,1998,0,0,0,0,0,0,0,0,0,0
470906,1,1,1998,0,0,0,0,0,0,0,0,0,0
470907,1,1,1998,12,29,27,6,30,24,12,17,0,22
470908,1,1,1998,0,0,0,0,0,0,0,0,0,0
470908,2,1,1998,0,0,0,0,0,0,0,0,0,0
470909,1,1,1998,0,0,0,0,0,0,0,0,0,0
470909,2,1,1998,0,0,0,0,0,0,0,0,0,0
470910,0,1,1998,0,0,0,0,0,0,0,0,0,0
470910,1,1,1998,0,0,0,0,0,0,0,0,0,0
470911,1,1,1998,0,0,0,0,0,0,0,0,0,0
470911,2,1,1998,0,0,0,0,0,0,0,0,0,0
470912,1,1,1998,0,0,0,0,0,0,0,0,0,0
470912,2,1,1998,4,4,4,4,4,4,4,4,4,4
470913,1,1,1998,26,26,26,26,26,26,26,26,26,26
470914,1,1,1998,0,0,0,0,13,0,0,0,0,0
470915,1,1,1998,16,16,16,16,16,16,16,16,16,16
470916,1,1,1998,21,21,21,21,21,21,21,21,21,21
470917,1,1,1998,0,0,0,0,0,0,0,0,0,0
470918,1,1,1998,0,0,0,0,0,0,0,0,0,0
470919,1,1,1998,0,0,0,0,0,0,0,0,0,0
470920,1,1,1998,15,15,15,15,15,15,15,15,15,15
470921,1,1,1998,0,0,0,0,0,0,0,0,0,0
470922,0,1,1998,0,0,0,0,0,0,0,0,0,0
470922,1,1,1998,0,0,0,0,0,0,0,0,0,0
470923,1,1,1998,0,0,0,0,0,0,0,0,0,0
470923,2,1,1998,0,0,0,0,0,0,0,0,0,0
470923,3,1,1998,0,0,0,0,0,0,0,0,0,0
470923,4,1,1998,0,0,0,0,0,0,0,0,0,0
470924,1,1,1998,0,0,0,0,0,0,0,0,14,0
470924,2,1,1998,0,0,0,10,10,0,0,0,0,0
470925,1,1,1998,6,6,6,6,6,6,6,6,6,6
470926,1,1,1998,0,0,0,0,0,0,0,0,0,0
470927,1,1,1998,15,15,15,15,15,15,15,15,15,15
470928,1,1,1998,8,8,8,8,8,8,8,8,8,8
470929,1,1,1998,13,13,13,13,13,13,13,13,13,13
470930,1,1,1998,0,0,0,0,0,0,0,0,0,0
470930,2,1,1998,0,0,0,0,0,0,0,0,0,0
470930,3,1,1998,0,0,0,0,0,0,0,0,0,0
470930,4,1,1998,0,0,0,0,0,0,0,0,0,0
470931,1,1,1998,0,0,0,0,0,0,0,0,0,0
470932,1,1,1998,0,0,0,0,0,0,0,0,0,0
470932,2,1,1998,0,0,0,0,0,0,0,0,0,0
470933,1,1,1998,0,0,0,0,0,0,0,0,0,0
470934,1,1,1998,0,0,0,0,0,0,0,0,0,0
470935,1,1,1998,0,0,0,0,0,0,0,0,0,0
470935,2,1,1998,0,0,0,0,0,0,0,0,0,0
470936,1,1,1998,0,0,0,0,0,0,31,0,0,0
470937,1,1,1998,0,0,0,0,0,0,0,0,0,0
470938,1,1,1998,15,15,15,15,15,15,15,15,15,15
470939,1,1,1998,0,0,0,0,0,0,0,0,0,0
470940,1,1,1998,0,0,0,0,0,0,0,0,0,0
470940,2,1,1998,0,0,0,0,0,0,0,0,0,0
470941,1,1,1998,22,22,22,22,22,22,22,22,22,22
470942,1,1,1998,0,0,0,0,0,0,0,0,0,0
470942,2,1,1998,0,0,0,0,0,0,0,0,0,0
470943,1,1,1998,21,21,21,21,21,21,21,21,21,21
470944,1,1,1998,4,4,4,4,4,4,4,4,4,4
470945,1,1,1998,0,0,0,0,0,0,0,0,0,0
470945,2,1,1998,0,0,0,0,0,0,0,0,0,0
470946,1,1,1998,18,18,18,18,18,18,18,18,18,18
470947,1,1,1998,14,14,14,14,14,14,14,14,14,14
470948,1,1,1998,11,11,11,11,11,11,11,11,11,11
470948,2,1,1998,21,21,21,21,21,21,21,21,21,21
470949,1,1,1998,16,16,16,16,16,16,16,16,16,16
470950,1,1,1998,8,8,8,8,8,8,8,8,8,8
470951,1,1,1998,0,0,0,0,0,0,0,0,0,0
470952,1,1,1998,14,14,14,14,14,14,14,14,14,14
470953,1,1,1998,0,0,0,0,0,0,0,0,0,0
470953,2,1,1998,0,0,0,0,0,0,0,0,0,0
470954,1,1,1998,20,20,20,20,20,20,20,20,20,20
470955,1,1,1998,6,6,6,6,6,6,6,6,6,6
470955,2,1,1998,0,0,0,8,0,0,0,17,0,0
470956,0,1,1998,0,0,0,0,0,0,0,0,0,0
470956,1,1,1998,0,0,0,0,0,0,0,0,0,0
470957,1,1,1998,0,0,0,0,0,0,0,0,0,0
470957,2,1,1998,0,0,0,0,0,0,0,0,0,0
470958,1,1,1998,0,0,0,0,0,0,0,0,0,0
470958,2,1,1998,0,0,0,0,0,0,0,0,0,0
470959,1,1,1998,0,0,0,0,0,0,0,0,0,0
470960,1,1,1998,0,0,0,0,0,0,0,0,0,0
470960,2,1,1998,0,0,0,0,0,0,0,0,0,0
470961,1,1,1998,15,15,15,15,15,15,15,15,15,15
470962,1,1,1998,0,0,0,0,0,0,0,0,0,0
470963,1,1,1998,23,23,23,23,23,23,23,23,23,23
470964,1,1,1998,0,0,0,0,0,0,0,0,0,0
470964,2,1,1998,0,0,0,0,0,0,0,0,0,0
470965,1,1,1998,0,0,0,0,0,0,0,0,0,0
470966,1,1,1998,0,0,0,0,0,0,0,0,0,0
470967,1,1,1998,15,15,15,15,15,15,15,15,15,15
470968,1,1,1998,0,0,0,0,0,0,0,0,0,0
470968,2,1,1998,0,0,0,0,0,0,0,0,0,0
470969,1,1,1998,0,0,0,0,0,0,0,0,0,0
470969,2,1,1998,0,0,0,0,0,0,0,0,0,0
470970,1,1,1998,1,1,1,1,1,1,1,1,1,1
470971,1,1,1998,0,0,0,0,0,0,0,0,0,0
470971,2,1,1998,0,0,0,2,0,0,0,0,6,0
470972,1,1,1998,15,25,0,18,17,9,0,12,7,0
470972,2,1,1998,11,11,11,11,11,11,11,11,11,11
470972,3,1,1998,0,0,0,0,0,0,0,0,0,0
470973,1,1,1998,0,0,0,0,0,0,0,0,0,0
470973,2,1,1998,0,0,0,0,0,0,0,0,0,0
470974,1,1,1998,0,0,0,0,0,0,0,0,0,0
470974,2,1,1998,0,0,0,0,0,0,0,0,0,0
470975,1,1,1998,22,22,22,22,22,22,22,22,22,22
470976,1,1,1998,0,0,0,0,0,0,0,0,0,0
470976,2,1,1998,0,0,0,0,0,0,0,0,0,0
470977,1,1,1998,21,21,21,21,21,21,21,21,21,21
470978,1,1,1998,4,4,4,4,4,4,4,4,4,4
470978,2,1,1998,0,0,0,0,0,0,0,0,0,0
470979,0,1,1998,18,18,18,18,18,18,18,18,18,18
470979,1,1,1998,0,0,0,0,0,0,0,0,0,0
470980,1,1,1998,27,0,0,22,0,0,0,0,0,0
470981,1,1,1998,28,28,28,28,28,28,28,28,28,28
470982,1,1,1998,8,8,8,8,8,8,8,8,8,8
470983,1,1,1998,0,0,0,0,0,0,0,0,0,0
470984,1,1,1998,0,0,0,0,0,0,0,0,0,0
470984,2,1,1998,0,0,0,0,0,0,0,0,0,0
470985,1,1,1998,0,0,0,0,0,0,0,0,0,0
470986,1,1,1998,0,0,0,0,0,0,0,0,0,0
470987,1,1,1998,29,29,29,29,29,29,29,29,29,29
470987,2,1,1998,0,0,0,0,0,0,0,0,0,0
470987,3,1,1998,0,0,0,0,0,0,0,0,0,0
470988,1,1,1998,37,37,37,37,37,37,37,37,37,37
470989,1,1,1998,0,0,0,0,0,0,0,0,0,0
470990,1,1,1998,0,0,0,0,0,0,0,0,0,0
470990,2,1,1998,0,0,0,0,0,0,0,0,0,0
470991,1,1,1998,0,0,0,0,0,0,0,0,0,0
470991,2,1,1998,17,17,17,17,17,17,17,17,17,17
470992,1,1,1998,11,11,11,11,11,11,11,11,11,11
470993,1,1,1998,13,13,13,13,13,13,13,13,13,13
470994,1,1,1998,0,0,0,0,0,0,0,0,0,0
470994,2,1,1998,0,0,0,0,0,0,0,0,0,0
470995,1,1,1998,0,0,0,0,0,0,0,0,0,0
470995,2,1,1998,0,0,0,0,0,0,0,0,0,0
470996,1,1,1998,0,0,0,0,0,0,0,0,0,0
470996,2,1,1998,0,0,0,0,0,0,0,0,0,0
470996,3,1,1998,0,0,0,0,0,3,0,0,0,0
470996,4,1,1998,0,0,0,0,0,0,0,0,0,0
470997,1,1,1998,29,13,21,17,18,12,23,29,34,7
470998,1,1,1998,0,0,0,0,0,0,0,0,0,0
470998,2,1,1998,0,0,0,0,0,0,0,0,0,0
470999,1,1,1998,0,0,0,0,0,0,0,0,0,0
470999,2,1,1998,0,0,0,0,0,0,0,0,0,0
471000,1,1,1998,0,0,0,0,0,0,13,14,18,21
471001,1,1,1998,42,19,0,19,11,18,0,20,0,11
471003,1,1,1998,6,20,23,0,10,15,7,0,14,14
471003,2,1,1998,0,0,0,0,0,0,0,0,0,0
471004,1,1,1998,0,0,0,0,0,0,0,0,0,0
471004,2,1,1998,0,0,0,0,0,0,0,0,0,0
471005,1,1,1998,0,0,0,0,0,0,0,0,0,0
471005,2,1,1998,14,14,14,14,14,14,14,14,14,14
471006,1,1,1998,5,0,0,0,0,0,0,0,0,0
471007,1,1,1998,16,16,16,16,16,16,16,16,16,16
471008,1,1,1998,0,0,0,0,0,0,0,0,0,0
471008,2,1,1998,0,0,0,0,0,0,0,0,0,0
471009,1,1,1998,13,13,13,13,13,13,13,13,13,13
471010,1,1,1998,9,9,9,9,9,9,9,9,9,9
471010,2,1,1998,0,0,0,0,0,0,0,0,0,0
471011,1,1,1998,25,25,25,25,25,25,25,25,25,25
471012,1,1,1998,0,0,0,0,0,0,0,0,0,0
471012,2,1,1998,20,20,20,20,20,20,20,20,20,20
471013,1,1,1998,21,21,21,21,21,21,21,21,21,21
471014,1,1,1998,13,13,13,13,13,13,13,13,13,13
471014,2,1,1998,0,0,0,0,0,0,0,0,0,0
471015,1,1,1998,4,4,4,4,4,4,4,4,4,4
471016,1,1,1998,1,1,1,1,1,1,1,1,1,1
471017,1,1,1998,0,25,8,0,0,31,0,13,0,0
471018,1,1,1998,15,15,15,15,15,15,15,15,15,15
471019,0,1,1998,13,13,13,13,13,13,13,13,13,13
471019,1,1,1998,0,0,0,0,0,4,0,0,12,22
471020,1,1,1998,0,0,0,0,0,0,0,0,0,0
471021,1,1,1998,5,5,5,5,5,5,5,5,5,5
471022,1,1,1998,0,0,0,0,0,0,0,0,0,0
471022,2,1,1998,0,0,0,0,0,0,0,0,0,0
471023,1,1,1998,17,17,17,17,17,17,17,17,17,17
471024,1,1,1998,15,16,35,22,0,30,21,15,5,21
471025,1,1,1998,0,0,0,0,0,0,0,0,0,0
471025,2,1,1998,0,0,0,0,0,0,0,0,0,0
471025,3,1,1998,0,0,0,0,0,0,0,0,0,0
471026,1,1,1998,0,0,0,0,0,0,0,0,0,0
471026,2,1,1998,0,0,0,0,0,0,0,0,0,0
471027,1,1,1998,0,0,0,0,0,0,0,0,0,0
471028,1,1,1998,0,0,0,0,0,0,0,0,0,0
471029,1,1,1998,0,0,0,0,0,0,0,0,0,0
471029,2,1,1998,0,0,0,0,0,0,0,0,0,0
471030,1,1,1998,0,0,0,0,0,0,0,0,0,0
471031,1,1,1998,15,15,15,15,15,15,15,15,15,15
471032,1,1,1998,0,0,0,0,0,0,0,0,0,0
471032,2,1,1998,0,0,0,0,0,0,0,0,0,0
471033,1,1,1998,0,0,0,0,0,0,0,0,0,0
471033,2,1,1998,0,0,0,0,0,0,0,0,0,0
471034,1,1,1998,0,0,0,0,0,0,0,0,0,0
471035,1,1,1998,0,0,0,0,0,0,0,0,0,7
471036,1,1,1998,19,19,19,19,19,19,19,19,19,19
471036,2,1,1998,18,18,18,18,18,18,18,18,18,18
471037,1,1,1998,11,11,11,11,11,11,11,11,11,11
471038,1,1,1998,0,0,0,0,0,0,0,0,0,0
471038,2,1,1998,0,0,0,0,0,0,0,0,0,0
471039,1,1,1998,24,24,24,24,24,24,24,24,24,24
471040,1,1,1998,0,13,0,0,0,0,0,0,0,0
471041,1,1,1998,0,0,0,0,0,0,0,0,0,0
471041,2,1,1998,24,24,24,24,24,24,24,24,24,24
471042,1,1,1998,0,0,0,0,0,0,0,0,0,0
471043,1,1,1998,0,0,0,0,0,0,0,0,0,0
471043,2,1,1998,0,0,0,0,0,0,0,0,0,0
471044,1,1,1998,0,0,0,0,0,0,0,0,0,0
471045,1,1,1998,0,0,0,0,6,0,0,0,0,0
471045,2,1,1998,0,0,0,0,0,0,0,0,0,0
471046,1,1,1998,0,0,0,0,0,0,0,0,0,0
471046,2,1,1998,0,0,0,0,0,0,0,0,0,0
471047,1,1,1998,0,0,0,0,0,0,0,0,0,0
471047,2,1,1998,0,0,0,0,0,0,0,0,0,0
471047,3,1,1998,0,0,0,0,0,0,11,0,14,7
471047,4,1,1998,0,0,0,0,0,0,0,0,0,0
471048,1,1,1998,0,0,0,0,0,0,0,0,0,0
471048,2,1,1998,0,0,0,0,0,0,0,0,0,0
471049,1,1,1998,0,0,0,0,9,18,0,0,0,0
471050,1,1,1998,0,0,0,0,0,0,0,0,0,0
471050,2,1,1998,11,11,11,11,11,11,11,11,11,11
471051,0,1,1998,15,15,15,15,15,15,15,15,15,15
471051,1,1,1998,0,0,0,0,0,0,0,0,0,0
471052,1,1,1998,0,0,0,0,0,0,0,0,0,0
471052,2,1,1998,9,9,9,9,9,9,9,9,9,9
471053,1,1,1998,0,0,0,0,0,0,0,0,0,0
471054,0,1,1998,27,27,27,27,27,27,27,27,27,27
471054,1,1,1998,0,0,0,0,0,0,0,0,0,0
471055,1,1,1998,0,0,0,0,0,0,0,0,0,0
471055,2,1,1998,0,0,0,0,0,0,0,0,0,0
471056,1,1,1998,0,0,0,0,0,0,0,0,0,0
471056,2,1,1998,0,0,0,0,0,0,0,0,0,0
471057,1,1,1998,0,0,0,0,0,0,0,0,0,0
471057,2,1,1998,0,0,0,0,0,0,0,0,0,0
471058,1,1,1998,0,0,0,0,0,0,0,0,0,0
471058,2,1,1998,0,0,0,0,0,0,0,6,0,0
471059,1,1,1998,0,0,0,0,0,0,0,0,0,0
471059,2,1,1998,0,0,0,0,0,0,0,0,0,0
471060,1,1,1998,0,0,0,0,0,0,0,0,0,0
471060,2,1,1998,0,0,0,0,0,0,0,0,0,0
471061,1,1,1998,0,0,0,0,0,0,0,0,0,0
471061,2,1,1998,0,0,0,0,0,0,0,0,0,0
471062,1,1,1998,0,0,0,0,0,0,0,0,0,0
471063,1,1,1998,28,28,28,28,28,28,28,28,28,28
471064,1,1,1998,0,0,0,0,0,0,11,10,0,0
471065,1,1,1998,0,0,0,0,0,0,0,0,17,0
471066,1,1,1998,23,23,23,23,23,23,23,23,23,23
471066,2,1,1998,0,0,0,0,0,0,0,0,0,0
471067,1,1,1998,18,0,0,0,0,0,0,0,18,0
471068,1,1,1998,0,0,0,0,0,0,0,0,0,0
471068,2,1,1998,0,0,0,0,0,0,19,0,0,0
471068,3,1,1998,0,0,0,0,0,0,0,0,0,0
471069,1,1,1998,42,42,42,42,42,42,42,42,42,42
471070,1,1,1998,0,0,0,0,0,9,0,0,0,0
471070,2,1,1998,0,0,0,0,0,0,0,0,0,0
471070,3,1,1998,0,0,0,0,0,0,0,0,0,0
471070,4,1,1998,0,0,0,0,0,0,0,0,0,0
471071,1,1,1998,0,0,0,0,0,0,0,0,0,0
471071,2,1,1998,0,0,0,0,0,0,0,0,0,0
471072,1,1,1998,0,0,0,0,12,0,17,0,0,0
471073,1,1,1998,0,0,0,0,0,0,0,0,0,0
471074,1,1,1998,15,16,45,0,0,0,0,14,0,0
471075,1,1,1998,0,0,0,0,0,0,0,0,0,0
471075,2,1,1998,0,0,0,0,0,0,0,0,0,0
471076,1,1,1998,3,3,3,3,3,3,3,3,3,3
471077,1,1,1998,0,0,0,0,0,0,0,0,0,0
471077,2,1,1998,0,0,0,0,0,0,0,0,0,0
471078,1,1,1998,32,5,0,38,0,0,10,21,29,15
471079,1,1,1998,10,10,10,10,10,10,10,10,10,10
471080,1,1,1998,0,0,0,0,0,0,0,21,0,0
471081,1,1,1998,18,33,9,18,0,18,9,31,10,21
471082,1,1,1998,6,0,0,19,0,19,0,0,0,0
471083,1,1,1998,0,0,0,0,0,0,0,0,0,0
471083,2,1,1998,0,0,0,0,0,0,0,0,0,0
471083,3,1,1998,0,0,0,0,0,0,0,0,0,0
471084,1,1,1998,0,0,0,0,0,0,0,0,0,0
471085,1,1,1998,0,0,0,0,0,0,0,0,0,0
471085,2,1,1998,0,0,0,0,0,0,0,0,0,0
471085,3,1,1998,0,0,0,0,0,0,0,0,0,8
471086,1,1,1998,0,16,19,0,0,0,0,0,0,0
471086,2,1,1998,0,0,0,0,0,0,0,0,0,0
471087,0,1,1998,0,0,0,0,0,0,0,0,0,0
471087,0,2,1998,0,0,20,0,0,0,0,0,0,0
471087,1,1,1998,0,0,0,0,0,0,0,0,9,0
471088,0,1,1998,0,0,0,0,0,0,0,0,0,0
471088,1,1,1998,0,0,23,0,10,0,0,10,0,12
471089,1,1,1998,0,0,0,0,0,0,0,0,0,0
471090,1,1,1998,0,0,0,0,0,0,0,0,0,0
471090,2,1,1998,0,0,0,0,0,0,0,30,0,0
471091,0,1,1998,31,31,31,31,31,31,31,31,31,31
471091,1,1,1998,0,0,0,0,0,0,31,0,0,0
471091,2,1,1998,0,0,25,20,14,0,23,8,0,26
471091,3,1,1998,0,11,0,0,15,7,19,3,0,16
471092,1,1,1998,5,5,5,5,5,5,5,5,5,5
471093,1,1,1998,0,0,0,0,0,0,0,0,0,0
471094,1,1,1998,0,0,0,0,0,0,0,0,0,0
471094,2,1,1998,17,17,17,17,17,17,17,17,17,17
471094,3,1,1998,0,0,0,0,0,0,0,0,0,0
471094,4,1,1998,0,0,0,0,0,0,0,0,0,0
471095,1,1,1998,0,0,0,0,0,0,0,0,0,0
471096,1,1,1998,0,0,0,0,20,0,0,19,3,0
471096,2,1,1998,0,0,0,0,0,0,0,0,0,0
471097,1,1,1998,0,0,0,0,0,0,0,0,0,0
471098,1,1,1998,1,1,1,1,1,1,1,1,1,1
471098,2,1,1998,0,0,0,0,0,0,0,0,0,0
471099,1,1,1998,4,4,4,4,4,4,4,4,4,4
471100,1,1,1998,0,0,0,0,0,0,0,0,0,0
471100,2,1,1998,0,0,0,0,0,0,0,0,0,0
471101,1,1,1998,0,0,0,0,0,0,0,0,0,0
471101,2,1,1998,0,0,0,0,0,0,0,0,0,0
471102,1,1,1998,0,0,0,0,0,0,0,0,0,0
471102,2,1,1998,0,0,0,0,0,0,0,0,0,0
471103,0,1,1998,0,0,0,0,0,0,0,0,0,0
471103,1,1,1998,0,0,0,0,0,0,0,0,0,0
471104,1,1,1998,0,0,0,0,0,0,0,0,0,0
471105,1,1,1998,16,16,16,16,16,16,16,16,16,16
471105,2,1,1998,0,0,0,0,0,0,0,0,0,0
471106,1,1,1998,0,0,0,0,0,0,0,0,0,0
471106,2,1,1998,0,0,0,0,0,0,0,0,0,0
471107,1,1,1998,0,0,0,0,0,0,0,0,0,0
471107,2,1,1998,0,0,0,0,0,0,0,0,0,0
471108,0,1,1998,0,0,0,0,0,0,0,0,0,0
471108,1,1,1998,0,0,0,0,0,0,0,8,0,0
471109,1,1,1998,0,0,0,0,0,0,0,0,0,0
471110,1,1,1998,0,10,13,0,12,16,27,9,0,22
471111,1,1,1998,0,0,0,0,0,0,0,0,0,0
471111,2,1,1998,0,0,0,0,0,0,0,0,0,0
471112,1,1,1998,0,0,0,0,0,0,0,0,0,0
471113,1,1,1998,0,8,7,8,12,19,14,17,0,8
471114,1,1,1998,0,0,0,0,0,0,0,0,0,0
471114,2,1,1998,0,0,0,0,0,0,0,0,0,0
471115,1,1,1998,0,0,0,0,0,0,0,0,0,0
471116,1,1,1998,15,0,0,0,0,0,0,0,0,0
471116,2,1,1998,0,0,0,0,0,0,0,0,0,0
471117,1,1,1998,10,15,26,11,26,23,27,37,15,11
471117,2,1,1998,0,0,0,0,0,0,0,0,0,15
471118,1,1,1998,0,0,0,0,0,0,0,0,0,0
471118,2,1,1998,0,0,0,0,0,0,0,0,0,0
471119,1,1,1998,14,0,11,0,22,19,18,32,19,13
471120,1,1,1998,0,0,0,0,0,0,0,0,0,0
471121,0,1,1998,0,0,0,0,0,0,0,0,0,0
471121,1,1,1998,0,0,0,0,0,0,0,0,0,0
471122,1,1,1998,11,0,0,0,0,0,18,0,0,0
471123,0,1,1998,0,0,0,0,0,0,0,0,0,0
471123,0,2,1998,0,0,19,10,10,0,0,0,12,0
471123,1,1,1998,0,0,7,0,0,0,0,0,0,0
471124,1,1,1998,0,0,0,0,0,0,0,0,0,0
471124,2,1,1998,0,0,0,0,0,0,0,0,0,0
471125,0,1,1998,38,0,0,0,23,0,0,0,0,0
471125,1,1,1998,0,0,0,0,0,0,0,0,0,0
471126,1,1,1998,0,0,0,0,0,44,0,0,0,0
471126,2,1,1998,0,0,0,8,0,0,0,0,0,0
471127,1,1,1998,0,0,0,0,0,0,0,0,0,0
471127,2,1,1998,0,0,0,0,0,0,0,0,0,0
471128,1,1,1998,0,0,0,0,0,0,19,0,8,0
471128,2,1,1998,0,0,0,0,0,0,0,0,0,0
471128,3,1,1998,0,0,0,0,0,0,0,0,0,0
471129,1,1,1998,0,6,0,0,0,0,0,0,0,0
471130,1,1,1998,0,0,0,0,0,0,0,0,0,0
471130,2,1,1998,0,0,0,0,0,0,0,0,0,0
471131,1,1,1998,23,11,37,0,24,21,22,17,0,17
471132,0,1,1998,0,0,0,0,0,0,0,0,0,0
471132,1,1,1998,0,0,12,0,0,0,0,0,0,0
471133,0,1,1998,0,0,0,0,0,0,0,0,0,0
471133,1,1,1998,14,14,14,14,14,14,14,14,14,14
480001,1,1,1998,11,13,7,5,24,15,9,16,24,0
480002,1,1,1998,11,11,11,11,11,11,11,11,11,11
480003,0,1,1998,22,0,0,0,0,0,0,0,0,4
480003,1,1,1998,0,0,0,0,0,0,0,0,0,0
480004,1,1,1998,16,16,16,16,16,16,16,16,16,16
480004,2,1,1998,0,0,0,0,0,0,0,0,0,0
480005,0,1,1998,0,0,16,0,0,6,22,0,12,18
480005,1,1,1998,0,0,16,0,14,0,3,0,0,4
480006,1,1,1998,0,0,0,29,0,0,0,0,0,0
480007,1,1,1998,30,0,22,19,11,32,23,0,16,0
480008,1,1,1998,0,0,0,0,0,0,0,0,0,0
480008,2,1,1998,0,0,0,0,0,0,0,0,0,0
480008,3,1,1998,0,0,0,0,0,0,0,0,0,0
480009,1,1,1998,24,24,24,24,24,24,24,24,24,24
480009,2,1,1998,0,23,9,0,2,0,0,0,0,20
480010,1,1,1998,24,0,0,17,0,0,0,0,0,0
480011,1,1,1998,0,0,0,0,0,0,0,0,0,0
480011,2,1,1998,0,0,0,0,0,0,0,0,0,0
480012,1,1,1998,0,0,0,0,0,0,0,0,0,0
480012,2,1,1998,0,0,0,0,0,0,0,0,0,0
480012,3,1,1998,0,0,7,0,0,0,0,0,17,0
480013,1,1,1998,0,0,0,0,0,0,0,0,0,0
480013,2,1,1998,0,0,0,0,0,0,0,0,0,0
480014,1,1,1998,16,16,16,16,16,16,16,16,16,16
480015,0,1,1998,0,16,0,0,0,0,0,0,0,0
480015,1,1,1998,0,0,0,6,0,0,18,0,0,0
480016,1,1,1998,21,21,21,21,21,21,21,21,21,21
480017,1,1,1998,20,30,21,32,13,0,8,12,33,22
480018,1,1,1998,0,0,0,0,0,0,0,0,0,0
480018,2,1,1998,0,0,0,0,0,0,0,0,0,0
480019,1,1,1998,0,0,0,0,0,0,0,0,11,0
480019,2,1,1998,0,0,0,0,0,0,0,0,0,0
480020,1,1,1998,0,0,0,0,0,0,0,0,0,0
480020,2,1,1998,0,0,0,0,8,0,14,0,0,0
480021,0,1,1998,23,3,0,25,22,19,19,0,15,0
480021,1,1,1998,0,0,0,0,0,0,20,6,18,0
480021,2,1,1998,0,0,0,0,11,0,0,0,0,11
480022,1,1,1998,0,0,0,0,0,0,0,0,0,0
480022,2,1,1998,0,0,0,20,0,0,0,0,0,0
480023,1,1,1998,13,13,13,13,13,13,13,13,13,13