ST_CASE,VEH_NO,PER_NO,YEAR,P1,P2,P3,P4,P5,P6,P7,P8,P9,P10
480024,1,1,1998,0,0,0,0,0,0,0,0,0,0
480025,1,1,1998,0,0,0,0,0,18,0,5,0,0
480025,2,1,1998,0,0,16,0,0,0,20,19,0,0
480026,1,1,1998,0,0,0,0,0,5,0,0,0,0
480026,2,1,1998,0,0,0,0,0,0,0,0,0,0
480027,1,1,1998,0,0,0,0,0,0,0,0,0,0
480027,2,1,1998,0,0,0,0,0,0,0,0,0,0
480028,1,1,1998,0,0,0,0,0,0,0,0,0,0
480028,2,1,1998,0,0,0,0,0,0,0,0,0,0
480029,1,1,1998,0,0,0,45,0,0,29,0,0,0
480030,0,1,1998,36,11,14,17,21,0,0,23,9,0
480030,1,1,1998,21,7,0,0,11,0,20,28,0,0
480031,0,1,1998,25,25,25,25,25,25,25,25,25,25
480031,1,1,1998,0,0,0,0,0,0,0,0,0,0
480031,2,1,1998,0,21,0,0,0,0,0,0,0,0
480032,0,1,1998,0,0,0,0,0,0,0,0,0,0
480032,1,1,1998,0,0,0,0,0,0,0,0,0,0
480033,1,1,1998,0,0,0,0,0,38,0,0,0,0
480033,2,1,1998,0,0,0,0,0,0,0,18,0,13
480034,1,1,1998,0,0,0,0,0,0,0,0,0,0
480034,2,1,1998,0,0,15,0,0,19,0,0,0,0
480035,1,1,1998,0,0,0,0,0,0,0,0,0,0
480036,1,1,1998,0,0,0,0,0,0,0,0,0,0
480036,2,1,1998,0,0,0,0,0,0,0,0,0,0
480037,0,1,1998,51,0,13,0,0,0,0,0,0,0
480037,1,1,1998,0,0,0,12,0,0,0,0,0,0
480038,1,1,1998,0,29,0,36,0,26,0,14,30,0
480039,1,1,1998,0,0,0,0,0,0,0,0,0,0
480039,2,1,1998,0,0,0,0,0,0,0,14,0,0
480039,3,1,1998,0,0,0,0,0,0,0,0,0,0
480040,0,1,1998,17,17,17,17,17,17,17,17,17,17
480040,1,1,1998,9,9,9,9,9,9,9,9,9,9
480041,0,1,1998,0,0,0,0,0,0,0,0,0,0
480041,1,1,1998,0,0,0,0,0,0,0,0,0,0
480042,1,1,1998,0,0,0,0,0,0,0,0,0,0
480042,2,1,1998,0,0,0,0,0,0,0,0,0,0
480043,1,1,1998,19,19,19,19,19,19,19,19,19,19
480044,1,1,1998,17,0,0,34,18,14,0,22,0,22
480045,1,1,1998,0,10,0,0,0,0,0,0,0,0
480045,2,1,1998,0,0,0,0,0,0,0,0,0,0
480046,0,1,1998,0,21,0,35,17,15,20,0,10,0
480046,1,1,1998,29,5,7,20,21,0,20,2,12,20
480047,0,1,1998,0,0,0,0,0,0,0,0,0,0
480047,1,1,1998,0,0,0,0,0,0,0,0,0,0
480048,0,1,1998,0,0,0,0,0,0,0,0,0,0
480048,1,1,1998,0,0,0,0,9,0,0,0,0,0
480048,2,1,1998,0,13,0,0,0,0,0,0,0,0
480049,1,1,1998,0,0,0,0,14,0,0,14,0,0
480050,0,1,1998,0,0,0,0,0,0,0,0,0,0
480050,1,1,1998,0,18,0,0,0,0,0,0,0,0
480051,0,1,1998,33,0,20,0,0,29,0,4,30,13
480051,0,2,1998,11,19,0,19,0,0,0,12,0,0
480051,0,3,1998,33,16,0,0,0,43,0,7,0,20
480051,0,4,1998,0,8,0,0,11,0,0,26,20,0
480051,0,5,1998,0,9,0,0,0,0,0,0,13,0
480051,0,6,1998,19,0,34,4,3,6,0,4,0,0
480051,1,1,1998,7,20,18,15,17,3,4,19,12,19
480052,1,1,1998,0,0,0,0,0,0,0,0,0,0
480052,2,1,1998,10,0,0,0,0,0,0,0,11,0
480053,1,1,1998,33,16,14,26,7,27,27,20,16,5
480054,1,1,1998,0,0,0,0,0,0,0,0,0,0
480054,2,1,1998,0,0,10,0,13,0,0,0,0,0
480054,3,1,1998,0,0,0,0,0,0,0,0,0,0
480054,4,1,1998,21,0,30,0,0,0,0,17,0,32
480055,1,1,1998,0,0,5,13,0,0,12,0,19,0
480055,2,1,1998,0,0,0,0,0,0,0,0,0,0
480056,1,1,1998,9,0,0,5,8,23,28,0,0,8
480057,1,1,1998,6,6,6,6,6,6,6,6,6,6
480057,2,1,1998,0,0,0,0,0,0,0,0,0,0
480058,1,1,1998,0,0,0,0,0,0,0,0,0,0
480058,2,1,1998,9,9,9,9,9,9,9,9,9,9
480059,1,1,1998,0,0,0,0,0,0,0,0,0,0
480059,2,1,1998,14,14,14,14,14,14,14,14,14,14
480060,0,1,1998,0,0,10,0,0,0,0,0,0,0
480060,1,1,1998,16,16,16,16,16,16,16,16,16,16
480061,1,1,1998,0,0,0,0,0,0,0,15,0,0
480061,2,1,1998,0,0,0,0,0,0,0,0,0,7
480062,1,1,1998,21,21,21,21,21,21,21,21,21,21
480062,2,1,1998,0,0,0,0,0,0,0,0,0,0
480063,1,1,1998,0,0,0,0,0,0,0,0,0,0
480064,1,1,1998,30,30,30,30,30,30,30,30,30,30
480065,1,1,1998,0,0,0,21,0,0,0,0,0,0
480066,1,1,1998,0,0,0,0,0,0,0,0,0,0
480066,2,1,1998,18,18,18,18,18,18,18,18,18,18
480067,1,1,1998,25,22,0,12,30,35,30,27,17,25
480068,1,1,1998,25,0,10,0,0,0,0,20,32,0
480068,2,1,1998,0,0,9,0,0,0,0,0,0,0
480068,3,1,1998,7,0,11,19,0,0,8,17,17,11
480068,4,1,1998,3,0,0,0,0,0,0,0,0,0
480069,1,1,1998,15,15,19,6,20,0,0,0,0,0
480069,2,1,1998,6,20,20,9,21,21,22,20,10,27
480070,1,1,1998,13,13,13,13,13,13,13,13,13,13
480071,1,1,1998,22,22,22,22,22,22,22,22,22,22
480072,0,1,1998,0,0,0,25,0,0,0,20,36,0
480072,1,1,1998,0,0,0,0,0,0,9,0,0,0
480073,1,1,1998,0,0,0,0,0,0,0,0,0,0
480073,2,1,1998,29,29,29,29,29,29,29,29,29,29
480074,1,1,1998,0,8,0,17,14,18,10,0,0,0
480074,2,1,1998,0,0,12,0,8,0,0,0,0,0
480075,1,1,1998,0,0,0,0,0,0,0,0,0,0
480075,2,1,1998,0,0,0,0,0,0,0,0,0,0
480075,3,1,1998,0,0,0,0,0,0,0,0,0,0
480076,1,1,1998,23,23,23,23,23,23,23,23,23,23
480077,1,1,1998,0,12,12,0,11,13,0,15,8,0
480078,1,1,1998,0,0,0,0,0,0,0,0,0,0
480078,2,1,1998,0,0,0,0,0,0,0,0,0,0
480079,1,1,1998,0,0,0,0,0,0,0,0,13,0
480079,2,1,1998,0,0,0,0,0,0,0,0,0,0
480080,1,1,1998,0,0,0,0,0,0,0,0,0,0
480081,1,1,1998,0,0,0,0,0,0,0,0,0,0
480082,1,1,1998,0,0,0,0,0,0,0,0,0,0
480083,1,1,1998,10,10,10,10,10,10,10,10,10,10
480084,1,1,1998,0,0,0,0,0,0,0,0,0,0
480085,1,1,1998,0,0,0,0,0,25,0,10,13,0
480085,2,1,1998,0,0,0,28,20,0,0,0,21,0
480086,1,1,1998,0,0,0,0,16,0,0,0,9,0
480086,2,1,1998,16,16,16,16,16,16,16,16,16,16
480087,2,1,1998,31,0,0,0,0,0,3,3,0,0
480088,1,1,1998,0,0,0,0,0,0,0,0,0,0
480089,1,1,1998,0,0,0,0,0,0,0,0,0,0
480089,2,1,1998,0,0,0,0,10,0,0,0,0,0
480090,1,1,1998,1,1,1,1,1,1,1,1,1,1
480091,1,1,1998,26,26,26,26,26,26,26,26,26,26
480092,0,1,1998,0,0,32,26,23,26,0,0,18,0
480092,1,1,1998,0,0,0,0,0,0,0,0,0,0
480092,2,1,1998,0,0,0,0,0,0,0,0,0,0
480092,3,1,1998,0,0,0,0,0,0,0,0,5,11
480092,4,1,1998,0,0,0,0,0,0,0,0,0,0
480093,0,1,1998,0,0,0,23,0,10,29,6,0,34
480093,1,1,1998,42,42,42,42,42,42,42,42,42,42
480094,1,1,1998,10,10,10,10,10,10,10,10,10,10
480095,1,1,1998,14,3,0,0,0,4,0,0,0,0
480095,2,1,1998,0,23,0,0,12,9,10,19,0,29
480096,1,1,1998,0,0,0,0,0,0,0,0,0,0
480097,1,1,1998,0,0,0,0,0,0,0,0,0,34
480098,1,1,1998,0,0,0,0,0,0,0,0,0,0
480099,1,1,1998,0,0,0,8,0,0,0,14,24,0
480099,2,1,1998,0,0,0,12,0,0,0,11,0,0
480100,1,1,1998,21,21,21,21,21,21,21,21,21,21
480101,1,1,1998,5,4,12,0,11,9,25,21,8,10
480101,2,1,1998,13,18,22,0,0,20,0,17,0,0
480102,1,1,1998,23,23,23,23,23,23,23,23,23,23
480103,1,1,1998,0,16,20,9,10,12,20,0,22,38
480104,1,1,1998,20,20,20,20,20,20,20,20,20,20
480105,1,1,1998,20,11,16,12,9,13,15,20,14,12
480106,1,1,1998,0,0,0,0,0,0,0,0,0,0
480106,2,1,1998,0,0,13,0,0,0,0,0,0,0
480107,1,1,1998,19,19,19,19,19,19,19,19,19,19
480108,1,1,1998,21,21,21,21,21,21,21,21,21,21
480109,1,1,1998,0,0,0,0,0,0,0,0,0,0
480109,2,1,1998,0,0,0,0,0,0,0,4,0,0
480109,3,1,1998,0,0,0,0,0,0,0,0,0,0
480110,1,1,1998,23,23,23,23,23,23,23,23,23,23
480111,0,1,1998,0,0,0,0,23,0,0,26,0,0
480111,1,1,1998,13,0,0,0,0,0,0,8,0,11
480112,2,1,1998,36,31,0,0,0,18,0,0,22,0
480113,1,1,1998,21,21,21,21,21,21,21,21,21,21
480114,1,1,1998,13,13,13,13,13,13,13,13,13,13
480115,1,1,1998,0,26,0,0,17,12,0,19,13,0
480116,1,1,1998,0,0,0,0,0,0,0,0,0,0
480116,2,1,1998,13,0,0,0,3,0,0,0,0,0
480116,3,1,1998,0,0,15,0,0,20,0,0,0,0
480116,4,1,1998,0,0,0,0,0,0,0,0,0,0
480117,1,1,1998,0,0,0,0,0,0,0,0,0,0
480117,2,1,1998,0,0,0,0,0,0,0,9,0,0
480117,3,1,1998,0,0,0,0,7,0,0,0,0,8
480118,1,1,1998,0,0,0,0,0,0,0,0,0,0
480118,2,1,1998,0,0,0,0,0,0,0,0,0,0
480119,1,1,1998,0,0,7,0,0,0,0,0,0,0
480119,2,1,1998,0,0,0,0,0,0,0,0,0,0
480120,0,1,1998,0,0,0,0,0,0,0,0,0,0
480120,1,1,1998,0,0,0,0,0,0,0,0,0,0
480121,0,1,1998,32,32,32,32,32,32,32,32,32,32
480121,1,1,1998,0,0,0,0,0,0,0,0,0,0
480122,0,1,1998,6,0,0,0,0,0,0,0,0,19
480122,1,1,1998,9,8,22,30,13,0,23,20,8,0
480123,1,1,1998,0,0,0,0,0,0,0,0,0,0
480124,1,1,1998,26,26,26,26,26,26,26,26,26,26
480125,1,1,1998,24,24,24,24,24,24,24,24,24,24
480126,1,1,1998,0,0,0,0,0,0,0,0,0,0
480127,1,1,1998,22,22,22,22,22,22,22,22,22,22
480128,1,1,1998,27,27,27,27,27,27,27,27,27,27
480128,2,1,1998,0,0,0,0,0,0,0,0,0,0
480129,1,1,1998,0,0,0,0,0,0,0,0,0,0
480129,2,1,1998,9,6,0,0,0,0,2,0,10,0
480130,1,1,1998,0,0,0,4,0,0,0,0,0,0
480130,2,1,1998,12,14,13,8,18,6,24,16,18,0
480131,0,2,1998,3,0,4,0,0,0,12,0,34,0
480131,0,3,1998,0,0,0,0,0,0,0,0,0,0
480131,1,1,1998,12,12,12,12,12,12,12,12,12,12
480132,1,1,1998,22,13,16,16,18,9,11,11,22,15
480132,2,1,1998,12,6,4,17,6,0,15,0,0,10
480133,1,1,1998,0,0,0,0,0,0,0,0,0,0
480133,2,1,1998,0,0,0,0,0,0,0,0,0,0
480134,1,1,1998,33,25,0,0,46,19,0,36,0,13
480135,1,1,1998,18,18,18,18,18,18,18,18,18,18
480135,2,1,1998,0,0,0,0,0,0,0,0,0,0
480136,1,1,1998,11,11,11,11,11,11,11,11,11,11
480137,1,1,1998,0,0,0,0,0,0,0,0,0,0
480137,2,1,1998,0,0,0,0,0,0,0,0,0,0
480138,1,1,1998,0,0,0,0,0,0,0,0,0,0
480139,1,1,1998,0,0,0,0,0,0,0,0,0,0
480139,2,1,1998,7,0,0,0,0,0,0,0,0,0
480140,1,1,1998,0,0,0,0,0,0,0,0,0,0
480140,2,1,1998,2,0,0,0,0,0,0,0,0,0
480141,1,1,1998,21,21,21,21,21,21,21,21,21,21
480142,1,1,1998,19,19,19,19,19,19,19,19,19,19
480142,2,1,1998,0,0,0,0,0,0,0,0,0,0
480143,1,1,1998,3,3,3,3,3,3,3,3,3,3
480144,1,1,1998,0,0,0,0,0,0,0,0,0,0
480144,2,1,1998,0,2,0,0,0,0,6,0,0,0
480145,1,1,1998,13,13,13,13,13,13,13,13,13,13
480146,1,1,1998,28,28,28,28,28,28,28,28,28,28
480147,1,1,1998,0,0,0,0,0,0,0,0,0,0
480147,2,1,1998,0,3,0,0,0,0,0,0,0,0
480148,1,1,1998,0,0,0,0,0,0,0,0,0,0
480148,2,1,1998,12,14,14,0,0,15,10,0,0,0
480149,1,1,1998,21,21,21,21,21,21,21,21,21,21
480149,2,1,1998,26,26,26,26,26,26,26,26,26,26
480149,3,1,1998,18,18,18,18,18,18,18,18,18,18
480150,0,1,1998,0,0,0,0,0,0,0,0,0,0
480150,1,1,1998,25,25,25,25,25,25,25,25,25,25
480151,0,1,1998,17,27,0,27,0,12,0,0,0,0
480151,1,1,1998,0,0,0,0,0,0,0,0,0,0
480152,0,1,1998,20,0,35,28,0,0,0,15,0,11
480152,1,1,1998,11,0,0,0,0,0,0,25,0,0
480153,0,1,1998,0,0,18,0,0,0,0,0,0,0
480153,1,1,1998,0,0,0,0,0,0,0,0,0,0
480154,1,1,1998,0,0,0,0,0,0,0,0,0,0
480154,2,1,1998,0,0,0,0,0,0,0,0,0,0
480155,0,1,1998,0,0,0,0,0,0,0,0,0,0
480155,1,1,1998,0,0,0,0,0,0,0,0,0,0
480156,1,1,1998,0,0,0,0,0,0,0,0,0,0
480156,2,1,1998,0,0,0,0,0,0,0,0,0,0
480157,1,1,1998,0,0,0,0,0,0,0,7,10,2
480158,1,1,1998,0,0,0,0,0,0,0,0,0,0
480158,2,1,1998,22,0,9,0,17,0,0,0,0,19
480159,1,1,1998,12,12,12,12,12,12,12,12,12,12
480160,0,1,1998,0,0,0,25,0,0,0,0,34,28
480160,1,1,1998,0,0,0,0,12,0,9,0,0,0
480161,0,1,1998,11,11,11,11,11,11,11,11,11,11
480161,1,1,1998,0,0,0,0,0,0,0,0,0,0
480162,1,1,1998,26,26,26,26,26,26,26,26,26,26
480162,2,1,1998,0,0,16,0,0,0,10,0,0,0
480163,1,1,1998,0,0,0,0,0,0,0,0,0,0
480163,2,1,1998,0,0,0,0,0,0,0,0,0,0
480164,1,1,1998,0,0,0,0,0,0,0,0,0,0
480165,1,1,1998,13,13,13,13,13,13,13,13,13,13
480166,1,1,1998,6,6,6,6,6,6,6,6,6,6
480167,2,1,1998,16,16,16,16,16,16,16,16,16,16
480168,1,1,1998,15,15,15,15,15,15,15,15,15,15
480169,1,1,1998,19,19,19,19,19,19,19,19,19,19
480169,2,1,1998,0,0,0,0,0,0,0,0,0,0
480170,1,1,1998,11,11,11,11,11,11,11,11,11,11
480170,2,1,1998,0,0,0,0,0,0,0,0,0,0
480171,1,1,1998,25,25,25,25,25,25,25,25,25,25
480172,1,1,1998,16,16,16,16,16,16,16,16,16,16
480172,2,1,1998,0,0,0,0,0,0,0,0,0,0
480173,1,1,1998,0,0,0,0,0,0,0,0,0,0
480173,2,1,1998,0,0,0,15,9,0,0,0,0,0
480174,1,1,1998,29,29,29,29,29,29,29,29,29,29
480175,1,1,1998,0,0,0,0,0,0,0,0,0,0
480175,2,1,1998,0,0,0,0,0,0,0,0,0,0
480176,1,1,1998,0,12,0,0,0,0,0,0,7,0
480177,1,1,1998,0,10,0,14,0,8,20,0,10,0
480177,2,1,1998,14,6,0,0,27,0,40,0,23,6
480178,1,1,1998,14,14,14,14,14,14,14,14,14,14
480179,1,1,1998,0,0,0,0,0,0,0,0,0,0
480179,2,1,1998,0,5,0,0,0,0,0,8,0,0
480180,0,1,1998,27,0,0,0,30,20,11,28,27,0
480180,1,1,1998,0,0,0,0,16,0,0,0,0,0
480180,2,1,1998,0,0,19,0,0,0,0,8,18,0
480181,1,1,1998,0,0,0,0,0,0,0,0,0,0
480181,2,1,1998,0,0,0,0,0,0,0,0,0,0
480182,1,1,1998,6,6,6,6,6,6,6,6,6,6
480182,2,1,1998,0,0,17,0,15,13,0,11,0,16
480182,3,1,1998,0,0,0,0,14,13,0,11,0,0
480183,1,1,1998,13,13,13,13,13,13,13,13,13,13
480183,2,1,1998,14,6,14,15,20,18,17,11,14,14
480184,1,1,1998,0,0,0,0,0,0,0,0,0,0
480184,2,1,1998,15,0,0,0,0,0,0,0,0,0
480185,1,1,1998,0,0,0,0,0,0,0,0,0,0
480185,2,1,1998,0,0,0,0,0,0,0,0,0,0
480186,1,1,1998,0,0,0,0,0,0,0,0,0,0
480186,2,1,1998,0,0,0,0,0,0,0,0,0,0
480187,1,1,1998,0,0,0,0,0,0,0,0,0,0
480187,2,1,1998,0,0,0,0,0,0,0,0,0,0
480187,3,1,1998,15,15,15,15,15,15,15,15,15,15
480188,0,1,1998,0,0,0,0,0,0,0,0,0,0
480188,1,1,1998,0,0,0,0,0,0,0,0,0,0
480189,1,1,1998,0,0,0,0,0,0,0,0,0,0
480189,2,1,1998,0,0,0,0,0,0,0,0,0,0
480190,1,1,1998,0,0,22,0,0,0,0,0,0,0
480191,1,1,1998,15,22,11,19,27,31,0,23,10,14
480192,0,1,1998,0,17,0,0,20,0,0,0,20,0
480192,1,1,1998,0,0,0,0,0,4,0,0,0,0
480193,0,1,1998,0,0,11,0,0,0,0,43,0,0
480193,1,1,1998,4,18,19,16,16,2,18,7,9,20
480194,1,1,1998,0,0,0,0,0,0,0,0,0,0
480194,2,1,1998,0,0,0,0,0,0,0,0,0,0
480194,3,1,1998,0,0,0,0,0,0,0,0,0,0
480195,1,1,1998,0,0,0,0,0,0,0,0,0,0
480196,1,1,1998,38,8,9,17,8,0,5,7,0,16
480197,1,1,1998,0,0,0,0,0,0,0,0,0,0
480197,2,1,1998,0,0,0,0,0,0,0,0,0,0
480198,1,1,1998,0,0,0,0,0,0,0,0,0,0
480199,1,1,1998,17,9,6,10,8,0,0,0,7,0
480200,1,1,1998,13,13,13,13,13,13,13,13,13,13
480201,1,1,1998,48,48,48,48,48,48,48,48,48,48
480202,1,1,1998,0,0,0,0,0,0,0,0,0,0
480202,2,1,1998,0,0,0,0,0,0,0,0,0,0
480202,3,1,1998,0,0,0,0,0,0,0,0,0,0
480203,1,1,1998,0,0,0,0,0,0,0,0,0,0
480203,2,1,1998,0,0,0,0,0,0,0,0,0,0
480204,1,1,1998,23,23,23,23,23,23,23,23,23,23
480204,2,1,1998,0,0,0,0,0,0,0,0,0,0
480205,0,1,1998,18,18,18,18,18,18,18,18,18,18
480205,1,1,1998,0,0,0,0,0,0,0,0,0,0
480205,2,1,1998,0,0,0,0,0,0,0,9,14,0
480206,1,1,1998,0,0,9,0,0,0,0,0,0,0
480206,2,1,1998,0,13,0,17,0,0,0,9,0,0
480206,3,1,1998,17,0,22,0,0,0,17,0,0,23
480206,4,1,1998,14,14,14,14,14,14,14,14,14,14
480207,0,1,1998,0,0,0,0,0,0,0,0,0,0
480207,0,2,1998,0,0,27,0,8,0,0,0,0,0
480207,1,1,1998,0,34,0,20,0,16,0,10,18,18
480208,1,1,1998,0,0,0,0,0,0,0,0,11,0
480208,2,1,1998,0,0,0,0,0,0,0,0,0,0
480209,1,1,1998,0,0,0,19,0,0,12,2,17,0
480210,1,1,1998,19,0,17,0,7,0,0,0,0,0
480210,2,1,1998,0,0,0,0,0,0,0,0,0,0
480211,1,1,1998,0,0,0,0,0,0,0,0,0,0
480211,2,1,1998,0,0,0,0,0,0,0,0,0,0
480212,1,1,1998,17,17,17,17,17,17,17,17,17,17
480212,2,1,1998,0,0,0,0,0,0,0,0,0,0
480213,0,1,1998,17,25,23,28,24,0,20,0,19,16
480213,1,1,1998,0,0,0,0,0,0,0,0,0,0
480214,0,1,1998,0,0,0,0,0,0,0,0,0,0
480214,1,1,1998,17,22,0,0,15,13,0,0,13,0
480215,1,1,1998,0,0,0,0,0,0,0,0,0,0
480215,2,1,1998,0,0,0,0,0,0,0,0,0,0
480216,0,1,1998,0,0,0,17,0,13,0,36,0,0
480216,1,1,1998,0,0,0,0,22,5,0,20,0,5
480216,2,1,1998,0,0,0,0,0,0,0,0,7,3
480216,3,1,1998,0,5,0,0,0,0,0,0,0,0
480216,4,1,1998,0,0,0,19,0,12,0,0,0,0
480216,5,1,1998,0,0,0,0,0,0,19,0,0,0
480217,1,1,1998,0,0,10,0,0,0,0,0,0,0
480217,2,1,1998,0,0,0,0,0,0,0,0,0,0
480218,0,1,1998,0,0,0,0,0,0,0,0,0,0
480218,0,2,1998,0,0,0,0,0,0,0,0,0,0
480218,1,1,1998,19,19,19,19,19,19,19,19,19,19
480219,1,1,1998,0,0,0,0,0,8,0,0,0,0
480219,2,1,1998,0,0,0,0,0,0,0,2,0,30
480220,1,1,1998,14,0,0,0,0,0,0,0,24,8
480221,1,1,1998,0,0,0,0,0,0,0,0,0,0
480221,2,1,1998,0,0,0,0,0,0,0,0,0,0
480222,1,1,1998,0,0,0,0,0,0,5,0,0,0
480223,1,1,1998,0,0,0,0,0,0,0,0,0,0
480223,2,1,1998,0,0,0,0,0,0,0,0,0,0
480224,0,1,1998,0,11,0,28,0,0,0,0,15,0
480224,1,1,1998,0,0,0,0,0,0,5,0,20,0
480225,1,1,1998,0,0,0,0,0,0,0,0,0,0
480226,0,1,1998,0,0,0,0,0,0,0,0,0,0
480226,1,1,1998,7,0,0,0,0,0,0,0,0,0
480227,1,1,1998,0,23,20,16,0,9,0,0,0,29
480228,0,1,1998,30,30,30,30,30,30,30,30,30,30
480228,1,1,1998,0,17,0,12,0,0,11,8,19,12
480229,1,1,1998,0,0,11,11,0,27,0,0,0,10
480229,2,1,1998,0,34,0,0,0,0,0,0,6,0
480230,0,1,1998,22,22,22,22,22,22,22,22,22,22
480230,1,1,1998,0,15,0,0,0,0,0,12,7,0
480231,1,1,1998,17,17,17,17,17,17,17,17,17,17
480231,2,1,1998,0,0,0,0,0,0,0,0,0,0
480231,3,1,1998,0,0,0,0,0,0,0,0,0,0
480232,0,1,1998,19,0,0,0,0,26,0,0,0,0
480232,1,1,1998,0,0,0,0,12,0,0,0,0,0
480233,1,1,1998,11,0,11,0,17,0,34,16,0,12
480234,1,1,1998,0,0,0,0,0,0,0,0,0,0
480234,2,1,1998,0,0,0,0,0,0,0,0,0,0
480235,1,1,1998,19,19,19,19,19,19,19,19,19,19
480236,1,1,1998,0,0,0,0,0,0,0,0,8,0
480236,2,1,1998,6,0,0,0,0,0,0,0,0,0
480237,1,1,1998,0,0,0,16,0,0,0,0,0,0
480238,1,1,1998,0,0,0,0,0,0,0,0,0,0
480238,2,1,1998,0,0,0,0,0,0,0,0,0,0
480239,1,1,1998,0,0,0,0,0,0,0,0,0,0
480239,2,1,1998,21,0,0,20,0,0,0,0,0,0
480240,0,1,1998,0,0,0,0,0,0,0,0,0,0
480240,1,1,1998,13,13,13,13,13,13,13,13,13,13
480241,1,1,1998,0,0,0,0,0,0,0,0,0,0
480241,2,1,1998,0,0,0,0,0,0,0,0,0,0
480241,3,1,1998,0,0,0,0,0,0,0,0,0,7
480242,0,1,1998,23,23,23,23,23,23,23,23,23,23
480242,1,1,1998,19,0,0,0,0,0,0,0,0,0
480243,1,1,1998,0,0,10,6,0,0,0,0,0,0
480243,2,1,1998,0,0,0,0,0,0,0,0,0,0
480244,1,1,1998,11,11,11,11,11,11,11,11,11,11
480245,1,1,1998,0,0,0,18,0,0,0,0,0,0
480245,2,1,1998,0,0,0,31,0,0,0,0,0,0
480246,1,1,1998,0,0,0,0,0,0,0,0,0,0
480246,2,1,1998,29,29,29,29,29,29,29,29,29,29
480247,1,1,1998,10,14,15,0,0,3,0,0,13,24
480248,1,1,1998,8,24,0,0,0,7,0,14,9,0
480248,2,1,1998,0,10,0,0,21,0,0,0,0,0
480249,1,1,1998,0,9,0,22,15,20,17,11,12,7
480250,1,1,1998,24,24,24,24,24,24,24,24,24,24
480250,2,1,1998,0,9,0,0,0,0,0,0,0,0
480251,1,1,1998,18,18,18,18,18,18,18,18,18,18
480252,1,1,1998,0,17,0,17,0,9,0,0,0,0
480252,2,1,1998,0,16,0,0,0,0,0,0,0,14
480253,1,1,1998,0,0,0,0,0,0,0,0,0,0
480254,1,1,1998,16,16,16,16,16,16,16,16,16,16
480255,1,1,1998,4,4,0,0,15,0,20,0,0,0
480255,2,1,1998,12,0,0,7,16,18,0,0,0,9
480256,1,1,1998,11,11,11,11,11,11,11,11,11,11
480257,1,1,1998,13,13,13,13,13,13,13,13,13,13
480257,2,1,1998,0,28,0,0,0,0,15,0,5,15
480257,3,1,1998,7,0,0,18,0,0,0,0,0,0
480258,1,1,1998,15,0,0,0,0,0,0,0,19,0
480258,2,1,1998,16,16,16,16,16,16,16,16,16,16
480259,1,1,1998,22,22,22,22,22,22,22,22,22,22
480260,0,1,1998,0,0,0,0,0,0,0,0,0,0
480260,1,1,1998,0,0,0,0,0,0,0,0,0,0
480261,1,1,1998,0,0,0,0,0,0,0,0,0,0
480261,2,1,1998,0,0,0,0,0,0,0,0,0,0
480262,1,1,1998,21,0,0,12,10,0,0,16,0,20
480263,1,1,1998,0,0,0,0,0,0,0,0,0,0
480264,1,1,1998,0,0,10,13,0,0,0,0,0,0
480265,1,1,1998,35,35,35,35,35,35,35,35,35,35
480265,2,1,1998,0,0,8,0,9,16,0,20,9,30
480265,3,1,1998,0,26,0,16,0,0,0,10,0,0
480266,1,1,1998,0,0,0,0,0,0,0,0,0,0
480266,2,1,1998,0,0,0,0,0,0,0,0,0,0
480267,1,1,1998,20,0,0,22,25,0,17,0,0,28
480267,2,1,1998,0,0,0,21,0,0,0,0,0,0
480268,1,1,1998,0,0,0,0,0,0,0,0,0,0
480269,1,1,1998,0,19,0,0,0,24,24,0,0,0
480270,1,1,1998,0,0,0,0,0,7,0,0,0,0
480271,1,1,1998,0,0,0,0,0,0,0,0,0,0
480272,1,1,1998,0,0,0,0,0,0,0,0,0,0
480272,2,1,1998,0,13,0,0,0,0,0,0,0,0
480273,1,1,1998,0,0,0,0,0,0,0,0,0,0
480273,2,1,1998,0,0,0,0,0,0,0,0,0,0
480274,1,1,1998,4,4,4,4,4,4,4,4,4,4
480275,1,1,1998,0,0,0,0,0,0,0,0,0,0
480276,1,1,1998,0,0,0,0,0,0,0,0,0,0
480276,2,1,1998,0,0,0,0,0,0,0,0,0,0
480277,1,1,1998,0,0,0,0,0,0,0,0,0,0
480278,1,1,1998,21,21,21,21,21,21,21,21,21,21
480279,1,1,1998,0,12,15,20,0,0,0,0,0,22
480280,1,1,1998,0,0,0,19,0,0,0,0,5,12
480281,0,1,1998,33,7,0,0,0,15,32,0,0,0
480281,1,1,1998,0,0,0,0,0,0,0,0,0,0