ST_CASE,VEH_NO,PER_NO,YEAR,P1,P2,P3,P4,P5,P6,P7,P8,P9,P10
480547,0,1,1998,12,12,12,12,12,12,12,12,12,12
480547,1,1,1998,11,11,11,11,11,11,11,11,11,11
480548,1,1,1998,15,15,15,15,15,15,15,15,15,15
480548,2,1,1998,0,0,0,0,27,0,0,0,0,0
480549,1,1,1998,12,13,20,12,10,19,6,6,14,13
480550,1,1,1998,21,21,21,21,21,21,21,21,21,21
480551,1,1,1998,11,4,22,26,9,10,15,14,14,9
480552,1,1,1998,0,10,16,31,19,10,24,0,28,21
480552,2,1,1998,15,15,15,15,15,15,15,15,15,15
480553,1,1,1998,0,0,0,0,0,0,12,0,0,0
480553,2,1,1998,0,0,0,0,0,0,0,0,0,0
480554,0,1,1998,27,24,13,14,13,0,31,0,30,0
480554,0,2,1998,0,0,0,0,0,0,0,0,0,0
480554,1,1,1998,0,0,0,0,0,0,0,13,0,0
480555,1,1,1998,0,0,0,0,0,0,0,0,0,0
480555,2,1,1998,0,0,0,0,0,0,0,0,0,0
480556,1,1,1998,0,0,0,0,0,0,0,0,0,0
480556,2,1,1998,0,0,0,0,0,0,0,0,0,0
480556,3,1,1998,0,0,0,9,0,0,0,0,8,0
480557,1,1,1998,13,14,3,16,22,0,22,18,7,9
480558,1,1,1998,7,7,7,7,7,7,7,7,7,7
480559,1,1,1998,0,0,0,0,0,0,0,0,12,0
480560,1,1,1998,0,0,0,0,30,0,0,0,0,0
480561,1,1,1998,15,15,15,15,15,15,15,15,15,15
480562,1,1,1998,0,0,0,0,0,0,0,0,0,0
480562,2,1,1998,0,0,0,0,0,0,0,0,0,15
480562,3,1,1998,0,0,0,0,0,0,0,0,0,0
480562,4,1,1998,0,0,0,0,0,0,0,0,0,0
480563,1,1,1998,25,25,25,25,25,25,25,25,25,25
480564,0,1,1998,16,0,9,0,0,0,22,21,0,3
480564,1,1,1998,0,0,0,0,0,0,0,0,14,0
480565,1,1,1998,0,0,0,0,0,0,0,0,0,0
480566,1,1,1998,32,32,32,32,32,32,32,32,32,32
480567,1,1,1998,26,26,26,26,26,26,26,26,26,26
480568,1,1,1998,22,26,22,17,12,29,4,29,25,22
480569,0,1,1998,0,0,0,0,0,0,0,0,0,0
480569,1,1,1998,0,0,0,0,0,0,0,0,0,0
480570,1,1,1998,0,0,0,0,0,0,0,0,0,0
480571,1,1,1998,0,0,0,0,0,0,0,0,0,0
480572,0,1,1998,13,0,17,0,0,0,0,0,33,10
480572,1,1,1998,0,21,0,15,0,0,0,14,0,24
480573,1,1,1998,0,0,0,0,0,0,0,0,0,0
480573,2,1,1998,24,24,24,24,24,24,24,24,24,24
480574,0,1,1998,0,0,0,0,21,0,0,0,0,0
480574,1,1,1998,0,0,0,0,0,0,0,0,0,0
480575,1,1,1998,17,17,17,17,17,17,17,17,17,17
480576,1,1,1998,0,20,12,9,0,11,0,23,4,3
480577,0,1,1998,0,0,0,0,0,0,0,0,0,0
480577,1,1,1998,0,0,0,0,0,0,0,0,0,0
480578,1,1,1998,0,0,0,0,0,0,0,0,0,0
480578,2,1,1998,0,0,0,0,0,0,0,0,0,0
480579,1,1,1998,0,0,0,0,0,0,0,0,0,0
480580,2,1,1998,0,0,0,0,0,0,19,0,6,0
480580,3,1,1998,0,0,0,0,6,0,0,17,0,0
480581,1,1,1998,27,27,27,27,27,27,27,27,27,27
480581,2,1,1998,11,3,18,0,0,3,10,0,0,13
480582,1,1,1998,0,0,0,0,0,0,0,0,0,0
480582,2,1,1998,0,0,0,0,0,0,0,0,0,0
480582,3,1,1998,0,0,0,0,0,0,0,0,0,0
480583,1,1,1998,0,0,11,0,0,0,0,0,0,0
480583,2,1,1998,0,0,0,0,0,0,0,0,0,0
480584,1,1,1998,15,15,15,15,15,15,15,15,15,15
480585,1,1,1998,25,17,12,0,0,24,17,23,0,9
480586,1,1,1998,13,27,0,26,0,14,18,19,15,16
480587,1,1,1998,0,0,0,0,0,0,0,0,0,0
480587,2,1,1998,0,0,0,0,0,0,0,0,0,0
480588,0,1,1998,17,0,0,0,0,0,0,0,38,0
480588,1,1,1998,0,0,0,0,0,0,0,0,0,0
480589,1,1,1998,0,0,0,0,0,0,0,0,0,0
480589,2,1,1998,0,0,0,0,0,0,19,0,0,0
480590,1,1,1998,28,28,28,28,28,28,28,28,28,28
480590,2,1,1998,0,0,0,0,0,0,0,0,0,0
480591,1,1,1998,0,24,20,17,0,0,0,23,0,30
480592,0,1,1998,21,21,21,21,21,21,21,21,21,21
480592,1,1,1998,0,0,0,0,0,0,0,0,0,0
480593,0,1,1998,20,0,38,15,0,35,0,20,0,0
480593,1,1,1998,0,0,0,0,0,0,0,0,0,0
480594,1,1,1998,0,0,0,0,0,0,0,0,0,0
480594,2,1,1998,0,0,0,0,0,0,0,0,15,0
480595,1,1,1998,0,0,0,0,0,0,0,0,0,0
480595,2,1,1998,0,0,0,0,0,0,0,0,0,0
480596,0,1,1998,0,0,0,0,0,0,0,0,0,0
480596,1,1,1998,0,20,0,24,20,0,0,0,0,13
480597,1,1,1998,0,0,0,0,0,0,0,0,0,0
480598,1,1,1998,0,0,0,4,0,18,0,23,2,0
480598,2,1,1998,0,0,0,0,0,0,0,0,0,0
480599,1,1,1998,0,0,0,0,0,0,36,0,0,0
480600,1,1,1998,19,19,19,19,19,19,19,19,19,19
480601,1,1,1998,21,12,10,7,7,9,5,24,25,9
480601,2,1,1998,29,0,16,18,0,0,0,27,0,31
480602,1,1,1998,12,0,0,0,0,0,0,0,11,29
480603,1,1,1998,0,0,0,0,0,0,0,0,0,0
480603,2,1,1998,0,0,0,0,0,0,0,0,0,0
480604,1,1,1998,11,11,11,11,11,11,11,11,11,11
480605,1,1,1998,0,13,0,0,0,0,0,0,0,0
480605,2,1,1998,0,0,0,0,0,0,0,9,0,0
480606,1,1,1998,5,4,0,0,8,0,0,0,0,22
480607,1,1,1998,24,24,24,24,24,24,24,24,24,24
480608,1,1,1998,0,0,0,0,0,0,0,0,0,0
480609,1,1,1998,0,0,0,0,0,0,0,0,0,0
480609,2,1,1998,0,0,0,0,0,0,0,21,0,0
480609,3,1,1998,0,0,5,0,0,0,0,0,0,0
480610,1,1,1998,11,0,0,19,0,0,0,0,0,0
480610,2,1,1998,0,0,0,0,0,0,0,0,0,0
480611,1,1,1998,33,0,14,0,0,0,0,0,0,0
480611,2,1,1998,0,0,0,0,2,0,0,0,0,0
480611,3,1,1998,0,0,0,0,0,0,0,0,0,0
480611,4,1,1998,0,0,0,17,20,0,0,0,0,0
480611,5,1,1998,0,0,0,0,0,0,0,0,0,0
480612,0,1,1998,0,8,0,0,0,14,28,0,26,26
480612,1,1,1998,0,0,0,0,0,0,0,30,0,7
480613,1,1,1998,12,0,0,0,0,0,0,3,0,10
480613,2,1,1998,0,0,17,0,0,0,0,6,0,0
480613,3,1,1998,0,0,0,0,0,0,0,0,0,0
480613,4,1,1998,0,0,0,0,0,0,0,0,0,13
480613,5,1,1998,0,0,0,0,0,0,0,0,0,0
480614,0,1,1998,0,0,0,0,0,0,0,0,0,0
480614,1,1,1998,0,0,0,0,0,0,0,0,18,0
480615,1,1,1998,15,15,15,15,15,15,15,15,15,15
480615,2,1,1998,0,0,0,0,0,0,0,10,0,0
480615,3,1,1998,0,0,0,0,0,0,0,0,0,0
480616,1,1,1998,0,0,0,0,0,0,0,0,0,0
480616,2,1,1998,0,0,0,0,0,0,0,0,0,0
480617,1,1,1998,0,0,0,0,0,0,0,0,0,0
480617,2,1,1998,0,0,0,0,0,0,0,0,0,0
480617,3,1,1998,0,0,0,0,0,0,0,0,0,0
480618,1,1,1998,0,0,0,28,0,0,0,0,0,0
480618,2,1,1998,0,0,0,0,0,0,0,0,0,0
480619,0,1,1998,0,0,0,0,0,0,0,0,10,0
480619,1,1,1998,0,0,0,0,0,0,0,0,0,0
480620,1,1,1998,0,0,0,0,0,0,0,0,0,0
480620,2,1,1998,0,0,0,0,0,0,0,0,0,0
480621,1,1,1998,0,0,0,0,0,0,0,0,0,0
480622,0,1,1998,0,0,19,2,0,0,14,8,21,40
480622,0,2,1998,19,0,23,0,0,21,14,0,30,0
480622,1,1,1998,32,23,20,17,13,14,10,11,3,10
480623,1,1,1998,0,0,0,0,0,0,0,0,0,3
480623,2,1,1998,13,13,13,13,13,13,13,13,13,13
480624,1,1,1998,0,15,0,0,0,0,0,0,0,14
480625,1,1,1998,0,0,0,0,0,0,0,0,0,0
480626,0,1,1998,0,0,0,0,0,0,0,0,0,0
480626,1,1,1998,0,0,0,0,0,0,0,5,0,2
480627,1,1,1998,37,16,30,27,12,0,24,13,3,0
480628,1,1,1998,0,0,0,6,9,12,0,0,7,13
480629,0,1,1998,0,25,11,21,0,13,21,16,34,15
480629,1,1,1998,0,0,0,4,0,0,0,0,24,0
480630,1,1,1998,12,12,12,12,12,12,12,12,12,12
480630,2,1,1998,0,0,0,0,0,0,0,0,0,0
480631,1,1,1998,0,0,0,0,0,0,0,0,0,0
480632,0,1,1998,0,0,0,0,0,0,0,0,0,0
480632,1,1,1998,0,0,0,16,0,0,0,9,0,0
480633,1,1,1998,0,27,0,0,0,0,0,8,0,0
480633,2,1,1998,0,0,0,0,0,0,0,0,0,0
480634,1,1,1998,26,26,26,26,26,26,26,26,26,26
480634,2,1,1998,0,0,0,0,0,0,0,0,0,0
480635,1,1,1998,0,0,0,0,0,0,0,0,0,0
480635,2,1,1998,0,0,0,0,0,0,0,0,0,0
480636,1,1,1998,0,0,0,0,0,0,0,0,0,0
480636,2,1,1998,0,0,0,0,0,0,0,0,0,0
480637,0,1,1998,0,0,0,0,0,0,0,0,0,0
480637,1,1,1998,0,0,0,0,0,0,0,0,0,0
480638,1,1,1998,37,37,37,37,37,37,37,37,37,37
480638,2,1,1998,10,10,10,10,10,10,10,10,10,10
480639,1,1,1998,8,0,0,0,0,0,0,0,0,0
480639,2,1,1998,0,0,0,0,0,0,0,0,0,0
480640,1,1,1998,0,0,0,0,0,0,0,0,0,0
480640,2,1,1998,0,0,0,0,0,0,0,0,0,0
480641,0,1,1998,45,10,0,12,15,9,15,11,23,0
480641,1,1,1998,0,0,0,0,0,18,0,0,0,0
480641,2,1,1998,0,0,0,0,0,0,0,0,0,0
480642,1,1,1998,0,0,0,0,0,0,0,0,0,0
480642,2,1,1998,0,0,0,0,0,0,0,0,0,0
480643,1,1,1998,0,0,0,0,0,11,0,0,0,31
480643,2,1,1998,20,20,20,20,20,20,20,20,20,20
480644,1,1,1998,0,0,0,0,0,0,0,0,0,0
480644,2,1,1998,0,0,0,0,0,0,0,0,0,0
480645,0,1,1998,0,46,30,27,0,30,0,0,0,0
480645,1,1,1998,0,0,0,0,8,0,15,0,0,0
480645,2,1,1998,0,0,0,12,0,20,5,0,0,0
480645,3,1,1998,0,0,0,0,0,0,0,0,0,0
480646,1,1,1998,0,0,0,0,0,0,0,43,0,0
480646,2,1,1998,16,11,22,0,5,0,5,0,0,5
480647,1,1,1998,0,0,0,0,0,0,0,0,0,0
480647,2,1,1998,0,0,0,0,0,0,0,0,0,0
480648,1,1,1998,0,0,0,0,0,0,0,0,0,0
480648,2,1,1998,0,24,0,18,0,0,0,15,19,0
480649,1,1,1998,0,0,0,0,0,0,0,0,0,0
480649,2,1,1998,0,0,0,4,16,0,0,0,0,0
480650,1,1,1998,12,12,12,12,12,12,12,12,12,12
480651,1,1,1998,15,0,0,0,14,17,0,0,0,8
480652,1,1,1998,18,30,0,21,5,26,13,0,21,20
480652,2,1,1998,17,20,28,19,14,21,17,12,29,9
480653,1,1,1998,0,0,0,0,0,0,0,0,0,0
480654,0,1,1998,21,21,21,21,21,21,21,21,21,21
480654,1,1,1998,8,0,11,0,0,0,0,0,0,0
480655,1,1,1998,0,0,0,13,0,0,0,0,0,0
480655,2,1,1998,0,0,0,0,0,0,5,0,0,0
480656,1,1,1998,4,4,4,4,4,4,4,4,4,4
480657,1,1,1998,32,0,22,8,0,11,0,40,0,16
480658,1,1,1998,0,7,0,0,6,0,0,0,3,19
480658,2,1,1998,0,0,0,0,0,0,0,0,0,0
480659,1,1,1998,0,0,0,0,0,0,0,0,0,0
480660,1,1,1998,23,23,23,23,23,23,23,23,23,23
480661,1,1,1998,0,0,0,0,0,0,0,0,0,0
480661,2,1,1998,0,0,0,0,0,0,0,0,0,0
480662,1,1,1998,0,0,0,0,0,0,0,0,0,0
480663,1,1,1998,0,0,0,0,0,0,0,0,0,0
480663,2,1,1998,0,0,0,0,4,0,0,0,0,0
480664,1,1,1998,0,0,0,0,12,0,0,0,0,0
480664,2,1,1998,0,0,0,0,0,0,0,0,2,0
480664,3,1,1998,0,0,0,0,0,0,0,0,0,0
480665,1,1,1998,0,0,27,0,0,0,0,0,32,10
480665,2,1,1998,0,0,0,0,0,0,0,0,0,0
480666,1,1,1998,12,24,12,28,15,14,26,36,17,0
480666,2,1,1998,0,27,0,0,0,0,0,0,0,19
480667,1,1,1998,0,12,0,0,5,0,0,0,3,39
480668,1,1,1998,0,0,0,0,0,0,0,0,0,0
480668,2,1,1998,0,0,0,0,0,0,4,0,0,0
480668,3,1,1998,0,20,0,0,0,0,0,0,0,0
480669,0,1,1998,0,0,0,0,0,0,0,0,12,0
480669,1,1,1998,0,0,0,0,0,0,0,0,0,0
480670,1,1,1998,0,0,0,19,0,23,26,0,17,0
480670,2,1,1998,0,0,0,0,31,0,0,0,0,0
480671,0,1,1998,14,14,14,14,14,14,14,14,14,14
480671,1,1,1998,25,31,24,26,0,0,11,0,0,12
480672,1,1,1998,31,31,31,31,31,31,31,31,31,31
480672,2,1,1998,6,12,0,0,10,16,0,6,0,21
480673,1,1,1998,13,0,15,0,0,8,18,0,0,20
480674,1,1,1998,24,15,7,0,2,12,0,25,20,8
480675,1,1,1998,7,20,10,0,0,5,11,0,0,13
480676,1,1,1998,0,0,21,0,12,0,0,19,28,0
480677,1,1,1998,0,0,0,0,0,0,0,0,0,0
480678,0,1,1998,0,0,0,7,0,25,0,13,28,0
480678,1,1,1998,0,0,10,0,8,13,0,0,6,0
480679,1,1,1998,0,0,0,30,0,9,0,0,0,0
480680,1,1,1998,0,0,0,0,0,0,0,0,0,0
480680,2,1,1998,0,0,0,0,0,0,0,0,0,0
480680,3,1,1998,0,0,0,0,0,0,0,0,0,0
480680,4,1,1998,0,0,0,0,0,0,0,0,0,0
480681,1,1,1998,0,0,0,0,0,0,0,0,0,0
480681,2,1,1998,0,0,0,0,0,0,0,0,0,0
480682,1,1,1998,0,0,0,0,0,0,0,0,0,0
480682,2,1,1998,0,0,0,0,0,0,0,0,0,0
480683,1,1,1998,0,0,0,0,0,0,0,0,0,0
480683,2,1,1998,0,0,13,0,0,0,0,0,3,0
480684,1,1,1998,0,0,0,0,0,0,5,0,0,0
480685,1,1,1998,0,9,0,22,10,0,0,0,0,20
480686,1,1,1998,0,0,19,0,0,0,0,0,0,0
480687,0,1,1998,10,26,18,29,0,0,34,12,21,0
480687,1,1,1998,24,0,5,12,15,6,17,13,9,28
480688,1,1,1998,0,0,0,0,0,0,0,0,0,0
480688,2,1,1998,19,19,19,19,19,19,19,19,19,19
480689,1,1,1998,9,9,9,9,9,9,9,9,9,9
480689,2,1,1998,0,0,0,0,0,0,0,0,0,0
480690,1,1,1998,0,34,0,7,0,9,11,0,0,0
480691,1,1,1998,4,4,4,4,4,4,4,4,4,4
480692,0,1,1998,0,0,0,0,0,5,0,0,0,0
480692,1,1,1998,0,0,0,0,0,0,0,0,0,0
480693,1,1,1998,0,16,0,0,0,0,0,0,0,0
480693,2,1,1998,0,0,0,5,16,0,0,0,9,0
480694,1,1,1998,0,0,0,0,0,0,0,0,0,0
480694,2,1,1998,0,0,0,0,0,0,0,0,0,0
480695,1,1,1998,16,16,16,16,16,16,16,16,16,16
480695,2,1,1998,19,19,19,19,19,19,19,19,19,19
480696,0,1,1998,31,0,21,23,20,29,0,15,18,10
480696,1,1,1998,0,0,11,0,9,5,0,0,4,0
480697,1,1,1998,16,16,16,16,16,16,16,16,16,16
480698,1,1,1998,0,0,0,0,0,0,0,0,0,0
480698,2,1,1998,0,0,0,0,0,0,0,0,0,0
480699,1,1,1998,11,11,11,11,11,11,11,11,11,11
480700,1,1,1998,0,0,0,0,17,0,0,0,0,0
480700,2,1,1998,0,0,0,0,0,0,0,0,0,0
480701,1,1,1998,23,23,23,23,23,23,23,23,23,23
480701,2,1,1998,13,13,13,13,13,13,13,13,13,13
480702,1,1,1998,14,14,14,14,14,14,14,14,14,14
480703,1,1,1998,0,0,0,0,0,0,0,0,0,0
480704,1,1,1998,0,9,0,0,0,0,0,0,0,0
480704,2,1,1998,0,0,0,0,0,0,0,0,0,0
480705,1,1,1998,0,0,0,0,0,0,0,0,0,0
480705,2,1,1998,0,0,9,0,0,5,0,0,10,0
480706,1,1,1998,27,27,27,27,27,27,27,27,27,27
480706,2,1,1998,0,0,0,0,0,0,0,0,0,0
480707,1,1,1998,10,10,10,10,10,10,10,10,10,10
480708,1,1,1998,0,0,16,0,0,16,0,0,6,17
480709,1,1,1998,0,0,0,0,0,0,0,0,0,0
480709,2,1,1998,0,0,0,0,0,0,0,0,0,0
480709,3,1,1998,0,0,0,0,0,7,0,0,0,0
480710,1,1,1998,27,27,27,27,27,27,27,27,27,27
480711,1,1,1998,7,7,7,7,7,7,7,7,7,7
480712,1,1,1998,4,0,0,0,32,0,13,8,0,22
480712,2,1,1998,21,0,11,0,13,0,15,0,0,0
480713,1,1,1998,0,0,0,0,0,0,0,0,0,0
480714,0,1,1998,0,0,0,0,0,0,0,0,0,0
480714,1,1,1998,0,0,0,12,0,22,0,0,13,0
480715,1,1,1998,17,36,20,23,11,20,8,18,18,0
480716,1,1,1998,21,0,20,8,20,8,20,6,13,0
480717,1,1,1998,12,21,0,6,14,8,0,29,10,28
480718,1,1,1998,19,19,19,19,19,19,19,19,19,19
480719,1,1,1998,30,30,30,30,30,30,30,30,30,30
480719,2,1,1998,13,13,13,13,13,13,13,13,13,13
480720,1,1,1998,0,14,0,0,0,18,0,0,0,0
480720,2,1,1998,0,0,0,0,0,17,0,0,0,0
480721,1,1,1998,20,20,20,20,20,20,20,20,20,20
480722,0,1,1998,19,19,19,19,19,19,19,19,19,19
480722,1,1,1998,0,0,0,22,0,19,0,0,2,0
480723,1,1,1998,12,11,13,16,22,14,6,11,13,15
480723,2,1,1998,0,0,0,0,17,8,0,0,0,0
480724,1,1,1998,0,0,0,0,0,0,0,8,0,0
480724,2,1,1998,0,0,0,17,0,0,0,0,0,0
480725,1,1,1998,0,0,33,20,15,12,0,20,9,27
480726,1,1,1998,0,0,0,0,0,0,0,0,0,0
480727,1,1,1998,0,0,0,0,0,0,0,0,0,0
480727,2,1,1998,0,0,0,0,0,0,0,0,0,0
480727,3,1,1998,33,0,0,0,0,0,0,0,0,0
480728,1,1,1998,33,33,33,33,33,33,33,33,33,33
480729,1,1,1998,16,14,4,25,21,0,34,19,18,0
480730,0,1,1998,0,0,0,0,0,0,0,0,0,0
480730,1,1,1998,0,0,0,0,0,0,0,0,0,0
480731,1,1,1998,0,0,0,0,0,0,0,0,0,0
480732,1,1,1998,0,0,0,0,0,0,0,0,0,0
480732,2,1,1998,0,0,0,0,0,0,0,0,0,0
480733,1,1,1998,0,0,0,0,0,19,0,0,0,0
480734,1,1,1998,0,0,0,0,0,0,0,0,0,0
480735,1,1,1998,0,0,0,0,0,0,0,0,5,17
480735,2,1,1998,0,0,0,0,0,0,0,0,0,0
480736,1,1,1998,0,0,0,0,0,0,0,0,0,0
480736,2,1,1998,0,0,0,10,0,0,0,0,0,0
480737,1,1,1998,21,21,21,21,21,21,21,21,21,21
480738,0,1,1998,0,0,32,0,0,0,19,0,0,15
480738,1,1,1998,0,0,0,0,0,0,0,0,0,0
480739,1,1,1998,0,0,0,0,0,0,15,11,0,0
480739,2,1,1998,0,0,0,0,0,0,0,0,0,0
480740,1,1,1998,0,0,0,17,20,0,0,0,0,0
480740,2,1,1998,0,10,0,0,0,0,0,0,0,0
480741,2,1,1998,7,19,23,27,22,30,26,11,13,17
480742,1,1,1998,0,0,0,0,0,0,0,0,0,0
480743,1,1,1998,0,0,0,0,0,0,0,0,0,0
480744,1,1,1998,0,20,20,0,0,0,25,35,22,0
480745,1,1,1998,33,25,17,15,15,31,24,13,8,21
480746,1,1,1998,0,0,0,0,0,0,0,0,0,0
480746,2,1,1998,0,0,0,0,0,0,0,0,0,0
480747,1,1,1998,0,14,0,0,0,0,0,0,0,0
480747,2,1,1998,0,0,0,0,0,0,0,12,0,0
480747,3,1,1998,0,0,25,0,0,0,0,0,0,0
480747,4,1,1998,0,0,0,0,0,0,0,0,0,0
480748,1,1,1998,21,21,15,0,30,25,0,34,8,14
480748,2,1,1998,0,2,0,9,0,0,0,0,0,4
480748,3,1,1998,0,0,0,0,15,0,0,23,0,0
480748,4,1,1998,0,0,0,0,0,0,0,0,0,0
480748,5,1,1998,0,0,0,0,0,0,0,0,0,0
480749,1,1,1998,0,0,0,27,0,0,0,0,0,0
480749,2,1,1998,0,0,0,0,0,0,0,0,0,0
480750,1,1,1998,20,20,20,20,20,20,20,20,20,20
480751,1,1,1998,0,3,0,0,20,25,17,0,8,0
480751,2,1,1998,0,0,0,0,0,0,0,0,0,0
480751,3,1,1998,0,0,0,0,0,0,0,0,16,0
480752,1,1,1998,0,0,0,0,0,0,0,0,0,0
480753,1,1,1998,12,5,0,0,0,23,14,0,9,20
480754,1,1,1998,0,0,0,0,0,0,0,0,0,0
480754,2,1,1998,0,0,0,0,0,0,0,0,0,0
480754,3,1,1998,0,0,0,0,0,0,0,0,0,0
480754,4,1,1998,0,0,0,0,0,0,0,0,0,0
480755,1,1,1998,0,0,0,0,10,0,0,0,0,0
480755,2,1,1998,0,0,0,0,0,0,0,0,0,0
480756,1,1,1998,0,0,0,0,0,0,0,0,0,0
480756,2,1,1998,0,0,0,0,0,0,0,0,0,0
480757,1,1,1998,0,0,0,0,0,0,0,0,0,0
480757,2,1,1998,0,0,0,0,0,19,0,31,0,0
480758,1,1,1998,17,17,17,17,17,17,17,17,17,17
480759,1,1,1998,0,16,0,0,17,0,5,3,28,0
480760,1,1,1998,37,23,8,20,0,0,9,26,26,23
480761,0,1,1998,28,0,18,16,25,18,0,14,20,0
480761,1,1,1998,21,2,11,0,0,0,0,11,16,0
480762,1,1,1998,14,14,14,14,14,14,14,14,14,14
480762,2,1,1998,0,8,0,0,0,0,0,0,0,0
480763,1,1,1998,0,0,0,0,0,0,0,0,0,0
480763,2,1,1998,0,0,0,0,0,14,11,0,0,0
480764,1,1,1998,11,11,11,11,11,11,11,11,11,11
480765,1,1,1998,0,0,0,0,0,0,0,0,0,0
480766,1,1,1998,0,0,0,0,0,0,0,0,0,0
480766,2,1,1998,0,19,8,13,28,13,13,30,13,8
480767,0,1,1998,20,20,20,20,20,20,20,20,20,20
480767,1,1,1998,0,0,0,8,9,11,0,14,8,0
480768,1,1,1998,1,1,1,1,1,1,1,1,1,1
480769,1,1,1998,9,9,9,9,9,9,9,9,9,9
480770,1,1,1998,0,0,0,0,0,0,0,3,0,0
480770,2,1,1998,0,18,0,0,0,0,0,0,0,11
480771,1,1,1998,0,0,0,0,0,0,0,0,0,0
480771,2,1,1998,0,0,0,0,0,0,0,0,0,0
480772,1,1,1998,13,0,22,0,0,0,0,0,0,0
480773,1,1,1998,0,13,0,18,0,19,0,17,24,0
480774,1,1,1998,7,7,7,7,7,7,7,7,7,7
480775,1,1,1998,26,0,0,11,0,0,0,0,7,17
480776,1,1,1998,0,24,13,10,0,7,0,0,0,0
480776,2,1,1998,0,0,0,0,7,0,0,0,4,0
480777,1,1,1998,0,0,0,0,0,0,0,0,0,0
480777,2,1,1998,0,15,0,0,0,10,27,0,12,0
480778,0,1,1998,15,0,2,22,19,20,16,16,17,14
480778,1,1,1998,0,0,0,0,0,0,0,44,0,0
480779,1,1,1998,15,15,15,15,15,15,15,15,15,15
480780,1,1,1998,0,0,0,0,0,0,0,0,0,0
480780,2,1,1998,0,0,0,0,0,0,0,0,0,0
480781,1,1,1998,12,12,12,12,12,12,12,12,12,12
480782,1,1,1998,0,0,0,0,0,0,0,0,0,0
480782,2,1,1998,0,0,0,0,0,0,0,0,0,0
480782,3,1,1998,6,0,0,0,0,0,0,0,0,0
480783,0,1,1998,0,0,0,0,0,0,0,0,0,0
480783,1,1,1998,0,0,0,0,0,10,0,0,0,0
480784,1,1,1998,0,0,0,0,0,0,0,0,0,0
480785,1,1,1998,5,0,4,7,0,0,0,0,10,14
480786,1,1,1998,0,0,0,0,0,0,0,0,0,0
480786,2,1,1998,0,0,0,0,12,0,10,0,0,0
480787,1,1,1998,8,8,8,8,8,8,8,8,8,8
480787,2,1,1998,23,11,6,0,0,0,0,0,0,0
480788,1,1,1998,14,14,14,14,14,14,14,14,14,14
480788,2,1,1998,0,0,8,0,0,15,4,9,0,0
480789,1,1,1998,0,0,17,0,16,0,0,0,0,16
480790,1,1,1998,0,0,11,0,13,0,0,0,6,13
480790,2,1,1998,0,5,0,0,0,0,0,0,0,0
480791,0,1,1998,12,0,0,0,0,0,0,0,24,0
480791,1,1,1998,0,0,0,0,0,0,0,0,0,0
480792,1,1,1998,0,0,0,0,0,0,0,0,0,0
480792,2,1,1998,0,0,0,0,0,0,27,0,0,27
480793,1,1,1998,22,22,22,22,22,22,22,22,22,22
480794,0,1,1998,0,0,0,0,0,0,0,0,0,0
480794,1,1,1998,0,0,0,0,0,0,0,0,0,0
480795,1,1,1998,0,0,0,12,0,0,0,0,0,0
480795,2,1,1998,0,0,0,0,0,0,0,0,0,0
480796,1,1,1998,16,16,16,16,16,16,16,16,16,16
480797,1,1,1998,0,0,0,0,0,0,0,0,0,0
480798,1,1,1998,0,0,0,0,0,0,0,0,24,0
480798,2,1,1998,0,0,0,0,0,22,0,0,0,7
480799,1,1,1998,0,0,0,0,0,0,0,0,0,0
480799,2,1,1998,0,0,0,15,0,0,0,0,0,0
480800,1,1,1998,0,0,0,0,0,0,0,0,0,0
480800,2,1,1998,0,0,0,0,0,0,0,0,0,0
480801,1,1,1998,0,0,0,0,0,0,0,0,0,0
480802,1,1,1998,14,0,24,17,0,13,24,0,0,0
480803,1,1,1998,0,0,0,0,0,0,0,0,0,0
480803,2,1,1998,9,0,8,34,0,0,19,0,9,0
480804,1,1,1998,0,0,0,0,0,25,0,8,3,0
480805,1,1,1998,0,0,0,0,0,0,0,0,0,0
480806,1,1,1998,14,14,14,14,14,14,14,14,14,14
480807,1,1,1998,11,0,0,8,11,0,28,9,0,0
480808,1,1,1998,12,12,12,12,12,12,12,12,12,12
480808,2,1,1998,0,16,24,0,8,0,0,0,0,0
480808,3,1,1998,19,0,0,8,0,0,0,0,0,18
480809,0,1,1998,13,13,13,13,13,13,13,13,13,13
480809,1,1,1998,15,0,7,21,0,0,0,0,0,0
480810,1,1,1998,0,0,0,0,0,0,0,0,0,0
480810,2,1,1998,0,0,0,0,0,0,0,0,9,0
480811,1,1,1998,25,25,25,25,25,25,25,25,25,25
480812,1,1,1998,33,33,33,33,33,33,33,33,33,33
480812,2,1,1998,0,0,0,0,0,0,3,16,0,7
480812,3,1,1998,0,0,0,0,0,0,0,0,0,0
480813,0,1,1998,19,0,0,0,0,0,0,0,0,0
480813,1,1,1998,0,0,0,0,0,9,0,17,0,8