ST_CASE,VEH_NO,PER_NO,YEAR,P1,P2,P3,P4,P5,P6,P7,P8,P9,P10
480814,1,1,1998,6,21,15,2,19,8,5,0,17,12
480815,1,1,1998,0,0,0,0,0,0,40,19,0,0
480815,2,1,1998,0,0,0,0,0,0,0,0,0,0
480816,1,1,1998,15,15,15,15,15,15,15,15,15,15
480817,0,1,1998,23,23,23,23,23,23,23,23,23,23
480817,1,1,1998,0,0,0,20,17,0,9,14,0,0
480818,0,1,1998,23,36,0,12,28,11,11,0,0,0
480818,1,1,1998,0,0,14,0,10,0,13,0,0,8
480819,1,1,1998,17,24,14,20,3,14,6,12,17,21
480820,1,1,1998,0,0,0,0,0,0,0,0,0,0
480820,2,1,1998,0,0,13,0,0,0,0,0,0,0
480821,1,1,1998,0,0,0,0,0,0,0,0,0,0
480821,2,1,1998,0,0,0,0,0,0,0,0,0,0
480822,1,1,1998,0,41,18,24,22,0,23,22,18,19
480823,0,1,1998,14,14,14,14,14,14,14,14,14,14
480823,1,1,1998,0,0,17,0,12,7,0,0,0,10
480824,1,1,1998,19,19,19,19,19,19,19,19,19,19
480824,2,1,1998,0,0,0,0,0,0,0,0,0,0
480825,1,1,1998,28,28,28,28,28,28,28,28,28,28
480826,1,1,1998,0,7,0,0,27,0,0,0,0,0
480827,1,1,1998,0,0,0,0,0,0,0,0,0,0
480827,2,1,1998,0,0,0,0,0,0,0,0,0,0
480827,3,1,1998,0,0,0,0,0,0,0,0,0,0
480828,1,1,1998,20,20,20,20,20,20,20,20,20,20
480829,1,1,1998,10,10,10,10,10,10,10,10,10,10
480830,1,1,1998,0,0,0,0,0,0,0,0,0,0
480830,2,1,1998,14,0,0,0,0,0,0,0,0,0
480830,3,1,1998,0,0,0,0,0,0,0,0,0,0
480830,4,1,1998,6,0,0,0,0,0,0,0,0,0
480831,1,1,1998,8,10,0,20,15,0,10,4,0,0
480832,1,1,1998,0,0,0,0,0,0,0,0,0,0
480832,2,1,1998,0,0,0,0,0,0,0,0,0,0
480833,1,1,1998,11,11,11,11,11,11,11,11,11,11
480834,1,1,1998,0,0,0,0,0,0,0,12,0,0
480834,2,1,1998,0,0,0,34,0,0,0,0,0,0
480835,1,1,1998,0,0,0,0,0,0,0,0,0,0
480835,2,1,1998,0,0,0,0,0,0,0,0,0,0
480836,1,1,1998,0,0,0,0,0,0,0,0,0,0
480836,2,1,1998,0,0,0,0,0,0,0,0,0,0
480837,1,1,1998,15,15,15,15,15,15,15,15,15,15
480838,1,1,1998,0,0,22,0,0,0,25,18,5,0
480838,2,1,1998,0,0,0,0,0,8,0,0,0,0
480839,1,1,1998,0,0,0,0,11,27,0,21,0,0
480840,1,1,1998,0,0,0,0,0,0,8,18,0,0
480840,2,1,1998,22,0,0,0,8,22,0,0,0,0
480841,1,1,1998,0,0,0,0,0,0,0,6,0,0
480841,2,1,1998,0,0,0,0,0,0,0,12,0,0
480842,1,1,1998,0,0,0,0,0,0,0,0,0,0
480843,1,1,1998,0,0,0,0,3,0,0,13,0,0
480843,2,1,1998,0,0,0,0,0,10,0,0,0,0
480844,1,1,1998,0,0,0,0,0,0,0,0,0,0
480844,2,1,1998,0,0,0,0,0,0,0,0,0,0
480845,1,1,1998,11,11,11,11,11,11,11,11,11,11
480845,2,1,1998,8,0,12,5,0,21,0,9,0,21
480846,1,1,1998,10,0,19,0,13,15,0,32,15,11
480846,2,1,1998,0,0,0,0,0,0,0,0,0,0
480847,1,1,1998,25,25,25,25,25,25,25,25,25,25
480848,1,1,1998,11,0,0,12,19,14,0,16,12,0
480849,0,1,1998,7,7,7,7,7,7,7,7,7,7
480849,1,1,1998,0,15,0,14,0,0,0,0,0,0
480850,1,1,1998,0,0,0,0,0,0,0,0,0,0
480851,1,1,1998,0,0,0,0,0,0,0,0,0,0
480851,2,1,1998,0,0,0,0,0,0,0,0,0,0
480852,1,1,1998,16,16,16,16,16,16,16,16,16,16
480853,1,1,1998,0,0,0,0,0,0,0,0,0,0
480854,1,1,1998,21,6,16,9,6,13,15,7,6,14
480855,0,1,1998,10,32,16,10,14,31,28,22,10,18
480855,1,1,1998,0,0,0,0,0,0,0,0,0,0
480856,1,1,1998,0,0,0,9,0,0,0,0,20,0
480857,1,1,1998,0,0,0,0,0,0,0,0,0,0
480858,1,1,1998,0,14,0,18,14,10,15,0,15,0
480859,1,1,1998,13,13,13,13,13,13,13,13,13,13
480860,1,1,1998,0,0,0,0,0,0,0,0,0,0
480860,2,1,1998,0,0,0,0,0,0,0,0,0,0
480860,3,1,1998,0,0,0,0,0,0,0,0,0,0
480861,1,1,1998,11,11,11,11,11,11,11,11,11,11
480862,1,1,1998,7,7,7,7,7,7,7,7,7,7
480863,1,1,1998,0,0,0,0,21,0,0,0,0,0
480864,1,1,1998,11,10,21,29,22,14,16,30,23,27
480865,1,1,1998,0,0,0,0,0,0,11,0,18,0
480865,2,1,1998,15,0,0,2,32,0,15,0,24,0
480866,1,1,1998,0,0,0,0,0,0,0,0,0,0
480866,2,1,1998,0,0,0,0,0,0,5,0,0,0
480867,1,1,1998,0,0,0,0,0,0,0,0,0,0
480868,1,1,1998,0,0,0,0,0,0,0,0,0,0
480868,2,1,1998,0,0,0,0,0,0,0,0,0,0
480869,1,1,1998,0,0,0,0,0,0,0,0,0,0
480870,1,1,1998,9,14,14,0,23,7,19,28,0,22
480871,1,1,1998,0,0,0,0,0,0,0,0,0,0
480871,2,1,1998,0,0,0,12,0,0,0,0,0,0
480872,0,1,1998,0,0,0,0,0,0,0,0,0,0
480872,2,1,1998,0,0,0,0,0,0,0,0,0,0
480872,3,1,1998,0,0,0,0,0,0,0,0,0,0
480873,1,1,1998,0,16,0,0,0,0,0,10,21,0
480874,0,1,1998,0,0,0,0,0,0,0,0,0,0
480874,1,1,1998,0,0,0,0,0,0,0,0,0,11
480875,1,1,1998,0,0,0,0,0,0,0,0,0,0
480875,2,1,1998,0,0,0,0,0,15,0,0,0,0
480876,1,1,1998,25,25,25,25,25,25,25,25,25,25
480877,1,1,1998,19,19,19,19,19,19,19,19,19,19
480878,1,1,1998,15,0,0,0,0,0,0,0,0,0
480878,2,1,1998,17,5,0,0,0,0,0,0,0,0
480879,1,1,1998,0,0,0,7,0,0,0,10,0,0
480879,2,1,1998,0,0,0,0,0,0,0,0,0,0
480880,1,1,1998,0,0,0,0,0,0,13,0,0,0
480880,2,1,1998,0,0,0,0,0,0,0,11,0,0
480881,1,1,1998,8,21,27,15,22,18,15,25,20,3
480882,1,1,1998,5,22,30,20,29,0,14,0,0,0
480883,1,1,1998,20,6,10,7,12,15,20,9,6,25
480884,1,1,1998,2,2,2,2,2,2,2,2,2,2
480885,1,1,1998,17,17,7,7,30,17,6,0,26,25
480886,1,1,1998,0,0,0,0,0,0,0,0,0,0
480886,2,1,1998,0,0,6,0,0,0,0,0,0,0
480887,1,1,1998,7,7,7,7,7,7,7,7,7,7
480888,1,1,1998,0,0,0,0,0,0,0,0,0,0
480889,1,1,1998,0,0,0,0,0,0,0,0,0,0
480889,2,1,1998,0,0,0,0,0,0,0,0,0,0
480890,1,1,1998,0,0,0,0,0,0,0,0,0,0
480890,2,1,1998,0,0,0,0,0,0,0,0,0,0
480891,1,1,1998,19,0,18,0,8,0,0,0,25,11
480892,1,1,1998,20,20,20,20,20,20,20,20,20,20
480893,1,1,1998,0,12,0,0,0,0,0,0,0,0
480894,1,1,1998,0,10,20,0,0,0,0,0,0,0
480894,2,1,1998,0,13,0,0,0,8,0,0,0,0
480895,1,1,1998,0,0,0,0,0,0,0,0,0,0
480895,2,1,1998,0,0,0,0,0,0,0,0,0,0
480896,0,1,1998,0,0,0,0,0,0,0,0,0,0
480896,1,1,1998,0,0,0,0,0,0,0,0,0,0
480896,2,1,1998,0,0,0,0,0,0,0,0,0,0
480897,1,1,1998,17,0,0,21,0,0,0,0,17,0
480898,0,1,1998,15,0,0,0,30,0,0,0,0,0
480898,1,1,1998,0,0,0,0,0,0,0,0,0,0
480899,1,1,1998,24,0,0,0,0,0,0,0,0,0
480899,2,1,1998,0,0,0,0,0,14,0,0,0,0
480900,1,1,1998,0,0,0,0,0,0,0,0,0,14
480900,2,1,1998,0,0,6,0,0,0,0,0,0,0
480901,1,1,1998,0,0,0,0,0,0,0,6,13,4
480901,2,1,1998,0,0,0,0,0,0,0,0,0,0
480902,1,1,1998,0,0,10,7,15,9,0,15,29,16
480903,1,1,1998,13,19,0,18,31,17,0,26,8,0
480903,2,1,1998,0,0,0,0,0,0,0,0,0,0
480904,1,1,1998,0,0,0,0,0,0,0,0,0,0
480904,2,1,1998,0,0,0,22,12,0,0,0,0,0
480905,1,1,1998,0,0,0,0,0,0,0,0,0,0
480905,2,1,1998,0,0,0,0,0,0,0,0,0,0
480906,1,1,1998,0,19,0,0,0,0,0,4,11,0
480907,1,1,1998,0,0,0,0,0,0,0,0,0,0
480907,2,1,1998,0,0,0,0,0,0,0,0,0,0
480908,1,1,1998,31,31,31,31,31,31,31,31,31,31
480909,1,1,1998,22,30,18,13,13,15,14,7,33,24
480910,1,1,1998,32,19,13,27,26,6,21,24,18,26
480910,2,1,1998,0,0,0,0,0,0,0,0,16,8
480911,1,1,1998,21,21,21,21,21,21,21,21,21,21
480912,1,1,1998,0,0,0,0,0,0,0,0,0,0
480912,2,1,1998,0,17,0,15,0,0,2,0,0,0
480913,1,1,1998,39,39,39,39,39,39,39,39,39,39
480914,1,1,1998,18,14,15,22,23,11,16,19,10,20
480915,0,1,1998,15,0,0,0,18,17,0,10,0,12
480915,1,1,1998,32,0,8,13,0,0,5,0,20,12
480916,1,1,1998,0,0,0,0,0,0,0,0,0,0
480916,2,1,1998,0,0,0,0,0,0,0,0,0,0
480917,1,1,1998,5,5,5,5,5,5,5,5,5,5
480917,2,1,1998,0,0,0,32,0,0,0,0,0,0
480918,1,1,1998,14,14,14,14,14,14,14,14,14,14
480919,1,1,1998,2,2,2,2,2,2,2,2,2,2
480919,2,1,1998,0,18,0,0,15,0,15,5,0,0
480920,1,1,1998,0,0,0,0,0,0,0,0,0,0
480921,1,1,1998,0,0,0,0,0,0,0,0,0,0
480922,1,1,1998,24,0,0,0,0,12,13,0,19,0
480923,1,1,1998,18,18,18,18,18,18,18,18,18,18
480924,1,1,1998,21,21,21,21,21,21,21,21,21,21
480924,2,1,1998,0,0,19,32,0,0,0,0,0,24
480924,3,1,1998,0,0,0,0,0,0,0,19,0,0
480925,1,1,1998,0,0,0,0,0,0,0,0,0,0
480925,2,1,1998,27,27,27,27,27,27,27,27,27,27
480926,1,1,1998,31,20,15,15,28,38,16,21,25,14
480927,1,1,1998,0,0,0,0,0,0,0,0,0,28
480928,1,1,1998,19,19,19,19,19,19,19,19,19,19
480929,1,1,1998,30,27,27,7,24,13,27,24,16,14
480930,1,1,1998,0,0,0,30,0,0,0,10,37,0
480931,1,1,1998,31,31,31,31,31,31,31,31,31,31
480932,0,1,1998,12,23,0,36,27,32,19,31,27,45
480932,1,1,1998,0,0,0,0,0,10,0,20,0,0
480933,1,1,1998,0,0,0,0,0,0,0,19,0,0
480933,2,1,1998,0,0,0,0,0,0,0,0,0,0
480934,1,1,1998,7,7,7,7,7,7,7,7,7,7
480934,2,1,1998,0,0,0,0,0,0,0,0,0,0
480935,1,1,1998,0,0,0,0,0,0,0,0,0,0
480935,2,1,1998,0,0,0,0,0,0,0,0,0,0
480936,1,1,1998,0,0,0,0,0,0,0,0,0,0
480936,2,1,1998,0,0,0,0,0,0,0,0,0,0
480937,1,1,1998,0,0,0,0,0,0,0,0,0,0
480937,2,1,1998,0,0,0,17,0,0,0,0,0,0
480937,3,1,1998,0,0,0,0,0,0,0,0,0,0
480938,1,1,1998,0,0,0,0,0,0,0,0,0,0
480939,1,1,1998,0,11,12,0,0,0,0,0,3,0
480939,2,1,1998,21,0,0,20,0,19,0,6,0,0
480940,1,1,1998,0,0,0,0,0,0,0,0,0,0
480941,0,1,1998,0,0,0,0,0,0,0,0,0,0
480941,1,1,1998,0,0,0,0,0,0,0,0,0,0
480942,0,1,1998,0,0,0,0,0,0,0,0,0,0
480942,1,1,1998,0,0,0,0,0,0,0,0,17,0
480943,1,1,1998,0,0,20,0,0,0,15,7,0,0
480943,2,1,1998,0,0,0,0,0,0,0,0,0,0
480944,1,1,1998,0,0,0,0,0,0,0,0,0,0
480944,2,1,1998,0,0,0,0,0,0,0,0,0,0
480944,3,1,1998,0,0,0,0,0,0,0,0,0,0
480944,4,1,1998,11,0,0,0,0,0,0,0,22,0
480944,5,1,1998,0,0,0,0,0,0,0,0,0,0
480945,1,1,1998,0,0,0,0,0,0,0,0,0,0
480946,1,1,1998,0,0,0,0,11,0,0,0,6,0
480946,2,1,1998,0,0,0,0,0,0,0,0,0,0
480947,1,1,1998,0,20,10,19,12,0,16,17,15,0
480948,1,1,1998,14,0,0,20,0,7,0,0,0,0
480949,1,1,1998,0,0,0,17,0,0,0,0,0,0
480950,0,1,1998,18,18,18,18,18,18,18,18,18,18
480950,1,1,1998,0,0,0,0,0,0,7,17,0,0
480951,1,1,1998,0,0,0,0,0,0,0,0,0,0
480952,1,1,1998,28,28,28,28,28,28,28,28,28,28
480952,2,1,1998,0,0,0,0,0,0,0,0,0,0
480953,1,1,1998,0,0,0,0,0,0,0,0,0,0
480953,2,1,1998,0,0,0,0,0,0,0,0,0,0
480954,0,1,1998,0,0,0,0,0,0,0,0,0,0
480954,1,1,1998,0,0,0,0,0,7,0,0,9,0
480955,1,1,1998,0,0,0,0,0,0,0,0,0,0
480955,2,1,1998,0,0,0,0,0,0,0,0,0,0
480956,1,1,1998,0,0,0,3,0,0,17,0,0,0
480956,2,1,1998,0,0,0,8,0,0,0,4,0,0
480957,1,1,1998,21,21,21,21,21,21,21,21,21,21
480957,2,1,1998,0,0,0,0,0,0,0,0,0,0
480958,1,1,1998,10,10,10,10,10,10,10,10,10,10
480958,2,1,1998,34,34,34,34,34,34,34,34,34,34
480959,1,1,1998,0,0,0,0,0,0,0,0,0,13
480959,2,1,1998,0,0,12,0,0,0,32,0,0,0
480960,0,1,1998,0,0,0,0,0,0,0,0,0,0
480960,1,1,1998,0,0,0,0,0,0,0,0,0,0
480961,1,1,1998,0,0,0,0,0,0,0,0,0,0
480962,0,1,1998,7,0,0,28,18,22,24,14,13,8
480962,1,1,1998,0,0,0,0,0,0,0,0,0,0
480963,1,1,1998,11,11,11,11,11,11,11,11,11,11
480963,2,1,1998,0,0,0,0,15,0,0,0,0,0
480964,1,1,1998,37,0,9,23,0,27,19,0,0,11
480965,1,1,1998,0,0,0,0,0,0,0,0,0,0
480965,2,1,1998,0,0,0,0,0,0,0,0,6,0
480966,1,1,1998,12,3,9,8,15,14,11,20,5,12
480966,2,1,1998,17,17,17,17,17,17,17,17,17,17
480967,0,1,1998,0,0,0,0,0,0,0,0,0,0
480967,1,1,1998,0,9,11,0,0,0,16,0,0,23
480968,1,1,1998,0,29,0,0,0,27,0,0,0,11
480969,1,1,1998,28,25,0,17,26,16,15,0,8,11
480970,0,1,1998,0,0,14,0,0,0,0,17,16,0
480970,1,1,1998,10,0,0,0,0,18,13,0,0,16
480971,1,1,1998,0,0,0,0,0,0,0,22,0,0
480972,1,1,1998,0,0,0,0,0,0,0,9,0,0
480972,2,1,1998,0,8,0,0,0,0,24,0,0,0
480973,1,1,1998,8,18,16,13,21,14,10,16,34,16
480973,2,1,1998,0,20,0,5,0,0,17,0,0,0
480974,1,1,1998,6,0,15,0,0,0,0,3,0,9
480975,0,1,1998,0,12,14,21,0,14,0,16,0,0
480975,1,1,1998,0,24,0,18,7,0,10,0,0,0
480975,2,1,1998,35,35,35,35,35,35,35,35,35,35
480976,0,1,1998,8,26,15,0,35,16,38,16,0,13
480976,1,1,1998,0,0,35,10,20,19,19,24,6,8
480977,1,1,1998,13,13,13,13,13,13,13,13,13,13
480977,2,1,1998,5,5,5,5,5,5,5,5,5,5
480978,1,1,1998,10,10,10,10,10,10,10,10,10,10
480979,1,1,1998,0,0,0,0,13,0,0,0,31,0
480980,1,1,1998,0,0,0,0,0,0,0,0,0,0
480980,2,1,1998,0,19,0,0,0,0,0,0,0,0
480981,0,1,1998,24,19,38,24,12,22,12,34,49,23
480981,1,1,1998,0,10,0,0,21,0,0,0,0,0
480982,0,1,1998,12,6,27,0,17,18,10,14,4,0
480982,1,1,1998,0,19,8,0,7,0,0,19,0,0
480983,1,1,1998,16,10,19,0,0,20,0,0,0,0
480984,1,1,1998,0,10,15,24,0,0,0,0,0,11
480985,1,1,1998,0,0,0,0,0,0,0,0,0,0
480985,2,1,1998,0,0,0,0,0,0,0,0,0,7
480986,1,1,1998,30,30,30,30,30,30,30,30,30,30
480987,1,1,1998,7,7,7,7,7,7,7,7,7,7
480988,1,1,1998,0,0,0,13,0,0,0,0,11,0
480988,2,1,1998,0,0,0,0,0,0,0,0,0,0
480989,1,1,1998,0,0,0,0,0,0,0,0,0,0
480989,2,1,1998,0,0,0,0,0,0,0,0,0,0
480990,1,1,1998,18,16,15,9,12,9,34,17,32,0
480991,0,1,1998,0,6,8,20,48,0,0,10,15,23
480991,1,1,1998,19,0,0,12,0,0,0,0,0,12
480992,1,1,1998,0,0,0,0,0,0,0,0,0,0
480992,2,1,1998,0,0,0,0,0,0,0,0,0,0
480993,0,1,1998,14,18,19,0,0,11,15,26,18,0
480993,1,1,1998,13,0,0,0,0,0,13,0,5,8
480993,2,1,1998,0,0,0,0,0,0,0,0,0,0
480993,3,1,1998,17,0,0,0,0,16,0,0,0,3
480993,4,1,1998,0,0,0,0,0,0,0,25,0,0
480993,5,1,1998,0,12,0,18,0,0,0,0,0,0
480993,6,1,1998,0,0,0,0,9,0,0,37,7,0
480994,0,1,1998,35,30,39,0,0,40,0,0,23,5
480994,1,1,1998,31,25,15,20,19,4,0,10,14,24
480995,1,1,1998,7,21,11,11,21,11,17,0,16,3
480996,1,1,1998,11,11,11,11,11,11,11,11,11,11
480996,2,1,1998,0,0,0,25,11,0,0,0,15,17
480996,3,1,1998,9,0,0,0,12,21,22,0,24,0
480997,1,1,1998,21,21,21,21,21,21,21,21,21,21
480998,1,1,1998,5,5,5,5,5,5,5,5,5,5
480999,1,1,1998,0,0,4,0,0,25,25,0,0,0
481000,0,1,1998,20,12,0,0,0,37,41,0,0,0
481000,1,1,1998,0,0,0,0,0,0,0,0,0,0
481001,1,1,1998,14,0,9,27,19,20,0,0,19,0
481002,1,1,1998,0,0,0,0,0,0,0,0,18,0
481002,2,1,1998,0,0,0,0,0,0,0,0,0,0
481003,1,1,1998,32,0,0,20,0,9,0,0,0,0
481003,2,1,1998,0,0,0,0,0,0,0,0,0,0
481004,1,1,1998,0,0,0,0,0,0,0,0,0,0
481004,2,1,1998,0,0,0,0,0,0,0,0,0,0
481005,0,1,1998,0,0,0,13,0,0,0,0,0,0
481005,1,1,1998,0,0,0,0,0,0,0,0,0,0
481006,1,1,1998,0,0,0,0,0,0,0,0,0,0
481006,2,1,1998,13,0,0,0,0,0,0,0,0,0
481007,1,1,1998,0,0,0,8,0,0,0,0,0,0
481007,2,1,1998,0,0,0,0,0,0,0,0,0,0
481008,1,1,1998,21,21,21,21,21,21,21,21,21,21
481008,2,1,1998,0,0,0,0,0,0,0,0,0,0
481009,1,1,1998,0,0,0,0,0,0,0,0,0,0
481009,2,1,1998,0,0,0,0,0,0,0,0,0,0
481010,0,1,1998,0,0,0,0,0,0,10,0,0,0
481010,1,1,1998,0,0,0,0,0,0,0,0,0,0
481011,1,1,1998,0,0,0,0,0,0,0,0,0,0
481011,2,1,1998,0,0,0,0,0,0,0,0,0,0
481012,0,1,1998,0,0,0,0,0,0,0,0,0,0
481012,1,1,1998,0,0,0,0,0,0,0,0,0,0
481013,0,1,1998,0,0,7,0,0,0,0,0,0,0
481013,1,1,1998,0,0,0,0,0,0,0,0,0,0
481014,2,1,1998,0,0,0,0,0,0,0,0,0,0
481015,1,1,1998,0,0,0,0,0,0,0,18,0,0
481015,2,1,1998,0,0,22,39,0,0,0,0,0,4
481016,1,1,1998,11,11,11,11,11,11,11,11,11,11
481017,1,1,1998,0,0,0,6,0,8,0,6,7,10
481018,1,1,1998,0,0,0,0,0,0,0,0,0,0
481018,2,1,1998,0,0,0,0,0,0,0,0,0,0
481019,1,1,1998,3,3,3,3,3,3,3,3,3,3
481019,2,1,1998,0,0,0,0,0,0,0,0,0,0
481020,1,1,1998,0,0,0,0,0,0,0,0,0,0
481020,2,1,1998,0,0,0,0,0,0,0,0,0,0
481021,1,1,1998,0,0,0,0,0,0,0,0,0,0
481021,2,1,1998,0,0,0,0,0,0,0,0,0,0
481022,0,1,1998,0,0,0,0,0,0,0,0,0,0
481022,1,1,1998,0,0,0,2,0,0,0,0,0,0
481023,1,1,1998,0,0,0,0,0,0,0,0,0,0
481023,2,1,1998,0,0,0,0,0,0,0,0,0,0
481024,1,1,1998,0,0,0,0,0,0,0,0,0,0
481024,2,1,1998,0,0,0,0,0,0,0,0,0,0
481025,1,1,1998,10,10,10,10,10,10,10,10,10,10
481026,1,1,1998,9,9,9,9,9,9,9,9,9,9
481027,1,1,1998,18,27,13,17,27,24,23,26,11,11
481027,2,1,1998,12,28,23,16,4,11,5,16,10,0
481028,0,1,1998,17,26,25,16,12,27,45,29,32,11
481028,1,1,1998,26,26,26,26,26,26,26,26,26,26
481029,1,1,1998,17,17,17,17,17,17,17,17,17,17
481030,1,1,1998,7,18,10,12,5,20,10,27,13,23
481031,1,1,1998,3,3,3,3,3,3,3,3,3,3
481032,1,1,1998,16,16,16,16,16,16,16,16,16,16
481032,2,1,1998,11,11,11,11,11,11,11,11,11,11
481032,3,1,1998,0,0,10,0,0,0,0,0,12,0
481033,1,1,1998,0,0,0,0,0,0,0,13,0,0
481034,1,1,1998,18,0,13,38,0,23,25,18,30,39
481035,1,1,1998,25,25,25,25,25,25,25,25,25,25
481036,1,1,1998,18,11,17,18,29,8,21,31,28,24
481037,1,1,1998,9,9,9,9,9,9,9,9,9,9
481038,1,1,1998,0,18,0,0,0,27,0,13,9,11
481039,1,1,1998,0,0,0,0,0,0,0,0,0,0
481040,1,1,1998,30,26,8,17,9,25,15,25,23,17
481041,1,1,1998,0,0,11,25,0,0,0,11,0,31
481042,1,1,1998,16,16,16,16,16,16,16,16,16,16
481042,2,1,1998,7,0,6,0,0,0,0,0,0,0
481042,3,1,1998,0,0,0,9,0,0,14,0,0,0
481043,1,1,1998,0,0,0,0,0,0,0,0,0,0
481043,2,1,1998,0,0,0,0,0,0,0,0,0,0
481044,1,1,1998,28,28,28,28,28,28,28,28,28,28
481045,1,1,1998,2,2,2,2,2,2,2,2,2,2
481045,2,1,1998,0,0,0,0,0,0,0,0,0,0
481046,1,1,1998,13,13,13,13,13,13,13,13,13,13
481047,1,1,1998,0,0,0,0,0,0,0,0,0,0
481047,2,1,1998,0,0,0,0,0,0,0,0,0,0
481048,1,1,1998,24,13,0,0,0,0,0,17,0,0
481049,1,1,1998,11,11,11,11,11,11,11,11,11,11
481050,1,1,1998,0,0,0,0,0,0,0,0,0,0
481050,2,1,1998,0,0,0,0,0,0,0,0,0,0
481051,1,1,1998,40,0,18,0,12,10,14,7,36,15
481052,1,1,1998,0,0,0,0,0,24,0,0,0,0
481053,1,1,1998,0,0,0,0,0,0,0,0,0,0
481053,2,1,1998,0,0,0,0,0,0,0,0,0,0
481054,1,1,1998,0,0,0,3,0,0,0,0,0,0
481055,1,1,1998,0,0,0,0,0,0,0,0,0,0
481055,2,1,1998,0,0,0,0,0,0,0,0,0,0
481055,3,1,1998,0,10,0,0,0,0,0,0,0,0
481056,1,1,1998,0,0,0,0,0,0,0,0,0,0
481057,1,1,1998,0,0,0,0,0,0,0,0,0,0
481057,2,1,1998,0,0,0,0,0,0,0,0,0,0
481058,1,1,1998,15,15,15,15,15,15,15,15,15,15
481059,1,1,1998,5,0,0,0,0,0,0,0,0,0
481059,2,1,1998,0,0,0,0,0,0,0,9,0,26
481060,1,1,1998,0,0,0,0,0,0,0,0,0,0
481060,2,1,1998,0,0,0,0,0,0,0,0,0,0
481061,1,1,1998,0,0,0,0,0,0,0,0,0,0
481062,1,1,1998,35,35,35,35,35,35,35,35,35,35
481063,1,1,1998,0,0,0,0,0,0,0,0,0,0
481063,2,1,1998,0,0,0,5,0,0,4,0,0,0
481063,3,1,1998,0,15,0,0,0,0,0,0,10,0
481063,4,1,1998,0,0,0,0,0,0,0,0,16,0
481063,5,1,1998,0,7,12,0,0,0,0,0,0,0
481063,6,1,1998,0,0,0,0,0,0,0,0,0,0
481064,1,1,1998,0,0,0,0,0,0,0,0,0,0
481064,2,1,1998,0,0,0,0,0,0,0,0,0,0
481065,1,1,1998,0,0,0,0,0,0,0,0,0,0
481066,1,1,1998,24,24,24,24,24,24,24,24,24,24
481067,0,1,1998,0,0,0,0,0,0,0,0,0,0
481067,1,1,1998,0,0,0,0,0,0,0,0,0,0
481068,1,1,1998,27,27,27,27,27,27,27,27,27,27
481068,2,1,1998,0,0,0,0,0,21,0,13,0,14
481068,3,1,1998,0,0,0,17,0,0,0,0,0,10
481069,1,1,1998,0,0,0,0,0,0,0,0,0,0
481070,1,1,1998,0,0,0,0,0,0,0,0,0,0
481070,2,1,1998,0,0,0,0,0,0,0,0,0,0
481071,1,1,1998,0,0,0,0,0,0,0,0,0,0
481071,2,1,1998,0,0,0,0,0,0,0,0,0,0
481072,1,1,1998,0,0,0,2,20,0,17,22,20,5
481073,1,1,1998,0,0,0,0,0,0,0,0,0,0
481073,2,1,1998,11,11,11,11,11,11,11,11,11,11
481074,0,1,1998,0,0,25,27,49,0,0,34,0,35
481074,1,1,1998,0,0,0,0,12,0,0,0,0,0
481075,1,1,1998,21,17,0,5,15,7,9,9,18,8
481075,2,1,1998,0,10,0,0,0,0,0,0,0,0
481076,1,1,1998,0,0,0,0,0,0,0,0,0,0
481077,1,1,1998,5,0,0,9,0,22,0,0,33,8
481077,2,1,1998,0,12,0,18,0,0,9,0,0,0
481078,1,1,1998,14,14,14,14,14,14,14,14,14,14
481079,1,1,1998,34,18,19,23,0,0,0,18,0,0
481079,2,1,1998,0,0,0,0,0,0,0,0,0,0
481080,1,1,1998,14,0,0,0,4,0,17,17,0,0
481080,2,1,1998,0,0,0,0,0,0,0,0,0,0
481081,0,1,1998,22,0,0,29,0,6,0,22,9,0
481081,1,1,1998,12,8,0,6,0,0,0,0,21,0
481082,1,1,1998,0,8,7,0,0,10,15,10,0,0
481082,2,1,1998,0,0,0,0,0,0,0,0,0,0
481083,1,1,1998,0,0,0,9,0,0,0,0,0,0
481083,2,1,1998,0,0,0,0,0,0,0,0,0,0
481084,1,1,1998,29,29,29,29,29,29,29,29,29,29
481085,0,1,1998,0,0,0,0,0,0,0,0,0,0
481085,1,1,1998,0,0,0,0,0,0,0,0,0,0
481086,1,1,1998,18,29,7,0,11,11,5,0,21,13
481086,2,1,1998,10,11,13,16,22,11,18,16,26,12
481087,1,1,1998,0,0,0,0,0,0,0,0,0,0
481087,2,1,1998,0,8,12,0,0,0,0,0,0,0
481088,1,1,1998,0,0,0,0,0,0,0,0,0,0
481088,2,1,1998,0,0,0,0,0,0,0,0,0,0
481089,1,1,1998,18,18,18,18,18,18,18,18,18,18
481089,2,1,1998,0,0,0,0,0,22,0,14,0,0