ST_CASE,VEH_NO,PER_NO,YEAR,P1,P2,P3,P4,P5,P6,P7,P8,P9,P10
481377,2,1,1998,0,0,0,0,0,0,0,0,0,0
481378,0,1,1998,0,13,42,0,19,5,25,31,10,0
481378,1,1,1998,14,7,9,21,20,21,12,24,12,15
481379,1,1,1998,18,18,18,18,18,18,18,18,18,18
481379,2,1,1998,0,0,0,0,0,0,0,0,0,0
481380,1,1,1998,18,15,15,29,23,21,34,12,20,29
481381,1,1,1998,0,8,0,6,0,30,0,0,0,14
481381,2,1,1998,5,0,5,0,0,0,0,21,0,4
481381,3,1,1998,25,25,25,25,25,25,25,25,25,25
481382,1,1,1998,33,33,33,33,33,33,33,33,33,33
481383,1,1,1998,24,24,24,24,24,24,24,24,24,24
481384,1,1,1998,20,20,20,20,20,20,20,20,20,20
481385,1,1,1998,25,25,25,25,25,25,25,25,25,25
481386,1,1,1998,0,0,0,0,0,0,0,0,0,0
481386,2,1,1998,0,0,0,0,0,0,0,0,0,0
481386,3,1,1998,0,0,0,0,0,0,0,0,0,0
481387,1,1,1998,0,14,13,0,0,0,9,0,0,0
481388,1,1,1998,9,9,9,9,9,9,9,9,9,9
481389,1,1,1998,29,29,29,29,29,29,29,29,29,29
481389,2,1,1998,30,0,23,6,0,0,32,0,0,0
481390,1,1,1998,13,13,13,13,13,13,13,13,13,13
481390,2,1,1998,0,0,0,0,0,0,0,0,0,0
481391,0,1,1998,0,0,0,0,0,0,0,0,0,0
481391,1,1,1998,0,0,0,0,0,0,0,0,0,0
481392,1,1,1998,0,0,0,0,0,0,0,0,0,0
481393,1,1,1998,0,0,0,0,0,0,0,0,0,0
481393,2,1,1998,0,0,0,0,0,0,0,0,0,7
481394,1,1,1998,5,5,5,5,5,5,5,5,5,5
481395,1,1,1998,22,22,22,22,22,22,22,22,22,22
481396,1,1,1998,14,14,14,14,14,14,14,14,14,14
481397,1,1,1998,2,2,2,2,2,2,2,2,2,2
481398,0,1,1998,38,0,0,0,20,20,0,0,0,0
481398,1,1,1998,0,17,0,5,0,0,0,0,0,0
481399,1,1,1998,21,21,21,21,21,21,21,21,21,21
481400,1,1,1998,0,0,0,0,0,0,0,0,0,0
481401,1,1,1998,19,0,0,0,24,0,0,0,19,0
481401,2,1,1998,7,0,0,0,0,0,0,0,0,0
481402,1,1,1998,0,0,0,0,27,0,0,0,0,0
481402,2,1,1998,0,0,0,0,0,0,0,0,0,0
481403,1,1,1998,0,0,0,0,0,0,0,0,0,0
481403,2,1,1998,0,0,0,0,0,0,0,0,0,0
481404,1,1,1998,12,12,12,12,12,12,12,12,12,12
481405,1,1,1998,0,0,0,0,0,0,0,0,0,0
481406,1,1,1998,0,0,0,0,0,0,0,3,0,0
481406,2,1,1998,0,0,0,0,0,0,0,0,0,8
481406,3,1,1998,0,0,0,0,25,0,0,0,0,0
481407,1,1,1998,0,0,0,0,0,0,0,0,0,0
481407,2,1,1998,14,18,0,8,0,0,0,0,8,0
481408,1,1,1998,0,0,0,0,0,0,0,0,0,0
481408,2,1,1998,0,0,0,0,0,0,0,0,0,0
481409,1,1,1998,0,0,0,0,0,0,0,0,0,0
481409,2,1,1998,0,0,0,0,0,0,0,0,0,0
481410,1,1,1998,0,0,0,0,0,0,0,0,0,0
481411,1,1,1998,0,0,0,0,0,0,0,15,0,0
481411,2,1,1998,0,7,0,0,0,0,27,0,0,0
481412,1,1,1998,0,0,0,0,0,0,0,0,0,0
481413,1,1,1998,0,0,22,0,0,0,0,0,17,0
481414,1,1,1998,0,0,0,0,0,0,0,0,0,0
481415,1,1,1998,14,11,0,12,15,14,13,0,27,27
481416,1,1,1998,0,0,0,0,0,32,0,0,0,0
481416,2,1,1998,0,0,0,0,0,0,0,0,0,0
481417,1,1,1998,20,20,20,20,20,20,20,20,20,20
481418,0,1,1998,23,23,23,23,23,23,23,23,23,23
481418,1,1,1998,0,0,0,0,0,0,0,0,0,0
481419,1,1,1998,0,0,0,0,0,0,0,0,0,0
481420,1,1,1998,0,0,0,0,0,0,0,0,0,0
481421,1,1,1998,14,14,14,14,14,14,14,14,14,14
481421,2,1,1998,0,0,25,9,0,0,0,0,18,9
481421,3,1,1998,0,0,0,0,0,0,0,7,6,9
481422,1,1,1998,12,12,12,12,12,12,12,12,12,12
481423,1,1,1998,7,7,7,7,7,7,7,7,7,7
481424,1,1,1998,0,0,0,0,0,0,0,0,0,0
481425,1,1,1998,0,0,16,10,7,13,0,0,24,22
481426,1,1,1998,0,0,0,0,0,0,0,0,0,0
481426,2,1,1998,0,0,0,0,0,0,0,0,0,0
481427,0,1,1998,28,28,28,28,28,28,28,28,28,28
481427,1,1,1998,0,0,0,0,0,0,0,0,0,0
481428,1,1,1998,13,13,13,13,13,13,13,13,13,13
481429,1,1,1998,11,21,5,9,22,20,31,9,27,29
481430,1,1,1998,0,11,0,30,40,0,33,0,26,28
481431,0,1,1998,0,0,0,0,0,0,0,36,23,0
481431,1,1,1998,7,0,0,0,13,6,0,20,0,4
481432,1,1,1998,0,0,0,0,0,0,0,0,0,0
481432,2,1,1998,0,0,0,9,9,0,0,0,0,17
481433,1,1,1998,19,19,19,19,19,19,19,19,19,19
481434,1,1,1998,26,18,41,16,19,2,10,12,15,0
481435,1,1,1998,0,12,13,0,0,0,0,0,0,0
481436,1,1,1998,16,16,16,16,16,16,16,16,16,16
481437,1,1,1998,17,0,0,0,0,0,11,0,0,13
481438,1,1,1998,17,17,17,17,17,17,17,17,17,17
481439,1,1,1998,0,0,0,0,0,0,0,0,0,0
481439,2,1,1998,0,0,0,0,0,0,0,0,0,0
481440,0,1,1998,0,0,25,0,0,0,0,0,0,0
481440,1,1,1998,0,0,0,0,0,0,0,0,0,0
481440,2,1,1998,0,0,0,0,0,8,0,0,0,0
481441,1,1,1998,0,0,0,0,0,0,0,0,0,0
481442,0,1,1998,0,0,0,0,0,0,0,0,0,0
481442,1,1,1998,0,8,0,0,0,0,0,17,0,8
481443,0,1,1998,11,0,36,0,0,0,0,17,12,0
481443,1,1,1998,0,2,0,3,0,6,0,10,11,0
481444,1,1,1998,8,4,7,32,6,12,8,20,10,10
481444,2,1,1998,0,0,0,6,0,0,12,0,8,0
481445,0,1,1998,0,0,0,0,0,0,0,0,0,0
481445,1,1,1998,18,0,0,0,0,5,0,3,0,0
481446,1,1,1998,0,0,0,0,0,0,0,0,0,0
481446,2,1,1998,0,0,0,0,0,0,0,0,0,0
481447,1,1,1998,12,12,12,12,12,12,12,12,12,12
481447,2,1,1998,0,0,6,0,0,0,0,0,0,0
481448,0,1,1998,0,0,0,0,0,0,0,19,0,0
481448,1,1,1998,12,12,12,12,12,12,12,12,12,12
481449,1,1,1998,0,0,0,0,0,0,0,12,17,16
481450,1,1,1998,24,24,24,24,24,24,24,24,24,24
481450,2,1,1998,0,0,0,0,0,0,0,5,0,0
481451,1,1,1998,0,0,0,0,0,0,0,0,0,0
481452,1,1,1998,0,0,0,0,0,0,0,0,0,0
481453,1,1,1998,0,0,0,0,0,0,0,0,0,0
481454,1,1,1998,0,0,0,0,0,0,0,0,0,0
481455,1,1,1998,0,19,0,25,9,0,21,12,0,21
481456,0,1,1998,0,9,0,0,0,12,0,0,0,25
481456,1,1,1998,0,0,16,0,0,0,0,0,0,0
481457,0,1,1998,0,0,0,0,0,0,0,0,0,0
481457,1,1,1998,28,0,0,9,0,0,0,0,0,0
481458,1,1,1998,17,3,0,0,26,11,34,12,0,16
481458,2,1,1998,0,0,5,0,17,0,0,7,7,0
481458,3,1,1998,6,16,0,23,12,0,0,5,12,0
481459,1,1,1998,0,5,16,0,9,0,6,0,0,0
481459,2,1,1998,0,0,0,0,0,0,0,0,0,0
481460,1,1,1998,0,0,0,0,0,0,0,0,0,0
481460,2,1,1998,0,28,0,0,0,0,0,0,9,0
481461,0,1,1998,14,15,8,18,0,0,0,17,20,5
481461,1,1,1998,6,0,0,9,3,0,0,0,0,0
481462,1,1,1998,0,28,0,0,0,0,13,0,0,0
481463,1,1,1998,0,10,0,0,14,0,0,0,0,0
481463,2,1,1998,17,0,0,0,17,0,0,12,0,10
481464,1,1,1998,9,0,0,0,15,0,0,21,0,0
481464,2,1,1998,0,22,11,0,9,0,25,20,0,0
481465,0,1,1998,26,26,26,26,26,26,26,26,26,26
481465,1,1,1998,0,15,10,6,11,0,0,8,0,21
481466,1,1,1998,19,19,19,19,19,19,19,19,19,19
481467,1,1,1998,13,13,13,13,13,13,13,13,13,13
481467,2,1,1998,0,0,0,0,0,0,0,0,0,0
481468,1,1,1998,0,0,0,0,0,0,0,0,3,0
481468,2,1,1998,0,0,0,0,0,0,0,0,0,0
481469,1,1,1998,0,18,0,0,0,19,0,0,0,0
481469,2,1,1998,9,0,0,0,0,13,5,0,0,0
481470,1,1,1998,0,0,0,0,0,0,0,0,0,0
481470,2,1,1998,0,0,0,0,0,0,0,0,0,0
481470,3,1,1998,0,0,0,0,0,0,0,0,0,0
481471,1,1,1998,6,6,6,6,6,6,6,6,6,6
481472,1,1,1998,0,0,0,0,0,34,0,0,0,0
481473,1,1,1998,14,14,14,14,14,14,14,14,14,14
481474,0,1,1998,12,18,13,38,24,17,14,0,12,19
481474,0,2,1998,15,0,0,9,0,29,0,0,9,11
481474,1,1,1998,0,0,10,0,0,0,0,0,0,0
481475,1,1,1998,11,11,11,11,11,11,11,11,11,11
481476,1,1,1998,24,12,11,5,14,24,16,16,12,12
481477,1,1,1998,0,0,0,0,0,0,0,0,0,0
481477,2,1,1998,0,0,0,0,0,0,0,0,0,0
481478,1,1,1998,17,0,19,0,22,6,18,14,24,6
481479,0,1,1998,0,0,0,0,0,0,0,0,0,0
481479,1,1,1998,0,0,0,0,0,0,0,0,0,0
481480,0,1,1998,0,0,0,0,0,0,0,0,0,0
481480,1,1,1998,0,0,0,0,0,0,0,0,14,0
481481,1,1,1998,0,0,0,0,0,0,0,0,0,0
481482,1,1,1998,20,20,20,20,20,20,20,20,20,20
481483,1,1,1998,0,0,0,0,0,0,0,0,0,0
481483,2,1,1998,16,16,16,16,16,16,16,16,16,16
481484,0,1,1998,21,21,21,21,21,21,21,21,21,21
481484,1,1,1998,0,0,0,0,16,0,0,0,0,0
481485,1,1,1998,0,0,0,0,0,0,0,0,0,0
481485,2,1,1998,0,0,7,0,0,0,0,0,0,0
481485,3,1,1998,0,0,0,0,0,0,0,0,0,0
481486,1,1,1998,9,9,9,9,9,9,9,9,9,9
481486,2,1,1998,5,5,5,5,5,5,5,5,5,5
481487,1,1,1998,24,24,24,24,24,24,24,24,24,24
481488,1,1,1998,0,0,0,0,0,0,0,0,0,0
481488,2,1,1998,6,6,6,6,6,6,6,6,6,6
481489,1,1,1998,0,0,0,0,0,0,0,0,0,0
481490,1,1,1998,0,0,0,0,0,0,0,0,0,0
481491,1,1,1998,0,0,0,0,0,0,0,0,0,0
481491,2,1,1998,0,0,0,0,0,0,0,0,0,0
481492,1,1,1998,15,4,11,4,12,18,21,8,27,17
481493,1,1,1998,0,0,0,0,0,0,0,0,0,0
481494,1,1,1998,0,0,0,0,0,0,0,0,0,0
481495,1,1,1998,14,14,14,14,14,14,14,14,14,14
481496,1,1,1998,16,36,7,0,13,0,23,14,16,0
481497,0,1,1998,10,0,32,0,0,30,12,0,0,0
481497,1,1,1998,0,0,15,0,0,0,0,0,33,0
481498,1,1,1998,15,15,15,15,15,15,15,15,15,15
481499,1,1,1998,6,6,6,6,6,6,6,6,6,6
481500,1,1,1998,0,0,0,0,0,0,0,0,0,0
481500,2,1,1998,0,0,0,0,0,0,0,0,0,0
481501,1,1,1998,27,0,20,34,19,27,20,0,0,22
481502,1,1,1998,26,26,26,26,26,26,26,26,26,26
481503,1,1,1998,0,12,20,11,3,11,0,0,22,10
481504,1,1,1998,10,10,7,10,15,20,19,6,19,7
481505,1,1,1998,19,19,19,19,19,19,19,19,19,19
481506,1,1,1998,0,0,0,0,0,0,0,0,0,0
481506,2,1,1998,26,26,26,26,26,26,26,26,26,26
481507,0,1,1998,16,25,16,16,11,31,20,54,27,12
481507,1,1,1998,0,0,0,0,0,0,0,0,0,0
481508,1,1,1998,0,3,10,16,12,18,9,9,0,6
481509,1,1,1998,0,0,0,15,0,0,0,0,0,0
481509,2,1,1998,30,0,0,0,0,0,0,0,12,0
481510,1,1,1998,0,0,0,0,0,0,0,0,0,0
481510,2,1,1998,0,0,0,7,0,0,18,0,0,0
481511,1,1,1998,0,0,0,13,0,0,14,16,0,0
481512,0,1,1998,23,0,0,0,0,0,0,0,21,0
481512,1,1,1998,0,0,0,0,0,0,0,0,0,0
481513,1,1,1998,19,21,0,0,0,12,0,0,0,36
481514,1,1,1998,23,18,17,29,17,23,20,27,33,25
481515,1,1,1998,7,7,7,7,7,7,7,7,7,7
481515,2,1,1998,20,20,20,20,20,20,20,20,20,20
481516,1,1,1998,25,14,30,14,15,20,8,25,9,10
481516,2,1,1998,0,0,0,0,0,0,0,0,0,0
481517,1,1,1998,0,0,0,0,0,0,0,0,0,0
481517,2,1,1998,0,0,0,0,0,0,0,0,0,0
481518,1,1,1998,30,22,0,15,0,0,0,0,0,0
481519,1,1,1998,27,27,27,27,27,27,27,27,27,27
481520,1,1,1998,4,4,4,4,4,4,4,4,4,4
481521,1,1,1998,10,10,10,10,10,10,10,10,10,10
481522,1,1,1998,0,0,0,0,0,0,0,0,0,0
481522,2,1,1998,0,0,0,0,0,0,0,0,0,10
481522,3,1,1998,0,0,0,0,0,0,0,0,0,0
481522,4,1,1998,0,0,0,13,0,0,0,0,0,0
481523,1,1,1998,10,10,10,10,10,10,10,10,10,10
481524,1,1,1998,12,11,14,11,6,10,18,10,6,9
481525,1,1,1998,0,0,0,0,0,0,0,0,0,10
481525,2,1,1998,0,0,0,0,0,0,12,0,0,0
481525,3,1,1998,0,0,0,0,0,0,0,0,0,0
481525,4,1,1998,0,0,0,0,0,0,0,0,0,0
481525,5,1,1998,0,0,0,0,0,0,0,0,0,0
481526,1,1,1998,0,0,0,5,0,0,0,0,0,0
481526,2,1,1998,0,0,0,0,0,0,0,0,0,0
481527,1,1,1998,0,5,0,0,0,0,0,0,0,0
481527,2,1,1998,16,14,0,0,13,5,0,12,0,0
481527,3,1,1998,0,0,0,0,0,0,0,0,5,9
481528,1,1,1998,17,25,34,22,23,34,21,0,18,19
481529,1,1,1998,14,14,14,14,14,14,14,14,14,14
481530,1,1,1998,17,17,17,17,17,17,17,17,17,17
481531,1,1,1998,7,17,17,13,0,30,20,2,12,6
481532,0,1,1998,20,0,15,0,13,13,15,21,0,10
481532,1,1,1998,24,0,0,18,10,13,0,8,0,37
481533,1,1,1998,22,22,22,22,22,22,22,22,22,22
481533,2,1,1998,0,0,0,0,9,0,0,0,0,0
481534,1,1,1998,19,10,42,14,25,17,19,37,18,22
481535,1,1,1998,19,19,19,19,19,19,19,19,19,19
481535,2,1,1998,0,0,0,0,0,0,0,0,0,0
481536,1,1,1998,34,34,34,34,34,34,34,34,34,34
481536,2,1,1998,0,15,18,0,0,0,8,4,0,12
481537,0,1,1998,36,27,27,50,10,12,30,25,9,0
481537,1,1,1998,20,11,9,6,4,0,13,16,24,8
481538,1,1,1998,0,17,17,12,0,0,9,25,0,0
481538,2,1,1998,0,0,0,0,0,0,0,0,0,0
481539,1,1,1998,19,23,21,17,23,13,25,20,3,22
481540,1,1,1998,0,0,0,0,0,0,0,0,0,0
481540,2,1,1998,0,0,0,0,0,0,0,0,0,0
481541,1,1,1998,19,8,0,0,15,6,12,18,13,11
481541,2,1,1998,16,16,16,16,16,16,16,16,16,16
481542,1,1,1998,0,0,0,0,0,0,0,0,0,0
481542,2,1,1998,0,0,0,0,0,0,0,0,0,0
481543,1,1,1998,0,0,0,0,0,0,0,0,0,0
481544,1,1,1998,21,21,21,21,21,21,21,21,21,21
481545,1,1,1998,0,0,0,0,0,0,0,10,0,0
481546,0,1,1998,0,0,0,0,12,0,0,0,8,0
481546,1,1,1998,0,10,13,12,0,0,18,0,10,5
481547,1,1,1998,12,12,12,12,12,12,12,12,12,12
481548,1,1,1998,8,8,8,8,8,8,8,8,8,8
481549,1,1,1998,6,6,6,6,6,6,6,6,6,6
481550,1,1,1998,8,17,54,4,0,30,0,0,47,8
481551,1,1,1998,2,0,0,0,0,0,0,0,0,0
481551,2,1,1998,0,23,0,0,9,0,0,11,0,10
481552,1,1,1998,0,0,0,0,0,0,0,0,0,0
481552,2,1,1998,0,0,0,0,0,0,0,0,0,0
481553,1,1,1998,0,0,0,0,0,0,0,0,0,0
481554,1,1,1998,21,10,0,8,21,24,3,6,11,8
481555,1,1,1998,0,0,0,0,0,0,10,22,0,0
481555,2,1,1998,11,25,14,12,6,23,12,6,19,23
481556,1,1,1998,18,18,18,18,18,18,18,18,18,18
481557,1,1,1998,0,0,0,0,0,0,0,0,0,0
481557,2,1,1998,0,0,0,0,0,0,0,0,0,0
481557,3,1,1998,0,0,0,0,0,0,0,0,0,0
481558,0,1,1998,0,60,22,0,4,13,14,5,0,4
481558,1,1,1998,0,0,7,0,0,0,0,0,0,0
481559,1,1,1998,0,0,0,0,20,0,0,0,12,0
481559,2,1,1998,0,0,0,0,0,0,0,0,0,0
481560,1,1,1998,10,25,14,0,22,10,21,10,0,0
481561,1,1,1998,16,16,16,16,16,16,16,16,16,16
481562,1,1,1998,16,16,16,16,16,16,16,16,16,16
481563,1,1,1998,14,18,24,31,16,42,30,16,12,9
481564,1,1,1998,0,0,0,0,0,0,0,0,0,0
481565,1,1,1998,0,0,7,0,0,0,10,0,0,0
481565,2,1,1998,0,0,0,0,0,0,0,0,0,0
481566,0,1,1998,0,0,0,0,0,0,0,0,0,0
481566,1,1,1998,0,0,0,0,0,0,0,0,0,0
481567,1,1,1998,0,0,6,0,0,0,0,0,15,0
481568,1,1,1998,11,11,11,11,11,11,11,11,11,11
481569,1,1,1998,19,19,19,19,19,19,19,19,19,19
481570,1,1,1998,0,0,0,0,0,0,0,15,0,0
481571,1,1,1998,24,13,14,20,18,15,13,7,13,6
481572,1,1,1998,16,0,2,0,0,0,7,0,0,0
481572,2,1,1998,24,19,0,0,0,0,0,0,0,7
481573,1,1,1998,0,0,0,0,0,0,0,0,0,0
481574,1,1,1998,16,0,6,12,0,0,0,0,0,0
481575,1,1,1998,17,17,17,17,17,17,17,17,17,17
481575,2,1,1998,0,0,0,0,0,0,0,0,0,0
481576,0,1,1998,0,0,0,0,0,0,0,0,0,0
481576,1,1,1998,25,25,25,25,25,25,25,25,25,25
481577,1,1,1998,7,0,0,0,0,11,0,11,0,0
481577,2,1,1998,3,0,0,0,0,0,0,0,0,0
481578,1,1,1998,14,0,24,0,15,0,0,0,0,0
481578,2,1,1998,17,0,0,12,0,27,0,0,0,0
481579,1,1,1998,0,0,0,0,0,0,0,0,0,0
481580,1,1,1998,8,9,0,20,0,24,23,18,17,4
481580,2,1,1998,0,0,0,0,0,0,0,0,0,0
481581,1,1,1998,0,40,0,22,0,5,25,9,22,0
481582,1,1,1998,0,0,0,0,0,0,0,0,0,0
481583,1,1,1998,19,19,19,19,19,19,19,19,19,19
481584,0,1,1998,25,25,25,25,25,25,25,25,25,25
481584,1,1,1998,0,0,0,0,0,0,0,0,0,0
481585,1,1,1998,16,16,16,16,16,16,16,16,16,16
481586,1,1,1998,14,26,0,0,11,27,11,14,16,16
481587,1,1,1998,4,4,4,4,4,4,4,4,4,4
481588,0,1,1998,4,29,27,8,21,16,10,9,25,17
481588,1,1,1998,0,0,0,0,0,0,0,0,0,0
481589,1,1,1998,29,10,23,14,22,22,44,24,27,26
481589,2,1,1998,12,0,0,0,0,0,13,0,0,0
481590,1,1,1998,14,5,24,24,0,28,12,26,13,18
481591,1,1,1998,42,42,42,42,42,42,42,42,42,42
481592,1,1,1998,10,10,10,10,10,10,10,10,10,10
481592,2,1,1998,9,0,0,15,0,17,0,7,0,13
481593,1,1,1998,0,6,19,0,7,0,0,30,0,22
481594,1,1,1998,0,0,11,0,0,0,0,0,0,0
481594,2,1,1998,14,0,13,0,0,15,4,8,26,5
481595,1,1,1998,0,0,0,13,0,0,0,0,10,0
481595,2,1,1998,0,0,0,0,0,0,0,0,0,0
481596,1,1,1998,22,22,22,22,22,22,22,22,22,22
481597,1,1,1998,13,13,13,13,13,13,13,13,13,13
481598,1,1,1998,23,23,23,23,23,23,23,23,23,23
481598,2,1,1998,0,0,17,0,0,0,0,0,0,0
481599,1,1,1998,0,0,0,0,0,0,0,0,0,0
481600,1,1,1998,0,0,0,0,0,0,0,0,0,0
481600,2,1,1998,0,0,16,0,4,0,0,0,0,2
481601,1,1,1998,0,0,8,0,0,17,0,0,0,0
481601,2,1,1998,0,0,0,0,0,0,0,0,0,0
481602,1,1,1998,3,0,11,12,0,21,0,15,0,0
481603,1,1,1998,0,0,0,0,0,0,0,0,0,0
481604,1,1,1998,8,8,8,8,8,8,8,8,8,8
481605,1,1,1998,0,0,0,0,7,0,0,0,0,0
481605,2,1,1998,0,0,0,0,0,0,0,0,0,0
481606,1,1,1998,0,12,0,0,0,0,0,0,23,12
481606,2,1,1998,9,23,0,16,0,0,6,9,0,0
481607,1,1,1998,0,0,0,0,0,2,0,0,15,0
481607,2,1,1998,0,0,0,0,0,0,15,0,0,0
481608,1,1,1998,0,0,0,0,0,0,0,0,0,0
481609,1,1,1998,0,0,0,0,18,5,0,0,0,0
481610,1,1,1998,22,22,22,22,22,22,22,22,22,22
481611,1,1,1998,0,0,0,0,0,0,0,0,0,0
481612,1,1,1998,0,0,0,0,16,0,9,0,0,0
481612,2,1,1998,2,2,2,2,2,2,2,2,2,2
481613,1,1,1998,14,14,14,14,14,14,14,14,14,14
481614,1,1,1998,0,0,0,0,0,0,0,0,0,0
481614,2,1,1998,0,0,0,0,0,0,0,0,0,16
481615,0,1,1998,0,0,0,0,0,0,0,0,0,0
481615,1,1,1998,0,0,3,0,0,0,0,0,0,0
481616,1,1,1998,0,0,0,0,0,0,0,0,0,0
481617,1,1,1998,0,0,0,0,0,0,0,0,0,0
481617,2,1,1998,0,0,0,0,0,0,0,0,0,0
481617,3,1,1998,0,0,0,0,0,0,0,0,0,0
481618,0,1,1998,0,0,7,0,0,0,4,0,15,0
481618,1,1,1998,0,0,0,0,0,0,0,0,0,0
481619,1,1,1998,0,0,0,0,0,0,11,0,0,0
481620,0,1,1998,45,0,0,27,0,0,16,0,0,0
481621,1,1,1998,0,0,0,0,0,0,0,0,0,0
481621,2,1,1998,0,0,0,0,0,0,0,0,0,0
481622,1,1,1998,0,0,0,0,0,0,0,0,0,0
481622,2,1,1998,0,0,0,0,0,0,0,0,0,11
481623,1,1,1998,0,0,0,0,0,26,0,0,0,0
481623,2,1,1998,0,0,0,0,0,0,0,0,0,0
481624,1,1,1998,12,12,12,12,12,12,12,12,12,12
481625,1,1,1998,23,23,23,23,23,23,23,23,23,23
481626,1,1,1998,0,14,11,23,33,27,11,0,27,0
481626,2,1,1998,0,0,0,0,2,0,0,0,0,0
481627,1,1,1998,0,0,0,5,18,0,26,0,23,0
481628,0,1,1998,0,0,0,0,0,0,0,0,0,0
481628,1,1,1998,0,0,0,0,0,0,0,0,0,0
481629,1,1,1998,0,13,0,0,8,18,16,37,0,0
481630,1,1,1998,0,0,0,0,0,0,0,0,0,0
481631,1,1,1998,19,17,14,11,26,11,12,31,0,19
481632,1,1,1998,0,0,0,0,0,0,0,0,0,0
481632,2,1,1998,0,0,0,0,0,0,0,0,0,0
481633,1,1,1998,0,12,16,23,14,14,29,23,0,9
481634,0,1,1998,0,0,0,22,0,0,0,0,23,27
481634,1,1,1998,0,6,0,4,0,0,0,0,0,7
481635,1,1,1998,0,0,0,12,0,0,0,0,0,0
481635,2,1,1998,0,0,0,0,0,0,0,0,0,0
481636,1,1,1998,0,0,0,0,0,0,0,0,0,0
481636,2,1,1998,0,0,0,0,0,0,0,0,0,0
481637,1,1,1998,19,19,19,19,19,19,19,19,19,19
481638,1,1,1998,0,0,0,0,0,0,0,0,0,0
481638,2,1,1998,0,0,0,0,0,0,0,0,0,0
481639,0,1,1998,0,0,0,0,0,0,0,0,0,11
481639,1,1,1998,0,0,0,0,0,0,0,0,0,0
481640,1,1,1998,15,37,0,0,0,0,0,0,28,19
481641,0,1,1998,12,25,19,21,36,12,11,6,36,39
481641,1,1,1998,0,0,0,17,0,0,0,0,0,0
481642,1,1,1998,0,0,0,0,0,0,0,0,0,0
481642,2,1,1998,2,2,2,2,2,2,2,2,2,2
481642,3,1,1998,0,0,0,0,0,0,0,0,0,0
481643,1,1,1998,28,28,28,28,28,28,28,28,28,28
481643,2,1,1998,11,0,16,0,14,15,0,0,0,0
481644,1,1,1998,0,0,0,0,0,0,0,0,0,0
481644,2,1,1998,0,0,0,0,0,0,0,0,0,0
481645,1,1,1998,0,0,0,0,0,0,0,0,0,0
481645,2,1,1998,0,0,0,27,0,0,0,0,0,0
481646,0,1,1998,10,0,19,0,11,16,0,11,0,0
481646,1,1,1998,0,0,0,0,0,0,0,0,0,0
481647,1,1,1998,9,0,0,0,0,0,0,0,0,0
481648,1,1,1998,0,0,0,0,0,0,0,0,0,0
481648,2,1,1998,0,0,0,0,0,0,0,0,0,0
481649,1,1,1998,19,19,19,19,19,19,19,19,19,19
481649,2,1,1998,18,18,18,18,18,18,18,18,18,18
481650,1,1,1998,0,4,0,0,16,0,0,0,0,11
481651,0,1,1998,9,14,0,0,24,0,8,0,0,0
481651,0,2,1998,0,16,0,0,0,24,0,0,0,30
481651,0,3,1998,0,0,0,0,0,0,0,0,0,0
481651,1,1,1998,0,0,0,0,0,0,0,0,0,0
481651,2,1,1998,0,0,0,5,0,0,0,0,0,0
481652,1,1,1998,0,2,0,0,0,0,0,0,0,0
481652,2,1,1998,0,0,0,0,0,0,0,0,0,0
481653,0,1,1998,31,30,4,29,11,28,0,0,0,26
481653,1,1,1998,0,0,0,0,0,0,0,0,0,0
481653,2,1,1998,0,0,25,0,0,0,0,0,0,0
481654,1,1,1998,0,0,0,0,0,0,0,0,0,11
481655,1,1,1998,0,0,0,0,0,9,0,0,0,0
481656,1,1,1998,0,0,0,0,0,0,0,0,0,0
481656,2,1,1998,0,0,0,0,0,0,0,0,0,0
481657,1,1,1998,0,0,0,0,0,0,0,0,0,8
481657,2,1,1998,0,0,0,0,0,0,0,0,0,0
481658,1,1,1998,10,5,30,29,6,14,20,24,8,15
481659,1,1,1998,0,0,0,0,0,0,0,0,0,0
481659,2,1,1998,0,0,0,0,0,0,0,0,0,0
481660,1,1,1998,0,0,0,0,0,0,0,0,0,0
481661,1,1,1998,24,24,24,24,24,24,24,24,24,24
481662,1,1,1998,0,0,0,0,0,0,0,0,0,0
481662,2,1,1998,0,9,0,0,21,16,0,0,11,0
481663,1,1,1998,23,23,23,23,23,23,23,23,23,23
481663,2,1,1998,0,0,0,0,0,0,0,0,0,0
481664,0,1,1998,0,0,0,0,0,0,0,0,0,0
481664,1,1,1998,5,17,40,43,16,0,0,0,0,17
481665,1,1,1998,0,0,0,9,13,0,0,0,0,0