ST_CASE,VEH_NO,PER_NO,YEAR,P1,P2,P3,P4,P5,P6,P7,P8,P9,P10
481666,1,1,1998,23,23,23,23,23,23,23,23,23,23
481667,1,1,1998,31,31,31,31,31,31,31,31,31,31
481668,1,1,1998,28,0,0,8,23,17,18,6,0,21
481668,2,1,1998,0,0,0,0,26,15,0,0,19,0
481668,3,1,1998,20,0,0,20,0,0,0,0,0,0
481669,1,1,1998,0,0,0,15,0,0,0,0,17,0
481670,1,1,1998,0,0,0,0,0,0,0,0,0,0
481670,2,1,1998,0,0,0,0,0,0,0,0,0,0
481671,1,1,1998,6,6,6,6,6,6,6,6,6,6
481671,2,1,1998,31,0,14,14,7,16,7,39,38,0
481672,1,1,1998,9,0,20,6,36,0,6,12,27,22
481673,1,1,1998,0,0,0,0,0,0,0,0,0,0
481673,2,1,1998,0,0,0,0,0,0,0,0,0,0
481674,1,1,1998,0,0,0,13,0,0,0,0,0,0
481675,1,1,1998,1,1,1,1,1,1,1,1,1,1
481675,2,1,1998,18,18,18,18,18,18,18,18,18,18
481676,0,1,1998,28,28,28,28,28,28,28,28,28,28
481676,1,1,1998,0,0,0,0,0,9,6,43,4,0
481677,1,1,1998,14,0,0,0,0,0,0,0,0,0
481677,2,1,1998,27,0,2,11,0,0,13,0,28,12
481678,0,1,1998,0,0,0,0,0,0,0,0,0,0
481678,1,1,1998,24,24,24,24,24,24,24,24,24,24
481679,0,1,1998,0,31,10,0,17,0,21,0,0,0
481679,1,1,1998,12,0,0,0,8,12,0,18,0,11
481679,2,1,1998,16,13,0,0,0,0,20,0,0,0
481680,1,1,1998,27,27,27,27,27,27,27,27,27,27
481681,1,1,1998,18,16,12,10,24,29,23,32,21,23
481682,1,1,1998,18,18,18,18,18,18,18,18,18,18
481683,0,1,1998,0,0,13,0,0,0,0,0,24,0
481683,1,1,1998,18,18,9,20,7,26,15,15,26,17
481684,1,1,1998,0,0,0,0,7,36,0,0,0,0
481685,0,1,1998,0,0,0,0,0,0,0,0,0,0
481685,1,1,1998,0,0,0,0,0,0,0,0,0,0
481686,1,1,1998,0,0,0,0,0,0,0,0,0,0
481687,1,1,1998,10,10,10,10,10,10,10,10,10,10
481688,1,1,1998,28,28,28,28,28,28,28,28,28,28
481689,1,1,1998,0,0,0,0,0,0,0,0,0,0
481690,1,1,1998,0,0,0,0,0,0,0,0,0,0
481690,2,1,1998,0,0,0,0,0,0,0,0,0,0
481691,1,1,1998,0,0,0,0,0,0,0,0,0,0
481691,2,1,1998,0,0,0,0,0,0,0,0,0,0
481692,1,1,1998,0,0,0,0,0,17,0,0,0,0
481692,2,1,1998,0,0,0,0,12,0,0,0,0,0
481692,3,1,1998,0,0,0,0,0,0,7,0,0,0
481692,4,1,1998,0,0,0,0,0,0,0,0,0,0
481692,5,1,1998,0,0,0,0,0,0,0,0,0,0
481693,0,1,1998,0,0,0,0,0,0,0,0,0,0
481693,1,1,1998,0,0,0,0,0,0,0,0,0,0
481694,1,1,1998,0,0,10,0,7,0,10,0,0,0
481695,1,1,1998,0,0,0,0,0,0,0,0,0,0
481695,2,1,1998,0,0,0,0,0,0,0,0,0,0
481695,3,1,1998,0,0,0,0,0,0,0,0,0,0
481695,4,1,1998,18,0,0,11,9,0,0,0,25,3
481696,0,1,1998,0,0,0,0,10,0,0,10,0,0
481696,1,1,1998,0,0,0,0,0,0,0,0,0,0
481697,1,1,1998,6,6,6,6,6,6,6,6,6,6
481697,2,1,1998,0,0,0,0,0,0,0,0,0,0
481698,1,1,1998,0,0,0,0,0,0,15,0,3,7
481698,2,1,1998,18,18,18,18,18,18,18,18,18,18
481699,1,1,1998,0,0,0,0,0,0,0,0,0,0
481699,2,1,1998,0,0,0,0,0,0,0,0,0,0
481700,1,1,1998,0,0,0,0,0,0,0,0,0,0
481700,2,1,1998,0,0,0,0,0,0,0,0,0,0
481700,3,1,1998,0,0,0,0,0,0,8,0,20,0
481701,1,1,1998,11,14,20,17,0,22,18,17,15,20
481702,1,1,1998,0,0,0,0,0,0,0,0,0,0
481703,1,1,1998,0,0,0,21,0,0,0,0,0,0
481704,0,1,1998,8,6,36,9,0,13,0,0,0,3
481704,1,1,1998,16,16,16,16,16,16,16,16,16,16
481705,1,1,1998,30,6,21,15,16,23,15,24,10,12
481705,2,1,1998,0,0,18,0,0,0,6,0,0,0
481706,1,1,1998,0,0,0,0,0,15,0,0,0,0
481707,1,1,1998,19,8,22,28,22,13,27,10,22,35
481708,1,1,1998,4,13,25,16,24,31,10,17,19,8
481708,2,1,1998,0,0,0,0,0,0,0,0,0,0
481709,0,1,1998,16,12,17,0,25,0,13,0,17,18
481709,1,1,1998,0,0,0,0,0,0,0,0,7,6
481710,1,1,1998,15,10,26,27,0,9,24,0,0,0
481711,0,1,1998,0,31,0,0,0,15,0,0,0,0
481711,1,1,1998,0,0,0,0,0,0,29,0,0,0
481712,1,1,1998,0,10,0,0,0,3,0,0,5,0
481713,1,1,1998,23,23,23,23,23,23,23,23,23,23
481714,1,1,1998,0,0,0,0,0,0,12,0,0,0
481714,2,1,1998,27,27,27,27,27,27,27,27,27,27
481715,1,1,1998,17,17,27,19,28,10,15,27,23,25
481716,1,1,1998,13,13,13,13,13,13,13,13,13,13
481717,1,1,1998,0,0,0,0,0,0,0,0,0,0
481717,2,1,1998,0,30,0,0,0,0,0,9,0,19
481718,1,1,1998,30,30,30,30,30,30,30,30,30,30
481719,0,1,1998,0,0,0,0,0,0,0,0,0,0
481719,1,1,1998,0,0,0,0,0,0,0,0,0,0
481720,1,1,1998,1,1,1,1,1,1,1,1,1,1
481721,1,1,1998,12,12,12,12,12,12,12,12,12,12
481722,1,1,1998,0,0,0,0,0,0,0,0,0,0
481723,1,1,1998,19,19,19,19,19,19,19,19,19,19
481724,1,1,1998,0,0,0,0,0,0,0,0,0,0
481725,1,1,1998,0,0,0,0,0,0,35,0,30,29
481726,1,1,1998,16,21,17,18,10,15,15,28,15,11
481727,1,1,1998,0,0,20,4,8,0,0,0,0,0
481727,2,1,1998,0,0,0,0,0,0,0,0,0,0
481728,1,1,1998,0,0,0,0,0,0,13,0,0,0
481728,2,1,1998,0,0,0,0,0,0,0,0,0,0
481729,1,1,1998,0,0,0,0,0,0,0,0,0,0
481730,1,1,1998,13,13,13,13,13,13,13,13,13,13
481731,1,1,1998,11,11,11,11,11,11,11,11,11,11
481731,2,1,1998,13,14,4,5,7,7,15,12,24,22
481732,1,1,1998,32,32,32,32,32,32,32,32,32,32
481733,1,1,1998,0,0,0,0,0,0,0,0,0,0
481734,1,1,1998,21,21,21,21,21,21,21,21,21,21
481735,1,1,1998,0,0,0,0,0,0,0,0,0,0
481736,1,1,1998,0,7,0,10,0,0,27,0,0,15
481736,2,1,1998,0,0,0,0,0,0,0,0,0,0
481737,1,1,1998,0,0,0,0,0,0,0,0,0,0
481738,1,1,1998,0,0,0,0,0,5,0,0,0,0
481738,2,1,1998,0,0,0,4,0,0,0,0,0,0
481739,1,1,1998,15,15,15,15,15,15,15,15,15,15
481739,2,1,1998,0,0,0,0,0,0,0,0,0,0
481740,1,1,1998,0,0,0,0,0,0,0,0,0,0
481740,2,1,1998,0,12,0,0,0,0,0,0,0,0
481740,3,1,1998,0,0,0,0,0,0,0,0,0,0
481741,0,1,1998,0,0,0,0,0,0,0,0,12,0
481741,1,1,1998,0,13,0,0,7,0,0,0,0,0
481742,1,1,1998,0,0,0,0,0,0,0,0,0,0
481743,1,1,1998,0,0,0,0,0,0,0,0,0,0
481743,2,1,1998,0,0,0,0,0,0,0,0,0,0
481744,1,1,1998,10,0,0,0,0,13,14,15,0,13
481745,1,1,1998,14,28,15,7,24,23,32,11,9,8
481746,1,1,1998,0,0,0,0,0,24,0,0,0,18
481746,2,1,1998,0,0,0,9,0,0,0,0,0,0
481747,1,1,1998,0,0,0,0,0,0,0,0,0,0
481747,2,1,1998,0,0,0,0,0,11,0,18,0,0
481747,3,1,1998,0,0,0,0,0,0,0,0,0,0
481747,4,1,1998,0,0,0,0,0,0,0,0,0,0
481747,5,1,1998,0,0,0,0,0,0,0,0,0,0
481748,1,1,1998,0,0,0,0,0,0,0,0,0,0
481749,1,1,1998,0,0,0,0,0,0,0,0,0,0
481750,0,1,1998,0,37,17,0,0,17,0,0,0,15
481750,1,1,1998,0,0,0,0,0,0,0,0,0,0
481751,1,1,1998,11,7,20,4,0,0,0,23,9,8
481751,2,1,1998,0,0,0,0,0,0,0,10,0,0
481751,3,1,1998,8,7,16,0,28,0,16,20,14,11
481752,0,1,1998,0,0,0,0,0,0,0,0,0,0
481752,0,2,1998,0,14,34,0,0,36,6,0,0,16
481752,1,1,1998,8,31,21,23,14,0,27,30,3,3
481753,1,1,1998,0,0,0,0,0,0,0,0,0,0
481753,2,1,1998,0,0,0,0,0,0,0,0,0,0
481754,1,1,1998,0,0,0,0,0,0,0,0,0,0
481755,1,1,1998,0,0,0,0,0,0,0,0,0,0
481755,2,1,1998,0,0,0,0,0,0,0,0,0,0
481756,1,1,1998,0,0,18,0,18,0,0,0,0,15
481757,1,1,1998,4,19,0,0,0,0,0,12,0,0
481757,2,1,1998,0,0,0,0,0,14,12,0,0,0
481758,0,1,1998,19,0,0,20,0,0,31,0,0,0
481758,1,1,1998,21,0,0,0,0,0,0,20,0,0
481759,1,1,1998,0,0,0,12,0,0,0,0,16,0
481759,2,1,1998,0,0,10,17,0,0,0,0,18,0
481760,0,1,1998,0,0,0,0,0,0,0,0,0,0
481760,1,1,1998,0,0,0,0,0,0,0,0,0,0
481761,0,1,1998,20,20,20,20,20,20,20,20,20,20
481761,1,1,1998,15,0,0,0,0,8,0,21,7,19
481762,1,1,1998,0,0,0,0,0,24,28,0,13,0
481763,1,1,1998,0,0,0,0,0,0,0,0,0,0
481763,2,1,1998,0,0,0,0,0,0,0,0,0,0
481763,3,1,1998,0,0,0,0,0,0,0,0,0,0
481763,4,1,1998,0,11,0,0,0,0,0,0,0,0
481763,5,1,1998,0,0,0,0,0,0,0,0,0,0
481764,1,1,1998,0,0,0,0,0,0,0,0,0,0
481764,2,1,1998,0,0,0,0,0,0,0,0,0,0
481764,3,1,1998,0,0,0,0,0,0,0,0,0,0
481765,1,1,1998,6,6,6,6,6,6,6,6,6,6
481766,1,1,1998,0,0,0,0,0,0,0,0,0,0
481766,2,1,1998,0,0,0,0,0,0,0,0,0,0
481767,1,1,1998,0,0,0,0,0,0,0,0,0,0
481767,2,1,1998,0,0,0,0,0,0,0,1,0,0
481768,1,1,1998,0,0,24,0,0,18,19,0,25,36
481768,2,1,1998,0,0,0,0,0,0,0,0,0,0
481769,0,1,1998,0,0,26,16,0,30,0,0,21,9
481769,1,1,1998,19,19,19,19,19,19,19,19,19,19
481770,1,1,1998,0,15,0,0,0,0,0,0,0,0
481770,2,1,1998,0,0,0,1,0,21,0,0,0,0
481771,1,1,1998,12,12,12,12,12,12,12,12,12,12
481771,2,1,1998,0,0,0,0,28,0,0,0,0,0
481772,1,1,1998,0,12,0,0,0,0,0,0,0,0
481772,2,1,1998,0,0,0,0,0,0,0,0,0,0
481772,3,1,1998,0,0,0,0,0,0,0,0,0,0
481773,1,1,1998,10,19,0,11,0,0,0,0,0,0
481773,2,1,1998,0,0,0,0,0,0,0,0,0,0
481774,1,1,1998,0,0,16,16,31,0,7,18,40,0
481775,1,1,1998,0,0,0,0,0,0,0,0,0,0
481776,1,1,1998,0,0,0,0,0,0,0,7,0,0
481776,2,1,1998,0,0,0,0,0,0,0,0,0,0
481776,3,1,1998,0,0,0,0,0,0,0,0,0,0
481777,0,1,1998,10,0,17,6,0,0,0,10,0,3
481777,0,2,1998,33,10,28,29,24,2,25,0,30,0
481777,1,1,1998,0,0,0,9,6,0,0,0,0,3
481777,2,1,1998,6,8,13,6,0,13,14,9,33,0
481778,1,1,1998,18,19,17,10,31,17,23,14,16,14
481779,1,1,1998,12,0,0,0,9,0,0,0,0,0
481779,2,1,1998,0,0,0,0,0,14,0,0,0,0
481780,1,1,1998,17,17,17,17,17,17,17,17,17,17
481781,1,1,1998,0,0,0,0,0,0,0,0,0,0
481782,1,1,1998,23,21,20,21,23,18,17,11,15,12
481782,2,1,1998,4,0,18,0,0,8,7,6,0,0
481782,3,1,1998,0,0,0,0,0,0,0,0,7,0
481783,1,1,1998,21,21,21,21,21,21,21,21,21,21
481784,1,1,1998,11,9,6,0,0,5,0,0,3,7
481785,1,1,1998,0,0,0,0,0,0,0,0,0,0
481786,1,1,1998,0,0,0,0,0,0,0,0,0,0
481786,2,1,1998,0,0,0,0,0,0,0,0,0,0
481787,1,1,1998,31,31,31,31,31,31,31,31,31,31
481787,2,1,1998,0,0,0,0,0,0,0,0,0,0
481788,1,1,1998,0,0,6,0,0,0,0,0,0,7
481789,1,1,1998,41,17,23,0,21,27,11,0,13,0
481790,1,1,1998,0,0,0,0,0,0,0,0,0,0
481790,2,1,1998,0,0,0,0,0,0,0,0,0,0
481791,1,1,1998,0,0,0,0,0,0,0,0,0,0
481791,2,1,1998,0,0,0,0,0,0,0,0,0,0
481792,1,1,1998,17,15,0,22,10,0,17,0,27,0
481792,2,1,1998,0,0,0,0,0,0,0,0,0,0
481793,1,1,1998,11,11,11,11,11,11,11,11,11,11
481793,2,1,1998,0,0,5,28,0,0,0,0,0,0
481794,1,1,1998,0,0,0,0,0,12,0,8,0,10
481794,2,1,1998,19,19,19,19,19,19,19,19,19,19
481795,1,1,1998,0,0,0,11,0,6,12,10,0,4
481796,0,1,1998,23,30,19,22,13,14,31,24,39,18
481796,1,1,1998,33,22,10,18,9,32,9,11,0,0
481796,2,1,1998,13,0,0,0,0,0,0,19,0,0
481797,1,1,1998,12,6,0,28,0,3,0,0,6,6
481797,2,1,1998,0,0,0,10,0,0,0,0,18,0
481798,1,1,1998,14,14,14,14,14,14,14,14,14,14
481798,2,1,1998,0,0,0,0,0,0,0,0,0,0
481799,1,1,1998,14,14,14,14,14,14,14,14,14,14
481800,1,1,1998,24,24,24,24,24,24,24,24,24,24
481801,1,1,1998,18,18,18,18,18,18,18,18,18,18
481802,0,1,1998,0,0,14,15,22,38,14,8,0,0
481802,1,1,1998,0,10,0,0,10,0,0,0,0,0
481803,1,1,1998,19,19,19,19,19,19,19,19,19,19
481804,1,1,1998,4,4,4,4,4,4,4,4,4,4
481805,1,1,1998,17,17,17,17,17,17,17,17,17,17
481806,1,1,1998,19,20,18,28,19,17,23,19,24,14
481807,0,1,1998,0,26,0,0,0,12,13,22,9,7
481807,1,1,1998,8,0,0,0,0,0,6,0,0,0
481808,1,1,1998,21,21,21,21,21,21,21,21,21,21
481809,1,1,1998,34,7,28,23,22,18,26,4,0,23
481809,2,1,1998,18,18,18,18,18,18,18,18,18,18
481810,1,1,1998,0,0,0,0,13,0,0,0,0,0
481810,2,1,1998,0,0,0,0,0,0,0,0,0,0
481811,1,1,1998,10,10,10,10,10,10,10,10,10,10
481811,2,1,1998,7,7,7,7,7,7,7,7,7,7
481812,1,1,1998,31,31,31,31,31,31,31,31,31,31
481813,1,1,1998,0,0,0,21,0,0,0,0,0,0
481813,2,1,1998,0,0,0,25,12,0,7,0,0,0
481814,1,1,1998,0,0,14,3,0,0,0,16,25,0
481815,0,1,1998,0,0,0,0,0,0,11,0,0,0
481815,1,1,1998,0,0,0,0,0,0,0,0,0,0
481816,1,1,1998,0,0,0,0,0,0,6,0,0,0
481816,2,1,1998,17,17,17,17,17,17,17,17,17,17
481817,1,1,1998,17,17,17,17,17,17,17,17,17,17
481817,2,1,1998,23,19,32,13,13,18,10,9,7,11
481818,1,1,1998,0,0,0,0,0,0,0,0,0,0
481818,2,1,1998,0,0,0,0,0,0,0,0,0,0
481818,3,1,1998,0,0,0,0,0,0,0,0,0,15
481819,1,1,1998,15,15,15,15,15,15,15,15,15,15
481820,1,1,1998,0,0,0,0,0,0,0,0,0,0
481820,2,1,1998,0,0,0,0,0,0,0,0,0,3
481821,1,1,1998,0,0,0,0,0,0,0,0,0,0
481821,2,1,1998,0,0,0,0,0,0,0,0,0,0
481822,1,1,1998,0,0,0,0,0,0,0,0,0,0
481823,1,1,1998,0,5,0,0,0,0,0,0,0,0
481823,2,1,1998,0,0,6,0,0,0,0,0,0,0
481824,1,1,1998,5,12,7,24,2,2,6,0,0,4
481825,0,1,1998,0,5,16,6,0,14,38,23,26,27
481825,1,1,1998,0,0,0,0,0,0,0,0,0,0
481826,0,1,1998,0,13,0,0,0,0,0,0,0,0
481826,0,2,1998,0,0,0,0,0,0,0,0,6,0
481826,1,1,1998,0,0,0,0,9,0,0,0,0,0
481827,0,1,1998,0,0,0,0,0,0,0,0,0,35
481827,1,1,1998,0,0,0,0,0,0,0,0,0,0
481827,2,1,1998,0,0,0,0,0,0,0,0,0,0
481828,1,1,1998,0,0,0,0,0,0,0,0,0,0
481829,1,1,1998,0,0,0,0,0,0,0,0,0,0
481829,2,1,1998,0,0,0,0,0,0,0,0,0,0
481830,0,1,1998,30,30,30,30,30,30,30,30,30,30
481830,1,1,1998,0,0,0,31,0,23,0,0,18,0
481831,1,1,1998,0,0,0,0,0,0,0,0,0,0
481832,1,1,1998,0,0,0,0,0,0,0,0,0,0
481832,2,1,1998,0,0,0,0,0,0,0,0,0,0
481833,1,1,1998,0,10,0,0,26,10,31,12,20,0
481834,1,1,1998,0,0,0,0,0,0,0,0,0,0
481834,2,1,1998,0,0,0,0,0,0,0,0,0,0
481835,1,1,1998,0,0,0,0,0,0,0,0,0,0
481836,1,1,1998,0,0,0,0,0,0,0,0,0,0
481836,2,1,1998,0,0,0,0,0,0,0,0,0,0
481837,1,1,1998,24,24,24,24,24,24,24,24,24,24
481838,1,1,1998,0,10,0,0,0,0,0,0,0,0
481839,1,1,1998,0,19,8,0,0,0,0,0,0,0
481840,1,1,1998,0,0,19,6,20,0,0,0,0,0
481840,2,1,1998,0,0,0,0,0,0,0,0,0,0
481841,0,1,1998,0,0,0,0,0,0,0,0,0,0
481841,1,1,1998,10,20,7,22,17,19,9,6,11,0
481842,0,1,1998,0,26,14,13,4,29,9,10,19,24
481842,1,1,1998,18,0,13,0,0,0,0,13,0,0
481843,1,1,1998,0,0,0,0,0,0,0,0,0,0
481843,2,1,1998,0,0,0,0,0,0,0,30,0,0
481844,1,1,1998,0,0,0,0,0,0,0,0,0,0
481844,2,1,1998,0,0,0,0,0,0,0,0,0,0
481844,3,1,1998,0,0,0,0,0,0,0,0,0,0
481845,0,1,1998,17,28,0,0,26,18,10,25,25,0
481845,1,1,1998,23,23,23,23,23,23,23,23,23,23
481847,1,1,1998,0,0,0,0,0,0,0,0,0,0
481847,2,1,1998,0,0,0,0,0,0,0,0,0,0
481847,3,1,1998,0,0,0,0,8,0,12,0,0,0
481848,1,1,1998,0,0,8,0,0,0,0,0,0,0
481848,2,1,1998,0,0,7,0,0,0,0,0,0,0
481849,1,1,1998,27,0,0,17,0,18,0,17,14,16
481850,0,1,1998,0,0,0,0,0,0,0,0,0,0
481850,1,1,1998,0,0,0,0,0,0,0,0,0,0
481851,1,1,1998,0,0,0,0,0,0,0,0,0,0
481851,2,1,1998,0,0,0,0,0,0,0,0,0,0
481852,1,1,1998,13,0,0,11,0,18,0,0,0,0
481853,1,1,1998,8,8,8,8,8,8,8,8,8,8
481854,1,1,1998,0,0,3,18,0,4,20,0,0,4
481854,2,1,1998,10,10,9,14,17,5,15,8,20,17
481855,1,1,1998,0,0,0,0,0,0,0,0,0,0
481855,2,1,1998,0,0,0,0,0,0,0,0,0,0
481856,1,1,1998,0,0,0,0,0,0,17,0,0,0
481856,2,1,1998,0,0,0,0,20,0,0,0,0,0
481857,1,1,1998,12,12,12,12,12,12,12,12,12,12
481858,1,1,1998,12,12,12,12,12,12,12,12,12,12
481859,1,1,1998,3,17,10,14,29,0,13,24,19,18
481860,1,1,1998,25,25,25,25,25,25,25,25,25,25
481860,2,1,1998,0,0,0,0,0,0,0,0,0,0
481861,0,1,1998,21,21,21,21,21,21,21,21,21,21
481861,1,1,1998,0,0,0,0,0,0,0,0,0,0
481862,1,1,1998,24,24,24,24,24,24,24,24,24,24
481863,1,1,1998,35,0,0,0,0,0,14,0,0,0
481863,2,1,1998,0,4,0,0,0,0,0,0,0,0
481864,1,1,1998,0,0,0,0,0,0,0,0,0,0
481864,2,1,1998,0,0,0,0,0,9,0,0,10,0
481865,0,1,1998,35,35,35,35,35,35,35,35,35,35
481865,1,1,1998,9,4,17,0,14,18,16,0,22,0
481866,1,1,1998,21,0,15,0,0,18,19,0,0,28
481867,1,1,1998,0,0,0,0,0,0,0,0,0,0
481867,2,1,1998,0,0,0,0,0,0,0,0,0,0
481868,1,1,1998,0,0,0,0,0,0,0,0,0,0
481868,2,1,1998,0,0,0,0,0,0,0,27,0,0
481869,1,1,1998,13,17,7,19,9,16,22,17,7,17
481870,1,1,1998,0,0,0,0,0,0,0,0,0,0
481870,2,1,1998,0,0,0,0,0,0,0,0,0,0
481871,1,1,1998,0,0,0,0,0,0,0,0,0,0
481871,2,1,1998,19,22,0,33,0,0,12,22,20,20
481872,1,1,1998,0,23,10,18,0,0,0,0,0,0
481872,2,1,1998,0,0,0,0,0,0,0,0,0,0
481873,0,1,1998,18,18,18,18,18,18,18,18,18,18
481873,1,1,1998,0,0,0,0,0,0,0,0,0,0
481874,0,1,1998,0,0,39,23,18,30,21,15,16,15
481874,1,1,1998,0,0,26,16,0,17,0,6,0,0
481875,1,1,1998,0,0,0,0,0,0,0,0,0,0
481875,2,1,1998,0,0,0,0,0,0,0,0,0,0
481876,1,1,1998,0,0,0,0,0,0,0,0,0,0
481876,2,1,1998,0,0,0,0,0,0,0,0,0,0
481877,1,1,1998,0,0,0,0,0,0,0,0,0,0
481878,1,1,1998,0,0,0,0,0,0,0,0,0,0
481879,0,1,1998,0,0,0,0,0,0,0,0,0,0
481879,1,1,1998,0,0,0,0,0,0,0,0,0,0
481880,1,1,1998,0,0,0,0,0,0,0,0,0,0
481880,2,1,1998,0,0,0,0,0,0,0,0,0,0
481881,1,1,1998,0,0,0,0,0,0,0,0,0,0
481881,2,1,1998,0,0,0,0,0,0,0,0,0,0
481882,1,1,1998,0,0,0,0,0,0,0,0,0,0
481883,0,1,1998,0,0,0,0,0,0,0,0,0,0
481883,1,1,1998,0,0,0,0,0,0,0,16,0,0
481884,1,1,1998,0,0,0,0,0,0,12,0,0,17
481885,1,1,1998,0,0,0,0,0,0,0,0,0,0
481885,2,1,1998,0,0,0,0,0,0,0,0,0,0
481886,1,1,1998,0,0,0,0,0,0,0,0,0,20
481887,1,1,1998,0,0,0,0,0,0,0,0,0,0
481887,2,1,1998,0,0,0,0,0,0,0,0,0,0
481888,1,1,1998,0,0,0,0,0,0,0,0,0,0
481888,2,1,1998,0,18,23,16,7,0,0,18,0,13
481889,1,1,1998,15,17,6,0,14,0,21,0,34,0
481890,1,1,1998,0,0,0,0,0,0,0,0,0,0
481890,2,1,1998,0,0,0,0,0,0,0,0,0,0
481891,1,1,1998,0,0,0,0,0,0,0,0,0,0
481891,2,1,1998,0,0,0,13,0,0,0,0,0,0
481892,0,1,1998,7,9,12,45,0,17,43,0,2,19
481892,1,1,1998,10,0,0,22,0,0,0,0,15,0
481893,1,1,1998,22,22,22,22,22,22,22,22,22,22
481894,0,1,1998,25,25,25,25,25,25,25,25,25,25
481894,1,1,1998,0,0,0,0,0,0,18,0,0,0
481895,1,1,1998,0,0,0,0,0,0,0,0,0,0
481896,1,1,1998,0,0,0,5,0,0,0,0,0,0
481896,2,1,1998,0,0,0,0,0,0,0,0,0,0
481897,0,1,1998,21,21,21,21,21,21,21,21,21,21
481897,1,1,1998,0,0,0,0,4,0,9,0,0,15
481898,1,1,1998,0,4,0,0,9,14,0,0,0,0
481898,2,1,1998,0,43,27,43,0,0,24,46,0,0
481898,3,1,1998,0,0,0,12,0,0,0,0,0,0
481899,1,1,1998,17,0,0,0,11,0,0,0,0,0
481900,1,1,1998,17,17,17,17,17,17,17,17,17,17
481901,1,1,1998,20,20,20,20,20,20,20,20,20,20
481901,2,1,1998,0,0,0,0,0,0,0,0,12,0
481902,1,1,1998,0,0,0,14,0,0,0,0,0,0
481902,2,1,1998,0,0,0,0,0,0,0,0,0,0
481903,1,1,1998,35,35,35,35,35,35,35,35,35,35
481903,2,1,1998,0,0,0,0,0,0,0,0,0,0
481904,1,1,1998,13,26,30,23,21,25,27,13,9,10
481905,1,1,1998,6,24,17,34,28,20,18,11,17,27
481906,1,1,1998,0,0,0,27,12,23,32,28,15,22
481907,1,1,1998,37,37,37,37,37,37,37,37,37,37
481908,1,1,1998,0,0,0,5,0,0,0,14,0,0
481909,1,1,1998,22,22,22,22,22,22,22,22,22,22
481910,0,1,1998,2,2,2,2,2,2,2,2,2,2
481910,1,1,1998,22,16,0,12,28,0,0,0,23,9
481911,1,1,1998,9,9,9,9,9,9,9,9,9,9
481911,2,1,1998,0,16,0,0,12,20,12,0,0,0
481912,1,1,1998,0,0,0,0,0,10,0,0,0,0
481912,2,1,1998,0,10,0,0,12,0,0,0,13,0
481913,1,1,1998,18,18,18,18,18,18,18,18,18,18
481914,1,1,1998,18,0,0,0,0,0,29,0,0,0
481915,1,1,1998,0,0,0,0,0,0,0,0,0,0
481916,1,1,1998,0,0,0,0,0,0,0,0,0,0
481916,2,1,1998,0,0,0,0,0,0,0,0,0,0
481916,3,1,1998,0,0,0,0,0,0,0,0,0,0
481916,4,1,1998,0,0,0,0,0,0,0,0,0,0
481917,1,1,1998,0,0,0,0,0,0,0,0,0,0
481917,2,1,1998,0,0,0,0,0,0,0,0,0,0
481918,1,1,1998,0,0,0,0,0,0,0,0,0,0
481918,2,1,1998,0,0,0,0,0,0,0,0,29,0
481919,1,1,1998,0,0,0,0,0,0,23,0,10,0
481920,1,1,1998,13,0,0,0,4,0,0,0,0,0
481920,2,1,1998,0,0,0,0,0,0,0,0,0,0
481920,3,1,1998,0,0,0,0,0,0,0,0,0,0
481921,1,1,1998,0,0,0,0,0,0,0,0,0,0
481921,2,1,1998,0,0,0,0,0,0,0,0,0,0
481922,0,1,1998,24,0,0,0,0,23,0,0,6,0
481922,1,1,1998,0,0,0,0,0,0,0,0,18,0
481923,1,1,1998,0,0,0,0,0,0,0,0,0,0
481923,2,1,1998,0,0,0,0,0,0,0,0,0,0
481924,1,1,1998,0,0,0,0,0,0,0,0,0,0
481924,2,1,1998,0,0,0,0,0,0,0,0,0,0
481924,3,1,1998,0,0,0,0,0,0,0,0,0,0
481925,1,1,1998,16,10,24,16,0,0,0,0,20,28
481926,1,1,1998,0,0,0,0,0,0,0,0,0,0
481927,0,1,1998,0,0,0,0,0,0,0,0,0,0
481927,1,1,1998,0,13,0,0,0,0,0,0,0,0
481928,1,1,1998,0,0,14,12,0,0,0,19,0,0
481928,2,1,1998,0,0,0,0,0,0,0,0,0,0
481929,1,1,1998,0,0,0,0,0,0,0,0,0,0
481929,2,1,1998,0,0,0,0,0,0,0,0,0,0
481930,1,1,1998,12,12,12,12,12,12,12,12,12,12
481930,2,1,1998,8,22,0,14,15,22,15,20,7,10
481930,3,1,1998,13,0,6,0,0,0,0,13,0,0
481931,1,1,1998,0,0,0,0,0,0,0,0,0,0
481931,2,1,1998,16,16,16,16,16,16,16,16,16,16