ST_CASE,VEH_NO,PER_NO,YEAR,P1,P2,P3,P4,P5,P6,P7,P8,P9,P10
481932,1,1,1998,18,18,18,18,18,18,18,18,18,18
481933,0,1,1998,19,0,47,25,6,0,0,27,16,14
481933,1,1,1998,0,0,0,0,0,0,0,0,0,0
481934,0,1,1998,2,2,2,2,2,2,2,2,2,2
481934,1,1,1998,0,15,12,0,0,0,16,0,7,17
481935,1,1,1998,29,29,29,29,29,29,29,29,29,29
481935,2,1,1998,10,0,0,10,6,16,23,0,9,7
481936,0,1,1998,0,0,0,0,0,0,0,0,0,0
481936,1,1,1998,0,0,0,0,0,0,0,0,0,0
481937,1,1,1998,0,0,0,0,0,0,0,0,0,0
481937,2,1,1998,0,0,0,0,0,0,0,0,0,0
481938,1,1,1998,0,0,0,20,0,0,0,0,0,0
481939,1,1,1998,0,0,0,0,0,0,0,0,0,0
481939,2,1,1998,0,0,0,0,0,0,0,0,0,0
481939,3,1,1998,0,0,0,0,0,0,0,0,0,0
481939,4,1,1998,0,0,0,0,0,0,0,0,0,0
481940,1,1,1998,18,18,18,18,18,18,18,18,18,18
481941,1,1,1998,0,14,0,0,0,0,0,0,0,0
481941,2,1,1998,0,0,0,0,0,0,0,0,0,0
481942,1,1,1998,0,0,0,0,0,0,0,0,0,0
481943,1,1,1998,0,0,0,0,0,0,0,0,0,0
481943,2,1,1998,0,0,0,0,0,0,0,0,0,0
481944,1,1,1998,0,0,0,0,0,0,0,0,0,0
481944,2,1,1998,3,8,7,19,9,16,0,9,7,13
481945,1,1,1998,0,0,0,0,0,0,0,0,0,0
481945,2,1,1998,13,13,13,13,13,13,13,13,13,13
481946,0,1,1998,0,21,0,22,20,0,23,0,22,18
481946,1,1,1998,0,14,11,14,0,15,0,0,0,16
481947,1,1,1998,12,12,12,12,12,12,12,12,12,12
481948,1,1,1998,11,0,11,22,17,0,0,17,15,7
481948,2,1,1998,0,18,13,0,11,0,0,0,0,0
481948,3,1,1998,0,15,0,0,0,0,14,0,0,0
481948,4,1,1998,0,0,0,0,0,0,0,13,0,0
481948,5,1,1998,0,14,0,3,20,0,0,0,0,0
481948,6,1,1998,15,16,0,0,0,0,16,0,0,0
481948,7,1,1998,0,0,0,0,0,10,0,0,0,12
481948,8,1,1998,0,0,0,0,0,0,0,0,0,0
481949,1,1,1998,11,15,14,23,61,0,0,0,8,0
481950,1,1,1998,26,26,26,26,26,26,26,26,26,26
481951,0,1,1998,0,0,0,0,11,0,22,0,7,25
481951,1,1,1998,14,0,0,0,0,0,0,0,0,0
481952,0,1,1998,0,0,0,0,0,0,0,0,0,0
481952,1,1,1998,0,0,0,0,0,0,0,0,0,0
481953,1,1,1998,0,0,0,0,0,0,0,0,0,0
481954,1,1,1998,0,0,0,0,0,0,0,0,0,0
481955,1,1,1998,0,0,0,0,0,0,0,0,0,0
481956,1,1,1998,16,13,9,19,18,16,17,18,19,7
481956,2,1,1998,0,13,0,0,3,0,9,0,0,0
481957,1,1,1998,12,0,0,0,16,14,0,15,14,0
481957,2,1,1998,16,13,12,0,17,13,0,7,0,0
481957,3,1,1998,0,9,4,11,19,34,22,0,14,0
481958,1,1,1998,0,0,0,0,0,0,0,0,0,0
481958,2,1,1998,0,0,0,13,9,0,22,0,0,10
481959,1,1,1998,21,12,0,0,0,4,0,0,0,11
481959,2,1,1998,0,0,7,24,20,0,0,9,0,25
481959,3,1,1998,0,0,0,0,0,0,0,0,0,0
481959,4,1,1998,9,17,10,0,0,0,9,0,8,0
481960,1,1,1998,2,2,2,2,2,2,2,2,2,2
481961,1,1,1998,0,0,0,0,0,0,18,0,0,0
481961,2,1,1998,0,0,0,0,0,0,0,0,0,0
481962,1,1,1998,0,0,0,0,0,0,0,0,0,0
481962,2,1,1998,0,0,0,0,0,0,0,0,0,0
481963,1,1,1998,0,0,0,0,0,0,0,0,0,0
481964,1,1,1998,11,0,11,4,0,0,11,4,0,12
481965,1,1,1998,28,29,17,13,0,23,21,18,5,20
481966,1,1,1998,0,0,0,0,15,0,0,0,0,0
481966,2,1,1998,0,0,0,0,0,0,0,0,0,16
481967,1,1,1998,24,24,24,24,24,24,24,24,24,24
481967,2,1,1998,9,0,8,0,10,0,7,0,7,0
481968,1,1,1998,0,0,0,0,0,0,0,0,0,0
481969,1,1,1998,0,0,0,0,0,0,0,0,0,0
481969,2,1,1998,0,0,0,0,0,0,0,0,0,0
481970,1,1,1998,0,0,0,0,0,0,0,0,0,0
481970,2,1,1998,0,0,0,0,0,0,0,0,0,0
481970,3,1,1998,0,0,0,0,0,0,0,0,0,0
481971,1,1,1998,0,0,0,0,0,0,0,0,0,0
481971,2,1,1998,0,0,0,0,0,0,0,0,0,0
481972,1,1,1998,0,0,0,0,0,0,0,0,0,0
481972,2,1,1998,0,0,0,0,0,0,0,0,0,0
481973,1,1,1998,0,0,0,0,0,0,0,0,0,0
481973,2,1,1998,0,0,0,0,0,0,0,0,0,0
481974,1,1,1998,0,16,0,0,0,15,0,23,28,0
481974,2,1,1998,0,0,0,0,0,0,0,0,0,19
481974,3,1,1998,0,0,0,0,0,0,14,0,0,0
481975,1,1,1998,0,21,23,26,11,24,24,18,9,18
481975,2,1,1998,0,0,14,0,0,0,0,0,0,0
481976,1,1,1998,0,0,0,0,0,0,0,0,0,0
481977,1,1,1998,15,15,15,15,15,15,15,15,15,15
481978,1,1,1998,13,0,15,20,10,8,36,12,31,0
481978,2,1,1998,0,0,0,0,0,0,0,0,0,0
481978,3,1,1998,0,0,0,0,0,0,0,0,0,0
481979,1,1,1998,0,0,0,0,0,0,0,0,0,0
481979,2,1,1998,0,0,0,0,0,0,0,0,0,0
481979,3,1,1998,0,0,0,0,0,0,0,0,0,0
481980,1,1,1998,28,28,28,28,28,28,28,28,28,28
481980,2,1,1998,0,21,0,0,0,0,0,18,0,0
481981,0,1,1998,0,0,0,0,28,11,0,0,0,0
481981,0,2,1998,0,15,27,0,27,7,0,0,21,0
481981,0,3,1998,23,11,5,23,12,0,0,0,20,21
481981,1,1,1998,5,9,10,12,13,16,1,3,14,8
481982,1,1,1998,0,0,0,0,5,0,38,0,0,0
481982,2,1,1998,17,17,17,17,17,17,17,17,17,17
481983,1,1,1998,24,24,24,24,24,24,24,24,24,24
481984,1,1,1998,28,28,28,28,28,28,28,28,28,28
481985,1,1,1998,0,0,0,0,0,0,0,0,0,0
481985,2,1,1998,0,0,0,0,0,0,0,0,0,0
481985,3,1,1998,0,0,0,0,0,0,25,3,0,6
481985,4,1,1998,21,13,0,5,0,0,0,0,0,0
481985,5,1,1998,0,0,0,0,0,0,0,0,0,5
481985,6,1,1998,0,0,0,0,0,0,0,0,0,9
481985,7,1,1998,0,0,0,0,0,0,0,18,0,0
481986,0,1,1998,0,16,19,0,16,0,0,22,25,0
481986,1,1,1998,0,0,0,0,0,0,0,0,0,0
481987,1,1,1998,20,20,20,20,20,20,20,20,20,20
481988,1,1,1998,0,0,0,0,0,0,0,0,0,0
481988,2,1,1998,6,0,0,0,0,0,0,0,0,0
481989,1,1,1998,1,1,1,1,1,1,1,1,1,1
481989,2,1,1998,0,0,0,3,0,0,0,0,0,0
481989,3,1,1998,0,0,0,12,17,14,0,0,0,0
481990,1,1,1998,0,0,0,0,0,0,0,0,0,0
481990,2,1,1998,0,0,0,0,0,0,0,0,0,0
481990,3,1,1998,2,0,0,0,0,0,0,0,0,0
481991,1,1,1998,0,0,0,0,0,0,0,13,16,0
481991,2,1,1998,0,0,0,0,0,0,0,0,0,0
481992,1,1,1998,10,0,0,0,15,0,0,23,0,0
481992,2,1,1998,0,0,0,0,0,0,0,0,0,0
481992,3,1,1998,0,2,0,0,0,0,0,0,0,0
481993,1,1,1998,0,17,13,15,16,11,7,11,0,7
481994,1,1,1998,0,0,0,0,0,0,0,0,0,0
481994,2,1,1998,0,0,0,0,0,0,0,0,0,0
481995,1,1,1998,17,17,17,17,17,17,17,17,17,17
481996,1,1,1998,0,0,0,0,0,0,0,0,0,0
481996,2,1,1998,0,0,0,0,0,14,26,0,0,18
481997,1,1,1998,0,0,0,0,0,0,0,9,0,0
481997,2,1,1998,0,0,0,0,0,0,0,0,0,0
481998,1,1,1998,9,0,0,0,0,0,0,16,0,0
481998,2,1,1998,6,13,0,0,2,0,0,0,0,0
481999,0,1,1998,5,0,13,35,42,24,16,4,20,29
481999,1,1,1998,0,0,0,0,0,18,0,0,0,0
482000,0,1,1998,0,0,0,0,0,0,0,21,0,0
482000,1,1,1998,0,0,0,0,0,0,0,0,0,0
482001,1,1,1998,0,23,0,15,5,0,0,8,23,22
482002,1,1,1998,0,0,0,0,0,0,0,0,0,0
482003,1,1,1998,0,5,0,0,0,0,0,0,0,0
482003,2,1,1998,0,0,0,0,0,0,0,0,0,0
482004,1,1,1998,23,0,0,0,0,0,0,0,0,20
482005,0,1,1998,0,0,0,0,0,0,0,0,0,0
482005,0,2,1998,0,0,0,0,0,0,0,0,0,0
482005,1,1,1998,30,24,0,15,16,18,21,16,21,13
482006,1,1,1998,17,0,17,28,0,23,0,12,31,0
482007,1,1,1998,0,0,0,0,7,0,0,2,0,0
482008,1,1,1998,4,0,17,0,0,5,0,17,5,0
482008,2,1,1998,0,16,2,2,0,0,0,0,0,0
482009,1,1,1998,0,0,0,0,0,0,0,0,0,0
482009,2,1,1998,0,0,0,0,0,0,0,33,0,0
482010,1,1,1998,0,7,0,0,0,0,0,0,0,0
482010,2,1,1998,0,0,0,0,0,0,0,0,0,0
482011,1,1,1998,0,0,0,0,0,0,0,0,0,0
482012,0,1,1998,24,23,20,40,0,14,0,17,33,26
482012,1,1,1998,11,0,0,0,8,4,7,0,0,0
482013,0,1,1998,0,27,25,37,13,0,0,37,0,15
482013,1,1,1998,12,0,0,24,9,14,18,4,0,0
482014,1,1,1998,0,0,0,0,0,0,0,0,0,0
482015,1,1,1998,13,13,13,13,13,13,13,13,13,13
482016,1,1,1998,20,0,0,0,0,31,0,0,0,0
482017,1,1,1998,0,0,0,5,0,0,4,17,0,0
482017,2,1,1998,23,0,0,0,0,0,0,15,0,0
482018,1,1,1998,0,19,0,0,15,0,0,0,0,23
482018,2,1,1998,0,64,0,0,0,0,0,0,0,0
482019,1,1,1998,14,14,14,14,14,14,14,14,14,14
482020,1,1,1998,0,0,25,0,9,18,0,5,0,0
482021,1,1,1998,18,15,21,0,11,26,0,34,0,0
482021,2,1,1998,0,0,0,0,7,0,0,0,0,20
482022,1,1,1998,0,0,0,0,0,0,0,0,0,0
482022,2,1,1998,0,0,0,0,0,0,0,0,0,0
482022,3,1,1998,0,11,0,0,0,5,0,0,0,0
482023,1,1,1998,0,0,13,12,0,14,0,0,0,0
482023,2,1,1998,0,8,0,0,0,0,0,0,10,14
482024,1,1,1998,0,0,9,0,0,0,7,0,9,4
482025,1,1,1998,0,0,0,0,0,0,0,0,0,6
482025,2,1,1998,0,0,0,0,0,0,0,0,16,0
482026,1,1,1998,16,16,16,16,16,16,16,16,16,16
482027,1,1,1998,22,22,22,22,22,22,22,22,22,22
482027,2,1,1998,0,0,0,0,0,0,0,7,0,0
482028,1,1,1998,34,14,17,16,29,9,12,33,20,18
482029,1,1,1998,14,0,4,15,0,0,0,0,0,30
482030,1,1,1998,41,24,15,29,29,24,41,15,0,13
482031,1,1,1998,14,14,14,14,14,14,14,14,14,14
482031,2,1,1998,0,0,0,0,0,0,0,0,0,0
482032,1,1,1998,9,9,9,9,9,9,9,9,9,9
482033,1,1,1998,29,29,29,29,29,29,29,29,29,29
482033,2,1,1998,0,0,0,0,0,0,0,0,0,0
482034,0,1,1998,0,0,13,0,5,19,40,0,0,0
482034,1,1,1998,0,15,0,0,0,0,0,48,0,0
482035,1,1,1998,3,3,3,3,3,3,3,3,3,3
482035,2,1,1998,0,0,24,0,0,0,37,0,0,0
482036,1,1,1998,23,23,23,23,23,23,23,23,23,23
482036,2,1,1998,0,9,8,0,0,0,0,0,0,12
482036,3,1,1998,0,0,0,0,0,0,0,0,0,0
482036,4,1,1998,22,17,0,0,0,0,0,0,17,2
482036,5,1,1998,0,15,0,0,0,0,0,0,0,0
482036,6,1,1998,0,0,11,0,0,0,0,0,5,10
482037,1,1,1998,0,0,0,0,0,0,0,0,0,0
482037,2,1,1998,0,0,16,0,0,0,0,10,0,0
482038,1,1,1998,24,24,24,24,24,24,24,24,24,24
482039,1,1,1998,0,19,0,0,0,0,0,15,0,0
482039,2,1,1998,0,0,0,0,10,9,0,0,0,0
482040,1,1,1998,16,0,0,30,23,26,0,0,48,0
482040,2,1,1998,0,0,0,0,0,0,0,0,0,0
482040,3,1,1998,11,11,11,11,11,11,11,11,11,11
482041,1,1,1998,25,25,25,25,25,25,25,25,25,25
482042,1,1,1998,0,0,0,0,0,0,0,0,0,0
482042,2,1,1998,0,0,0,0,0,0,0,0,0,0
482043,1,1,1998,0,0,0,0,0,0,0,0,0,0
482043,2,1,1998,0,0,0,0,0,0,0,0,0,0
482044,1,1,1998,0,0,6,0,0,0,0,0,0,0
482045,1,1,1998,18,18,18,18,18,18,18,18,18,18
482045,2,1,1998,0,20,0,0,0,0,0,0,0,0
482046,1,1,1998,0,0,0,0,0,0,0,0,0,0
482046,2,1,1998,0,0,0,0,0,0,0,0,0,0
482046,3,1,1998,0,0,0,0,0,0,0,0,0,0
482047,1,1,1998,23,23,23,23,23,23,23,23,23,23
482047,2,1,1998,0,0,0,0,0,0,0,0,0,0
482047,3,1,1998,0,0,0,0,9,0,0,0,0,0
482047,4,1,1998,0,0,0,0,0,0,0,20,0,0
482047,5,1,1998,0,0,0,0,0,0,0,0,0,0
482048,0,1,1998,0,9,0,0,0,0,0,0,18,0
482048,1,1,1998,14,14,0,15,0,0,0,0,0,22
482049,1,1,1998,0,28,32,13,13,0,0,21,0,0
482050,1,1,1998,26,26,26,26,26,26,26,26,26,26
482051,1,1,1998,0,0,0,0,0,0,0,0,0,0
482051,2,1,1998,0,0,0,39,0,0,17,0,0,0
482052,1,1,1998,17,17,17,17,17,17,17,17,17,17
482053,1,1,1998,29,29,29,29,29,29,29,29,29,29
482053,2,1,1998,0,0,0,0,0,0,0,0,0,0
482054,1,1,1998,0,0,0,0,0,0,0,0,0,0
482055,1,1,1998,6,0,0,26,23,0,0,10,0,18
482056,1,1,1998,27,27,27,27,27,27,27,27,27,27
482057,1,1,1998,13,22,5,18,10,1,11,18,21,4
482058,1,1,1998,5,5,5,5,5,5,5,5,5,5
482059,1,1,1998,19,19,19,19,19,19,19,19,19,19
482060,1,1,1998,0,0,0,0,0,0,0,0,0,0
482060,2,1,1998,12,0,0,18,0,8,7,13,0,0
482061,1,1,1998,12,11,11,25,5,4,9,8,30,34
482061,2,1,1998,0,0,0,0,0,0,0,0,0,0
482062,1,1,1998,14,14,14,14,14,14,14,14,14,14
482062,2,1,1998,0,29,8,0,11,16,0,20,4,21
482063,1,1,1998,13,0,0,0,0,0,0,10,0,0
482063,2,1,1998,0,0,18,0,0,0,0,0,0,0
482063,3,1,1998,0,0,0,0,0,0,0,0,0,0
482063,4,1,1998,0,0,0,0,0,0,0,0,0,0
482064,1,1,1998,37,37,37,37,37,37,37,37,37,37
482065,1,1,1998,20,0,0,0,0,5,0,0,0,0
482066,1,1,1998,0,0,0,0,0,0,0,0,0,0
482066,2,1,1998,14,14,14,14,14,14,14,14,14,14
482067,1,1,1998,0,0,0,0,0,0,0,0,0,0
482067,2,1,1998,0,0,0,0,0,0,0,0,0,0
482068,1,1,1998,0,0,0,0,0,4,13,0,0,0
482068,2,1,1998,0,0,0,18,20,15,0,0,0,0
482069,1,1,1998,0,0,10,10,0,0,0,0,0,0
482070,1,1,1998,0,0,0,0,0,0,0,0,0,0
482071,1,1,1998,0,0,0,0,17,0,0,0,0,0
482071,2,1,1998,0,0,0,0,0,0,0,0,0,0
482071,3,1,1998,0,0,0,0,0,14,0,0,0,4
482072,0,1,1998,0,0,0,44,0,0,0,0,0,0
482072,1,1,1998,0,0,0,0,0,0,0,0,0,0
482073,1,1,1998,0,13,18,21,11,21,0,23,14,0
482074,0,1,1998,0,0,16,0,0,0,0,0,0,0
482074,1,1,1998,0,0,0,0,0,0,0,0,0,0
482075,1,1,1998,0,0,0,0,0,0,0,0,0,0
482076,1,1,1998,0,0,0,0,0,0,0,0,0,0
482077,1,1,1998,0,0,0,0,0,0,0,0,0,0
482077,2,1,1998,49,5,27,16,16,0,11,14,19,15
482078,1,1,1998,0,0,0,0,0,0,0,0,0,0
482079,1,1,1998,0,0,0,0,12,17,0,0,8,0
482080,1,1,1998,0,0,0,0,0,0,0,10,0,0
482080,2,1,1998,0,0,0,0,0,33,0,0,0,0
482080,3,1,1998,4,0,0,0,0,0,0,0,0,0
482081,1,1,1998,0,0,0,0,0,0,0,0,0,0
482082,1,1,1998,0,0,7,0,0,0,9,0,8,0
482083,1,1,1998,13,13,13,13,13,13,13,13,13,13
482084,1,1,1998,0,0,0,0,16,0,0,12,0,0
482085,0,1,1998,0,19,35,10,14,8,18,0,37,29
482085,0,2,1998,0,0,14,9,0,37,0,0,14,21
482085,1,1,1998,0,0,0,0,0,0,0,0,0,0
482086,1,1,1998,21,21,21,21,21,21,21,21,21,21
482087,1,1,1998,15,28,16,24,14,11,7,3,8,6
482088,1,1,1998,0,0,0,0,0,0,0,0,0,0
482088,2,1,1998,0,0,0,0,0,0,0,9,20,0
482089,1,1,1998,0,0,0,0,0,0,0,0,0,0
482090,0,1,1998,35,0,0,17,18,21,32,28,25,0
482090,1,1,1998,0,0,0,14,0,13,7,0,0,0
482090,2,1,1998,23,0,0,21,0,13,16,0,0,15
482091,0,1,1998,0,0,0,0,0,0,0,0,0,0
482091,1,1,1998,0,7,0,13,0,0,0,0,0,0
482092,0,1,1998,0,0,0,0,0,0,0,0,0,0
482092,1,1,1998,0,0,0,0,0,0,0,0,0,0
482092,2,1,1998,0,0,0,16,26,14,0,0,0,6
482093,1,1,1998,11,13,8,0,11,14,0,0,0,0
482094,1,1,1998,29,26,0,14,13,7,16,11,15,12
482095,1,1,1998,0,0,0,17,0,0,18,0,0,0
482095,2,1,1998,0,0,0,0,0,0,0,0,0,0
482096,1,1,1998,0,0,15,13,5,3,0,0,3,0
482096,2,1,1998,18,0,0,0,8,0,17,10,0,0
482097,1,1,1998,1,1,1,1,1,1,1,1,1,1
482098,1,1,1998,0,0,0,0,0,0,0,0,0,0
482098,2,1,1998,0,0,17,11,28,0,0,0,0,0
482099,1,1,1998,5,0,16,6,6,21,0,19,18,0
482100,1,1,1998,0,0,0,0,0,0,22,0,0,0
482100,2,1,1998,0,0,0,0,0,0,0,0,0,0
482101,1,1,1998,0,0,0,0,0,0,0,0,0,0
482102,1,1,1998,0,0,0,0,29,0,0,0,0,0
482102,2,1,1998,0,0,0,0,0,0,0,17,0,0
482103,1,1,1998,0,0,0,0,0,0,0,0,0,0
482103,2,1,1998,0,0,0,0,0,0,0,0,0,0
482104,1,1,1998,11,11,11,11,11,11,11,11,11,11
482105,0,1,1998,0,28,12,0,0,0,28,11,8,23
482105,1,1,1998,0,0,0,0,0,0,0,0,0,0
482106,1,1,1998,0,0,0,0,0,0,0,0,0,0
482106,2,1,1998,23,23,23,23,23,23,23,23,23,23
482107,0,1,1998,15,0,3,24,0,0,19,16,3,19
482107,1,1,1998,0,16,16,0,22,12,12,6,0,25
482108,1,1,1998,0,0,26,0,0,0,0,5,19,0
482109,1,1,1998,18,18,18,18,18,18,18,18,18,18
482109,2,1,1998,18,18,18,18,18,18,18,18,18,18
482110,0,1,1998,32,41,8,35,8,22,24,23,20,12
482110,0,2,1998,0,22,30,12,0,0,16,0,3,0
482110,1,1,1998,0,14,0,0,0,15,14,0,12,11
482110,2,1,1998,0,0,22,15,0,18,0,0,10,0
482111,1,1,1998,3,3,3,3,3,3,3,3,3,3
482112,1,1,1998,44,10,21,32,5,13,17,19,25,0
482113,1,1,1998,5,12,14,13,20,3,8,0,31,18
482114,1,1,1998,19,9,28,15,15,17,26,9,5,16
482115,0,1,1998,16,13,42,15,13,14,20,16,6,0
482115,1,1,1998,0,0,0,0,0,0,0,11,21,15
482116,1,1,1998,0,0,0,0,0,0,0,0,0,0
482116,2,1,1998,0,0,0,0,0,0,0,0,0,4
482117,1,1,1998,17,17,17,17,17,17,17,17,17,17
482117,2,1,1998,6,0,0,0,14,0,0,0,8,0
482117,3,1,1998,0,0,0,11,0,0,12,6,0,12
482118,1,1,1998,0,28,0,0,25,24,24,22,15,22
482119,1,1,1998,0,0,0,0,0,0,0,0,0,0
482119,2,1,1998,0,0,0,14,0,19,0,0,0,0
482120,1,1,1998,0,0,0,0,0,0,0,0,0,0
482121,1,1,1998,0,0,0,0,0,0,0,0,0,0
482122,1,1,1998,11,11,11,11,11,11,11,11,11,11
482123,1,1,1998,0,0,0,0,0,0,0,0,0,0
482123,2,1,1998,0,0,0,0,0,0,0,0,0,0
482124,1,1,1998,0,0,0,0,0,0,0,0,0,0
482124,2,1,1998,0,0,0,0,0,0,0,0,0,0
482125,1,1,1998,0,0,0,0,0,0,0,0,0,0
482125,2,1,1998,0,4,0,0,0,0,0,0,0,0
482125,3,1,1998,0,0,0,0,0,0,13,0,0,0
482126,0,1,1998,0,0,24,0,0,0,0,0,0,0
482126,1,1,1998,0,0,0,0,13,0,0,11,0,0
482127,1,1,1998,0,20,0,0,0,0,5,0,0,0
482128,1,1,1998,0,0,0,0,0,12,0,0,0,0
482128,2,1,1998,0,0,0,0,0,0,0,0,0,0
482129,1,1,1998,0,20,1,0,0,0,0,0,0,0
482130,1,1,1998,0,0,0,0,0,0,0,0,0,0
482130,2,1,1998,0,0,0,0,0,0,0,0,0,0
482131,0,1,1998,0,7,53,29,26,0,13,0,0,9
482131,1,1,1998,0,0,0,0,13,0,0,0,0,0
482132,1,1,1998,18,0,17,0,10,12,16,30,0,5
482133,1,1,1998,1,1,1,1,1,1,1,1,1,1
482134,1,1,1998,0,0,0,0,0,0,0,0,0,0
482134,2,1,1998,0,0,0,0,0,0,0,0,0,0
482135,1,1,1998,0,0,0,0,0,0,0,0,0,0
482135,2,1,1998,0,0,0,0,0,0,0,10,0,0
482135,3,1,1998,0,24,0,15,0,0,0,0,0,0
482136,1,1,1998,6,6,6,6,6,6,6,6,6,6
482137,1,1,1998,0,0,0,0,0,0,0,0,0,0
482138,1,1,1998,25,21,34,7,21,30,30,17,26,34
482139,1,1,1998,0,0,0,0,0,0,0,0,10,0
482140,1,1,1998,19,0,0,9,25,0,0,0,12,0
482141,1,1,1998,0,0,0,0,0,0,0,0,0,0
482141,2,1,1998,0,0,0,0,0,0,0,0,0,0
482141,3,1,1998,0,0,0,0,0,0,0,0,0,0
482142,0,1,1998,12,0,0,4,0,0,30,9,27,0
482142,1,1,1998,0,0,0,0,0,0,0,0,0,0
482143,1,1,1998,0,0,0,10,0,0,0,9,0,16
482143,2,1,1998,0,9,0,0,0,0,0,0,0,0
482144,1,1,1998,0,0,0,0,0,0,0,0,0,0
482144,2,1,1998,0,0,0,0,0,0,0,0,0,0
482145,1,1,1998,0,0,0,0,0,0,0,0,0,0
482146,1,1,1998,0,0,0,0,0,0,0,0,0,0
482146,2,1,1998,0,0,0,0,0,0,0,0,0,0
482147,1,1,1998,0,0,0,0,0,0,0,0,0,0
482148,1,1,1998,9,19,37,27,23,12,21,26,17,17
482149,0,1,1998,0,0,0,0,0,0,0,5,0,0
482149,1,1,1998,0,0,0,12,0,24,13,0,0,0
482150,0,1,1998,0,0,0,0,0,0,0,0,0,0
482150,1,1,1998,0,0,0,0,0,0,0,0,0,0
482151,1,1,1998,0,0,0,0,0,0,0,0,0,0
482151,2,1,1998,0,0,0,0,0,0,0,0,0,0
482152,1,1,1998,0,0,0,0,0,0,0,0,0,0
482152,2,1,1998,0,0,0,0,0,0,0,0,0,0
482153,1,1,1998,0,0,0,8,0,0,0,0,0,0
482154,0,1,1998,10,0,0,0,0,0,0,0,0,0
482154,1,1,1998,0,0,0,0,0,0,0,0,0,3
482155,1,1,1998,0,0,0,0,0,0,0,0,0,0
482155,2,1,1998,0,0,0,0,0,0,0,0,0,0
482156,0,1,1998,0,0,0,14,0,0,0,0,0,0
482156,1,1,1998,0,0,23,0,0,0,0,0,0,0
482157,1,1,1998,4,6,27,13,15,14,25,20,7,37
482158,1,1,1998,0,0,0,0,0,0,0,0,0,0
482158,2,1,1998,0,0,0,0,0,0,0,0,0,0
482159,1,1,1998,29,22,29,29,23,11,16,41,22,23
482160,1,1,1998,0,0,0,0,0,0,0,0,0,0
482161,1,1,1998,0,19,0,0,0,11,0,0,13,0
482161,2,1,1998,7,43,10,0,9,0,0,0,0,0
482162,1,1,1998,35,35,35,35,35,35,35,35,35,35
482163,1,1,1998,15,15,15,15,15,15,15,15,15,15
482164,1,1,1998,15,15,15,15,15,15,15,15,15,15
482165,1,1,1998,0,0,0,0,0,0,0,0,0,0
482165,2,1,1998,0,0,0,0,0,0,0,0,0,0
482166,1,1,1998,0,0,0,0,0,0,0,0,0,0
482166,2,1,1998,0,0,0,0,0,0,0,0,0,0
482167,1,1,1998,0,0,0,23,0,0,0,0,0,0
482167,2,1,1998,0,0,0,0,0,0,0,0,0,0
482168,1,1,1998,0,0,0,0,0,0,0,0,0,0
482168,2,1,1998,0,0,13,0,0,0,0,0,0,0
482169,1,1,1998,0,0,0,0,0,0,0,0,0,0
482170,1,1,1998,0,0,0,0,0,0,0,0,0,0
482170,2,1,1998,20,0,0,0,0,0,0,25,0,0
482171,1,1,1998,10,10,10,10,10,10,10,10,10,10
482172,1,1,1998,0,0,0,0,0,0,0,0,11,0
482172,2,1,1998,26,30,0,0,27,0,15,14,0,0
482173,1,1,1998,0,0,0,0,0,0,0,0,0,6
482173,2,1,1998,0,0,0,0,0,0,0,5,0,0
482174,1,1,1998,0,0,0,0,0,0,0,0,0,0
482174,2,1,1998,0,0,0,0,0,0,0,0,0,0
482175,1,1,1998,0,0,0,0,0,0,0,0,0,0
482175,2,1,1998,0,0,0,0,0,0,0,0,0,0
482176,1,1,1998,20,20,20,20,20,20,20,20,20,20
482177,1,1,1998,11,14,15,0,16,13,4,4,14,9
482177,2,1,1998,0,0,0,20,0,0,0,0,0,0
482178,1,1,1998,4,21,20,13,30,23,39,17,12,0
482179,1,1,1998,11,11,11,11,11,11,11,11,11,11
482180,1,1,1998,19,19,19,19,19,19,19,19,19,19
482180,2,1,1998,32,0,15,15,3,5,0,0,28,19
482181,1,1,1998,11,0,0,0,0,0,0,0,0,0
482182,0,1,1998,0,0,0,0,0,30,21,0,0,0
482182,0,2,1998,12,0,0,0,0,0,18,0,13,8
482182,1,1,1998,0,0,0,0,0,0,0,0,0,0
482183,1,1,1998,0,0,0,0,0,0,0,0,0,0
482183,2,1,1998,0,0,0,0,0,0,0,0,0,0
482183,3,1,1998,0,0,0,0,0,0,0,0,0,0
482184,1,1,1998,0,0,0,0,0,0,0,12,0,0
482184,2,1,1998,0,0,0,0,0,0,0,0,0,0
482185,1,1,1998,0,0,0,0,0,10,0,0,0,0
482185,2,1,1998,0,0,0,0,0,0,0,0,0,0
482185,3,1,1998,0,0,0,0,0,0,0,0,0,0
482185,4,1,1998,0,0,0,0,0,0,0,0,0,0
482186,0,1,1998,16,0,0,0,0,22,20,27,0,0
482186,1,1,1998,0,19,0,0,0,0,0,0,16,0
482187,1,1,1998,0,0,0,0,0,0,0,0,0,24
482188,1,1,1998,26,0,23,0,10,22,0,13,3,0