ST_CASE,VEH_NO,PER_NO,YEAR,P1,P2,P3,P4,P5,P6,P7,P8,P9,P10
482189,1,1,1998,0,0,0,0,0,0,0,0,0,0
482190,1,1,1998,0,0,0,0,0,0,0,0,0,0
482190,2,1,1998,0,0,9,0,0,0,0,9,0,0
482190,3,1,1998,0,0,0,0,0,0,0,0,0,0
482191,0,1,1998,0,0,0,8,18,0,23,0,0,0
482191,0,2,1998,12,0,16,11,13,16,32,28,12,0
482191,1,1,1998,0,5,15,0,15,14,26,7,17,21
482192,0,1,1998,7,20,13,28,14,0,23,32,42,0
482192,1,1,1998,15,0,0,0,0,0,0,0,0,3
482193,0,1,1998,18,18,18,18,18,18,18,18,18,18
482193,1,1,1998,0,0,0,0,0,0,0,0,0,0
482194,1,1,1998,20,20,20,20,20,20,20,20,20,20
482195,0,1,1998,0,0,0,0,0,0,0,0,0,0
482195,1,1,1998,0,0,0,0,0,0,0,0,0,0
482196,1,1,1998,0,0,12,15,0,0,0,7,0,0
482197,1,1,1998,0,0,0,0,0,0,0,0,0,0
482197,2,1,1998,8,8,8,8,8,8,8,8,8,8
482198,1,1,1998,0,0,0,0,0,0,0,0,0,0
482199,0,1,1998,3,0,13,0,22,0,17,0,3,0
482199,0,2,1998,37,17,0,0,7,4,49,0,35,0
482199,1,1,1998,0,0,0,0,11,0,0,0,12,0
482200,1,1,1998,11,17,15,13,7,12,5,15,21,19
482200,2,1,1998,16,0,16,16,26,16,19,22,31,22
482201,0,1,1998,23,0,0,15,14,8,30,11,29,26
482201,1,1,1998,12,7,0,23,19,9,8,15,0,16
482202,1,1,1998,0,0,0,0,0,0,0,0,0,0
482202,2,1,1998,0,0,0,0,0,0,0,0,0,0
482203,1,1,1998,9,9,9,9,9,9,9,9,9,9
482204,1,1,1998,0,0,0,0,0,0,0,0,0,0
482205,1,1,1998,5,5,5,5,5,5,5,5,5,5
482206,1,1,1998,0,0,0,0,0,0,0,0,0,0
482207,0,1,1998,0,30,0,0,0,24,0,0,16,23
482207,1,1,1998,0,8,0,12,0,0,0,9,6,7
482208,1,1,1998,0,0,0,0,0,0,0,0,0,0
482209,1,1,1998,0,0,0,0,0,19,0,0,0,0
482210,1,1,1998,25,25,25,25,25,25,25,25,25,25
482210,2,1,1998,0,0,0,18,0,0,0,0,11,0
482211,1,1,1998,8,4,9,15,11,8,7,8,15,13
482211,2,1,1998,28,21,0,0,0,0,16,11,8,0
482212,1,1,1998,18,24,13,0,9,0,9,0,11,12
482213,1,1,1998,9,13,11,13,0,0,11,0,10,0
482213,2,1,1998,10,17,14,7,0,30,0,18,12,18
482214,0,1,1998,0,0,13,14,0,0,0,0,0,26
482214,1,1,1998,0,5,11,0,0,0,0,0,0,0
482215,1,1,1998,0,0,0,0,0,0,0,0,0,0
482215,2,1,1998,6,18,12,0,0,0,0,0,0,0
482216,1,1,1998,0,0,0,0,0,0,0,0,0,0
482216,2,1,1998,0,0,0,0,0,0,0,0,0,0
482217,0,1,1998,18,18,18,18,18,18,18,18,18,18
482217,1,1,1998,21,0,0,0,0,0,0,0,0,0
482218,1,1,1998,0,0,0,0,0,0,0,0,0,0
482218,2,1,1998,0,0,0,0,0,0,0,0,0,0
482219,1,1,1998,12,12,12,12,12,12,12,12,12,12
482219,2,1,1998,0,0,0,0,0,0,0,0,0,0
482220,1,1,1998,3,22,12,25,10,11,8,10,27,10
482221,1,1,1998,22,7,14,17,0,0,7,19,16,0
482222,1,1,1998,29,0,0,0,0,22,0,0,0,0
482222,2,1,1998,24,0,15,33,21,13,10,19,30,6
482223,1,1,1998,0,0,0,0,0,0,0,0,0,0
482224,1,1,1998,0,0,0,0,0,0,0,0,0,0
482225,1,1,1998,14,5,20,0,0,0,0,0,16,0
482226,1,1,1998,13,0,12,0,10,5,0,9,0,0
482226,2,1,1998,0,0,0,0,0,0,0,12,0,0
482227,1,1,1998,0,0,0,0,0,0,0,0,0,0
482227,2,1,1998,0,0,0,0,0,0,0,0,0,0
482228,1,1,1998,0,0,0,0,0,0,0,0,0,0
482228,2,1,1998,0,0,0,0,0,12,0,0,0,0
482229,0,1,1998,0,35,0,0,0,0,0,0,25,21
482229,1,1,1998,0,0,0,0,0,0,0,0,0,0
482229,2,1,1998,0,0,0,0,0,0,0,0,26,0
482230,0,1,1998,0,28,8,0,0,0,0,0,0,0
482230,1,1,1998,0,0,21,0,7,0,0,16,0,0
482231,1,1,1998,0,0,0,0,0,0,0,0,0,0
482231,2,1,1998,0,0,0,0,0,0,0,0,0,0
482232,0,1,1998,0,0,13,6,0,0,0,28,22,0
482232,1,1,1998,0,0,0,20,0,0,0,0,0,0
482233,0,1,1998,0,0,11,0,0,19,0,24,0,3
482233,1,1,1998,0,0,0,0,0,0,0,0,0,0
482234,1,1,1998,0,0,17,32,0,25,0,0,0,0
482235,1,1,1998,12,0,0,0,3,14,0,16,13,9
482235,2,1,1998,0,10,0,0,0,0,11,0,0,0
482236,1,1,1998,0,0,0,0,0,0,0,0,0,0
482236,2,1,1998,0,0,2,0,5,20,0,0,9,0
482237,1,1,1998,13,0,3,10,12,7,0,22,3,4
482238,1,1,1998,15,15,15,15,15,15,15,15,15,15
482239,1,1,1998,0,0,15,0,0,0,0,0,0,0
482239,2,1,1998,0,0,0,0,0,0,0,0,12,0
482240,1,1,1998,0,0,0,0,0,0,0,0,0,0
482240,2,1,1998,0,0,0,0,0,0,0,0,0,0
482241,1,1,1998,0,0,0,0,0,0,0,0,0,0
482241,2,1,1998,0,11,0,0,18,0,0,0,0,0
482242,1,1,1998,0,0,0,0,0,0,0,0,0,0
482243,1,1,1998,16,16,16,16,16,16,16,16,16,16
482244,1,1,1998,18,26,12,17,6,18,17,6,21,10
482244,2,1,1998,27,28,0,0,12,0,0,0,0,9
482245,1,1,1998,10,10,10,10,10,10,10,10,10,10
482246,1,1,1998,20,20,20,20,20,20,20,20,20,20
482247,1,1,1998,19,19,19,19,19,19,19,19,19,19
482248,1,1,1998,0,0,0,0,0,12,0,0,0,0
482248,2,1,1998,0,0,0,0,0,0,0,0,0,0
482249,1,1,1998,34,34,34,34,34,34,34,34,34,34
482250,1,1,1998,8,8,8,8,8,8,8,8,8,8
482251,1,1,1998,7,0,0,0,0,12,25,0,0,0
482252,1,1,1998,11,11,11,11,11,11,11,11,11,11
482253,1,1,1998,0,0,0,0,0,0,0,0,0,0
482254,1,1,1998,12,0,0,0,0,0,0,0,29,0
482254,2,1,1998,0,45,0,0,0,0,0,0,0,0
482255,1,1,1998,9,9,9,9,9,9,9,9,9,9
482255,2,1,1998,0,0,0,0,0,0,0,0,0,0
482256,1,1,1998,23,23,23,23,23,23,23,23,23,23
482256,2,1,1998,0,0,0,14,0,20,15,0,0,0
482257,1,1,1998,0,0,0,0,0,28,9,16,5,13
482258,1,1,1998,30,30,30,30,30,30,30,30,30,30
482259,1,1,1998,10,19,0,12,0,24,0,8,20,0
482259,2,1,1998,0,0,11,17,0,0,9,11,0,10
482259,3,1,1998,0,0,4,0,0,0,0,0,14,18
482260,0,1,1998,0,10,26,43,0,0,33,27,34,0
482260,1,1,1998,0,0,0,0,0,0,10,11,0,0
482261,0,1,1998,0,0,0,0,0,0,0,0,0,0
482261,1,1,1998,0,0,0,0,0,0,0,0,0,0
482262,1,1,1998,0,0,0,0,0,0,0,0,0,0
482262,2,1,1998,0,0,0,0,0,0,0,0,0,0
482263,1,1,1998,10,16,8,11,25,7,18,14,20,21
482264,1,1,1998,0,0,0,0,34,0,6,0,0,0
482265,1,1,1998,0,0,0,0,0,0,0,0,0,0
482265,2,1,1998,0,23,0,0,0,0,0,0,0,0
482266,1,1,1998,0,0,0,0,0,0,0,0,0,0
482266,2,1,1998,22,22,22,22,22,22,22,22,22,22
482267,1,1,1998,0,0,0,0,0,0,0,0,0,0
482267,2,1,1998,0,0,0,0,0,0,0,0,0,0
482268,1,1,1998,0,0,0,0,0,0,0,0,14,0
482269,0,1,1998,23,0,0,0,23,0,0,0,0,0
482269,1,1,1998,0,0,0,0,0,0,0,0,0,0
482270,1,1,1998,0,0,0,0,0,0,27,0,0,0
482271,1,1,1998,0,0,0,0,0,0,0,0,0,0
482271,2,1,1998,0,16,0,0,0,0,0,0,0,0
482272,1,1,1998,0,0,0,0,0,0,0,0,0,0
482272,2,1,1998,0,0,0,0,0,0,0,0,0,0
482273,1,1,1998,0,0,0,0,0,0,0,0,0,0
482273,2,1,1998,0,0,0,0,0,19,0,0,0,0
482274,1,1,1998,0,16,25,5,0,16,0,0,26,0
482274,2,1,1998,0,0,0,10,10,0,0,0,0,0
482274,3,1,1998,0,0,0,0,0,0,0,0,2,8
482275,1,1,1998,0,0,0,0,0,0,9,0,0,0
482275,2,1,1998,0,0,0,0,0,0,0,0,0,0
482276,1,1,1998,26,19,0,0,0,0,26,22,0,15
482277,1,1,1998,8,0,0,0,14,0,18,0,7,0
482278,1,1,1998,0,0,0,17,0,8,2,0,17,24
482278,2,1,1998,0,0,0,0,15,0,0,0,0,0
482279,1,1,1998,0,0,0,0,0,0,0,0,6,0
482279,2,1,1998,0,0,0,0,0,0,0,0,0,0
482279,3,1,1998,0,0,0,24,0,0,0,0,0,0
482280,1,1,1998,0,0,0,0,0,0,0,0,0,0
482281,1,1,1998,0,0,0,9,0,0,0,0,0,0
482281,2,1,1998,8,0,0,0,0,9,0,0,0,0
482282,1,1,1998,0,0,0,19,12,11,0,11,0,0
482283,1,1,1998,0,0,0,0,0,0,0,0,0,0
482283,2,1,1998,0,0,0,0,0,0,0,0,0,0
482284,0,1,1998,14,12,0,0,0,18,9,16,10,28
482284,0,2,1998,9,0,0,13,8,0,19,34,31,18
482284,1,1,1998,6,22,28,27,7,16,17,0,13,25
482285,1,1,1998,14,14,19,0,0,0,14,26,24,0
482286,1,1,1998,0,0,13,14,20,33,0,12,0,0
482287,1,1,1998,0,0,34,21,13,0,13,17,28,15
482288,1,1,1998,25,25,25,25,25,25,25,25,25,25
482289,1,1,1998,16,16,16,16,16,16,16,16,16,16
482289,2,1,1998,16,4,35,0,0,0,0,11,0,23
482290,1,1,1998,0,0,0,0,0,0,0,29,0,0
482291,1,1,1998,0,0,0,0,0,0,0,0,0,0
482291,2,1,1998,0,0,0,0,0,0,0,16,0,14
482292,1,1,1998,0,0,0,0,0,0,0,0,0,0
482292,2,1,1998,0,0,11,0,0,0,0,0,0,0
482293,0,1,1998,0,0,0,0,0,0,0,0,0,0
482293,1,1,1998,0,12,0,0,0,0,10,0,10,0
482294,1,1,1998,0,0,0,0,0,0,0,0,0,0
482294,2,1,1998,0,0,0,0,7,0,0,0,0,0
482294,3,1,1998,0,0,0,0,0,0,0,0,0,0
482295,1,1,1998,7,7,7,7,7,7,7,7,7,7
482296,1,1,1998,0,0,0,0,0,0,6,0,0,19
482297,1,1,1998,13,13,13,13,13,13,13,13,13,13
482298,1,1,1998,19,19,19,19,19,19,19,19,19,19
482299,1,1,1998,42,10,27,17,21,30,14,24,23,22
482300,0,1,1998,0,0,0,0,0,0,0,9,0,0
482300,1,1,1998,0,0,0,0,0,0,0,0,0,0
482301,1,1,1998,29,29,29,29,29,29,29,29,29,29
482302,1,1,1998,11,11,11,11,11,11,11,11,11,11
482303,1,1,1998,0,0,0,0,0,0,0,0,0,0
482304,1,1,1998,0,37,14,25,26,0,19,36,0,23
482305,1,1,1998,7,7,0,17,0,0,0,0,0,0
482306,1,1,1998,1,1,1,1,1,1,1,1,1,1
482307,1,1,1998,25,17,0,0,26,29,24,18,12,17
482308,0,1,1998,8,0,0,0,21,0,10,23,0,0
482308,1,1,1998,0,0,16,0,0,0,0,0,0,0
482309,1,1,1998,0,0,19,0,0,17,0,0,0,0
482310,1,1,1998,16,16,16,16,16,16,16,16,16,16
482311,1,1,1998,12,12,12,12,12,12,12,12,12,12
482312,1,1,1998,14,12,18,29,27,10,20,0,0,18
482313,1,1,1998,21,18,14,5,5,7,9,19,15,7
482313,2,1,1998,8,0,0,0,0,0,0,0,0,0
482314,0,1,1998,0,0,0,0,0,0,0,0,0,0
482314,0,2,1998,0,0,0,0,0,0,0,0,0,0
482314,1,1,1998,0,0,0,0,0,0,0,0,0,0
482315,0,1,1998,0,0,0,0,0,0,0,31,0,0
482315,1,1,1998,0,0,0,0,0,6,8,0,0,0
482316,0,1,1998,26,26,26,26,26,26,26,26,26,26
482316,2,1,1998,22,22,22,22,22,22,22,22,22,22
482316,3,1,1998,0,0,0,0,0,0,0,0,0,0
482317,0,1,1998,30,30,30,30,30,30,30,30,30,30
482317,1,1,1998,0,0,0,0,0,0,0,0,0,0
482318,1,1,1998,14,0,3,0,0,0,14,7,0,0
482318,2,1,1998,0,0,0,10,0,0,0,19,15,0
482319,1,1,1998,0,0,0,0,0,0,0,0,0,0
482319,2,1,1998,0,0,0,0,0,0,0,0,0,0
482320,1,1,1998,0,11,16,0,0,0,0,0,0,0
482320,2,1,1998,0,0,0,0,0,0,0,0,16,0
482321,1,1,1998,16,33,0,20,0,30,25,14,43,6
482322,1,1,1998,0,0,0,0,0,0,0,0,0,0
482322,2,1,1998,0,0,27,0,0,0,0,11,0,15
482323,1,1,1998,30,0,0,0,7,0,0,0,0,0
482323,2,1,1998,0,0,0,0,0,0,0,0,0,0
482324,1,1,1998,0,0,0,0,0,0,0,0,0,0
482324,2,1,1998,0,0,0,0,0,0,0,0,0,0
482325,1,1,1998,21,21,21,21,21,21,21,21,21,21
482326,1,1,1998,26,28,22,0,24,0,0,19,0,20
482327,0,1,1998,20,20,20,20,20,20,20,20,20,20
482327,1,1,1998,9,9,9,9,9,9,9,9,9,9
482328,1,1,1998,15,15,15,15,15,15,15,15,15,15
482329,0,1,1998,28,28,28,28,28,28,28,28,28,28
482329,1,1,1998,0,0,0,0,0,0,0,0,0,0
482330,0,1,1998,0,0,0,0,0,0,0,16,17,0
482330,1,1,1998,0,0,14,0,5,3,0,0,0,0
482331,1,1,1998,17,18,17,11,22,17,17,27,14,33
482332,1,1,1998,10,10,10,10,10,10,10,10,10,10
482333,1,1,1998,18,0,0,0,0,0,0,0,0,0
482334,0,1,1998,20,20,20,20,20,20,20,20,20,20
482334,1,1,1998,0,0,0,0,0,0,0,6,0,0
482335,1,1,1998,0,0,0,0,0,0,0,9,0,21
482336,0,1,1998,0,0,0,11,0,0,46,0,0,10
482336,1,1,1998,0,0,0,0,0,0,0,0,0,0
482337,1,1,1998,5,5,5,5,5,5,5,5,5,5
482337,2,1,1998,0,0,0,0,0,0,0,0,0,0
482338,1,1,1998,0,0,0,0,0,0,0,0,0,0
482338,2,1,1998,0,9,0,0,0,0,0,0,0,0
482339,0,1,1998,0,0,0,22,26,0,0,19,0,29
482339,1,1,1998,5,5,5,5,5,5,5,5,5,5
482340,1,1,1998,0,0,0,0,0,0,0,0,0,0
482340,2,1,1998,0,0,0,0,0,0,0,0,0,0
482340,3,1,1998,0,0,0,0,0,0,10,0,0,0
482341,1,1,1998,13,13,13,13,13,13,13,13,13,13
482342,1,1,1998,0,0,0,0,0,0,0,0,0,0
482342,2,1,1998,0,0,10,0,0,0,10,0,0,0
482343,1,1,1998,0,12,13,0,0,0,0,0,0,0
482343,2,1,1998,0,0,0,0,0,0,0,12,0,0
482344,1,1,1998,0,0,0,0,0,0,0,0,0,0
482344,2,1,1998,0,0,0,0,0,0,0,0,0,0
482345,0,1,1998,13,0,23,0,0,0,0,0,0,0
482345,1,1,1998,0,0,0,0,0,0,0,0,0,0
482346,0,1,1998,0,16,7,15,0,1,33,16,0,17
482346,1,1,1998,17,9,11,0,0,34,16,2,6,21
482347,1,1,1998,7,17,10,0,24,17,18,17,15,22
482348,0,1,1998,0,6,41,0,0,0,0,26,23,0
482348,0,2,1998,52,12,0,11,26,17,10,0,9,31
482348,1,1,1998,22,0,5,3,19,14,0,14,23,11
482349,1,1,1998,11,11,11,11,11,11,11,11,11,11
482350,1,1,1998,0,0,0,0,0,0,0,0,0,0
482351,1,1,1998,0,0,0,0,0,0,0,0,0,0
482351,2,1,1998,0,0,0,0,0,0,0,0,0,0
482352,1,1,1998,0,0,0,0,0,0,0,0,0,0
482352,2,1,1998,17,0,0,0,0,0,0,0,0,26
482352,3,1,1998,0,0,0,0,0,0,0,0,0,0
482352,4,1,1998,0,0,0,0,0,0,0,0,0,0
482353,1,1,1998,2,0,0,0,18,0,0,20,0,0
482354,0,1,1998,0,13,23,0,0,0,19,14,20,0
482354,1,1,1998,0,0,0,3,0,24,0,0,0,0
482355,1,1,1998,0,0,0,0,0,0,0,0,0,0
482356,0,1,1998,0,20,26,18,10,20,0,24,5,0
482356,1,1,1998,12,28,29,8,16,14,0,8,0,10
482357,1,1,1998,0,0,0,41,26,0,43,0,24,12
482357,2,1,1998,0,0,13,0,0,13,0,5,13,0
482358,1,1,1998,22,21,19,18,0,24,26,0,21,21
482359,1,1,1998,14,22,4,17,10,10,9,16,10,5
482360,0,1,1998,17,17,17,17,17,17,17,17,17,17
482360,1,1,1998,0,0,0,0,0,0,0,0,0,0
482361,1,1,1998,0,0,0,13,0,0,12,9,0,0
482361,2,1,1998,0,0,0,2,19,0,0,0,6,0
482362,0,1,1998,25,25,25,25,25,25,25,25,25,25
482362,1,1,1998,0,0,0,0,0,0,0,0,0,0
482363,1,1,1998,5,5,5,5,5,5,5,5,5,5
482364,1,1,1998,20,20,20,20,20,20,20,20,20,20
482365,1,1,1998,14,14,14,14,14,14,14,14,14,14
482366,1,1,1998,0,0,0,0,0,11,0,0,0,0
482367,1,1,1998,0,0,0,9,0,0,0,0,0,0
482367,2,1,1998,0,0,0,0,0,0,0,0,0,0
482368,1,1,1998,0,0,0,0,0,0,0,0,0,0
482368,2,1,1998,0,0,0,0,0,0,0,0,0,0
482369,1,1,1998,0,0,0,0,0,0,0,0,8,22
482370,1,1,1998,3,3,3,3,3,3,3,3,3,3
482371,1,1,1998,0,0,0,0,0,0,0,0,0,18
482371,2,1,1998,0,0,15,0,0,0,0,0,0,0
482372,1,1,1998,0,0,0,0,0,0,0,0,12,0
482373,0,1,1998,0,26,0,16,0,10,0,4,7,0
482373,1,1,1998,0,0,0,0,0,0,0,0,0,0
482374,1,1,1998,1,1,1,1,1,1,1,1,1,1
482374,2,1,1998,9,0,0,24,20,14,17,0,12,18
482375,1,1,1998,0,0,0,0,0,0,0,0,0,0
482376,0,1,1998,0,6,0,0,8,0,0,0,0,0
482376,1,1,1998,0,0,0,0,0,15,0,0,0,0
482377,1,1,1998,34,34,34,34,34,34,34,34,34,34
482377,2,1,1998,0,0,0,0,0,0,0,0,0,5
482377,3,1,1998,0,0,0,0,0,0,0,0,0,0
482378,1,1,1998,0,0,0,0,0,0,0,0,0,0
482379,1,1,1998,0,0,0,9,0,0,0,0,0,14
482380,1,1,1998,0,0,0,0,0,0,14,3,0,0
482380,2,1,1998,0,0,0,0,0,0,0,0,0,0
482381,0,1,1998,8,27,13,32,0,16,20,24,15,0
482381,1,1,1998,0,0,0,0,0,0,0,0,0,0
482382,0,1,1998,0,0,0,0,0,0,0,0,0,0
482382,1,1,1998,0,0,0,0,0,0,0,0,0,0
482383,0,1,1998,0,0,0,0,0,0,0,0,0,0
482383,0,2,1998,0,0,0,0,0,0,0,0,0,0
482383,1,1,1998,0,0,0,0,0,0,0,0,0,0
482384,1,1,1998,0,0,0,0,0,0,0,0,0,0
482384,2,1,1998,0,0,0,0,0,0,0,0,0,0
482385,1,1,1998,23,23,23,23,23,23,23,23,23,23
482386,1,1,1998,0,0,0,0,0,0,0,0,0,0
482387,1,1,1998,20,20,20,20,20,20,20,20,20,20
482387,2,1,1998,0,0,0,0,9,0,0,0,0,0
482388,1,1,1998,0,0,0,0,0,0,0,0,0,0
482388,2,1,1998,0,0,0,0,0,0,0,0,0,0
482389,1,1,1998,11,12,5,7,0,14,0,4,0,8
482389,2,1,1998,10,0,0,22,23,0,0,0,0,18
482390,0,1,1998,0,0,6,0,28,18,7,27,0,0
482390,1,1,1998,0,0,0,0,0,0,0,0,0,0
482391,1,1,1998,30,30,30,30,30,30,30,30,30,30
482392,1,1,1998,7,0,32,12,0,21,13,17,17,0
482393,1,1,1998,7,7,7,7,7,7,7,7,7,7
482394,1,1,1998,24,24,24,24,24,24,24,24,24,24
482395,1,1,1998,0,0,0,0,0,0,0,0,0,0
482395,2,1,1998,0,0,0,0,0,0,0,0,0,0
482396,1,1,1998,4,4,4,4,4,4,4,4,4,4
482397,1,1,1998,14,6,12,18,34,15,6,0,23,8
482398,1,1,1998,29,29,29,29,29,29,29,29,29,29
482399,1,1,1998,22,22,22,22,22,22,22,22,22,22
482400,1,1,1998,0,26,0,0,0,0,0,0,15,3
482400,2,1,1998,0,13,10,0,7,0,0,0,0,0
482401,1,1,1998,16,5,11,17,10,7,5,0,19,8
482402,1,1,1998,12,25,0,0,4,7,3,14,0,5
482402,2,1,1998,0,26,0,5,0,27,0,0,21,0
482403,1,1,1998,17,17,17,17,17,17,17,17,17,17
482404,1,1,1998,0,3,0,0,0,0,0,13,0,0
482405,0,1,1998,0,0,18,19,5,13,0,8,14,0
482405,0,2,1998,0,11,24,26,16,31,0,18,37,0
482405,1,1,1998,0,0,0,28,0,20,9,0,9,0
482405,3,1,1998,18,0,16,0,0,19,4,7,0,4
482406,1,1,1998,14,17,2,18,4,22,3,24,0,11
482407,1,1,1998,16,0,0,0,14,0,0,0,7,0
482408,1,1,1998,23,23,23,23,23,23,23,23,23,23
482408,2,1,1998,17,0,13,0,8,0,0,0,0,0
482408,3,1,1998,14,19,0,14,9,0,18,34,9,7
482409,1,1,1998,0,0,0,0,0,0,0,15,9,0
482410,1,1,1998,0,0,0,0,0,0,0,0,0,0
482411,1,1,1998,0,0,0,0,0,0,0,0,0,0
482412,1,1,1998,0,0,0,0,0,0,0,0,0,0
482412,2,1,1998,0,0,0,0,20,0,0,0,0,0
482413,0,1,1998,0,0,0,0,0,0,0,0,0,0
482413,1,1,1998,0,0,0,11,0,0,0,0,0,0
482414,1,1,1998,0,0,0,0,0,0,0,0,0,0
482414,2,1,1998,0,0,0,0,0,0,12,0,0,0
482414,3,1,1998,0,0,0,0,0,0,0,0,0,0
482414,4,1,1998,0,0,0,0,0,0,0,0,0,0
482415,1,1,1998,9,9,9,9,9,9,9,9,9,9
482416,1,1,1998,0,0,0,0,0,0,0,0,0,0
482417,0,1,1998,38,24,0,0,25,0,26,0,22,13
482417,1,1,1998,0,4,7,0,0,23,0,0,2,0
482418,1,1,1998,14,19,0,2,14,13,7,23,14,26
482418,2,1,1998,0,0,0,7,0,0,0,0,0,0
482419,1,1,1998,0,0,0,0,0,0,0,0,0,0
482420,1,1,1998,0,0,0,0,0,0,0,0,0,0
482420,2,1,1998,9,9,9,9,9,9,9,9,9,9
482421,1,1,1998,0,0,12,0,0,11,40,0,0,0
482421,2,1,1998,0,0,0,0,0,0,11,14,0,0
482422,1,1,1998,0,0,0,0,0,0,0,0,0,0
482423,1,1,1998,0,0,0,0,0,0,0,0,0,0
482424,1,1,1998,0,0,0,0,0,0,0,0,0,0
482424,2,1,1998,0,0,0,0,0,0,0,0,0,0
482425,1,1,1998,0,0,20,17,8,19,0,10,0,2
482426,1,1,1998,23,23,23,23,23,23,23,23,23,23
482426,2,1,1998,0,0,0,0,0,0,0,0,0,0
482427,1,1,1998,0,0,0,0,0,0,0,0,19,0
482428,1,1,1998,0,0,0,0,0,0,0,0,0,0
482428,2,1,1998,0,0,0,0,0,0,0,0,0,0
482428,3,1,1998,0,0,0,0,0,17,0,0,0,0
482429,1,1,1998,15,30,11,0,0,11,29,0,33,15
482430,1,1,1998,0,0,0,0,0,0,0,0,0,0
482431,0,1,1998,0,0,5,0,27,34,28,4,20,0
482431,1,1,1998,27,27,27,27,27,27,27,27,27,27
482432,1,1,1998,0,0,0,0,0,0,0,0,0,0
482432,2,1,1998,13,16,0,0,0,0,0,0,20,0
482433,1,1,1998,0,0,0,0,0,0,0,0,0,0
482433,2,1,1998,0,0,0,29,0,0,0,22,0,0
482434,1,1,1998,0,0,0,0,0,0,0,0,0,0
482434,2,1,1998,0,0,0,0,0,0,0,0,0,5
482434,3,1,1998,6,0,11,4,18,7,0,18,0,0
482434,4,1,1998,0,0,0,0,0,0,0,0,0,0
482434,5,1,1998,0,0,0,0,0,0,0,0,0,0
482434,6,1,1998,0,0,0,0,0,0,0,0,0,2
482434,7,1,1998,0,0,0,0,0,0,0,16,0,0
482435,1,1,1998,0,0,0,0,0,0,0,0,0,0
482436,1,1,1998,18,18,18,18,18,18,18,18,18,18
482437,1,1,1998,0,0,0,0,0,0,0,0,0,0
482438,1,1,1998,0,0,36,0,0,0,0,0,0,6
482438,2,1,1998,0,0,0,19,0,0,0,0,0,0
482439,1,1,1998,0,0,0,0,0,0,0,0,0,0
482440,1,1,1998,9,9,9,9,9,9,9,9,9,9
482441,1,1,1998,21,21,21,21,21,21,21,21,21,21
482442,1,1,1998,0,0,0,0,0,0,0,0,0,0
482442,2,1,1998,0,8,19,0,0,15,0,22,21,17
482443,1,1,1998,0,0,0,0,0,0,0,0,0,0
482444,1,1,1998,7,0,0,0,21,0,16,21,0,0
482445,1,1,1998,5,11,25,25,14,21,7,18,16,13
482446,1,1,1998,12,12,12,12,12,12,12,12,12,12
482447,1,1,1998,0,0,0,0,0,0,0,0,0,0
482447,2,1,1998,0,0,0,0,0,0,0,0,0,0
482448,1,1,1998,41,6,33,20,0,0,34,28,29,0
482449,0,1,1998,0,0,0,37,11,0,0,0,0,0
482449,1,1,1998,0,0,0,0,0,0,0,0,0,0
482450,1,1,1998,0,0,6,8,13,0,20,0,0,19
482451,1,1,1998,0,0,16,0,0,23,0,0,0,22
482452,1,1,1998,0,21,0,13,24,19,0,25,4,0
482453,0,1,1998,0,10,0,0,0,0,10,0,0,0
482453,1,1,1998,0,0,0,0,0,0,0,0,0,0
482454,0,1,1998,7,7,7,7,7,7,7,7,7,7
482454,1,1,1998,0,0,0,0,0,0,22,0,0,0
482455,1,1,1998,0,0,0,0,0,0,0,0,0,0
482455,2,1,1998,18,0,0,0,12,0,30,0,0,12
482456,1,1,1998,0,0,0,0,0,0,0,0,0,0
482457,1,1,1998,25,0,24,26,38,16,16,17,18,17
482458,1,1,1998,0,20,0,0,0,0,0,13,24,0
482459,0,1,1998,26,11,20,9,21,42,0,16,14,0
482459,1,1,1998,0,12,14,12,0,0,0,14,0,0
482460,0,1,1998,6,10,13,37,0,0,0,21,0,0
482460,1,1,1998,0,0,0,0,0,0,0,0,0,0
482461,1,1,1998,32,32,32,32,32,32,32,32,32,32
482462,1,1,1998,16,22,10,11,11,29,6,26,10,0
482463,1,1,1998,0,0,0,0,0,0,0,0,0,0
482463,2,1,1998,0,0,0,7,0,0,0,0,0,0
482463,3,1,1998,0,0,9,0,0,0,0,0,0,0
482463,4,1,1998,0,0,0,0,0,0,0,0,0,22
482464,1,1,1998,0,13,10,0,11,5,12,6,0,0
482465,1,1,1998,0,0,0,0,0,0,0,0,0,0
482465,2,1,1998,0,10,0,0,0,0,0,0,0,0
482466,0,1,1998,40,0,0,17,43,0,23,9,10,35
482466,1,1,1998,0,0,0,0,0,0,0,0,0,0
482467,1,1,1998,0,0,0,0,0,0,0,0,0,0
482467,2,1,1998,0,0,0,0,0,0,0,0,0,0