ST_CASE,VEH_NO,PER_NO,YEAR,P1,P2,P3,P4,P5,P6,P7,P8,P9,P10
482467,3,1,1998,0,0,0,0,0,0,0,0,0,0
482467,4,1,1998,0,16,0,0,11,3,0,0,0,0
482468,1,1,1998,0,0,0,0,0,0,0,11,0,15
482469,1,1,1998,0,18,0,18,16,16,19,15,12,0
482470,1,1,1998,0,0,0,0,0,0,0,0,0,0
482470,2,1,1998,0,0,0,0,0,0,0,0,0,0
482471,1,1,1998,0,0,0,0,0,0,0,0,0,0
482471,2,1,1998,0,0,0,0,0,0,0,0,0,0
482472,1,1,1998,0,0,0,0,0,0,0,0,0,0
482472,2,1,1998,0,0,15,0,0,0,0,0,0,0
482473,1,1,1998,0,0,0,0,0,0,0,0,0,0
482474,1,1,1998,0,0,0,0,0,0,0,0,0,0
482474,2,1,1998,0,0,0,0,0,0,0,0,0,0
482475,1,1,1998,15,15,15,15,15,15,15,15,15,15
482475,2,1,1998,13,13,13,13,13,13,13,13,13,13
482475,3,1,1998,0,0,0,18,0,0,0,0,4,0
482476,1,1,1998,0,0,0,0,0,0,16,0,0,0
482476,2,1,1998,0,0,0,0,0,0,0,0,0,0
482476,3,1,1998,0,0,0,0,0,0,0,0,0,0
482477,0,1,1998,0,0,0,0,0,0,0,0,0,0
482477,1,1,1998,0,17,0,5,0,0,13,0,0,0
482478,1,1,1998,0,0,20,15,8,11,0,10,0,24
482479,1,1,1998,18,18,18,18,18,18,18,18,18,18
482480,1,1,1998,0,0,11,0,0,0,0,0,18,0
482480,2,1,1998,0,0,0,0,0,0,0,0,0,0
482481,0,1,1998,0,0,28,0,0,0,31,0,23,0
482481,1,1,1998,11,6,17,20,7,20,11,27,17,23
482482,0,1,1998,37,17,16,3,0,12,0,11,21,0
482482,1,1,1998,31,0,0,0,31,0,0,0,0,27
482482,2,1,1998,0,0,0,0,0,0,19,16,0,5
482483,1,1,1998,0,14,11,12,1,14,0,8,10,24
482484,1,1,1998,0,0,0,0,0,0,0,0,0,0
482484,2,1,1998,0,0,0,0,0,0,0,0,0,0
482484,3,1,1998,27,0,0,0,0,0,13,0,0,0
482485,0,1,1998,0,8,0,0,23,11,2,40,20,16
482485,1,1,1998,8,0,0,8,0,11,0,0,24,0
482486,0,1,1998,0,0,24,0,42,0,0,12,21,28
482486,1,1,1998,15,9,12,18,23,19,2,0,10,15
482487,1,1,1998,0,0,0,0,0,0,0,0,0,0
482488,1,1,1998,0,0,0,0,0,0,0,0,0,0
482488,2,1,1998,19,19,19,19,19,19,19,19,19,19
482489,1,1,1998,0,15,0,0,0,0,11,0,0,6
482490,0,1,1998,26,26,26,26,26,26,26,26,26,26
482490,1,1,1998,0,0,0,0,0,0,0,0,0,0
482491,0,1,1998,9,0,20,0,31,11,33,0,21,11
482491,1,1,1998,15,11,0,6,0,4,24,0,0,0
482492,1,1,1998,0,0,10,3,0,0,0,0,8,0
482493,1,1,1998,24,7,18,9,32,13,21,14,27,16
482494,1,1,1998,0,0,0,0,0,0,0,0,0,0
482495,0,1,1998,0,0,14,0,0,9,15,11,0,0
482495,0,2,1998,19,0,0,0,0,12,0,0,21,0
482495,1,1,1998,12,13,23,19,13,32,16,10,13,8
482496,1,1,1998,21,11,25,9,35,25,37,14,35,19
482497,1,1,1998,0,0,18,4,0,13,0,28,0,0
482498,1,1,1998,22,22,27,17,19,11,17,17,23,17
482499,1,1,1998,19,19,19,19,19,19,19,19,19,19
482500,1,1,1998,24,24,24,24,24,24,24,24,24,24
482501,1,1,1998,0,0,0,0,0,0,0,0,0,0
482501,2,1,1998,0,0,0,0,0,0,0,0,0,0
482502,1,1,1998,0,0,0,0,0,0,0,8,0,0
482502,2,1,1998,0,0,0,0,0,0,0,0,0,0
482503,1,1,1998,0,0,0,0,0,0,0,0,0,0
482503,2,1,1998,0,0,0,0,0,0,0,0,0,0
482504,1,1,1998,0,0,0,0,0,0,0,0,0,0
482504,2,1,1998,0,0,0,0,0,0,0,0,0,11
482504,3,1,1998,0,0,0,0,0,0,0,0,0,0
482504,4,1,1998,0,0,0,0,0,0,0,3,0,0
482505,1,1,1998,0,0,0,0,0,0,0,0,0,0
482505,2,1,1998,0,0,0,0,0,0,0,0,0,0
482506,1,1,1998,0,0,0,0,0,0,0,0,0,18
482506,2,1,1998,0,0,0,0,0,0,0,0,0,0
482506,3,1,1998,0,0,0,0,0,0,0,0,0,0
482507,1,1,1998,0,10,12,16,14,14,8,10,23,16
482508,1,1,1998,0,0,0,0,0,0,0,0,0,0
482508,2,1,1998,0,0,0,0,20,12,9,14,0,0
482509,0,1,1998,0,0,0,30,0,0,0,0,25,14
482509,1,1,1998,0,0,0,0,0,0,0,0,0,0
482510,1,1,1998,0,0,0,0,0,0,0,0,0,0
482510,2,1,1998,0,0,0,0,0,0,0,0,0,0
482511,1,1,1998,1,1,1,1,1,1,1,1,1,1
482511,2,1,1998,0,10,0,0,0,0,0,0,0,0
482511,3,1,1998,4,0,0,0,0,0,0,0,16,0
482511,4,1,1998,0,0,0,0,0,0,0,0,0,0
482512,0,1,1998,0,0,37,28,0,17,0,0,0,0
482512,1,1,1998,0,0,0,0,0,0,0,0,0,0
482513,1,1,1998,14,14,14,14,14,14,14,14,14,14
482514,1,1,1998,9,29,0,11,0,0,0,0,0,14
482515,1,1,1998,0,0,0,0,0,0,0,0,0,0
482516,0,1,1998,0,0,5,0,0,21,0,9,0,43
482516,1,1,1998,0,0,0,0,0,0,0,0,0,0
482517,1,1,1998,0,0,9,0,0,0,0,0,0,0
482518,1,1,1998,0,0,0,0,0,0,0,0,0,0
482518,2,1,1998,10,10,10,10,10,10,10,10,10,10
482519,0,1,1998,0,0,0,10,0,0,0,0,0,0
482519,1,1,1998,15,15,15,15,15,15,15,15,15,15
482520,1,1,1998,0,0,0,0,0,0,0,0,0,11
482521,1,1,1998,0,0,0,0,0,0,0,18,0,0
482522,1,1,1998,0,0,0,0,0,0,0,0,0,0
482522,2,1,1998,0,20,0,0,0,0,0,0,15,0
482523,1,1,1998,0,7,0,29,0,0,0,0,0,0
482524,1,1,1998,0,0,0,8,0,0,0,13,0,0
482524,2,1,1998,0,0,0,0,0,0,0,0,0,0
482525,1,1,1998,11,11,11,11,11,11,11,11,11,11
482526,1,1,1998,11,4,10,22,16,25,12,2,15,14
482526,2,1,1998,22,27,0,0,0,21,17,11,0,0
482527,1,1,1998,0,0,0,0,25,0,0,30,19,10
482527,2,1,1998,0,0,0,0,0,0,0,0,0,0
482528,0,1,1998,45,21,28,13,26,29,20,14,22,0
482528,1,1,1998,12,21,2,0,14,9,0,11,17,9
482529,1,1,1998,0,0,0,0,0,0,0,0,0,0
482529,2,1,1998,0,0,0,0,0,0,0,0,0,0
482530,0,1,1998,0,0,0,0,0,0,0,0,8,0
482530,1,1,1998,0,0,8,0,19,14,0,0,27,22
482531,1,1,1998,18,0,0,15,0,0,17,0,16,0
482531,2,1,1998,10,13,22,0,8,0,13,0,0,18
482532,0,1,1998,0,21,0,0,0,0,0,0,0,21
482532,1,1,1998,0,0,0,0,15,0,0,0,0,0
482533,0,1,1998,19,3,12,0,20,0,16,19,10,0
482533,1,1,1998,0,0,0,0,0,0,0,0,0,0
482534,0,1,1998,22,0,26,24,24,26,16,17,30,14
482534,1,1,1998,17,0,0,0,0,0,0,0,0,0
482534,2,1,1998,0,0,11,0,0,0,0,0,0,0
482534,3,1,1998,0,12,0,0,0,0,0,0,0,0
482534,4,1,1998,0,0,0,0,0,0,0,0,0,0
482534,5,1,1998,0,0,0,0,0,0,0,0,12,0
482534,6,1,1998,0,0,0,0,0,0,0,12,0,18
482534,7,1,1998,0,19,0,0,0,14,0,0,18,0
482535,1,1,1998,0,0,0,0,0,0,0,0,0,0
482535,2,1,1998,0,11,17,9,22,0,3,12,20,16
482536,1,1,1998,0,0,18,0,0,0,0,0,24,0
482537,0,1,1998,0,0,0,0,0,0,38,0,0,0
482537,1,1,1998,4,0,0,0,0,0,0,0,0,0
482538,1,1,1998,13,13,13,13,13,13,13,13,13,13
482538,2,1,1998,0,0,0,0,0,0,0,0,0,0
482539,1,1,1998,0,7,0,0,0,0,25,0,0,26
482540,1,1,1998,0,0,0,0,0,9,0,0,0,0
482540,2,1,1998,0,0,0,0,0,0,0,0,0,0
482540,3,1,1998,0,0,0,0,0,0,0,0,0,0
482541,0,1,1998,41,10,0,0,34,15,6,18,0,19
482541,1,1,1998,0,0,0,0,10,0,0,12,0,0
482542,1,1,1998,0,0,10,0,0,0,0,0,0,0
482542,2,1,1998,0,0,0,0,0,0,0,0,0,0
482543,0,1,1998,0,17,22,12,0,0,29,17,23,0
482543,1,1,1998,0,0,0,0,0,8,0,0,0,0
482544,1,1,1998,0,0,0,0,0,0,0,0,0,0
482545,1,1,1998,19,19,19,19,19,19,19,19,19,19
482546,1,1,1998,15,0,9,11,0,0,11,23,0,0
482547,1,1,1998,18,18,18,18,18,18,18,18,18,18
482547,2,1,1998,0,0,0,0,0,0,0,0,0,0
482548,1,1,1998,0,0,0,0,0,0,0,0,0,0
482548,2,1,1998,0,11,0,37,0,0,0,0,16,0
482548,3,1,1998,14,0,0,0,0,0,0,0,0,0
482549,1,1,1998,0,0,0,0,0,0,0,0,0,0
482549,2,1,1998,0,0,0,0,0,0,0,0,0,0
482550,1,1,1998,0,33,34,18,8,6,16,10,0,15
482551,1,1,1998,0,0,0,0,0,0,0,0,0,0
482551,2,1,1998,0,0,0,0,0,0,0,0,0,0
482552,1,1,1998,0,0,0,0,0,0,0,0,0,0
482552,2,1,1998,0,0,0,0,0,0,0,0,0,0
482553,1,1,1998,0,0,0,0,0,0,0,0,0,0
482553,2,1,1998,21,0,0,29,0,0,0,0,0,0
482554,1,1,1998,18,18,18,18,18,18,18,18,18,18
482554,2,1,1998,10,10,10,10,10,10,10,10,10,10
482555,0,1,1998,29,29,29,29,29,29,29,29,29,29
482555,1,1,1998,0,0,0,0,9,0,17,0,0,7
482556,1,1,1998,16,16,16,16,16,16,16,16,16,16
482557,1,1,1998,0,0,0,0,0,0,0,0,0,0
482557,2,1,1998,0,0,0,0,0,12,0,17,3,0
482558,1,1,1998,14,10,13,16,14,12,16,16,10,15
482558,2,1,1998,0,0,0,0,0,0,0,0,0,0
482559,0,1,1998,10,10,10,10,10,10,10,10,10,10
482559,1,1,1998,15,15,15,15,15,15,15,15,15,15
482560,1,1,1998,0,0,0,0,0,0,0,0,0,0
482560,2,1,1998,0,0,0,0,0,0,0,0,0,0
482561,1,1,1998,0,0,0,0,0,0,0,0,0,0
482562,1,1,1998,0,0,0,0,0,0,0,0,0,0
482562,2,1,1998,0,0,0,0,0,0,0,0,0,0
482563,1,1,1998,0,0,0,10,0,0,0,0,0,0
482564,1,1,1998,18,0,0,0,0,0,0,0,16,7
482565,1,1,1998,0,0,0,0,0,0,0,0,0,0
482565,2,1,1998,0,0,0,11,0,9,0,0,0,0
482565,3,1,1998,0,0,0,0,0,0,0,0,0,0
482565,4,1,1998,0,0,0,0,0,0,0,0,0,0
482566,1,1,1998,12,12,12,12,12,12,12,12,12,12
482567,1,1,1998,0,0,0,0,0,0,0,0,0,0
482567,2,1,1998,0,0,0,0,0,0,0,0,0,0
482568,1,1,1998,0,0,0,0,0,0,0,0,0,0
482568,2,1,1998,0,0,0,0,0,0,0,0,0,0
482569,0,1,1998,21,0,0,0,0,0,22,0,0,4
482569,0,2,1998,12,10,0,0,0,9,27,0,0,8
482569,1,1,1998,0,0,8,0,0,14,0,0,0,0
482570,1,1,1998,24,23,3,14,16,23,20,13,12,0
482570,2,1,1998,0,17,0,0,0,0,0,0,8,0
482571,1,1,1998,14,13,9,0,0,8,15,30,2,0
482571,2,1,1998,0,0,0,0,0,0,0,0,0,0
482572,0,1,1998,0,0,0,0,0,0,0,27,13,0
482572,1,1,1998,0,0,0,0,0,0,0,0,0,0
482573,1,1,1998,0,12,22,20,11,0,0,0,8,0
482573,2,1,1998,0,0,0,0,0,0,0,0,0,0
482574,1,1,1998,16,16,16,16,16,16,16,16,16,16
482574,2,1,1998,0,0,0,0,0,0,0,0,0,0
482575,1,1,1998,0,0,0,0,0,19,0,0,0,0
482575,2,1,1998,0,0,0,0,0,0,0,0,0,0
482576,1,1,1998,0,0,0,0,0,0,0,0,0,0
482576,2,1,1998,0,0,0,0,0,0,0,0,0,0
482577,1,1,1998,0,0,0,0,0,0,0,0,0,0
482577,2,1,1998,0,0,0,0,0,0,0,0,0,0
482578,1,1,1998,0,0,0,0,0,0,15,0,0,0
482578,2,1,1998,0,0,0,0,0,0,0,0,0,0
482579,1,1,1998,0,0,0,0,0,0,0,0,0,0
482579,2,1,1998,0,0,0,11,0,0,0,0,0,0
482580,1,1,1998,29,29,29,29,29,29,29,29,29,29
482581,1,1,1998,0,0,0,0,0,0,0,0,0,0
482582,1,1,1998,11,11,11,11,11,11,11,11,11,11
482583,0,1,1998,22,22,22,22,22,22,22,22,22,22
482583,1,1,1998,0,0,0,0,0,0,3,0,0,0
482584,1,1,1998,0,0,0,0,0,0,0,0,0,0
482584,2,1,1998,0,0,0,0,0,0,0,0,0,0
482585,1,1,1998,18,18,18,18,18,18,18,18,18,18
482586,1,1,1998,12,29,20,13,21,24,17,11,0,37
482587,1,1,1998,0,0,0,0,0,0,0,0,0,0
482587,2,1,1998,0,0,0,0,22,0,0,0,0,0
482588,0,1,1998,0,0,0,0,0,17,0,0,0,0
482588,1,1,1998,0,0,0,0,11,8,0,0,11,0
482589,1,1,1998,15,14,16,13,25,27,20,9,11,25
482589,2,1,1998,0,0,12,0,0,0,13,0,0,12
482590,1,1,1998,0,0,0,0,0,0,0,0,0,0
482590,2,1,1998,0,0,0,0,0,0,0,0,0,0
482590,3,1,1998,0,0,0,0,0,0,0,0,0,0
482590,4,1,1998,0,0,0,0,0,0,0,0,0,0
482591,1,1,1998,27,28,32,15,4,28,0,27,21,11
482592,0,1,1998,0,9,0,21,22,48,0,0,0,0
482592,1,1,1998,2,2,2,2,2,2,2,2,2,2
482593,1,1,1998,0,0,0,0,0,0,0,0,0,0
482593,2,1,1998,23,0,0,7,7,19,13,0,0,7
482594,1,1,1998,0,0,0,23,0,9,0,0,0,0
482595,1,1,1998,0,15,17,0,21,22,17,0,0,0
482596,1,1,1998,13,14,16,20,14,7,17,21,14,27
482597,1,1,1998,17,14,0,28,20,15,45,3,27,0
482598,1,1,1998,0,0,0,0,0,0,0,0,0,4
482598,2,1,1998,28,0,0,0,0,0,0,0,0,0
482599,1,1,1998,0,0,0,0,0,0,0,0,0,0
482600,1,1,1998,30,13,10,20,35,21,22,0,0,0
482600,2,1,1998,11,0,14,0,11,7,20,19,26,0
482601,1,1,1998,0,0,0,0,0,0,0,0,0,0
482601,2,1,1998,0,0,0,0,23,0,0,0,0,11
482602,1,1,1998,0,0,0,0,17,8,0,2,0,0
482602,2,1,1998,3,0,0,0,0,0,0,0,0,0
482603,0,1,1998,0,0,0,0,0,0,0,0,0,0
482603,1,1,1998,16,6,0,11,0,0,0,0,0,0
482604,1,1,1998,19,19,19,19,19,19,19,19,19,19
482605,1,1,1998,0,0,0,0,0,0,0,12,0,0
482605,2,1,1998,0,0,0,0,0,0,0,0,12,0
482606,1,1,1998,0,0,0,0,15,0,6,0,0,0
482606,2,1,1998,0,0,0,0,17,0,0,0,0,0
482607,1,1,1998,20,20,20,20,20,20,20,20,20,20
482608,1,1,1998,0,0,31,0,0,0,0,7,20,32
482609,1,1,1998,15,7,0,28,0,12,18,3,1,17
482610,1,1,1998,0,0,0,5,0,0,0,11,15,13
482611,2,1,1998,5,0,0,0,0,0,0,0,11,0
482611,3,1,1998,0,0,0,0,0,0,0,0,0,0
482612,1,1,1998,0,30,0,7,0,18,21,27,0,0
482613,1,1,1998,0,0,0,0,0,0,0,0,0,0
482613,2,1,1998,8,12,0,0,0,0,0,0,0,0
482613,3,1,1998,0,0,0,3,0,0,0,0,0,0
482614,1,1,1998,19,19,19,19,19,19,19,19,19,19
482615,1,1,1998,12,12,12,12,12,12,12,12,12,12
482615,2,1,1998,0,0,0,0,0,0,0,0,0,0
482616,1,1,1998,0,0,0,0,0,0,0,0,0,0
482617,1,1,1998,32,32,32,32,32,32,32,32,32,32
482618,0,1,1998,34,34,34,34,34,34,34,34,34,34
482618,1,1,1998,3,0,14,0,7,0,0,0,0,0
482619,1,1,1998,0,0,0,0,0,0,0,0,0,0
482619,2,1,1998,0,0,0,0,0,0,17,0,0,0
482620,1,1,1998,11,15,8,10,16,13,11,14,14,18
482621,1,1,1998,0,0,0,0,0,0,0,0,0,0
482621,2,1,1998,12,0,0,0,0,0,0,0,0,0
482622,1,1,1998,0,0,16,0,0,0,0,0,0,0
482622,2,1,1998,0,0,0,0,0,0,0,0,0,0
482623,1,1,1998,0,0,0,0,0,0,0,0,0,0
482623,2,1,1998,0,0,0,0,0,0,0,0,0,0
482623,3,1,1998,0,0,0,0,0,0,0,0,0,0
482624,0,1,1998,0,0,0,0,0,0,0,0,0,0
482624,1,1,1998,0,0,0,0,0,0,0,0,0,0
482625,0,1,1998,0,0,0,0,0,0,0,0,0,0
482625,1,1,1998,17,0,0,0,0,0,0,0,0,0
482626,1,1,1998,0,17,0,0,0,0,8,0,0,14
482626,2,1,1998,0,0,0,0,0,0,0,0,0,0
482627,1,1,1998,0,16,0,0,0,0,0,0,13,0
482627,2,1,1998,0,0,0,0,0,0,0,0,0,0
482628,1,1,1998,0,0,0,0,0,0,0,0,0,0
482628,2,1,1998,0,0,0,0,0,0,0,0,0,0
482629,1,1,1998,27,0,10,0,22,14,0,0,0,0
482630,1,1,1998,0,28,22,0,0,0,0,0,0,23
482631,1,1,1998,0,10,0,8,21,0,0,0,0,0
482632,0,1,1998,0,18,0,0,15,0,0,31,0,0
482632,1,1,1998,0,0,0,0,0,0,0,0,0,0
482633,1,1,1998,0,0,0,0,0,0,0,0,0,0
482633,2,1,1998,0,0,0,0,0,0,0,0,0,11
482634,1,1,1998,0,0,0,16,0,0,0,0,0,0
482634,2,1,1998,0,0,0,0,0,0,0,0,0,0
482634,3,1,1998,0,0,0,0,0,0,0,0,0,0
482635,1,1,1998,0,0,0,0,0,0,0,0,0,0
482635,2,1,1998,0,0,0,0,0,0,0,0,0,0
482635,3,1,1998,0,0,0,0,0,0,0,0,0,0
482635,4,1,1998,0,0,0,0,0,0,0,0,0,0
482636,1,1,1998,33,7,0,0,0,0,0,0,0,0
482636,2,1,1998,0,0,0,0,0,0,0,0,0,0
482636,3,1,1998,0,17,0,0,0,0,0,0,0,0
482637,1,1,1998,18,16,23,20,0,0,28,14,14,19
482638,1,1,1998,0,0,0,0,0,0,0,0,0,0
482639,1,1,1998,0,0,0,0,0,0,0,0,0,0
482640,1,1,1998,15,15,15,15,15,15,15,15,15,15
482640,2,1,1998,0,0,0,0,0,0,0,0,0,0
482640,3,1,1998,0,0,0,0,0,24,0,0,8,0
482640,4,1,1998,0,0,0,0,0,0,0,0,0,0
482640,5,1,1998,0,0,0,0,0,0,0,0,0,0
482641,0,1,1998,0,0,0,0,0,0,0,0,0,0
482641,0,2,1998,0,0,14,21,19,16,16,0,0,0
482641,1,1,1998,0,0,0,0,0,0,0,0,0,0
482642,1,1,1998,0,17,0,0,0,0,5,0,0,0
482643,0,1,1998,20,20,20,20,20,20,20,20,20,20
482643,1,1,1998,4,0,0,2,0,7,0,0,9,0
482644,0,1,1998,23,11,16,12,30,0,14,0,16,17
482644,1,1,1998,9,10,0,13,3,0,10,11,39,34
482645,1,1,1998,0,0,0,0,0,0,11,0,12,0
482645,2,1,1998,8,8,8,8,8,8,8,8,8,8
482646,1,1,1998,0,0,0,0,0,0,0,0,0,0
482646,2,1,1998,0,0,0,0,0,0,0,0,0,0
482647,1,1,1998,15,15,15,15,15,15,15,15,15,15
482648,1,1,1998,25,25,25,25,25,25,25,25,25,25
482649,1,1,1998,0,0,0,0,0,0,0,0,0,0
482649,2,1,1998,0,0,0,0,0,0,0,6,0,0
482650,1,1,1998,0,0,0,0,0,0,0,0,0,0
482650,2,1,1998,0,0,0,0,0,0,0,0,0,0
482651,1,1,1998,0,28,0,15,0,0,0,0,9,0
482652,1,1,1998,9,19,19,0,19,18,19,20,45,14
482653,1,1,1998,9,9,9,9,9,9,9,9,9,9
482654,1,1,1998,11,20,14,0,16,10,35,18,28,20
482655,1,1,1998,11,11,11,11,11,11,11,11,11,11
482656,0,1,1998,12,28,3,26,3,8,21,13,43,0
482656,1,1,1998,0,0,0,0,0,0,0,0,7,5
482657,1,1,1998,0,0,0,0,0,13,0,0,0,0
482658,1,1,1998,0,0,0,0,0,0,0,0,0,0
482659,1,1,1998,0,0,0,0,0,0,0,0,0,0
482659,2,1,1998,1,1,1,1,1,1,1,1,1,1
482660,1,1,1998,0,0,0,0,0,0,0,0,0,0
482660,2,1,1998,0,0,0,0,0,0,0,0,0,0
482661,1,1,1998,0,0,0,0,0,0,0,0,0,0
482661,2,1,1998,0,0,0,0,0,0,0,0,0,0
482662,1,1,1998,18,18,18,18,18,18,18,18,18,18
482662,2,1,1998,0,0,0,0,0,0,0,0,0,0
482663,1,1,1998,0,0,0,0,0,0,13,0,0,0
482663,2,1,1998,0,0,0,0,0,0,0,0,0,0
482664,1,1,1998,0,0,0,0,0,0,0,0,0,0
482664,2,1,1998,0,0,0,11,0,0,0,0,0,0
482665,0,1,1998,26,26,26,26,26,26,26,26,26,26
482665,1,1,1998,18,19,26,16,17,17,19,13,13,11
482666,1,1,1998,0,0,0,0,0,0,0,0,0,0
482666,2,1,1998,0,0,0,0,0,0,0,0,0,0
482667,0,1,1998,0,0,0,0,0,0,0,0,0,0
482667,2,1,1998,0,0,0,0,0,0,0,0,0,0
482668,1,1,1998,0,0,0,0,0,0,0,0,0,0
482668,2,1,1998,0,0,0,0,0,0,0,0,0,0
482669,1,1,1998,17,0,0,9,0,0,0,0,0,0
482669,2,1,1998,11,0,0,0,0,0,0,0,0,19
482670,1,1,1998,11,0,0,0,0,0,0,0,0,0
482670,2,1,1998,0,0,0,0,0,0,0,0,0,0
482671,1,1,1998,0,0,0,0,0,0,0,0,0,0
482672,1,1,1998,0,0,0,0,0,0,0,0,0,0
482672,2,1,1998,0,0,0,0,0,0,0,0,0,0
482673,0,1,1998,23,23,23,23,23,23,23,23,23,23
482673,1,1,1998,0,0,0,0,0,0,0,11,0,0
482674,0,1,1998,0,12,21,5,15,0,11,0,12,35
482674,1,1,1998,0,5,23,0,0,4,17,7,7,16
482675,1,1,1998,0,0,0,0,0,0,0,0,0,0
482676,1,1,1998,17,17,17,17,17,17,17,17,17,17
482676,2,1,1998,19,0,0,5,0,0,0,0,0,0
482677,1,1,1998,0,0,0,0,0,0,75,0,0,0
482677,2,1,1998,0,5,4,0,18,12,0,13,4,0
482677,3,1,1998,0,12,0,0,0,0,0,0,0,0
482678,1,1,1998,0,0,0,0,0,37,0,0,0,0
482679,0,1,1998,31,0,0,0,29,0,3,6,4,21
482679,1,1,1998,0,0,0,0,0,0,0,0,0,0
482680,1,1,1998,0,0,0,0,0,0,0,0,0,0
482680,2,1,1998,0,0,0,0,0,0,0,0,0,4
482680,3,1,1998,0,0,0,0,0,0,0,0,0,0
482681,1,1,1998,0,0,0,0,0,0,0,0,0,0
482681,2,1,1998,0,0,0,0,0,0,0,0,0,0
482682,0,1,1998,0,0,32,0,0,0,0,18,0,0
482682,1,1,1998,0,0,0,0,0,0,0,0,0,0
482683,1,1,1998,0,0,0,0,0,0,0,19,0,0
482683,2,1,1998,0,0,0,0,0,0,17,0,0,0
482684,1,1,1998,18,0,21,0,17,0,24,18,0,0
482685,1,1,1998,0,0,0,0,0,0,0,0,0,0
482686,0,1,1998,0,0,20,0,23,15,0,18,0,0
482686,1,1,1998,0,0,0,0,0,0,0,0,21,0
482687,1,1,1998,0,0,0,0,0,0,5,0,0,0
482688,0,1,1998,0,0,0,25,0,20,15,17,16,0
482688,1,1,1998,0,18,10,0,0,0,0,0,5,0
482689,1,1,1998,0,0,0,0,0,0,0,0,0,0
482689,2,1,1998,0,0,0,0,3,0,4,0,0,0
482690,0,1,1998,14,19,17,15,0,21,29,3,0,26
482690,1,1,1998,11,11,11,11,11,11,11,11,11,11
482691,1,1,1998,14,0,5,10,12,12,9,0,8,0
482691,2,1,1998,0,0,0,0,0,0,0,0,9,0
482692,1,1,1998,33,24,21,19,16,16,20,19,6,17
482692,2,1,1998,9,0,0,10,27,0,0,5,24,24
482693,1,1,1998,31,31,31,31,31,31,31,31,31,31
482693,2,1,1998,12,0,0,0,10,13,10,0,0,0
482694,1,1,1998,23,23,23,23,23,23,23,23,23,23
482694,2,1,1998,17,20,17,39,27,16,31,14,14,27
482694,3,1,1998,0,0,0,0,0,7,9,0,0,28
482695,1,1,1998,0,0,0,0,0,26,0,10,13,17
482696,1,1,1998,16,16,16,16,16,16,16,16,16,16
482697,1,1,1998,0,0,0,0,0,0,0,0,0,0
482697,2,1,1998,0,0,0,0,0,0,0,0,0,0
482698,1,1,1998,15,0,0,0,0,14,0,0,12,0
482699,1,1,1998,0,0,0,0,0,0,0,0,0,0
482699,2,1,1998,0,0,0,0,0,0,0,12,0,0
482700,1,1,1998,0,0,0,0,0,0,0,0,0,0
482700,2,1,1998,0,0,0,0,14,0,0,0,0,0
482701,1,1,1998,0,0,0,0,0,0,0,0,0,0
482701,2,1,1998,0,0,8,0,0,0,0,0,0,0
482701,3,1,1998,0,0,0,0,0,0,0,0,0,0
482702,0,1,1998,0,0,0,0,0,0,0,0,0,0
482702,1,1,1998,0,0,0,0,0,0,0,0,0,0
482703,1,1,1998,25,0,0,0,0,0,34,16,0,0
482704,1,1,1998,0,0,0,0,0,0,0,0,0,0
482704,2,1,1998,14,14,14,14,14,14,14,14,14,14
482705,0,1,1998,0,0,0,0,0,16,0,0,0,0
482705,1,1,1998,0,0,0,0,0,0,0,0,0,0
482706,1,1,1998,0,0,0,0,0,0,0,0,0,0
482707,1,1,1998,0,0,0,0,0,0,0,0,0,0
482707,2,1,1998,0,0,0,0,3,0,0,9,0,0
482708,0,1,1998,0,0,0,0,0,0,0,0,14,0
482708,1,1,1998,0,9,0,0,0,0,0,0,12,0
482709,1,1,1998,0,0,0,0,0,0,0,0,0,0
482710,1,1,1998,0,0,0,0,0,0,0,0,0,0
482710,2,1,1998,0,0,0,0,0,0,0,0,0,0
482711,1,1,1998,0,0,0,0,0,0,0,0,0,0
482711,2,1,1998,0,0,0,16,0,0,0,0,0,0
482712,0,1,1998,0,0,0,0,0,0,0,4,0,0
482712,1,1,1998,0,0,0,0,0,0,0,0,0,0
482713,1,1,1998,0,0,0,0,18,0,0,0,0,0
482713,2,1,1998,0,22,0,0,0,0,0,3,0,0
482714,1,1,1998,0,0,0,0,0,0,0,11,0,0
482715,1,1,1998,0,0,0,0,0,0,0,0,0,0
482716,0,1,1998,36,0,0,16,18,0,0,26,26,0
482716,1,1,1998,12,15,20,5,25,20,18,20,8,15
482717,1,1,1998,0,0,0,0,0,0,0,0,0,0
482718,1,1,1998,0,0,0,0,0,0,0,0,0,0
482718,2,1,1998,0,0,0,0,0,0,0,0,0,0
482718,3,1,1998,0,0,0,0,0,0,6,0,0,24
482719,1,1,1998,19,19,19,19,19,19,19,19,19,19
482720,1,1,1998,0,0,0,0,0,0,0,0,0,0
482720,2,1,1998,0,0,0,0,0,0,0,0,0,0
482721,1,1,1998,17,17,17,17,17,17,17,17,17,17