ST_CASE,VEH_NO,PER_NO,YEAR,P1,P2,P3,P4,P5,P6,P7,P8,P9,P10
482965,21,1,1998,7,0,0,25,49,0,0,0,0,0
482965,22,1,1998,0,13,0,0,0,0,0,0,0,0
482965,23,1,1998,15,0,2,0,0,11,24,0,0,0
482965,24,1,1998,14,0,8,0,13,0,7,0,18,0
482965,25,1,1998,0,29,0,4,0,0,0,12,0,0
482965,26,1,1998,13,0,15,0,0,5,0,0,26,14
482965,27,1,1998,0,0,13,0,0,0,0,8,5,0
482965,28,1,1998,0,12,9,20,21,0,0,23,12,17
482965,29,1,1998,0,0,10,0,0,0,0,32,0,0
482965,30,1,1998,0,0,15,0,10,0,0,28,5,0
482965,31,1,1998,0,0,0,0,0,0,0,0,21,14
482965,32,1,1998,0,16,0,17,0,0,5,10,5,8
482965,33,1,1998,0,0,15,14,0,0,4,0,3,0
482965,34,1,1998,0,6,0,18,0,0,0,11,23,0
482965,35,1,1998,9,0,0,0,0,0,0,0,0,0
482965,36,1,1998,20,0,0,17,0,0,20,3,14,0
482966,1,1,1998,22,22,22,22,22,22,22,22,22,22
482967,0,1,1998,0,0,0,0,0,0,0,0,0,0
482967,1,1,1998,9,0,14,10,0,5,2,0,7,11
482968,1,1,1998,6,6,6,6,6,6,6,6,6,6
482968,2,1,1998,0,0,0,0,0,0,0,0,0,0
482969,1,1,1998,0,0,0,0,0,0,0,0,0,0
482969,2,1,1998,0,0,0,0,0,0,0,0,0,0
482970,1,1,1998,24,24,24,24,24,24,24,24,24,24
482971,1,1,1998,17,18,13,15,18,11,23,25,12,22
482971,2,1,1998,0,0,0,0,19,0,0,0,6,27
482972,1,1,1998,14,10,0,33,7,11,30,18,9,10
482972,2,1,1998,0,0,0,0,0,0,0,0,0,0
482973,1,1,1998,22,22,22,22,22,22,22,22,22,22
482974,1,1,1998,0,0,0,0,0,0,0,0,0,0
482974,2,1,1998,21,21,21,21,21,21,21,21,21,21
482975,1,1,1998,0,0,0,0,0,0,0,0,0,0
482975,2,1,1998,0,0,0,0,0,0,0,0,0,0
482976,1,1,1998,28,28,28,28,28,28,28,28,28,28
482977,1,1,1998,25,25,25,25,25,25,25,25,25,25
482978,0,1,1998,17,0,7,18,0,6,22,13,0,19
482978,1,1,1998,0,0,0,0,0,0,0,0,0,0
482979,1,1,1998,0,0,0,0,0,0,0,0,0,0
482979,2,1,1998,0,0,0,0,0,0,0,0,0,0
482980,1,1,1998,0,0,0,0,0,0,0,0,6,0
482981,1,1,1998,25,25,25,25,25,25,25,25,25,25
482982,1,1,1998,10,10,10,10,10,10,10,10,10,10
482983,1,1,1998,16,16,16,16,16,16,16,16,16,16
482984,1,1,1998,14,13,21,27,29,17,31,32,11,24
482985,1,1,1998,2,0,0,16,0,0,0,0,5,0
482986,1,1,1998,12,17,11,11,32,0,10,9,22,0
482987,1,1,1998,25,20,7,25,21,14,30,0,21,12
482988,1,1,1998,8,8,8,8,8,8,8,8,8,8
482989,1,1,1998,15,0,0,13,21,0,0,0,17,47
482990,1,1,1998,0,0,0,0,0,0,0,0,0,0
482990,2,1,1998,0,0,0,0,0,0,0,0,0,0
482991,1,1,1998,0,0,0,0,0,0,0,0,0,0
482991,2,1,1998,0,0,0,0,0,0,0,0,0,10
482991,3,1,1998,0,0,0,0,0,0,0,0,0,0
482992,1,1,1998,0,0,0,0,0,0,0,0,0,0
482992,2,1,1998,0,0,0,0,0,0,0,0,0,0
482993,1,1,1998,0,0,0,0,0,0,0,0,0,0
482993,2,1,1998,0,0,0,0,0,0,0,0,0,0
482994,1,1,1998,0,0,0,0,0,0,0,0,0,0
482994,2,1,1998,14,14,14,14,14,14,14,14,14,14
482995,1,1,1998,0,0,0,0,0,4,0,0,0,0
482996,1,1,1998,0,0,0,0,0,0,0,0,0,0
482996,2,1,1998,0,0,0,0,0,0,0,0,0,0
482997,1,1,1998,11,20,3,18,27,35,31,21,17,9
482997,2,1,1998,0,11,0,0,24,9,0,0,0,10
482997,3,1,1998,0,14,24,3,7,0,0,0,0,0
482998,1,1,1998,0,0,15,22,0,22,0,0,0,0
482999,0,1,1998,8,0,0,0,15,39,31,17,5,0
482999,1,1,1998,0,0,0,0,0,0,0,0,0,0
483000,1,1,1998,14,14,14,14,14,14,14,14,14,14
483001,0,1,1998,0,0,0,0,0,0,0,0,0,0
483001,1,1,1998,3,3,3,3,3,3,3,3,3,3
483002,1,1,1998,24,0,26,0,23,26,32,28,0,29
483003,1,1,1998,0,0,0,12,26,0,24,0,0,0
483004,1,1,1998,0,0,0,0,0,0,0,9,0,0
483004,2,1,1998,0,0,0,6,0,0,0,0,0,0
483004,3,1,1998,0,0,0,0,0,0,0,0,0,0
483004,4,1,1998,0,0,0,0,0,0,0,0,0,0
483005,0,1,1998,0,0,0,0,0,0,0,0,0,0
483005,1,1,1998,0,0,0,0,0,19,0,0,0,0
483005,2,1,1998,0,0,0,8,0,0,0,0,0,0
483006,1,1,1998,0,0,0,0,0,0,21,0,0,0
483007,1,1,1998,0,0,0,0,0,0,0,13,0,0
483008,1,1,1998,0,0,13,0,0,0,0,0,16,0
483009,1,1,1998,0,0,0,0,0,0,0,0,0,0
483009,2,1,1998,0,0,0,0,0,0,0,0,0,0
483010,1,1,1998,0,0,0,0,0,0,0,4,0,0
483010,2,1,1998,0,0,0,0,0,0,0,0,0,0
483011,1,1,1998,0,0,0,0,0,0,0,0,0,0
483012,1,1,1998,0,0,0,20,0,0,0,0,0,0
483013,0,1,1998,0,0,0,9,0,0,15,0,0,0
483013,1,1,1998,0,0,0,0,0,0,0,0,0,0
483014,1,1,1998,12,0,0,0,0,0,0,8,0,0
483014,2,1,1998,0,0,0,0,0,0,0,0,0,0
483014,3,1,1998,0,0,0,0,0,0,0,0,0,0
483015,0,1,1998,18,18,18,18,18,18,18,18,18,18
483015,1,1,1998,0,13,9,7,0,0,0,0,2,18
483016,1,1,1998,0,0,23,0,0,38,0,0,0,0
483017,0,1,1998,0,0,0,0,0,0,0,0,0,0
483017,1,1,1998,0,0,0,0,0,0,0,0,0,0
483018,0,1,1998,0,0,0,0,17,13,0,0,15,0
483018,1,1,1998,0,0,0,11,0,0,19,0,10,0
483019,1,1,1998,0,0,0,0,0,0,0,0,0,0
483019,2,1,1998,0,0,0,0,8,0,0,0,0,0
483019,3,1,1998,0,0,0,0,0,0,8,0,0,0
483020,0,1,1998,0,19,0,0,0,0,14,0,0,34
483020,1,1,1998,0,7,0,0,0,0,17,0,0,0
483021,1,1,1998,23,23,23,23,23,23,23,23,23,23
483022,1,1,1998,10,28,20,23,31,15,17,18,10,19
483023,1,1,1998,0,0,0,0,0,0,0,11,0,0
483023,2,1,1998,0,0,0,0,0,0,0,0,0,0
483024,1,1,1998,0,0,0,0,0,0,0,0,0,0
483024,2,1,1998,0,0,0,0,0,0,0,0,0,0
483024,3,1,1998,0,0,0,0,0,0,0,0,0,0
483024,4,1,1998,0,0,21,0,0,0,0,0,0,0
483025,0,1,1998,0,0,0,0,0,0,0,0,0,0
483025,1,1,1998,0,0,0,0,0,0,0,0,0,0
483026,0,1,1998,30,20,9,0,0,19,16,0,40,16
483026,1,1,1998,7,0,20,0,0,11,5,0,0,4
483027,0,1,1998,20,0,5,17,17,34,23,13,24,48
483027,1,1,1998,0,0,0,13,27,0,0,0,0,0
483028,1,1,1998,0,0,0,0,0,0,0,0,0,0
483028,2,1,1998,0,0,0,0,0,0,0,0,0,0
483029,0,1,1998,19,19,19,19,19,19,19,19,19,19
483029,1,1,1998,21,21,21,21,21,21,21,21,21,21
483030,0,1,1998,0,0,0,0,0,0,0,9,0,0
483030,1,1,1998,16,0,0,0,9,0,24,0,0,0
483031,1,1,1998,27,0,0,8,10,20,6,0,0,0
483032,1,1,1998,0,0,26,0,19,0,0,25,0,19
483033,1,1,1998,17,17,17,17,17,17,17,17,17,17
483034,1,1,1998,11,11,11,11,11,11,11,11,11,11
483034,2,1,1998,7,0,0,12,5,17,0,0,0,12
483035,1,1,1998,0,0,0,13,0,18,0,0,22,0
483035,2,1,1998,0,21,0,8,0,13,0,0,0,0
483036,1,1,1998,18,18,18,18,18,18,18,18,18,18
483037,1,1,1998,11,11,11,11,11,11,11,11,11,11
483037,2,1,1998,0,0,0,0,0,0,0,0,27,0
483038,1,1,1998,0,0,0,0,0,0,0,19,0,4
483039,1,1,1998,0,0,0,0,0,0,0,0,0,6
483039,2,1,1998,0,0,0,0,0,15,0,0,0,0
483040,1,1,1998,0,0,0,0,0,0,0,0,0,0
483040,2,1,1998,4,4,4,4,4,4,4,4,4,4
483041,0,1,1998,0,24,0,29,0,0,0,0,0,0
483041,1,1,1998,0,0,0,0,0,0,0,0,0,0
483042,1,1,1998,15,0,0,0,0,0,0,0,9,0
483042,2,1,1998,0,0,0,0,0,0,0,0,0,0
483043,0,1,1998,24,0,0,0,0,14,0,0,14,0
483043,1,1,1998,0,0,0,0,0,0,0,0,0,0
483043,2,1,1998,0,0,0,0,0,0,0,0,0,0
483044,1,1,1998,0,0,0,0,0,0,0,0,0,0
483044,2,1,1998,0,0,0,0,0,0,0,0,0,0
483045,1,1,1998,0,0,0,0,0,0,0,0,0,0
483045,2,1,1998,0,0,0,0,0,0,0,0,0,0
483046,1,1,1998,0,0,0,0,0,0,0,0,0,0
483047,1,1,1998,0,0,0,0,0,0,0,0,0,0
483048,1,1,1998,20,20,20,20,20,20,20,20,20,20
483049,1,1,1998,13,13,13,13,13,13,13,13,13,13
483049,2,1,1998,0,10,7,14,3,0,14,13,0,0
483050,1,1,1998,0,12,0,0,0,0,0,0,0,0
483050,2,1,1998,0,0,0,0,0,0,6,0,0,0
483051,1,1,1998,28,21,30,27,14,9,32,19,27,7
483052,1,1,1998,0,0,0,0,0,0,0,0,0,0
483052,2,1,1998,22,0,0,0,0,0,0,0,0,0
483052,3,1,1998,0,0,0,0,0,0,10,6,12,10
483053,0,1,1998,30,8,6,33,19,0,24,0,0,0
483053,1,1,1998,0,15,0,0,0,0,0,0,0,0
483054,0,1,1998,4,8,0,0,0,0,0,0,0,0
483054,0,2,1998,0,0,0,0,4,0,0,0,0,0
483054,1,1,1998,14,0,0,0,0,0,0,34,9,0
483055,1,1,1998,0,0,16,0,24,17,25,0,0,16
483055,2,1,1998,0,0,0,0,0,0,0,0,0,0
483056,1,1,1998,16,16,16,16,16,16,16,16,16,16
483056,2,1,1998,5,0,8,29,0,19,19,0,35,0
483057,1,1,1998,0,0,0,0,0,0,0,0,0,0
483057,2,1,1998,0,0,0,0,0,0,0,0,0,0
483058,1,1,1998,0,0,0,0,0,0,0,0,0,0
483058,2,1,1998,0,0,0,0,0,0,0,0,0,13
483059,1,1,1998,0,0,0,0,0,0,0,0,0,0
483059,2,1,1998,0,0,0,0,23,0,0,0,0,0
483060,0,1,1998,0,0,0,0,0,0,0,0,0,0
483060,0,2,1998,0,0,0,0,0,0,0,0,0,0
483060,0,3,1998,0,0,0,26,0,0,0,0,0,0
483060,1,1,1998,0,0,0,0,0,0,0,0,0,0
483061,1,1,1998,0,0,0,0,0,0,0,0,0,0
483061,2,1,1998,0,0,0,0,0,0,0,0,0,0
483062,1,1,1998,17,17,17,17,17,17,17,17,17,17
483063,1,1,1998,0,0,0,0,0,0,0,0,0,0
483063,2,1,1998,0,0,0,0,0,0,0,0,0,0
483064,0,1,1998,25,23,6,21,11,20,14,38,9,11
483064,1,1,1998,0,0,0,0,0,0,0,0,0,0
483065,1,1,1998,0,0,25,0,0,0,25,0,10,0
483065,2,1,1998,14,13,16,8,12,16,13,19,7,16
483066,1,1,1998,8,15,18,21,36,6,18,19,20,17
483067,1,1,1998,0,0,0,0,0,4,0,0,0,18
483068,1,1,1998,14,14,14,14,14,14,14,14,14,14
483069,1,1,1998,7,7,7,7,7,7,7,7,7,7
483069,2,1,1998,11,11,11,11,11,11,11,11,11,11
483070,1,1,1998,0,0,25,0,0,0,0,0,0,4
483070,2,1,1998,24,15,38,8,18,16,10,15,0,0
483071,0,1,1998,43,43,43,43,43,43,43,43,43,43
483071,1,1,1998,0,0,12,0,16,11,0,10,0,0
483072,0,1,1998,0,0,0,0,0,17,0,0,0,0
483072,1,1,1998,0,0,0,0,0,0,0,0,0,0
483073,1,1,1998,2,0,0,0,0,0,0,0,0,0
483073,2,1,1998,0,0,0,0,0,0,0,0,0,0
483073,3,1,1998,0,0,0,0,0,0,0,0,0,0
483074,0,1,1998,0,0,0,0,0,0,0,0,0,0
483074,1,1,1998,0,0,0,0,0,0,0,0,0,0
483075,1,1,1998,0,0,0,0,0,0,0,0,0,0
483075,2,1,1998,0,0,0,0,0,0,0,0,0,0
483076,1,1,1998,0,0,0,0,0,0,0,0,0,0
483076,2,1,1998,0,0,0,0,0,0,0,0,0,0
483077,1,1,1998,0,0,0,0,0,0,0,0,0,0
483077,2,1,1998,19,19,18,20,16,12,6,0,21,25
483078,0,1,1998,7,0,0,16,9,19,6,16,40,4
483078,1,1,1998,0,0,0,0,18,0,0,0,0,0
483079,1,1,1998,0,0,0,0,0,0,0,0,0,0
483079,2,1,1998,0,0,0,0,6,0,0,0,14,12
483080,1,1,1998,0,0,0,0,0,0,0,0,0,0
483080,2,1,1998,0,0,0,27,0,0,4,11,5,17
483081,0,1,1998,23,23,23,23,23,23,23,23,23,23
483081,1,1,1998,0,0,0,0,0,0,0,0,0,0
483082,1,1,1998,7,7,7,7,7,7,7,7,7,7
483083,1,1,1998,0,0,0,0,0,0,0,0,0,0
483083,2,1,1998,0,0,0,0,0,0,0,0,0,0
483084,1,1,1998,16,23,22,14,15,13,8,0,0,7
483085,1,1,1998,0,0,0,4,0,0,0,0,0,0
483085,2,1,1998,0,0,0,0,0,0,0,0,0,0
483086,1,1,1998,0,0,0,8,0,14,0,0,0,0
483087,1,1,1998,0,0,0,0,0,0,0,0,0,0
483087,2,1,1998,0,0,0,0,0,0,0,0,0,0
483088,1,1,1998,0,0,0,0,0,0,0,0,0,0
483088,2,1,1998,0,0,0,0,0,0,0,0,0,0
483088,3,1,1998,0,0,0,0,0,0,0,0,0,0
483089,1,1,1998,0,0,0,0,21,22,0,16,12,8
483090,1,1,1998,10,10,10,10,10,10,10,10,10,10
483090,2,1,1998,13,13,13,13,13,13,13,13,13,13
483091,1,1,1998,11,9,0,13,5,8,0,8,0,6
483092,1,1,1998,0,0,0,0,0,0,0,0,0,0
483092,2,1,1998,0,0,0,0,0,0,0,0,0,0
483093,0,1,1998,0,0,0,0,0,0,0,0,0,0
483094,1,1,1998,23,23,23,23,23,23,23,23,23,23
483094,2,1,1998,0,0,0,0,0,0,0,0,6,17
483095,1,1,1998,0,0,0,0,0,0,0,0,9,0
483096,1,1,1998,0,0,0,0,0,0,0,0,0,0
483096,2,1,1998,15,0,0,0,0,0,0,11,0,16
483097,1,1,1998,0,0,0,0,0,0,0,0,0,0
483097,2,1,1998,0,0,0,0,0,0,0,0,0,0
483098,1,1,1998,0,0,0,0,0,0,0,0,0,0
483098,2,1,1998,0,0,0,0,0,22,0,0,0,0
483099,0,1,1998,0,0,0,0,0,0,0,0,0,0
483099,0,2,1998,0,0,0,0,8,0,0,0,10,7
483099,0,3,1998,0,0,0,0,0,0,0,0,0,0
483099,1,1,1998,15,15,15,15,15,15,15,15,15,15
483100,1,1,1998,0,15,16,19,18,0,0,10,5,0
483100,2,1,1998,0,11,0,26,0,0,0,0,16,0
483101,0,1,1998,0,0,0,0,0,0,0,0,0,0
483101,1,1,1998,0,0,0,0,0,0,0,0,0,0
483102,1,1,1998,26,26,26,26,26,26,26,26,26,26
483103,1,1,1998,0,12,0,0,11,0,0,0,0,0
483103,2,1,1998,0,0,0,0,0,0,0,0,0,0
483104,0,1,1998,39,0,33,0,19,0,0,11,16,14
483104,1,1,1998,0,11,20,0,0,0,0,0,0,0
483105,0,1,1998,0,0,0,0,0,0,0,0,0,0
483105,1,1,1998,0,0,0,0,0,0,0,0,0,0
483106,0,1,1998,0,0,0,0,0,0,0,0,0,0
483106,0,2,1998,0,0,0,0,0,0,0,0,0,0
483106,0,3,1998,0,0,18,0,0,0,0,0,0,0
483106,1,1,1998,0,0,13,0,0,0,0,0,0,13
483107,1,1,1998,13,19,28,26,13,29,10,19,26,15
483108,1,1,1998,28,19,12,16,26,6,11,12,19,13
483109,1,1,1998,0,0,0,0,7,22,0,0,0,0
483110,0,1,1998,24,34,16,17,25,5,18,15,0,46
483110,1,1,1998,0,0,0,0,0,0,0,0,0,0
483111,1,1,1998,21,24,0,0,23,31,12,21,0,14
483112,1,1,1998,17,17,22,0,0,0,38,0,12,15
483113,1,1,1998,0,0,0,10,0,13,18,0,7,0
483113,2,1,1998,0,4,0,0,4,0,0,7,0,0
483114,1,1,1998,23,29,15,24,19,17,0,0,30,18
483115,0,1,1998,26,26,22,19,24,18,19,36,20,17
483115,1,1,1998,0,0,0,0,0,0,0,0,0,0
483116,0,1,1998,9,18,3,0,14,10,24,8,28,22
483116,1,1,1998,19,0,28,0,18,24,0,33,0,21
483117,0,1,1998,0,0,0,0,32,0,0,0,0,0
483117,1,1,1998,1,1,1,1,1,1,1,1,1,1
483118,1,1,1998,42,30,21,6,13,16,12,21,30,0
483119,1,1,1998,0,0,0,0,0,0,0,0,0,5
483119,2,1,1998,0,0,0,0,0,4,0,0,0,0
483120,1,1,1998,0,22,0,0,0,5,34,18,0,0
483120,2,1,1998,0,0,0,0,0,0,0,0,0,0
483120,3,1,1998,0,0,0,0,0,0,0,0,0,0
483121,1,1,1998,0,0,0,0,0,11,0,20,0,0
483122,0,1,1998,0,0,0,0,0,0,0,0,0,0
483122,1,1,1998,0,0,0,0,0,0,0,0,0,0
483123,1,1,1998,0,0,0,0,0,0,0,0,0,18
483123,2,1,1998,0,0,0,0,0,0,0,0,0,0
483124,1,1,1998,0,11,0,0,0,0,0,0,0,0
483125,0,1,1998,0,0,0,0,0,12,11,19,0,0
483125,1,1,1998,0,0,0,0,0,0,0,0,0,0
483126,1,1,1998,0,11,7,15,15,23,20,14,17,18
483127,1,1,1998,16,16,16,16,16,16,16,16,16,16
483127,2,1,1998,0,0,0,0,0,0,0,0,0,0
483128,1,1,1998,25,16,0,20,19,0,9,0,17,0
483129,1,1,1998,0,0,0,0,0,0,0,0,0,0
483129,2,1,1998,0,0,0,0,0,0,0,0,10,11
483130,0,1,1998,0,28,14,24,11,0,0,0,30,10
483130,1,1,1998,10,3,0,14,0,12,12,17,8,13
483131,1,1,1998,23,23,23,23,23,23,23,23,23,23
483132,1,1,1998,16,5,15,14,16,20,8,16,0,11
483132,2,1,1998,0,0,0,7,23,0,0,0,17,10
483133,1,1,1998,34,17,21,0,16,8,24,10,36,40
483133,2,1,1998,19,19,19,19,19,19,19,19,19,19
483134,1,1,1998,15,6,11,23,31,20,13,28,5,17
483135,1,1,1998,13,13,13,13,13,13,13,13,13,13
483136,1,1,1998,0,0,0,0,0,0,0,0,0,0
483136,2,1,1998,0,0,0,0,0,0,0,0,0,0
483136,3,1,1998,0,0,0,0,0,0,0,0,0,0
483137,1,1,1998,0,0,0,0,0,0,0,0,13,0
483137,2,1,1998,0,0,0,0,0,0,0,0,0,0
483138,1,1,1998,18,18,18,18,18,18,18,18,18,18
483139,1,1,1998,0,0,0,0,0,0,0,0,0,0
483140,0,1,1998,17,17,17,17,17,17,17,17,17,17
483140,1,1,1998,0,0,0,0,0,0,12,0,0,0
483141,1,1,1998,11,0,0,0,0,0,0,0,0,0
483141,2,1,1998,0,0,0,0,0,0,0,11,0,0
483142,1,1,1998,0,0,0,0,0,0,0,0,0,0
483142,2,1,1998,15,15,15,15,15,15,15,15,15,15
483143,0,1,1998,0,0,0,0,0,0,0,0,0,0
483143,1,1,1998,0,0,0,0,0,0,0,0,0,0
483144,1,1,1998,0,19,0,10,13,0,0,11,0,0
483144,2,1,1998,0,0,0,0,0,0,7,0,22,25
483145,1,1,1998,0,0,0,0,0,0,0,0,0,0
483145,2,1,1998,0,0,0,0,0,0,0,0,0,0
483146,0,1,1998,24,0,0,30,0,0,0,0,29,0
483146,1,1,1998,0,6,0,0,0,11,0,0,0,0
483147,1,1,1998,0,0,1,0,0,0,0,0,0,0
483147,2,1,1998,0,17,0,0,0,0,15,0,18,0
483148,1,1,1998,17,17,17,17,17,17,17,17,17,17
483149,1,1,1998,0,0,0,0,0,0,0,0,0,0
483149,2,1,1998,0,0,0,0,0,0,0,0,0,0
483150,0,1,1998,24,0,0,8,47,0,8,22,0,0
483150,1,1,1998,21,29,0,0,13,33,7,0,0,0
483151,0,1,1998,25,0,14,26,19,14,14,25,0,31
483151,1,1,1998,0,12,0,0,0,21,0,0,13,0
483152,1,1,1998,18,10,6,10,22,30,8,23,31,17
483153,1,1,1998,14,14,14,14,14,14,14,14,14,14
483154,0,1,1998,0,0,0,0,0,0,0,0,0,0
483154,1,1,1998,0,0,0,0,0,0,0,0,0,0
483155,1,1,1998,0,0,0,0,0,0,0,22,0,0
483156,1,1,1998,0,0,0,0,5,0,17,0,0,0
483156,2,1,1998,0,0,0,0,0,0,0,0,0,0
483156,3,1,1998,0,0,0,0,0,0,0,0,0,0
483157,1,1,1998,0,0,0,0,0,0,0,0,0,0
483158,1,1,1998,0,0,0,0,0,0,0,23,0,0
483159,1,1,1998,0,0,0,0,0,0,0,0,0,0
483159,2,1,1998,0,0,0,0,8,0,0,0,0,0
483160,1,1,1998,0,0,21,0,0,0,16,0,0,18
483161,1,1,1998,0,0,0,0,0,0,0,0,0,0
483161,2,1,1998,1,1,1,1,1,1,1,1,1,1
483162,1,1,1998,0,0,0,0,0,0,0,0,0,12
483163,1,1,1998,0,0,0,19,0,0,12,11,0,0
483164,1,1,1998,0,5,0,0,0,0,17,0,0,0
483165,1,1,1998,0,0,0,0,20,0,20,10,0,0
483165,2,1,1998,0,0,0,0,0,0,20,0,0,0
483166,1,1,1998,0,0,0,0,0,0,0,0,0,0
483166,2,1,1998,0,0,0,0,0,0,0,0,0,0
483167,1,1,1998,21,16,11,7,27,35,5,0,0,13
483167,2,1,1998,24,0,0,18,0,0,19,0,0,10
483168,1,1,1998,0,0,0,0,0,0,0,0,0,0
483169,1,1,1998,0,0,0,0,0,0,0,0,0,0
483169,2,1,1998,0,0,0,0,0,0,0,0,0,0
483170,1,1,1998,0,0,0,0,0,0,0,0,0,0
483171,1,1,1998,0,0,8,0,12,0,0,20,30,0
483171,2,1,1998,8,0,0,0,17,0,0,0,4,13
483172,1,1,1998,0,0,0,0,0,0,0,0,0,0
483172,2,1,1998,0,0,0,0,0,0,0,0,0,0
490001,1,1,1998,0,0,0,0,0,0,0,0,0,0
490002,1,1,1998,0,0,0,0,0,0,0,0,0,0
490002,2,1,1998,10,10,10,10,10,10,10,10,10,10
490002,3,1,1998,0,0,0,0,0,0,0,0,0,0
490002,4,1,1998,0,0,0,0,0,0,0,0,0,0
490003,1,1,1998,0,0,0,0,0,0,0,0,0,0
490003,2,1,1998,0,0,0,0,0,0,0,0,0,0
490004,1,1,1998,0,0,0,0,0,0,0,0,0,0
490004,2,1,1998,0,0,0,0,0,0,0,0,0,0
490005,1,1,1998,0,0,0,0,0,0,0,0,0,0
490005,2,1,1998,0,0,0,0,0,0,0,0,0,0
490006,1,1,1998,0,0,0,0,0,0,0,0,0,0
490006,2,1,1998,0,0,0,0,0,0,0,0,0,0
490007,1,1,1998,25,21,0,0,27,0,0,0,0,0
490008,1,1,1998,0,0,0,0,0,0,0,0,0,0
490008,2,1,1998,0,0,0,0,0,0,0,0,0,0
490008,3,1,1998,0,0,0,0,0,0,0,0,0,0
490009,0,1,1998,0,0,0,0,0,0,0,0,0,0
490009,1,1,1998,0,0,0,0,0,0,0,0,0,0
490010,1,1,1998,0,0,0,0,0,0,0,0,0,0
490011,0,1,1998,0,0,0,0,0,0,0,0,0,0
490011,1,1,1998,0,0,0,0,0,0,0,0,0,0
490012,1,1,1998,0,0,0,0,0,0,0,0,0,0
490012,2,1,1998,0,0,0,0,0,0,0,0,0,0
490012,3,1,1998,32,0,0,9,0,0,0,0,0,0
490013,1,1,1998,0,0,0,0,0,0,0,0,0,0
490013,2,1,1998,0,0,0,0,0,0,0,0,0,0
490014,1,1,1998,0,0,0,0,0,0,0,0,0,0
490014,2,1,1998,0,0,0,0,0,0,0,0,0,0
490015,1,1,1998,7,7,7,7,7,7,7,7,7,7
490016,0,1,1998,0,0,0,0,0,0,0,0,0,0
490016,1,1,1998,0,0,0,0,0,0,0,0,0,0
490017,0,1,1998,0,0,0,0,0,0,0,0,0,0
490017,1,1,1998,0,0,0,0,0,0,0,0,0,0
490018,1,1,1998,0,0,18,0,0,11,0,0,0,6
490019,0,1,1998,15,15,15,15,15,15,15,15,15,15
490019,1,1,1998,0,0,0,0,0,0,0,0,0,0
490020,0,1,1998,0,0,0,0,0,0,0,0,0,0
490020,1,1,1998,0,0,0,0,0,0,0,0,0,0
490021,1,1,1998,0,0,0,0,0,0,0,0,0,0
490021,2,1,1998,0,0,0,0,0,0,0,0,0,0
490022,1,1,1998,0,0,0,0,0,0,0,0,0,0
490023,0,1,1998,0,0,0,0,0,0,0,0,0,0
490023,1,1,1998,0,0,0,0,0,0,0,0,0,0
490024,1,1,1998,0,0,0,0,0,0,0,0,0,0
490024,2,1,1998,0,0,0,0,0,0,0,0,0,0
490025,0,1,1998,28,28,28,28,28,28,28,28,28,28
490025,1,1,1998,0,0,0,0,0,0,0,0,0,0
490026,1,1,1998,0,0,0,0,0,0,0,0,0,0
490026,2,1,1998,0,0,0,0,0,0,0,0,0,0
490027,1,1,1998,23,19,13,28,28,35,13,31,30,14
490028,0,1,1998,0,0,0,0,0,0,0,0,0,0
490028,1,1,1998,0,0,0,0,0,0,0,0,0,0
490029,1,1,1998,0,0,0,0,0,0,0,0,0,0
490029,2,1,1998,0,0,0,0,0,0,0,0,0,0
490030,1,1,1998,7,7,7,7,7,7,7,7,7,7
490031,1,1,1998,0,0,0,0,0,0,0,0,0,0
490031,2,1,1998,0,0,0,0,0,0,0,0,0,0
490032,1,1,1998,0,0,0,0,0,0,0,0,0,0
490032,2,1,1998,0,0,0,0,0,0,0,23,0,0
490032,3,1,1998,0,0,0,0,0,0,0,0,0,0
490033,0,1,1998,0,0,0,0,0,0,0,0,0,0
490033,1,1,1998,0,0,0,0,0,0,0,0,0,0
490034,1,1,1998,0,0,0,0,0,0,0,0,0,0
490034,2,1,1998,0,0,0,0,0,0,0,0,0,0
490035,1,1,1998,0,5,0,0,0,0,4,0,0,0
490036,0,1,1998,0,0,0,0,0,0,0,0,0,0
490036,1,1,1998,0,0,0,0,0,0,0,0,0,0
490037,0,1,1998,0,0,0,0,0,0,0,0,0,0
490037,1,1,1998,0,0,0,0,0,0,0,0,0,0
490038,1,1,1998,0,0,0,0,0,0,0,0,0,0
490039,1,1,1998,0,0,0,0,0,0,0,0,0,0
490040,1,1,1998,0,0,0,0,0,0,0,0,0,0
490041,1,1,1998,0,0,0,0,0,0,0,0,0,0
490042,1,1,1998,0,0,0,0,0,0,0,0,0,0
490042,2,1,1998,0,0,0,18,0,0,0,13,0,0
490043,0,1,1998,0,0,0,0,0,0,0,0,0,0
490043,1,1,1998,0,0,0,0,0,0,0,0,0,0
490044,1,1,1998,18,7,0,10,3,0,0,18,5,21
490045,1,1,1998,0,0,0,0,0,0,0,0,0,0
490046,1,1,1998,0,0,0,0,0,0,0,0,0,0
490047,1,1,1998,0,0,0,0,16,16,0,5,0,0
490048,1,1,1998,0,0,0,0,0,0,0,0,0,0
490049,1,1,1998,0,0,0,0,0,0,0,0,0,0