ST_CASE,VEH_NO,PER_NO,YEAR,P1,P2,P3,P4,P5,P6,P7,P8,P9,P10
490049,2,1,1998,0,0,0,0,0,0,0,0,0,0
490050,1,1,1998,0,0,0,0,0,0,0,0,0,0
490051,1,1,1998,0,16,0,7,0,0,0,0,0,0
490051,2,1,1998,0,0,0,0,0,0,0,0,0,0
490052,1,1,1998,11,20,21,26,17,18,12,13,15,10
490053,1,1,1998,0,0,0,0,0,0,0,0,0,0
490053,2,1,1998,0,0,0,0,0,0,0,0,0,0
490054,1,1,1998,0,0,0,0,0,0,0,0,0,4
490054,2,1,1998,0,0,0,0,0,0,0,0,0,0
490055,1,1,1998,0,0,29,0,0,0,0,0,0,0
490056,0,1,1998,2,2,2,2,2,2,2,2,2,2
490056,1,1,1998,0,0,0,0,0,0,0,0,0,0
490057,1,1,1998,0,21,10,0,0,0,0,0,0,6
490057,2,1,1998,0,0,0,0,0,0,0,0,0,0
490058,1,1,1998,0,0,0,0,0,0,0,0,0,0
490058,2,1,1998,0,0,0,0,0,0,0,0,0,0
490058,3,1,1998,0,0,0,0,0,0,0,0,0,0
490059,0,1,1998,0,0,0,10,0,0,0,0,0,0
490059,1,1,1998,0,0,0,0,0,0,0,0,0,16
490060,1,1,1998,0,0,0,0,0,0,0,0,0,0
490060,2,1,1998,0,0,0,0,0,0,0,0,0,0
490061,1,1,1998,0,0,0,0,0,0,0,0,0,0
490062,1,1,1998,0,0,0,0,0,0,0,0,0,0
490063,1,1,1998,0,0,0,0,0,0,0,0,0,0
490063,2,1,1998,0,0,0,0,0,0,0,0,0,0
490064,1,1,1998,0,0,0,0,0,0,0,0,0,0
490064,2,1,1998,0,0,0,7,0,0,15,0,0,0
490065,1,1,1998,0,0,0,0,0,0,0,0,0,0
490065,2,1,1998,0,0,0,0,0,0,0,0,0,0
490066,1,1,1998,15,28,0,0,0,0,0,0,27,0
490067,1,1,1998,8,8,8,8,8,8,8,8,8,8
490068,1,1,1998,0,0,0,0,0,0,0,0,0,0
490068,2,1,1998,0,0,0,0,0,0,0,0,0,0
490069,1,1,1998,0,0,0,0,0,0,0,0,0,0
490070,1,1,1998,0,0,0,0,0,0,0,0,0,0
490070,2,1,1998,0,0,0,0,0,0,0,0,0,0
490071,1,1,1998,0,0,0,0,0,0,0,0,0,0
490072,1,1,1998,0,0,0,0,0,0,0,0,0,0
490072,2,1,1998,0,0,0,0,0,0,0,0,0,0
490073,1,1,1998,0,0,0,0,0,0,0,0,0,0
490073,2,1,1998,0,0,0,0,0,0,0,0,0,0
490074,1,1,1998,0,0,0,0,0,0,0,0,0,0
490074,2,1,1998,0,0,0,0,0,0,0,0,0,0
490075,1,1,1998,0,0,0,0,0,0,0,0,0,0
490075,2,1,1998,0,0,0,0,0,0,0,0,0,0
490075,3,1,1998,0,0,0,0,0,0,0,0,0,0
490076,1,1,1998,0,0,0,0,0,0,0,0,0,0
490077,1,1,1998,0,0,0,0,0,0,0,0,0,0
490077,2,1,1998,3,3,3,3,3,3,3,3,3,3
490077,3,1,1998,0,0,0,0,0,0,0,0,0,0
490078,1,1,1998,0,0,14,0,0,0,0,0,0,0
490078,2,1,1998,0,0,0,0,0,0,0,0,0,0
490079,1,1,1998,0,23,0,12,0,0,0,0,0,0
490080,0,1,1998,21,21,21,21,21,21,21,21,21,21
490080,1,1,1998,0,0,0,0,0,0,0,0,0,0
490081,1,1,1998,0,0,0,0,0,0,0,0,0,0
490081,2,1,1998,0,0,0,0,0,0,0,0,0,0
490082,1,1,1998,0,0,0,0,12,0,0,0,0,0
490083,1,1,1998,10,16,0,11,17,0,5,0,16,6
490084,1,1,1998,10,10,10,10,10,10,10,10,10,10
490085,1,1,1998,0,0,0,0,0,0,0,0,0,0
490086,1,1,1998,0,0,0,0,0,0,0,0,0,0
490087,1,1,1998,0,0,0,0,0,0,0,0,0,0
490088,0,1,1998,19,19,19,19,19,19,19,19,19,19
490088,1,1,1998,0,0,0,0,0,0,0,0,0,0
490089,1,1,1998,16,16,16,16,16,16,16,16,16,16
490090,0,1,1998,0,8,0,0,5,15,0,13,0,31
490090,0,2,1998,0,0,8,0,0,0,0,0,0,15
490090,1,1,1998,0,0,0,0,6,0,0,0,0,0
490091,1,1,1998,0,0,0,0,0,0,0,0,0,0
490092,1,1,1998,0,0,0,0,0,0,0,0,0,0
490092,2,1,1998,0,0,0,0,0,0,0,0,0,0
490093,1,1,1998,40,52,0,36,25,28,0,18,36,8
490094,1,1,1998,0,0,0,0,0,0,0,0,0,0
490095,1,1,1998,0,0,0,11,0,0,0,0,0,0
490096,1,1,1998,0,0,0,0,0,0,0,0,0,0
490097,1,1,1998,0,0,0,0,0,0,0,0,0,0
490098,0,1,1998,0,0,0,0,0,0,0,0,0,0
490098,1,1,1998,0,0,0,0,0,0,0,0,0,0
490099,1,1,1998,24,24,24,24,24,24,24,24,24,24
490100,1,1,1998,0,0,0,0,0,0,0,0,0,0
490101,1,1,1998,0,0,0,0,0,0,0,0,0,0
490102,1,1,1998,0,0,0,0,0,0,0,0,0,0
490103,0,1,1998,0,0,0,0,0,0,0,0,0,0
490103,1,1,1998,0,0,0,0,0,0,0,0,0,0
490104,0,1,1998,0,0,0,27,0,0,0,12,0,0
490104,1,1,1998,0,0,0,0,0,0,0,0,0,0
490105,1,1,1998,0,0,0,0,0,0,0,0,0,0
490106,1,1,1998,0,0,0,0,0,0,0,0,0,0
490107,1,1,1998,0,0,0,0,0,0,0,0,0,0
490107,2,1,1998,0,0,0,0,0,0,0,0,0,0
490108,1,1,1998,7,0,9,13,0,21,4,0,0,5
490109,1,1,1998,0,0,0,0,0,0,0,0,0,0
490110,1,1,1998,0,0,0,0,0,0,0,0,0,15
490111,1,1,1998,8,0,0,0,0,0,0,0,0,0
490111,2,1,1998,0,0,0,0,10,17,0,0,0,0
490112,1,1,1998,0,0,0,0,0,0,0,0,0,0
490112,2,1,1998,0,0,0,0,0,32,0,0,0,0
490113,0,1,1998,14,0,0,0,0,0,10,0,0,0
490113,1,1,1998,0,0,0,0,0,0,0,0,0,0
490114,1,1,1998,17,17,17,17,17,17,17,17,17,17
490115,1,1,1998,0,0,0,0,0,0,0,0,0,0
490116,1,1,1998,0,0,0,0,0,0,0,0,0,0
490116,2,1,1998,0,0,0,0,0,0,0,0,0,0
490117,1,1,1998,0,0,0,0,0,0,0,0,0,0
490117,2,1,1998,0,0,0,0,0,0,0,0,0,0
490118,1,1,1998,0,0,0,0,0,0,0,0,12,0
490119,1,1,1998,0,6,0,0,0,15,0,0,0,0
490120,0,1,1998,0,0,0,0,0,7,0,0,0,0
490120,1,1,1998,0,0,0,0,0,0,0,0,0,0
490121,1,1,1998,0,0,0,0,0,0,0,0,0,0
490122,1,1,1998,0,0,0,0,0,0,0,0,0,0
490123,1,1,1998,0,0,0,0,0,0,0,0,0,0
490123,2,1,1998,0,0,0,0,0,0,0,0,0,0
490124,1,1,1998,7,21,0,23,0,0,0,0,17,22
490125,1,1,1998,8,8,8,8,8,8,8,8,8,8
490126,1,1,1998,19,12,20,0,10,0,0,11,12,19
490127,0,1,1998,0,0,0,0,0,0,0,0,4,0
490127,1,1,1998,0,0,0,0,0,0,0,0,0,0
490128,1,1,1998,0,0,0,0,0,0,0,0,0,0
490129,0,1,1998,0,0,0,0,0,0,0,0,0,0
490129,1,1,1998,0,0,0,0,0,0,0,0,0,0
490130,0,1,1998,0,0,0,0,0,0,0,0,0,0
490130,1,1,1998,0,0,0,0,0,0,0,0,0,0
490131,1,1,1998,0,0,0,0,0,0,0,0,0,0
490132,0,1,1998,0,0,0,0,0,0,0,0,0,0
490132,1,1,1998,0,0,0,0,0,0,0,0,0,0
490133,1,1,1998,0,0,0,0,0,0,13,0,0,0
490133,2,1,1998,0,0,0,0,0,0,0,0,0,0
490134,0,1,1998,0,0,0,0,0,0,0,0,0,0
490134,1,1,1998,0,0,0,0,0,0,0,0,0,0
490135,1,1,1998,0,0,0,0,0,0,0,0,0,0
490136,1,1,1998,0,0,0,0,0,0,0,0,0,0
490137,1,1,1998,6,6,6,6,6,6,6,6,6,6
490138,0,1,1998,0,0,0,0,0,0,0,0,0,0
490138,0,2,1998,0,24,0,0,0,0,9,0,0,0
490138,0,3,1998,0,0,0,0,0,0,0,0,0,0
490138,1,1,1998,7,21,13,0,15,7,17,8,12,8
490139,0,1,1998,0,0,0,0,0,0,0,0,0,0
490139,1,1,1998,0,0,0,0,0,0,0,0,0,0
490140,1,1,1998,0,0,0,0,0,0,0,0,0,0
490141,1,1,1998,0,16,0,0,0,13,32,0,13,0
490142,1,1,1998,0,0,0,0,0,0,0,0,0,0
490143,0,1,1998,0,0,0,0,0,0,0,17,0,0
490143,1,1,1998,0,0,0,0,0,0,0,0,0,0
490144,1,1,1998,0,0,0,0,0,0,0,0,0,0
490144,2,1,1998,0,0,0,0,0,0,0,0,0,0
490145,1,1,1998,0,0,0,0,0,0,0,0,0,0
490146,1,1,1998,0,0,0,0,0,0,0,0,0,0
490147,1,1,1998,0,0,8,0,16,0,0,0,0,0
490148,1,1,1998,0,0,0,0,0,0,0,0,0,0
490149,1,1,1998,0,0,0,0,0,0,0,0,0,0
490150,1,1,1998,0,0,0,0,0,0,0,0,0,0
490151,1,1,1998,0,0,17,30,0,0,43,11,0,7
490152,1,1,1998,0,0,0,0,0,0,0,0,0,0
490152,2,1,1998,0,0,22,0,11,4,0,0,0,22
490153,1,1,1998,0,0,0,0,0,0,0,0,0,0
490153,2,1,1998,0,0,0,0,0,0,0,0,0,0
490154,1,1,1998,16,16,16,16,16,16,16,16,16,16
490155,1,1,1998,19,19,19,19,19,19,19,19,19,19
490156,1,1,1998,0,0,0,0,0,0,5,0,0,0
490157,1,1,1998,0,0,0,0,0,0,0,0,0,0
490158,1,1,1998,0,0,0,0,0,0,0,0,0,0
490159,1,1,1998,0,0,0,0,0,0,0,0,0,0
490161,0,1,1998,0,0,0,0,0,0,0,0,0,0
490161,1,1,1998,0,0,0,0,0,0,0,0,0,0
490162,0,1,1998,0,0,0,0,0,0,0,0,0,0
490162,1,1,1998,0,0,0,0,0,0,0,0,0,0
490163,1,1,1998,0,0,0,0,0,0,0,0,20,0
490164,1,1,1998,0,0,0,0,0,0,0,0,0,0
490165,0,1,1998,0,0,0,0,0,0,0,0,0,0
490165,1,1,1998,0,0,0,0,0,0,0,0,0,0
490166,1,1,1998,2,0,0,0,0,31,0,0,0,0
490167,0,1,1998,0,0,0,0,0,0,0,0,0,0
490167,1,1,1998,0,0,0,0,0,0,0,0,0,0
490168,0,1,1998,0,0,0,0,0,0,0,0,0,0
490168,1,1,1998,0,0,0,0,0,0,0,0,0,0
490169,1,1,1998,0,0,0,0,0,0,0,0,0,0
490170,0,1,1998,0,0,0,0,0,0,0,0,0,0
490170,1,1,1998,11,11,11,11,11,11,11,11,11,11
490171,1,1,1998,0,0,0,0,29,0,0,0,0,0
490172,1,1,1998,12,12,12,12,12,12,12,12,12,12
490173,1,1,1998,0,0,0,0,0,0,0,0,0,0
490174,1,1,1998,0,0,0,0,0,0,0,0,0,0
490174,2,1,1998,0,0,0,0,0,0,0,0,0,0
490175,1,1,1998,0,0,0,0,0,0,0,0,0,0
490176,1,1,1998,0,0,0,0,0,0,0,0,0,0
490177,1,1,1998,25,25,25,25,25,25,25,25,25,25
490178,1,1,1998,0,0,0,0,0,0,0,0,0,0
490179,1,1,1998,29,29,29,29,29,29,29,29,29,29
490180,1,1,1998,0,0,0,0,0,0,0,0,0,0
490181,1,1,1998,0,0,18,0,0,0,0,0,16,0
490182,1,1,1998,0,0,0,8,8,0,0,14,26,20
490183,1,1,1998,0,0,0,0,0,0,0,0,0,0
490184,1,1,1998,0,0,0,0,0,0,0,0,0,0
490185,1,1,1998,0,0,0,0,0,0,0,0,0,0
490186,1,1,1998,0,0,0,0,0,0,0,0,0,0
490186,2,1,1998,0,0,0,0,0,0,0,0,0,0
490187,1,1,1998,0,0,0,0,0,0,0,0,0,0
490188,0,1,1998,35,35,35,35,35,35,35,35,35,35
490188,1,1,1998,0,0,0,0,0,0,0,0,0,0
490189,1,1,1998,3,3,3,3,3,3,3,3,3,3
490189,2,1,1998,9,9,9,9,9,9,9,9,9,9
490190,1,1,1998,16,0,0,0,0,0,2,0,0,0
490191,1,1,1998,0,0,0,0,0,0,0,0,6,0
490192,1,1,1998,0,0,0,0,0,0,0,0,0,0
490193,0,1,1998,0,0,0,0,0,0,0,0,0,0
490193,1,1,1998,0,0,0,0,0,0,0,0,0,0
490194,1,1,1998,0,0,0,0,0,0,0,0,0,0
490195,1,1,1998,0,0,0,0,0,0,0,0,0,0
490196,0,1,1998,0,0,0,0,0,0,0,0,0,0
490196,1,1,1998,0,0,0,0,0,0,0,0,0,0
490197,1,1,1998,0,0,0,0,0,0,0,0,0,0
490198,1,1,1998,0,0,0,0,15,0,0,0,0,0
490199,0,1,1998,0,0,0,0,0,0,0,0,0,0
490199,1,1,1998,0,0,0,0,0,0,0,0,0,0
490200,0,1,1998,7,7,7,7,7,7,7,7,7,7
490200,1,1,1998,0,0,0,0,0,0,0,0,0,0
490201,1,1,1998,13,0,0,0,15,0,0,0,0,0
490202,1,1,1998,12,12,12,12,12,12,12,12,12,12
490203,0,1,1998,0,0,0,0,0,0,0,0,0,0
490203,1,1,1998,0,0,0,0,0,0,0,0,0,0
490204,1,1,1998,0,0,0,0,0,0,0,0,0,0
490204,2,1,1998,0,0,0,0,0,0,0,0,0,0
490205,0,1,1998,0,0,0,0,0,0,0,0,0,0
490205,1,1,1998,0,0,0,0,0,0,0,0,0,0
490206,1,1,1998,0,0,0,0,0,0,0,0,0,0
490207,1,1,1998,0,0,0,0,0,0,0,0,0,0
490208,1,1,1998,0,0,0,0,0,0,0,0,0,0
490209,1,1,1998,0,0,0,0,0,7,8,0,0,0
490210,1,1,1998,0,0,0,0,0,0,0,0,0,0
490210,2,1,1998,0,0,0,0,0,0,0,0,0,0
490211,1,1,1998,0,0,0,0,0,0,0,0,0,0
490212,0,1,1998,16,0,0,3,0,10,0,0,0,0
490212,1,1,1998,0,0,0,0,0,0,0,0,0,0
490213,1,1,1998,22,22,22,22,22,22,22,22,22,22
490214,1,1,1998,0,0,0,0,0,0,0,0,0,0
490215,1,1,1998,26,26,26,26,26,26,26,26,26,26
490216,1,1,1998,0,0,0,0,0,0,0,0,0,0
490216,2,1,1998,0,0,0,0,0,0,0,0,0,0
490217,1,1,1998,0,0,0,0,0,0,0,0,0,0
490217,2,1,1998,0,0,0,0,0,0,0,0,0,0
490218,1,1,1998,24,24,24,24,24,24,24,24,24,24
490219,0,1,1998,0,0,0,0,0,12,0,0,0,0
490219,1,1,1998,0,0,0,0,0,0,0,0,0,0
490220,1,1,1998,0,0,0,0,0,0,0,0,0,0
490220,2,1,1998,0,0,0,0,0,0,0,0,0,0
490221,1,1,1998,0,0,0,0,0,0,0,0,0,0
490221,2,1,1998,0,0,0,0,0,0,0,0,0,0
490221,3,1,1998,0,0,0,0,0,0,0,0,0,0
490221,4,1,1998,0,0,0,0,0,0,0,0,0,0
490222,1,1,1998,0,0,0,0,0,0,0,0,0,0
490222,2,1,1998,0,0,0,0,0,0,0,0,0,0
490223,1,1,1998,0,0,0,0,0,0,0,0,0,0
490223,2,1,1998,0,0,0,0,0,0,0,0,0,0
490224,1,1,1998,17,0,0,10,0,0,0,0,0,0
490224,2,1,1998,0,0,0,0,0,0,13,0,0,0
490225,1,1,1998,0,0,0,0,0,0,0,0,0,0
490225,2,1,1998,0,0,0,0,0,0,0,0,0,0
490226,1,1,1998,14,14,14,14,14,14,14,14,14,14
490227,1,1,1998,12,12,12,12,12,12,12,12,12,12
490227,2,1,1998,0,0,0,0,0,0,0,0,0,0
490228,1,1,1998,0,0,0,0,0,0,0,0,0,0
490229,0,1,1998,0,0,0,0,0,0,0,0,0,0
490229,1,1,1998,0,0,0,0,0,0,0,0,0,0
490230,1,1,1998,0,0,0,0,0,0,0,0,0,0
490231,1,1,1998,0,0,0,0,0,0,0,0,0,0
490231,2,1,1998,0,0,0,0,0,0,0,0,0,0
490232,1,1,1998,5,0,0,10,0,0,0,0,0,0
490232,2,1,1998,0,0,0,0,0,0,0,0,0,0
490233,1,1,1998,0,0,0,0,0,0,0,0,0,0
490233,2,1,1998,0,0,0,0,0,0,0,0,0,0
490234,1,1,1998,0,0,0,0,0,0,0,0,0,0
490234,2,1,1998,0,0,0,0,0,0,0,0,0,0
490235,1,1,1998,0,0,0,0,0,0,0,0,0,0
490235,2,1,1998,0,0,0,0,0,0,0,0,0,0
490236,1,1,1998,0,0,0,0,0,0,0,0,0,0
490237,1,1,1998,0,0,0,0,0,0,0,0,0,0
490238,0,1,1998,0,0,0,0,0,0,0,0,0,0
490238,1,1,1998,0,0,0,19,0,0,0,17,0,0
490239,1,1,1998,0,0,0,0,0,0,0,0,0,0
490239,2,1,1998,0,0,0,0,0,0,0,0,0,0
490240,1,1,1998,0,0,0,0,0,0,0,0,0,0
490240,2,1,1998,0,0,0,0,0,0,0,0,0,0
490241,0,1,1998,0,0,0,0,0,0,0,0,0,0
490241,1,1,1998,0,0,0,0,0,0,0,0,0,0
490242,1,1,1998,0,0,0,0,0,0,0,0,0,0
490242,2,1,1998,0,0,0,0,0,0,0,0,0,0
490243,1,1,1998,0,0,0,0,0,0,0,0,0,0
490243,2,1,1998,0,0,0,0,17,0,0,0,0,0
490244,1,1,1998,0,0,0,0,0,0,0,0,0,0
490244,2,1,1998,0,0,0,0,0,0,0,0,0,0
490245,1,1,1998,0,0,0,0,0,0,0,0,0,0
490245,2,1,1998,0,0,0,0,24,0,0,0,0,0
490246,1,1,1998,0,0,0,0,0,0,0,0,0,0
490246,2,1,1998,0,0,0,0,0,0,0,0,0,0
490247,1,1,1998,10,10,10,10,10,10,10,10,10,10
490248,1,1,1998,0,0,0,0,0,0,0,0,0,0
490248,2,1,1998,0,0,0,0,0,0,0,0,0,0
490249,1,1,1998,0,0,0,0,0,0,0,0,0,0
490249,2,1,1998,0,0,0,0,0,0,0,0,0,0
490250,1,1,1998,16,0,0,0,0,0,0,0,0,0
490251,1,1,1998,0,0,0,0,0,0,0,0,0,0
490252,1,1,1998,0,0,0,0,0,0,0,0,0,0
490253,1,1,1998,0,0,0,0,0,0,0,0,0,0
490254,1,1,1998,0,0,0,0,0,0,0,0,0,0
490254,2,1,1998,0,0,0,0,0,0,0,20,0,0
490255,1,1,1998,0,0,0,0,0,0,0,0,0,0
490255,2,1,1998,6,6,6,6,6,6,6,6,6,6
490256,1,1,1998,19,19,19,19,19,19,19,19,19,19
490257,1,1,1998,0,0,0,0,0,0,0,0,0,0
490257,2,1,1998,0,0,0,0,0,0,0,0,0,0
490258,1,1,1998,0,0,0,0,0,0,0,0,0,0
490258,2,1,1998,17,17,17,17,17,17,17,17,17,17
490259,1,1,1998,0,0,0,0,0,0,0,0,0,0
490259,2,1,1998,0,0,0,0,0,0,0,0,0,0
490260,1,1,1998,0,0,0,0,0,0,0,0,0,0
490260,2,1,1998,0,0,0,0,0,0,0,0,0,0
490261,1,1,1998,0,0,0,0,0,0,0,0,0,0
490262,1,1,1998,18,18,18,18,18,18,18,18,18,18
490262,2,1,1998,0,0,0,0,0,0,0,0,0,0
490263,1,1,1998,0,0,0,0,6,0,0,0,0,0
490263,2,1,1998,0,0,0,0,0,0,0,0,0,0
490263,3,1,1998,0,0,0,0,0,0,0,0,0,0
490264,1,1,1998,0,0,0,0,0,0,0,0,0,0
490264,2,1,1998,0,0,0,0,0,0,0,0,0,0
490266,1,1,1998,0,0,0,0,0,0,0,0,0,0
490266,2,1,1998,0,0,0,0,0,0,0,0,0,0
490267,1,1,1998,0,0,0,0,0,0,0,0,0,0
490267,2,1,1998,0,0,0,0,0,0,0,0,0,0
490268,1,1,1998,31,31,31,31,31,31,31,31,31,31
490268,2,1,1998,0,0,0,0,0,0,0,0,0,0
490269,1,1,1998,0,0,0,0,0,0,0,0,0,0
490269,2,1,1998,0,0,0,0,0,0,0,0,0,0
490270,1,1,1998,0,0,0,0,0,0,0,0,0,0
490270,2,1,1998,0,0,0,0,0,0,0,0,0,0
490271,1,1,1998,0,0,0,0,0,0,0,0,0,0
490271,2,1,1998,0,0,0,0,0,0,0,0,0,0
490272,1,1,1998,0,0,0,0,0,0,0,0,0,0
490272,2,1,1998,0,0,0,0,0,0,0,0,0,0
490272,3,1,1998,0,0,0,0,0,0,0,0,0,0
490273,1,1,1998,0,0,0,0,0,0,0,0,0,0
490273,2,1,1998,0,0,0,0,0,0,0,0,0,0
490273,3,1,1998,0,0,0,0,0,0,0,0,0,0
490274,1,1,1998,0,0,0,0,0,22,0,17,8,25
490274,2,1,1998,0,0,0,0,0,0,0,0,0,0
490275,1,1,1998,0,21,0,8,5,0,35,32,0,0
490276,0,1,1998,0,0,0,0,0,0,0,0,0,0
490276,1,1,1998,0,0,0,0,0,0,0,0,0,0
490277,1,1,1998,0,0,0,0,0,0,0,0,0,0
490277,2,1,1998,0,0,0,0,0,0,0,0,0,0
490278,1,1,1998,0,0,0,0,0,0,0,0,0,0
490278,2,1,1998,0,0,0,0,0,15,0,0,0,0
490279,1,1,1998,0,0,0,0,0,0,0,0,0,0
490280,1,1,1998,0,0,0,0,0,0,0,0,0,0
490281,1,1,1998,0,0,0,0,0,0,0,0,0,0
490281,2,1,1998,0,0,0,0,0,0,0,0,0,0
490282,1,1,1998,28,28,28,28,28,28,28,28,28,28
490282,2,1,1998,0,0,0,0,0,0,0,0,0,0
490283,1,1,1998,0,0,0,0,0,0,0,0,0,0
490284,1,1,1998,0,0,0,0,0,0,0,0,0,0
490284,2,1,1998,0,0,0,0,0,0,0,0,0,0
490285,1,1,1998,0,0,0,0,0,0,0,0,0,0
490285,2,1,1998,0,0,0,0,0,0,0,0,0,0
490286,1,1,1998,0,0,0,0,0,0,0,0,0,0
490286,2,1,1998,0,0,0,0,0,0,0,0,0,0
490287,1,1,1998,0,0,0,0,0,0,0,0,0,0
490287,2,1,1998,0,0,0,0,0,0,0,0,0,0
490288,1,1,1998,0,0,0,0,0,0,0,0,0,0
490288,2,1,1998,0,0,0,0,0,0,0,0,0,0
490289,1,1,1998,0,0,0,0,0,0,0,17,0,0
490289,2,1,1998,0,0,0,0,0,0,0,0,0,0
490290,1,1,1998,0,0,0,0,0,0,0,0,0,0
490290,2,1,1998,0,0,0,0,0,0,0,0,0,0
490291,1,1,1998,0,0,0,0,0,0,0,0,0,0
490291,2,1,1998,17,17,17,17,17,17,17,17,17,17
490292,1,1,1998,0,0,0,0,0,0,0,0,0,0
490292,2,1,1998,0,0,0,0,0,0,0,0,0,0
490293,1,1,1998,0,0,0,0,0,0,0,0,0,0
490293,2,1,1998,0,0,0,0,0,0,0,0,0,0
490294,1,1,1998,0,0,0,0,0,0,0,0,0,0
490295,1,1,1998,0,0,0,0,0,0,0,0,0,0
490295,2,1,1998,0,0,0,0,0,0,0,0,0,0
490295,3,1,1998,0,0,0,0,0,0,0,0,0,0
490295,4,1,1998,0,0,0,0,0,0,0,0,0,0
490296,1,1,1998,0,0,0,0,0,0,0,0,0,0
490296,2,1,1998,0,11,0,0,20,0,0,0,0,0
490297,1,1,1998,21,21,21,21,21,21,21,21,21,21
490297,2,1,1998,0,3,0,0,0,0,0,0,0,0
490298,1,1,1998,0,0,0,0,0,0,0,0,0,0
490298,2,1,1998,0,0,0,0,0,0,0,0,0,0
490299,0,1,1998,0,0,0,0,0,0,0,0,0,0
490299,1,1,1998,0,0,0,0,0,0,0,0,0,0
490300,1,1,1998,0,0,0,0,0,0,0,0,0,0
490300,2,1,1998,0,0,0,0,0,0,0,0,0,0
490301,1,1,1998,0,0,0,0,0,0,0,0,0,0
490301,2,1,1998,0,0,0,0,0,0,0,0,0,0
490302,1,1,1998,0,0,0,0,0,0,0,0,0,0
490302,2,1,1998,0,0,0,0,0,0,0,0,0,0
490303,0,1,1998,31,31,31,31,31,31,31,31,31,31
490303,1,1,1998,0,0,0,0,0,0,0,0,0,0
490304,1,1,1998,0,0,0,0,0,0,0,0,0,0
490304,2,1,1998,27,27,27,27,27,27,27,27,27,27
490305,1,1,1998,15,15,15,15,15,15,15,15,15,15
490306,1,1,1998,0,0,0,0,0,0,0,0,0,0
490306,2,1,1998,0,0,0,0,0,0,0,0,0,0
490307,1,1,1998,0,0,0,0,0,0,0,0,0,0
490307,2,1,1998,0,0,0,0,0,0,0,0,0,0
490308,1,1,1998,0,0,0,0,0,0,0,0,0,0
490308,2,1,1998,0,0,0,0,0,0,0,0,0,0
490309,1,1,1998,0,0,0,0,0,0,0,0,0,0
490309,2,1,1998,0,0,0,0,0,0,0,0,0,0
490310,1,1,1998,0,0,0,0,0,0,0,0,0,0
490310,2,1,1998,0,0,0,0,0,0,0,0,0,0
500001,1,1,1998,0,0,0,0,0,9,0,0,0,0
500002,1,1,1998,20,20,20,20,20,20,20,20,20,20
500003,1,1,1998,0,0,0,0,0,0,0,0,0,0
500003,2,1,1998,0,11,0,0,0,0,0,0,0,0
500004,1,1,1998,21,21,21,21,21,21,21,21,21,21
500005,0,1,1998,0,0,0,0,0,0,0,0,0,0
500005,1,1,1998,0,0,0,0,0,0,0,0,11,0
500006,1,1,1998,0,0,0,0,0,0,0,0,0,0
500007,1,1,1998,26,26,26,26,26,26,26,26,26,26
500008,1,1,1998,0,0,0,0,0,0,0,0,0,0
500008,2,1,1998,0,0,0,0,0,0,0,0,0,0
500008,3,1,1998,0,0,0,0,0,0,0,0,0,0
500009,1,1,1998,0,0,0,0,0,0,0,0,0,0
500010,0,1,1998,0,0,0,0,0,0,0,0,0,0
500010,1,1,1998,0,0,0,0,0,0,0,0,0,0
500011,1,1,1998,11,11,11,11,11,11,11,11,11,11
500012,1,1,1998,11,11,11,11,11,11,11,11,11,11
500012,2,1,1998,0,0,0,0,0,0,0,0,0,0
500013,1,1,1998,0,0,0,0,0,0,0,0,0,0
500013,2,1,1998,0,0,0,0,0,0,0,0,0,0
500014,0,1,1998,0,0,0,0,0,0,0,0,0,0
500014,1,1,1998,0,0,0,0,0,0,0,0,0,0
500015,1,1,1998,14,14,14,14,14,14,14,14,14,14
500016,0,1,1998,0,0,0,0,0,0,0,0,15,0
500016,1,1,1998,0,0,0,0,0,0,0,0,0,0
500017,1,1,1998,0,0,0,13,0,0,0,0,18,0
500018,1,1,1998,0,0,0,0,0,0,0,0,0,0
500019,1,1,1998,0,0,0,0,0,0,0,0,0,0
500019,2,1,1998,0,0,0,0,0,0,0,0,0,0
500020,1,1,1998,0,0,0,0,0,0,0,0,0,0
500020,2,1,1998,0,0,0,0,0,0,0,0,0,0
500021,1,1,1998,0,0,0,0,0,0,0,0,0,0
500021,2,1,1998,0,0,0,0,0,0,0,0,0,0
500022,1,1,1998,0,0,15,0,0,10,0,0,0,0
500023,1,1,1998,5,5,5,5,5,5,5,5,5,5
500023,2,1,1998,0,0,0,0,0,0,0,0,18,0
500024,1,1,1998,20,20,20,20,20,20,20,20,20,20
500025,1,1,1998,0,0,0,0,0,0,0,0,0,0
500026,1,1,1998,0,0,0,0,0,0,0,0,0,0
500026,2,1,1998,0,0,0,0,0,0,14,0,0,0
500027,1,1,1998,15,15,15,15,15,15,15,15,15,15
500028,1,1,1998,23,23,23,23,23,23,23,23,23,23
500029,1,1,1998,0,0,0,0,0,0,0,0,0,0
500030,0,1,1998,0,0,0,0,0,0,0,0,0,0
500030,1,1,1998,0,0,0,0,0,0,0,0,0,0
500031,1,1,1998,2,2,2,2,2,2,2,2,2,2
500031,2,1,1998,0,0,0,0,0,0,0,0,0,0
500032,0,1,1998,0,0,0,0,0,0,0,0,0,0
500032,1,1,1998,0,0,0,0,0,0,0,0,0,0
500033,1,1,1998,0,0,0,0,0,0,0,0,0,0
500034,1,1,1998,0,0,0,0,0,0,0,0,0,0
500034,2,1,1998,0,0,0,0,0,0,0,0,0,0
500035,1,1,1998,9,9,9,9,9,9,9,9,9,9
500035,2,1,1998,16,16,16,16,16,16,16,16,16,16
500036,1,1,1998,1,1,1,1,1,1,1,1,1,1
500037,1,1,1998,0,0,0,0,0,0,0,0,0,0
500038,1,1,1998,29,29,29,29,29,29,29,29,29,29
500039,0,1,1998,0,0,0,0,0,0,0,0,0,0
500039,1,1,1998,0,0,0,0,0,0,0,0,0,0
500040,1,1,1998,0,0,0,0,0,0,0,0,0,0
500040,2,1,1998,0,0,0,0,0,0,0,0,0,0