ST_CASE,VEH_NO,PER_NO,YEAR,P1,P2,P3,P4,P5,P6,P7,P8,P9,P10
500041,1,1,1998,0,0,0,0,0,0,0,0,0,0
500041,2,1,1998,0,0,0,0,0,0,0,0,0,0
500042,1,1,1998,0,0,0,0,0,0,0,0,0,0
500042,2,1,1998,0,0,0,0,0,0,0,0,10,0
500042,3,1,1998,0,0,0,0,0,0,0,0,0,0
500042,4,1,1998,0,0,0,0,0,0,0,0,0,0
500042,5,1,1998,0,0,0,0,0,0,0,0,0,0
500042,6,1,1998,0,0,0,16,0,0,0,0,0,0
500043,0,1,1998,0,0,0,0,0,0,0,0,0,0
500043,1,1,1998,0,0,0,0,0,0,0,0,0,0
500044,1,1,1998,0,0,0,0,0,0,0,0,0,0
500044,2,1,1998,0,0,0,0,0,0,0,0,0,0
500044,3,1,1998,0,0,0,0,0,0,0,0,0,0
500044,4,1,1998,0,0,0,0,0,0,0,0,0,0
500045,1,1,1998,0,0,0,0,0,0,0,0,0,0
500046,1,1,1998,26,26,26,26,26,26,26,26,26,26
500047,0,1,1998,0,0,0,0,0,0,0,0,0,0
500047,1,1,1998,0,0,0,0,0,0,0,0,0,0
500048,1,1,1998,0,0,0,0,0,0,0,0,0,0
500049,1,1,1998,21,21,21,21,21,21,21,21,21,21
500050,1,1,1998,0,0,0,0,0,0,0,0,0,0
500051,1,1,1998,0,0,0,0,0,0,0,0,0,0
500052,1,1,1998,0,0,0,0,0,0,0,0,0,0
500053,1,1,1998,0,0,0,0,0,0,0,0,0,0
500053,2,1,1998,0,0,0,0,0,0,0,0,0,0
500054,1,1,1998,13,13,13,13,13,13,13,13,13,13
500055,1,1,1998,0,0,0,0,0,0,0,0,0,0
500055,2,1,1998,0,0,0,0,0,0,0,0,0,0
500056,1,1,1998,0,0,0,0,0,0,0,0,0,0
500056,2,1,1998,0,0,0,0,0,0,0,0,0,0
500057,1,1,1998,0,0,0,7,0,0,0,13,0,0
500057,2,1,1998,0,0,0,0,0,0,0,0,0,0
500057,3,1,1998,0,0,0,12,0,0,0,0,0,0
500058,1,1,1998,0,0,0,0,0,0,0,0,0,0
500058,2,1,1998,0,0,0,0,0,0,0,0,0,0
500059,1,1,1998,0,0,0,0,0,0,13,0,0,0
500060,1,1,1998,0,0,0,0,0,0,0,0,0,0
500061,1,1,1998,27,27,27,27,27,27,27,27,27,27
500062,1,1,1998,15,13,11,7,23,24,17,3,23,9
500063,1,1,1998,13,13,13,13,13,13,13,13,13,13
500064,1,1,1998,17,17,17,17,17,17,17,17,17,17
500066,1,1,1998,0,0,0,0,0,0,0,0,0,0
500067,1,1,1998,19,19,19,19,19,19,19,19,19,19
500068,1,1,1998,0,13,0,0,0,0,0,0,0,0
500069,1,1,1998,7,7,7,7,7,7,7,7,7,7
500070,1,1,1998,0,0,0,0,0,0,0,0,0,0
500070,2,1,1998,0,0,0,0,0,0,0,0,0,0
500071,1,1,1998,28,28,28,28,28,28,28,28,28,28
500072,0,1,1998,0,0,0,0,0,0,0,0,0,0
500072,1,1,1998,17,9,18,16,0,0,16,2,11,6
500073,1,1,1998,0,0,0,0,0,0,0,0,0,0
500074,1,1,1998,20,20,20,20,20,20,20,20,20,20
500074,2,1,1998,0,0,0,0,0,0,0,0,0,0
500075,1,1,1998,0,0,0,0,0,0,0,0,0,0
500075,2,1,1998,0,0,0,0,0,0,0,0,0,0
500076,1,1,1998,0,0,0,0,0,0,0,0,0,0
500077,0,1,1998,0,0,0,0,13,22,0,0,12,19
500077,1,1,1998,0,0,0,0,0,0,0,0,0,0
500078,1,1,1998,0,0,0,0,0,0,0,0,0,0
500078,2,1,1998,0,0,0,0,0,0,0,0,0,0
500079,1,1,1998,0,0,0,0,0,0,0,0,0,0
500080,1,1,1998,0,0,0,0,0,0,0,0,0,0
500081,1,1,1998,0,0,0,0,0,0,0,0,0,0
500082,1,1,1998,0,0,0,0,0,0,0,0,0,0
500082,2,1,1998,0,0,0,0,0,0,0,0,0,0
500083,1,1,1998,24,11,0,12,14,22,0,13,0,8
500084,1,1,1998,31,31,31,31,31,31,31,31,31,31
500085,1,1,1998,0,0,0,0,0,0,0,0,0,0
500086,1,1,1998,20,20,20,20,20,20,20,20,20,20
500087,0,1,1998,0,0,0,0,0,0,0,0,0,0
500087,1,1,1998,17,17,17,17,17,17,17,17,17,17
500088,1,1,1998,24,24,24,24,24,24,24,24,24,24
500089,1,1,1998,0,0,0,0,0,0,0,0,0,0
500089,2,1,1998,0,0,0,0,0,0,0,0,0,0
510001,1,1,1998,14,19,20,11,18,10,12,24,13,31
510002,1,1,1998,0,0,0,0,17,0,0,0,0,0
510003,1,1,1998,0,7,0,0,0,0,0,0,0,0
510003,2,1,1998,6,6,3,16,19,12,18,0,9,17
510004,0,1,1998,30,25,32,40,36,10,28,6,32,8
510004,1,1,1998,0,0,0,0,0,0,0,0,0,0
510005,1,1,1998,17,17,17,17,17,17,17,17,17,17
510006,0,1,1998,9,9,9,9,9,9,9,9,9,9
510006,1,1,1998,8,18,14,29,17,10,10,14,17,21
510007,1,1,1998,0,0,0,0,0,0,0,0,0,0
510007,2,1,1998,0,0,0,0,0,0,0,0,0,0
510008,1,1,1998,0,0,0,0,0,0,0,0,0,0
510009,1,1,1998,0,0,0,0,0,0,0,0,0,0
510010,1,1,1998,0,0,0,0,0,0,0,0,0,0
510010,2,1,1998,0,0,0,0,0,0,0,0,0,0
510011,1,1,1998,0,0,0,0,0,0,0,0,0,0
510011,2,1,1998,0,0,0,0,0,0,0,0,0,0
510011,3,1,1998,0,0,0,0,0,0,0,0,0,0
510013,1,1,1998,26,26,26,26,26,26,26,26,26,26
510014,0,1,1998,0,0,0,0,0,0,0,0,0,0
510014,1,1,1998,0,0,4,0,0,0,0,0,0,0
510015,0,1,1998,0,0,0,0,15,22,0,0,0,0
510015,1,1,1998,9,6,15,19,13,0,8,27,18,5
510016,1,1,1998,10,10,10,10,10,10,10,10,10,10
510017,1,1,1998,12,9,15,19,14,12,11,13,12,11
510017,2,1,1998,0,0,0,0,7,0,0,0,0,0
510018,1,1,1998,1,1,1,1,1,1,1,1,1,1
510019,1,1,1998,0,0,0,0,0,0,0,0,0,0
510020,1,1,1998,0,0,0,0,0,0,0,0,0,0
510020,2,1,1998,0,0,0,0,0,0,0,0,0,0
510021,0,1,1998,21,14,14,30,27,19,15,8,23,25
510021,1,1,1998,0,0,0,0,0,0,0,0,0,0
510021,2,1,1998,0,0,0,0,0,0,0,0,0,0
510022,1,1,1998,0,0,0,0,0,12,16,0,0,0
510022,2,1,1998,0,0,0,0,0,0,0,0,0,0
510023,1,1,1998,0,0,0,0,0,0,10,0,0,0
510023,2,1,1998,0,0,0,0,0,0,0,0,0,0
510024,1,1,1998,16,16,16,16,16,16,16,16,16,16
510025,1,1,1998,15,15,15,15,15,15,15,15,15,15
510026,1,1,1998,25,25,25,25,25,25,25,25,25,25
510027,0,1,1998,0,0,0,0,0,0,0,0,0,0
510027,1,1,1998,0,0,0,0,0,0,0,0,0,0
510028,1,1,1998,19,19,19,19,19,19,19,19,19,19
510029,1,1,1998,17,17,17,17,17,17,17,17,17,17
510030,1,1,1998,0,0,0,0,0,0,0,0,0,0
510031,1,1,1998,0,0,0,0,0,0,0,0,0,0
510032,1,1,1998,0,0,0,0,0,0,0,0,0,0
510033,1,1,1998,17,17,17,17,17,17,17,17,17,17
510034,1,1,1998,22,3,6,27,6,17,14,24,21,26
510035,1,1,1998,0,0,0,0,0,0,0,0,0,0
510035,2,1,1998,0,0,0,0,0,0,0,0,0,0
510036,1,1,1998,11,11,0,0,0,0,0,15,11,17
510036,2,1,1998,0,0,0,0,0,0,9,0,0,0
510037,1,1,1998,0,0,0,0,0,0,0,0,0,0
510038,1,1,1998,0,0,0,0,0,0,0,0,0,0
510039,1,1,1998,0,0,0,0,0,0,0,0,0,0
510039,2,1,1998,0,0,0,0,0,0,0,0,0,0
510040,1,1,1998,25,25,25,25,25,25,25,25,25,25
510040,2,1,1998,0,0,0,0,0,9,0,0,7,0
510041,1,1,1998,0,0,0,0,0,0,0,0,0,0
510042,1,1,1998,0,0,0,0,0,0,0,0,0,0
510043,1,1,1998,0,0,0,0,0,0,0,0,0,0
510044,1,1,1998,0,0,0,0,0,0,0,0,0,0
510045,1,1,1998,0,0,0,0,0,0,0,0,0,0
510045,2,1,1998,0,0,0,0,0,0,0,0,26,0
510045,3,1,1998,0,0,0,0,0,0,0,0,0,0
510046,0,1,1998,15,9,20,0,0,0,0,0,0,0
510046,0,2,1998,0,0,0,0,0,0,0,0,0,0
510046,1,1,1998,0,0,0,0,0,0,0,0,0,0
510047,1,1,1998,14,0,0,0,0,0,0,0,0,0
510047,2,1,1998,0,0,0,0,0,0,0,0,0,0
510048,1,1,1998,5,5,5,5,5,5,5,5,5,5
510049,1,1,1998,36,36,36,36,36,36,36,36,36,36
510050,1,1,1998,0,0,0,0,0,0,0,0,0,3
510051,1,1,1998,0,0,0,0,0,0,0,0,0,0
510051,2,1,1998,0,0,0,0,0,0,0,0,0,0
510051,3,1,1998,0,0,0,0,0,0,0,0,0,0
510051,4,1,1998,0,0,0,0,0,0,0,0,0,3
510052,1,1,1998,0,0,0,0,0,0,0,0,0,0
510052,2,1,1998,0,0,0,0,0,0,0,0,0,0
510053,1,1,1998,0,0,0,0,0,0,0,0,0,0
510053,2,1,1998,0,0,10,0,0,0,0,0,0,0
510054,0,1,1998,11,11,11,11,11,11,11,11,11,11
510054,1,1,1998,0,0,0,0,0,0,0,0,0,0
510055,1,1,1998,0,0,0,0,0,0,0,0,0,0
510056,1,1,1998,0,0,0,0,0,0,0,0,0,0
510056,2,1,1998,0,0,0,0,0,0,0,0,0,0
510057,1,1,1998,30,30,30,30,30,30,30,30,30,30
510058,0,1,1998,21,21,21,21,21,21,21,21,21,21
510058,1,1,1998,0,0,0,0,0,0,0,0,0,0
510059,1,1,1998,0,0,0,0,0,0,0,0,0,0
510060,1,1,1998,23,23,23,23,23,23,23,23,23,23
510061,1,1,1998,37,37,37,37,37,37,37,37,37,37
510062,1,1,1998,0,0,0,0,0,0,0,0,0,0
510062,2,1,1998,0,0,0,0,0,0,0,0,0,0
510063,1,1,1998,0,0,0,0,0,0,0,0,0,0
510064,1,1,1998,24,24,24,24,24,24,24,24,24,24
510064,2,1,1998,0,0,0,0,0,0,0,0,0,0
510065,1,1,1998,17,16,9,0,13,11,14,4,13,26
510065,2,1,1998,0,0,0,0,0,21,0,0,0,0
510066,1,1,1998,0,0,0,0,0,0,0,0,0,0
510067,0,1,1998,0,0,0,0,0,0,0,0,0,0
510067,1,1,1998,0,0,0,0,0,0,0,0,4,0
510068,1,1,1998,21,0,0,0,0,9,8,0,0,11
510068,2,1,1998,0,0,0,0,0,0,0,0,0,0
510069,0,1,1998,27,27,27,27,27,27,27,27,27,27
510069,1,1,1998,0,0,0,0,0,0,0,0,0,0
510070,1,1,1998,0,0,0,0,0,0,0,0,0,0
510070,2,1,1998,0,0,0,0,0,0,0,0,0,0
510071,1,1,1998,0,0,0,0,0,0,0,0,0,0
510071,2,1,1998,19,19,19,19,19,19,19,19,19,19
510072,1,1,1998,36,36,36,36,36,36,36,36,36,36
510072,2,1,1998,0,0,0,0,0,0,0,0,0,0
510073,1,1,1998,13,0,0,14,0,0,0,20,0,0
510073,2,1,1998,0,0,0,0,0,0,0,0,0,0
510074,1,1,1998,0,0,0,0,0,0,0,0,0,0
510075,1,1,1998,0,0,0,0,0,0,0,0,0,0
510075,2,1,1998,0,0,0,0,0,0,0,0,0,0
510076,1,1,1998,0,0,0,0,0,0,0,0,0,0
510077,1,1,1998,9,9,9,9,9,9,9,9,9,9
510077,2,1,1998,0,0,0,0,0,0,0,0,0,0
510078,1,1,1998,25,26,0,0,0,21,0,0,0,0
510078,2,1,1998,0,0,0,0,0,0,0,0,0,0
510079,1,1,1998,0,0,0,0,0,0,0,0,0,0
510080,1,1,1998,0,0,12,8,11,6,0,0,6,0
510080,2,1,1998,0,0,0,0,0,0,0,0,0,0
510081,1,1,1998,0,0,0,0,0,0,0,0,0,0
510081,2,1,1998,0,0,0,0,0,0,0,0,0,0
510082,1,1,1998,0,0,0,0,0,0,0,0,0,0
510082,2,1,1998,0,0,0,0,0,0,0,0,0,0
510082,3,1,1998,0,0,0,0,0,0,0,0,0,0
510083,1,1,1998,0,0,0,0,0,0,0,0,0,0
510083,2,1,1998,0,0,0,0,0,0,0,0,0,0
510084,1,1,1998,0,0,0,0,0,0,0,0,0,0
510085,1,1,1998,17,17,17,17,17,17,17,17,17,17
510086,1,1,1998,0,0,0,0,0,0,0,0,0,0
510086,2,1,1998,0,0,0,0,0,0,0,0,0,0
510087,0,1,1998,14,14,14,14,14,14,14,14,14,14
510087,1,1,1998,13,8,8,6,25,21,6,18,23,16
510088,1,1,1998,16,6,7,23,15,16,26,20,23,0
510088,2,1,1998,0,0,0,0,0,0,0,0,0,0
510089,1,1,1998,17,17,17,17,17,17,17,17,17,17
510090,0,1,1998,0,0,0,0,0,0,0,0,0,0
510090,1,1,1998,0,0,0,0,0,0,0,0,0,0
510090,2,1,1998,0,0,0,0,0,0,0,0,0,0
510091,1,1,1998,0,0,0,0,0,0,0,0,0,0
510092,1,1,1998,0,0,0,0,0,0,0,0,0,0
510093,1,1,1998,0,0,0,20,13,13,7,17,5,8
510093,2,1,1998,0,0,0,0,0,0,0,0,0,0
510094,0,1,1998,31,31,31,31,31,31,31,31,31,31
510094,1,1,1998,0,0,0,0,0,0,9,0,0,0
510095,1,1,1998,27,27,27,27,27,27,27,27,27,27
510096,0,1,1998,0,0,0,0,0,0,0,0,0,0
510096,1,1,1998,0,0,0,0,0,0,0,0,0,0
510097,1,1,1998,11,14,0,33,21,15,27,12,7,14
510098,1,1,1998,12,15,7,14,23,11,19,8,14,23
510099,1,1,1998,0,0,0,0,0,0,0,0,0,0
510099,2,1,1998,0,0,0,0,0,0,0,0,0,0
510100,1,1,1998,0,0,0,0,0,0,0,0,0,0
510100,2,1,1998,0,0,0,0,0,0,0,0,0,0
510101,1,1,1998,0,0,0,0,13,0,0,0,0,0
510101,2,8,1998,0,0,0,0,0,0,0,0,0,0
510102,1,1,1998,0,0,0,0,0,0,0,0,0,0
510103,0,1,1998,4,4,4,4,4,4,4,4,4,4
510103,1,1,1998,0,0,8,6,0,0,16,0,0,0
510104,0,1,1998,6,16,50,18,42,29,39,10,16,0
510104,1,1,1998,0,0,0,0,0,0,0,0,0,0
510105,1,1,1998,0,0,0,0,0,0,8,0,0,0
510106,0,1,1998,0,0,0,0,0,0,0,0,0,0
510106,1,1,1998,0,0,0,12,19,0,0,0,0,20
510107,1,1,1998,0,0,0,0,0,0,0,0,0,0
510107,2,1,1998,0,0,0,0,0,0,0,0,0,0
510108,1,1,1998,30,30,30,30,30,30,30,30,30,30
510108,2,1,1998,0,0,0,0,0,0,0,0,0,0
510109,1,1,1998,0,0,0,0,0,0,0,0,0,0
510109,2,1,1998,0,0,0,0,0,0,0,0,0,0
510110,1,1,1998,0,0,0,0,0,0,28,0,7,0
510111,1,1,1998,0,0,0,0,0,0,0,0,0,0
510111,2,1,1998,11,0,0,0,0,0,0,0,0,14
510111,3,1,1998,0,0,0,0,0,0,0,0,0,0
510112,0,1,1998,0,0,0,0,0,0,0,0,0,0
510112,1,1,1998,0,0,0,0,0,0,0,0,0,0
510113,1,1,1998,0,0,0,0,0,0,0,0,0,0
510113,2,1,1998,0,0,0,0,0,0,0,0,0,0
510114,1,1,1998,0,0,7,0,0,0,0,20,0,0
510114,2,1,1998,0,0,0,0,0,0,0,0,0,0
510114,3,1,1998,0,3,0,0,0,0,0,0,0,0
510115,1,1,1998,27,0,0,0,0,0,0,0,0,0
510116,1,1,1998,0,0,0,0,0,0,0,0,0,0
510117,1,1,1998,0,0,0,0,0,0,0,0,0,0
510117,2,1,1998,11,4,29,0,13,0,23,17,22,0
510118,1,1,1998,13,17,42,23,29,18,28,17,19,11
510119,1,1,1998,0,0,0,0,0,0,0,0,0,0
510119,2,1,1998,0,0,0,0,0,0,0,0,0,0
510119,3,1,1998,0,0,0,0,0,0,0,0,0,0
510120,1,1,1998,0,0,0,0,0,0,0,0,0,0
510120,2,1,1998,0,0,0,0,0,0,0,0,0,0
510121,0,1,1998,0,0,0,0,0,0,0,0,0,0
510121,1,1,1998,0,0,0,0,0,0,0,0,0,0
510122,1,1,1998,0,0,0,0,0,0,0,0,0,0
510123,1,1,1998,19,19,19,19,19,19,19,19,19,19
510124,1,1,1998,0,0,0,0,0,0,0,0,0,0
510124,2,1,1998,0,0,0,0,0,0,0,0,0,0
510125,0,1,1998,9,9,9,9,9,9,9,9,9,9
510125,1,1,1998,0,0,0,0,0,0,0,0,0,0
510126,1,1,1998,0,0,0,0,0,0,0,0,0,0
510127,1,1,1998,0,0,0,0,0,0,0,0,0,0
510128,1,1,1998,11,11,11,11,11,11,11,11,11,11
510129,1,1,1998,0,0,0,0,0,0,0,0,0,0
510129,2,1,1998,0,0,0,0,0,0,0,0,0,0
510130,1,1,1998,24,24,24,24,24,24,24,24,24,24
510131,1,1,1998,0,0,0,0,0,0,0,0,0,0
510131,2,1,1998,0,0,0,0,0,0,0,0,0,0
510132,1,1,1998,0,0,0,0,0,0,0,0,0,0
510133,1,1,1998,0,0,0,0,0,0,0,3,0,0
510133,2,1,1998,0,0,0,0,0,0,0,0,0,0
510134,1,1,1998,0,0,0,0,0,0,0,0,0,0
510135,0,1,1998,0,0,0,0,0,0,0,0,0,0
510135,0,2,1998,0,11,0,0,0,0,0,0,0,0
510135,0,3,1998,0,0,0,0,0,0,0,0,0,0
510135,1,1,1998,0,0,0,0,0,0,0,0,0,0
510136,1,1,1998,11,11,11,11,11,11,11,11,11,11
510137,1,1,1998,15,15,15,15,15,15,15,15,15,15
510138,1,1,1998,0,0,0,0,0,0,0,8,0,0
510138,2,1,1998,0,0,0,0,0,0,0,0,0,0
510139,1,1,1998,0,0,0,0,0,0,0,0,0,0
510139,2,1,1998,0,0,0,0,0,0,0,0,0,0
510140,0,1,1998,0,0,0,0,0,0,0,0,7,15
510140,1,1,1998,0,0,0,0,0,0,0,0,0,0
510141,1,1,1998,11,20,0,14,0,12,8,0,0,10
510142,1,1,1998,0,0,0,0,0,0,0,0,0,0
510143,1,1,1998,16,16,16,16,16,16,16,16,16,16
510144,1,1,1998,0,0,0,0,0,0,0,0,0,0
510144,2,1,1998,0,0,0,0,0,0,14,0,0,0
510145,0,1,1998,0,0,0,0,0,0,0,0,0,0
510145,0,2,1998,0,0,0,0,0,0,0,0,0,0
510145,1,1,1998,0,0,0,0,0,0,0,0,0,0
510146,1,1,1998,0,0,0,0,0,0,0,0,0,0
510147,1,1,1998,0,0,0,0,0,0,0,0,0,0
510147,2,1,1998,0,0,0,0,0,0,0,0,0,0
510148,1,1,1998,0,0,0,0,0,0,0,0,0,0
510148,2,1,1998,0,0,0,0,0,0,0,0,0,0
510149,1,1,1998,0,0,0,0,0,0,0,0,0,14
510149,2,1,1998,0,0,0,0,0,0,0,0,0,0
510150,0,1,1998,0,0,0,0,0,0,0,0,0,0
510150,1,1,1998,0,0,0,0,0,0,0,0,0,0
510151,1,1,1998,0,0,0,0,0,0,0,0,0,0
510151,2,1,1998,0,0,0,5,0,0,0,10,0,0
510152,1,1,1998,11,3,8,12,22,2,19,8,6,5
510153,0,1,1998,0,0,0,0,0,0,0,0,0,0
510153,1,1,1998,0,0,0,0,0,0,0,0,0,0
510154,1,1,1998,0,0,0,0,0,0,0,0,0,0
510155,1,1,1998,0,0,0,0,0,0,0,0,0,0
510155,2,1,1998,0,0,0,0,0,0,0,0,0,0
510156,0,1,1998,5,16,17,32,0,18,27,21,8,26
510156,1,1,1998,0,0,0,0,0,0,0,0,0,0
510157,1,1,1998,0,0,0,0,0,0,0,0,0,0
510158,0,1,1998,0,0,0,0,0,0,0,0,0,0
510158,1,1,1998,0,0,0,0,0,0,0,0,0,0
510159,1,1,1998,0,0,0,0,0,0,0,0,0,0
510159,2,1,1998,0,0,0,0,0,0,0,0,0,0
510159,3,1,1998,0,0,0,0,0,0,0,0,0,0
510159,4,1,1998,0,0,0,0,0,0,0,0,0,0
510159,5,1,1998,0,0,0,0,0,0,0,0,0,0
510159,6,1,1998,0,0,0,0,0,0,0,0,0,0
510159,7,1,1998,0,0,0,0,0,0,0,0,0,0
510159,8,1,1998,0,0,0,0,0,0,0,0,0,0
510159,9,1,1998,0,0,0,0,0,0,0,0,0,0
510159,10,1,1998,0,0,0,0,0,0,0,0,0,0
510160,1,1,1998,0,0,0,0,0,0,0,0,0,0
510161,1,1,1998,0,0,0,0,0,0,0,0,0,0
510162,0,1,1998,0,0,0,0,0,0,0,0,0,0
510162,1,1,1998,0,0,0,0,0,0,0,0,0,0
510162,2,1,1998,0,0,0,0,0,0,0,0,0,0
510163,0,1,1998,0,0,0,0,0,0,0,0,0,0
510163,1,1,1998,0,0,0,0,0,0,0,0,0,0
510164,1,1,1998,14,10,10,9,6,10,9,3,14,27
510164,2,1,1998,0,0,0,0,0,0,0,0,0,0
510165,1,1,1998,14,14,14,14,14,14,14,14,14,14
510166,1,1,1998,20,20,20,20,20,20,20,20,20,20
510167,1,1,1998,0,0,0,0,0,0,0,0,0,0
510168,0,1,1998,19,19,19,19,19,19,19,19,19,19
510168,1,1,1998,16,13,14,17,24,4,6,9,10,21
510169,1,1,1998,6,6,6,6,6,6,6,6,6,6
510169,2,1,1998,20,14,17,0,18,21,19,0,14,23
510170,1,1,1998,0,0,0,0,0,0,0,0,0,0
510171,1,1,1998,0,0,0,0,0,0,0,0,0,0
510171,2,1,1998,0,0,0,0,0,0,38,0,0,0
510172,1,1,1998,0,0,0,0,0,0,0,0,0,0
510172,2,1,1998,0,0,0,0,0,0,0,0,0,0
510173,1,1,1998,22,22,22,22,22,22,22,22,22,22
510174,1,1,1998,0,28,0,15,24,16,29,20,0,26
510175,1,1,1998,0,0,0,0,0,0,0,0,0,0
510176,1,1,1998,0,0,0,0,0,0,0,0,0,0
510176,2,1,1998,16,0,3,0,0,12,0,0,0,0
510177,1,1,1998,0,0,0,0,0,0,0,0,0,0
510177,2,1,1998,0,0,0,0,3,0,0,0,0,0
510177,3,1,1998,0,0,0,7,0,0,12,0,0,0
510177,4,1,1998,11,0,0,0,0,0,0,0,0,0
510178,1,1,1998,0,0,0,0,0,0,0,0,0,0
510178,2,1,1998,0,0,0,14,0,0,0,0,0,0
510179,1,1,1998,0,0,0,0,0,0,0,0,0,0
510180,1,1,1998,35,35,35,35,35,35,35,35,35,35
510181,1,1,1998,31,31,31,31,31,31,31,31,31,31
510182,1,1,1998,0,0,0,0,0,0,0,0,0,0
510182,2,1,1998,0,0,0,0,0,0,0,0,0,0
510182,3,1,1998,0,0,0,0,0,0,0,0,0,0
510182,4,1,1998,0,0,0,0,0,0,0,0,13,0
510183,1,1,1998,0,0,0,0,0,0,0,0,0,0
510184,1,1,1998,0,0,0,0,0,0,0,0,0,0
510184,2,1,1998,0,0,0,0,0,0,0,0,0,0
510185,1,1,1998,0,0,0,0,0,0,0,0,0,0
510186,1,1,1998,18,18,18,18,18,18,18,18,18,18
510187,1,1,1998,6,6,6,6,6,6,6,6,6,6
510187,2,1,1998,0,0,0,0,0,0,0,0,0,0
510188,1,1,1998,27,27,27,27,27,27,27,27,27,27
510188,2,1,1998,0,0,0,0,0,0,0,0,0,0
510189,1,1,1998,0,0,11,20,0,15,0,0,0,0
510190,1,1,1998,0,0,0,0,0,0,0,0,0,0
510191,1,1,1998,0,0,0,0,0,0,0,0,0,0
510192,1,1,1998,0,0,0,0,0,0,0,0,0,0
510192,2,1,1998,0,0,0,0,0,0,0,0,0,0
510193,1,1,1998,0,0,0,0,0,0,0,0,0,0
510193,2,1,1998,0,0,0,0,0,0,0,0,0,0
510194,1,1,1998,2,2,2,2,2,2,2,2,2,2
510194,2,1,1998,0,0,0,0,0,0,0,0,0,0
510195,0,1,1998,23,23,23,23,23,23,23,23,23,23
510195,1,1,1998,0,0,0,0,0,0,0,0,20,0
510196,1,1,1998,0,0,0,0,0,0,0,0,0,0
510196,2,1,1998,1,1,1,1,1,1,1,1,1,1
510197,1,1,1998,0,0,0,0,0,0,0,0,0,0
510198,1,1,1998,0,0,0,0,0,0,0,0,0,0
510199,1,1,1998,25,0,0,6,23,0,0,0,11,0
510199,2,1,1998,0,0,0,0,0,0,0,0,0,0
510200,1,1,1998,18,18,18,18,18,18,18,18,18,18
510200,2,1,1998,0,21,7,7,0,0,21,0,0,0
510201,1,1,1998,0,0,0,25,0,0,12,0,0,0
510202,1,1,1998,0,0,0,0,0,0,0,0,0,0
510203,2,1,1998,0,6,0,0,0,0,0,0,0,0
510203,3,1,1998,0,0,0,0,0,0,0,0,0,0
510204,1,1,1998,0,0,0,0,0,0,0,0,0,0
510205,1,1,1998,0,0,0,0,0,0,0,0,0,0
510205,2,1,1998,0,0,0,0,0,0,0,0,0,0
510205,3,1,1998,0,0,0,0,0,0,0,0,0,0
510206,1,1,1998,0,0,0,0,0,0,0,0,0,0
510206,2,1,1998,0,0,0,0,0,0,0,0,0,0
510207,1,1,1998,0,0,0,0,0,0,0,0,0,0
510207,2,1,1998,0,0,0,0,0,0,0,0,0,0
510208,0,1,1998,0,0,0,0,0,0,0,0,0,0
510208,1,1,1998,0,0,0,0,0,0,0,0,26,0
510209,1,1,1998,0,0,0,0,0,0,0,0,0,0
510209,2,1,1998,0,0,0,0,0,0,0,0,0,0
510209,3,1,1998,0,0,0,0,0,0,0,0,0,0
510210,1,1,1998,0,0,0,0,0,0,0,0,0,0
510211,0,1,1998,27,27,27,27,27,27,27,27,27,27
510211,1,1,1998,0,0,0,0,0,0,0,0,0,0
510212,1,1,1998,0,0,0,0,0,0,0,0,0,0
510212,2,1,1998,10,0,0,0,0,0,0,0,0,0
510213,1,1,1998,0,0,0,0,0,0,0,0,0,0
510214,1,1,1998,0,0,0,0,0,0,0,0,0,0
510214,2,1,1998,0,0,0,0,0,0,0,0,0,0
510215,1,1,1998,7,0,14,0,26,9,0,11,2,21
510216,1,1,1998,15,15,15,15,15,15,15,15,15,15
510216,2,1,1998,0,0,0,0,0,0,0,0,0,0
510217,1,1,1998,0,0,8,0,0,0,0,0,0,0
510217,2,1,1998,11,25,13,19,0,22,11,10,6,4
510218,1,1,1998,0,0,0,0,0,0,0,0,0,0
510218,2,1,1998,0,0,0,0,0,0,0,0,0,0
510219,1,1,1998,0,0,0,0,0,0,0,0,0,0
510220,1,1,1998,0,0,0,0,0,0,0,0,0,0
510221,1,1,1998,4,4,4,4,4,4,4,4,4,4
510222,1,1,1998,33,33,33,33,33,33,33,33,33,33
510222,2,1,1998,0,0,0,0,0,14,0,0,0,0
510223,1,1,1998,0,0,0,0,0,0,0,0,0,0
510223,2,1,1998,0,0,0,0,0,0,0,0,0,0
510224,1,1,1998,21,21,21,21,21,21,21,21,21,21
510224,2,1,1998,0,0,0,0,0,0,0,0,0,0
510225,1,1,1998,17,17,17,17,17,17,17,17,17,17
510226,1,1,1998,17,17,17,17,17,17,17,17,17,17
510227,1,1,1998,0,0,0,0,0,0,0,0,0,0
510228,1,1,1998,0,0,0,0,0,0,0,0,0,0
510228,2,1,1998,0,0,0,0,0,0,0,0,0,0
510229,1,1,1998,0,0,0,0,0,0,0,0,0,0
510230,1,1,1998,0,0,0,0,0,0,0,0,0,0
510230,2,1,1998,0,0,0,0,0,0,0,0,0,0
510231,1,1,1998,0,25,19,11,10,0,11,0,4,14
510232,1,1,1998,0,0,0,0,0,0,0,0,0,0
510233,0,1,1998,0,0,0,0,0,0,0,0,0,0
510233,1,1,1998,0,0,0,0,0,0,0,0,0,0
510234,1,1,1998,0,0,0,0,0,0,0,0,0,0
510234,2,1,1998,0,0,0,0,0,0,0,0,0,0