ST_CASE,VEH_NO,PER_NO,YEAR,P1,P2,P3,P4,P5,P6,P7,P8,P9,P10
510824,2,1,1998,0,0,9,0,0,0,0,0,0,0
510825,1,1,1998,0,9,0,0,9,0,0,0,0,0
510826,0,1,1998,0,0,0,0,0,0,0,0,0,0
510826,1,1,1998,0,0,0,0,0,0,0,0,0,0
510827,1,1,1998,0,0,0,0,0,0,0,0,0,0
510828,1,1,1998,0,31,5,17,11,9,31,11,26,0
510828,2,1,1998,0,0,0,6,0,19,0,0,0,0
510829,1,1,1998,18,33,22,14,0,19,0,9,19,23
510830,1,1,1998,0,0,0,0,0,0,0,0,0,0
510830,2,1,1998,0,0,0,0,0,0,0,0,0,0
510830,3,1,1998,0,0,0,0,0,0,0,0,0,0
510831,1,1,1998,0,0,0,0,24,0,0,0,0,0
510832,0,1,1998,0,0,0,0,0,0,0,0,0,0
510832,1,1,1998,0,0,0,0,0,0,0,0,0,0
510833,1,1,1998,0,10,0,0,0,0,0,0,0,0
510833,2,1,1998,0,5,0,0,0,0,0,0,0,0
510834,1,1,1998,0,0,0,0,0,0,0,16,19,0
510835,1,1,1998,0,0,0,0,0,0,0,0,0,0
510836,1,1,1998,0,0,0,0,0,0,0,0,0,0
510836,2,1,1998,0,0,0,0,0,0,0,0,0,0
510836,3,1,1998,0,0,0,0,0,0,0,0,0,0
510837,1,1,1998,0,0,0,0,0,0,0,0,0,0
510838,1,1,1998,15,14,12,13,13,4,8,16,10,14
510838,2,1,1998,0,0,0,0,0,0,0,0,0,0
510838,3,1,1998,0,0,0,0,0,0,0,0,0,0
510839,0,1,1998,0,0,0,0,0,22,0,0,0,2
510839,1,1,1998,0,0,0,0,0,0,0,0,11,0
510840,1,1,1998,0,0,0,0,13,0,0,5,0,17
510840,2,1,1998,0,0,11,0,0,9,0,0,13,0
510841,1,1,1998,0,0,0,0,0,0,0,0,0,0
510842,1,1,1998,9,8,0,0,0,0,11,4,16,11
510842,2,1,1998,1,1,1,1,1,1,1,1,1,1
530001,1,1,1998,0,0,0,0,0,0,0,0,0,0
530002,1,1,1998,0,0,0,0,0,0,0,0,0,0
530002,2,1,1998,4,4,4,4,4,4,4,4,4,4
530003,0,1,1998,2,10,20,6,9,0,0,0,0,0
530003,1,1,1998,0,0,0,0,0,0,0,0,0,0
530004,0,1,1998,29,0,9,0,0,19,0,0,0,0
530004,1,1,1998,0,0,0,0,0,0,0,0,0,0
530005,1,1,1998,0,0,0,0,0,0,0,0,0,0
530006,1,1,1998,0,0,0,0,0,0,0,0,0,0
530006,2,1,1998,0,0,0,0,0,0,0,0,0,0
530006,3,1,1998,0,0,0,0,0,0,0,0,0,0
530006,4,1,1998,0,0,0,0,0,0,0,0,0,0
530007,0,1,1998,0,0,0,0,0,0,0,0,0,0
530007,1,1,1998,0,0,0,0,0,0,0,0,0,0
530008,1,1,1998,0,0,0,0,0,0,0,0,0,0
530009,1,1,1998,0,19,0,0,0,0,0,0,0,0
530009,2,1,1998,2,2,2,2,2,2,2,2,2,2
530010,1,1,1998,22,22,22,22,22,22,22,22,22,22
530011,1,1,1998,0,0,0,0,27,0,0,0,0,0
530011,2,1,1998,5,0,0,0,0,0,0,0,0,0
530012,1,1,1998,0,0,0,0,0,0,0,0,0,0
530012,2,1,1998,0,0,0,0,0,0,0,0,0,0
530012,3,1,1998,0,0,0,0,0,0,0,0,0,0
530013,1,1,1998,0,0,0,0,0,0,0,0,0,0
530013,2,1,1998,0,0,0,0,0,0,0,19,0,0
530014,1,1,1998,0,0,0,0,0,0,0,0,0,0
530014,2,1,1998,0,0,0,0,0,0,0,0,0,0
530015,1,1,1998,0,0,0,0,0,0,0,0,0,0
530015,2,1,1998,0,0,0,0,0,0,0,0,0,0
530016,1,1,1998,22,22,22,22,22,22,22,22,22,22
530017,1,1,1998,0,0,0,0,0,0,0,0,0,0
530017,2,1,1998,0,0,0,0,0,0,0,0,0,0
530018,1,1,1998,4,4,4,4,4,4,4,4,4,4
530018,2,1,1998,8,8,8,8,8,8,8,8,8,8
530019,1,1,1998,0,0,0,0,0,0,0,0,0,0
530019,2,1,1998,0,0,0,0,0,0,0,0,0,0
530020,0,1,1998,0,0,0,0,0,0,0,0,0,0
530020,1,1,1998,2,2,2,2,2,2,2,2,2,2
530021,1,1,1998,11,11,11,11,11,11,11,11,11,11
530022,1,1,1998,20,0,0,0,0,0,0,14,20,0
530022,2,1,1998,0,0,0,0,0,0,0,0,0,0
530022,3,1,1998,8,0,0,0,0,0,0,0,0,0
530023,0,1,1998,0,0,0,0,0,0,0,0,0,0
530023,1,1,1998,0,0,0,0,0,0,0,0,0,0
530024,1,1,1998,27,27,27,27,27,27,27,27,27,27
530024,2,1,1998,0,0,0,0,0,0,0,0,12,0
530024,3,1,1998,0,0,0,0,0,15,0,0,0,0
530025,1,1,1998,0,0,0,0,0,0,0,0,0,0
530025,2,1,1998,0,0,0,0,0,0,0,0,0,0
530026,1,1,1998,26,26,26,26,26,26,26,26,26,26
530026,2,1,1998,0,0,0,15,0,0,0,0,0,0
530027,1,1,1998,20,20,20,20,20,20,20,20,20,20
530028,1,1,1998,0,0,0,0,0,0,0,0,0,0
530029,1,1,1998,0,0,0,0,0,0,0,0,0,0
530029,2,1,1998,0,0,0,0,0,0,0,0,0,0
530030,1,1,1998,0,0,0,0,0,0,0,0,0,0
530030,2,1,1998,0,0,0,0,0,0,0,0,0,0
530031,0,1,1998,0,0,0,19,0,0,0,0,0,0
530031,1,1,1998,0,0,0,0,0,0,0,0,0,0
530032,1,1,1998,0,0,0,0,0,0,0,0,0,0
530032,2,1,1998,0,0,0,0,0,0,0,0,0,0
530032,3,1,1998,0,0,0,0,4,0,0,0,0,0
530033,1,1,1998,0,0,0,0,0,0,0,0,0,0
530033,2,1,1998,0,0,0,0,0,0,0,0,10,0
530034,1,1,1998,9,9,9,9,9,9,9,9,9,9
530034,2,1,1998,0,0,0,0,0,0,0,0,0,0
530035,0,1,1998,0,0,0,16,14,0,0,0,0,0
530035,1,1,1998,0,0,0,0,0,0,0,0,0,0
530036,1,1,1998,15,15,15,15,15,15,15,15,15,15
530037,0,1,1998,0,0,0,0,0,0,0,0,0,0
530037,1,1,1998,16,16,16,16,16,16,16,16,16,16
530038,1,1,1998,0,0,0,0,0,0,0,0,0,0
530038,2,1,1998,0,0,0,0,0,0,0,0,0,0
530039,1,1,1998,14,14,15,13,23,18,10,12,20,6
530040,1,1,1998,0,0,0,0,0,0,0,0,0,0
530040,2,1,1998,0,0,0,0,0,0,0,0,0,0
530041,0,1,1998,0,0,0,0,0,0,0,0,0,0
530041,1,1,1998,17,17,17,17,17,17,17,17,17,17
530042,1,1,1998,0,0,0,0,0,0,0,0,0,0
530043,1,1,1998,0,0,21,0,0,0,0,0,0,0
530044,1,1,1998,0,0,0,0,0,0,0,0,0,0
530044,2,1,1998,0,0,0,0,0,0,0,0,0,0
530045,1,1,1998,29,29,29,29,29,29,29,29,29,29
530046,1,1,1998,0,0,0,0,0,0,0,0,0,0
530047,1,1,1998,18,18,18,18,18,18,18,18,18,18
530048,1,1,1998,19,19,19,19,19,19,19,19,19,19
530049,1,1,1998,0,0,0,0,0,0,0,0,0,0
530050,0,1,1998,0,0,0,0,0,0,0,0,0,0
530050,1,1,1998,14,14,14,14,14,14,14,14,14,14
530051,1,1,1998,0,0,0,11,0,0,0,10,0,0
530052,1,1,1998,0,0,0,0,0,0,0,0,0,0
530052,2,1,1998,0,0,0,0,0,0,0,0,0,0
530052,3,1,1998,0,0,0,0,0,0,0,0,0,0
530053,1,1,1998,49,49,49,49,49,49,49,49,49,49
530053,2,1,1998,0,0,0,0,0,0,0,0,0,0
530054,0,1,1998,0,0,0,0,0,0,0,0,0,0
530054,1,1,1998,0,0,0,0,0,0,0,0,0,0
530055,1,1,1998,16,16,16,16,16,16,16,16,16,16
530056,1,1,1998,18,18,18,18,18,18,18,18,18,18
530057,1,1,1998,16,16,16,16,16,16,16,16,16,16
530057,2,1,1998,0,0,0,2,0,0,0,0,0,0
530058,1,1,1998,26,26,26,26,26,26,26,26,26,26
530059,1,1,1998,0,0,0,0,0,0,0,0,0,0
530060,1,1,1998,0,0,0,0,0,0,0,0,0,0
530061,0,1,1998,0,0,0,0,0,0,0,0,0,0
530061,1,1,1998,0,0,0,0,0,0,0,0,0,0
530062,1,1,1998,11,11,11,11,11,11,11,11,11,11
530063,1,1,1998,20,20,20,20,20,20,20,20,20,20
530064,1,1,1998,27,27,27,27,27,27,27,27,27,27
530065,0,1,1998,21,21,21,21,21,21,21,21,21,21
530065,1,1,1998,11,13,19,0,0,0,21,0,18,4
530066,1,1,1998,25,25,25,25,25,25,25,25,25,25
530066,2,1,1998,0,0,0,0,0,0,0,0,0,0
530067,1,1,1998,0,0,0,0,0,0,0,0,0,0
530067,2,1,1998,0,0,0,0,0,0,0,0,0,0
530068,1,1,1998,9,6,14,0,8,8,7,24,10,26
530068,2,1,1998,0,15,0,0,0,0,0,0,0,0
530069,1,1,1998,29,29,29,29,29,29,29,29,29,29
530069,2,1,1998,0,0,0,0,0,0,0,0,0,0
530070,0,1,1998,0,0,0,0,0,0,0,0,0,0
530070,1,1,1998,2,2,2,2,2,2,2,2,2,2
530071,1,1,1998,2,2,2,2,2,2,2,2,2,2
530072,1,1,1998,16,16,16,16,16,16,16,16,16,16
530073,0,1,1998,24,0,0,22,0,0,10,41,0,0
530073,1,1,1998,0,0,0,0,0,0,0,0,0,0
530074,1,1,1998,0,0,0,0,0,0,0,0,0,0
530074,2,1,1998,0,0,0,0,0,0,0,0,0,0
530074,3,1,1998,0,0,0,0,0,0,0,0,0,0
530074,4,1,1998,0,0,0,0,0,0,0,0,0,0
530075,1,1,1998,0,0,0,0,0,0,0,0,0,0
530075,2,1,1998,0,0,0,0,0,0,0,0,0,0
530076,1,1,1998,0,0,0,0,0,0,0,0,0,0
530077,0,1,1998,17,17,17,17,17,17,17,17,17,17
530077,1,1,1998,0,0,0,0,0,0,0,0,0,0
530078,1,1,1998,20,18,6,12,0,11,9,0,9,11
530078,2,1,1998,0,0,0,0,0,0,0,0,0,0
530079,1,1,1998,0,0,0,9,0,0,0,0,0,0
530080,1,1,1998,16,16,16,16,16,16,16,16,16,16
530080,2,1,1998,0,0,0,0,0,0,0,0,0,0
530080,3,1,1998,0,0,0,0,0,0,0,0,0,0
530081,1,1,1998,0,0,0,0,0,0,0,0,0,0
530082,1,1,1998,5,5,5,5,5,5,5,5,5,5
530083,1,1,1998,0,0,0,0,0,0,0,0,0,0
530084,1,1,1998,0,0,0,0,0,0,0,0,0,0
530084,2,1,1998,0,0,0,0,0,0,0,0,0,0
530085,1,1,1998,0,0,0,0,0,0,0,0,0,0
530086,1,1,1998,31,31,31,31,31,31,31,31,31,31
530087,0,1,1998,13,13,13,13,13,13,13,13,13,13
530087,0,2,1998,10,10,10,10,10,10,10,10,10,10
530087,1,1,1998,0,0,0,0,0,0,0,0,0,0
530088,1,1,1998,25,25,25,25,25,25,25,25,25,25
530089,1,1,1998,0,0,0,0,0,0,0,0,0,0
530089,2,1,1998,0,0,0,0,0,0,0,0,0,0
530090,1,1,1998,0,0,0,0,0,0,0,0,0,0
530090,2,1,1998,0,0,0,0,0,0,0,0,0,0
530090,3,1,1998,0,0,0,0,0,0,0,0,0,0
530090,4,1,1998,0,0,0,0,0,0,0,0,6,0
530090,5,1,1998,0,0,0,0,0,11,0,0,0,0
530090,6,1,1998,0,0,0,0,0,0,0,0,0,0
530090,7,1,1998,0,0,0,0,0,0,0,0,0,0
530091,1,1,1998,23,0,0,25,28,0,16,0,0,0
530092,0,1,1998,0,0,0,0,0,0,0,0,0,0
530092,0,2,1998,0,21,15,20,16,25,0,32,18,0
530092,1,1,1998,0,0,0,0,0,0,7,3,0,0
530093,1,1,1998,24,24,24,24,24,24,24,24,24,24
530093,2,1,1998,0,14,0,30,0,16,0,0,0,14
530094,1,1,1998,0,0,0,0,0,0,0,0,0,0
530095,1,1,1998,0,0,0,0,0,0,0,0,0,0
530096,1,1,1998,0,0,0,0,0,0,0,0,0,0
530096,2,1,1998,0,0,0,0,0,0,0,0,0,0
530097,1,1,1998,22,22,22,22,22,22,22,22,22,22
530097,2,1,1998,16,16,16,16,16,16,16,16,16,16
530098,1,1,1998,0,0,0,0,0,0,0,0,0,0
530099,1,1,1998,33,33,33,33,33,33,33,33,33,33
530099,2,1,1998,0,0,0,0,0,0,0,0,0,0
530100,1,1,1998,0,0,0,0,0,0,0,0,0,0
530100,2,1,1998,0,0,0,0,0,0,18,0,0,0
530100,3,1,1998,0,0,0,0,0,0,0,0,0,0
530101,1,1,1998,0,0,0,0,0,0,0,0,0,0
530101,2,1,1998,0,0,0,0,0,0,0,0,0,0
530102,1,1,1998,14,14,14,14,14,14,14,14,14,14
530103,1,1,1998,0,0,0,0,0,0,0,0,0,0
530104,1,1,1998,10,10,10,10,10,10,10,10,10,10
530105,1,2,1998,23,23,23,23,23,23,23,23,23,23
530106,1,1,1998,0,0,0,0,0,0,0,0,0,0
530106,2,1,1998,0,0,0,0,0,0,0,0,0,0
530107,1,1,1998,6,6,6,6,6,6,6,6,6,6
530108,1,1,1998,0,0,0,0,0,0,0,0,0,0
530109,0,1,1998,0,0,0,0,0,0,0,0,0,0
530109,1,1,1998,0,0,0,0,0,0,0,0,0,9
530110,1,1,1998,0,0,0,0,0,0,0,0,0,0
530110,2,1,1998,0,0,0,0,0,0,0,0,0,0
530111,0,1,1998,0,12,0,0,0,0,14,0,11,0
530111,1,1,1998,0,0,0,0,0,0,0,0,0,0
530112,0,1,1998,0,0,0,0,0,0,0,0,0,0
530112,1,1,1998,0,0,0,0,0,0,0,0,0,0
530113,1,1,1998,0,0,0,0,0,0,0,0,0,0
530114,1,1,1998,0,0,0,0,0,0,0,0,0,0
530114,2,1,1998,0,0,17,0,0,0,0,0,10,0
530115,0,1,1998,0,0,0,0,0,0,0,0,0,0
530115,1,1,1998,14,14,14,14,14,14,14,14,14,14
530116,0,1,1998,0,0,0,0,0,0,0,0,0,0
530116,1,1,1998,0,0,0,0,0,0,0,0,0,0
530117,0,1,1998,0,0,0,0,0,0,0,0,0,0
530117,1,1,1998,0,0,0,0,0,0,0,0,0,0
530118,1,1,1998,35,35,35,35,35,35,35,35,35,35
530119,1,1,1998,0,0,0,0,0,0,0,0,0,0
530119,2,1,1998,0,0,0,0,0,0,0,0,0,0
530120,1,1,1998,0,0,0,0,0,0,0,0,0,0
530120,2,1,1998,0,0,0,0,0,0,0,0,0,0
530121,1,1,1998,3,3,3,3,3,3,3,3,3,3
530122,1,1,1998,0,0,0,0,0,0,0,0,0,0
530123,1,1,1998,0,0,0,0,0,0,0,0,0,0
530123,2,1,1998,0,0,0,0,0,0,0,0,0,0
530124,1,1,1998,0,0,0,0,0,0,0,0,0,0
530124,2,1,1998,0,0,0,0,0,0,0,0,3,4
530125,1,1,1998,0,0,0,0,0,0,0,0,0,0
530125,2,1,1998,0,0,0,0,0,0,0,0,0,0
530126,1,1,1998,0,0,0,0,0,0,0,0,0,0
530126,2,1,1998,0,0,0,0,0,0,0,0,0,0
530126,3,1,1998,0,0,0,0,0,0,0,0,0,0
530127,1,1,1998,0,0,0,0,0,0,0,5,0,0
530128,1,1,1998,26,26,26,26,26,26,26,26,26,26
530128,2,1,1998,0,0,0,0,0,0,0,0,0,0
530129,1,1,1998,8,8,8,8,8,8,8,8,8,8
530130,1,1,1998,17,17,17,17,17,17,17,17,17,17
530130,2,1,1998,0,0,0,0,0,0,8,0,0,0
530131,1,1,1998,0,0,0,0,0,0,0,0,0,0
530131,2,1,1998,20,20,20,20,20,20,20,20,20,20
530131,3,1,1998,0,0,0,0,0,0,6,0,0,0
530132,0,1,1998,0,0,0,0,0,0,0,0,0,0
530132,1,1,1998,0,0,0,0,0,0,0,0,0,0
530133,0,1,1998,0,0,0,0,0,0,0,0,0,0
530133,1,1,1998,0,0,0,0,0,0,0,0,0,0
530134,1,1,1998,0,0,0,0,0,0,0,0,0,0
530134,2,1,1998,0,0,0,0,0,0,0,0,0,0
530136,1,1,1998,0,0,0,0,0,0,0,0,0,0
530136,2,1,1998,0,0,0,0,0,0,0,0,0,0
530137,1,1,1998,0,0,18,0,0,0,0,0,0,0
530137,2,1,1998,27,9,0,25,13,0,15,8,0,0
530137,3,1,1998,0,0,0,0,0,0,0,0,0,0
530138,1,1,1998,17,17,17,17,17,17,17,17,17,17
530138,2,1,1998,0,0,0,0,0,0,0,0,0,0
530139,1,1,1998,22,19,14,17,4,9,14,17,18,23
530140,1,1,1998,6,6,6,6,6,6,6,6,6,6
530141,1,1,1998,19,19,19,19,19,19,19,19,19,19
530142,1,1,1998,0,0,0,0,0,0,0,0,0,0
530143,1,1,1998,0,0,0,0,0,0,0,0,0,0
530144,1,1,1998,27,27,27,27,27,27,27,27,27,27
530145,1,1,1998,22,0,30,37,5,0,15,0,2,0
530146,1,1,1998,19,19,19,19,19,19,19,19,19,19
530146,2,1,1998,0,0,0,0,0,0,0,0,0,0
530147,1,1,1998,13,11,6,18,4,19,27,12,20,15
530147,2,1,1998,0,0,0,0,0,0,0,0,0,0
530148,1,1,1998,26,26,26,26,26,26,26,26,26,26
530148,2,1,1998,0,0,0,0,0,0,0,0,0,0
530149,1,1,1998,8,8,8,8,8,8,8,8,8,8
530150,1,1,1998,13,13,13,13,13,13,13,13,13,13
530151,1,1,1998,0,0,0,0,0,0,0,0,0,0
530151,2,1,1998,0,0,0,0,0,0,0,0,0,0
530152,1,1,1998,20,20,20,20,20,20,20,20,20,20
530152,2,1,1998,0,0,0,0,0,0,0,0,0,0
530153,1,1,1998,0,0,0,0,0,0,0,0,0,0
530153,2,1,1998,0,0,0,0,0,0,0,0,0,0
530154,1,1,1998,17,19,17,28,6,8,15,0,4,5
530154,2,1,1998,0,0,0,0,0,0,0,0,0,0
530154,3,1,1998,0,0,0,0,0,0,0,0,0,0
530155,1,1,1998,10,10,10,10,10,10,10,10,10,10
530155,2,1,1998,0,0,0,0,0,0,0,0,0,0
530156,1,1,1998,22,22,22,22,22,22,22,22,22,22
530157,1,1,1998,25,25,25,25,25,25,25,25,25,25
530158,0,1,1998,0,26,17,0,0,0,13,44,9,0
530158,1,1,1998,30,30,30,30,30,30,30,30,30,30
530159,1,1,1998,0,0,0,0,0,0,0,0,0,0
530159,2,1,1998,0,0,0,0,0,0,0,0,0,0
530160,1,1,1998,0,0,0,0,0,0,0,0,0,0
530160,2,1,1998,0,0,0,0,0,0,0,0,0,0
530161,1,1,1998,27,27,27,27,27,27,27,27,27,27
530162,1,1,1998,0,0,0,0,0,0,0,0,0,0
530163,1,1,1998,4,23,22,19,8,12,10,12,14,30
530164,1,1,1998,0,0,0,0,0,0,0,0,0,0
530165,1,1,1998,0,0,0,0,0,0,0,0,0,0
530166,1,1,1998,0,0,0,0,0,0,0,0,0,0
530166,2,1,1998,0,0,0,0,0,0,0,0,0,0
530167,0,1,1998,0,0,0,0,0,0,0,0,0,0
530167,1,1,1998,0,0,0,0,0,0,0,0,0,0
530168,1,1,1998,23,23,23,23,23,23,23,23,23,23
530169,1,1,1998,0,0,0,0,0,0,0,0,0,0
530169,2,1,1998,0,0,0,0,0,0,0,0,0,0
530170,1,1,1998,0,0,0,0,0,0,0,0,0,0
530170,2,1,1998,0,0,0,0,0,0,0,0,0,0
530171,1,1,1998,10,10,10,10,10,10,10,10,10,10
530172,1,1,1998,29,29,29,29,29,29,29,29,29,29
530173,1,1,1998,0,0,0,0,0,0,0,0,0,0
530173,2,1,1998,0,0,0,0,0,0,0,0,0,0
530174,1,1,1998,0,0,0,0,0,0,0,0,0,0
530174,2,1,1998,0,0,0,0,0,0,0,0,0,0
530174,3,1,1998,0,0,0,0,0,0,0,0,0,0
530175,1,1,1998,0,0,0,0,0,0,0,0,0,0
530176,1,1,1998,11,11,11,11,11,11,11,11,11,11
530176,2,1,1998,0,0,0,0,0,0,0,0,0,0
530176,3,1,1998,0,0,0,0,0,0,0,0,0,0
530177,1,1,1998,22,22,22,22,22,22,22,22,22,22
530177,2,1,1998,19,0,0,0,0,0,0,0,0,0
530178,1,1,1998,8,8,8,8,8,8,8,8,8,8
530179,1,1,1998,22,14,27,14,19,16,9,20,23,14
530180,1,1,1998,0,0,16,0,0,0,0,0,0,0
530180,2,1,1998,23,23,23,23,23,23,23,23,23,23
530181,1,1,1998,0,0,0,0,0,0,0,0,0,0
530182,1,1,1998,2,2,2,2,2,2,2,2,2,2
530183,1,1,1998,0,0,0,0,0,0,0,0,0,0
530184,1,1,1998,0,0,0,0,0,0,0,0,0,0
530184,2,1,1998,0,0,0,0,0,0,0,0,0,0
530185,1,1,1998,0,0,0,0,0,0,0,0,0,0
530185,2,1,1998,0,0,0,0,0,0,0,0,0,0
530186,1,1,1998,18,18,18,18,18,18,18,18,18,18
530187,1,1,1998,1,1,1,1,1,1,1,1,1,1
530188,1,1,1998,0,0,0,0,0,0,0,0,0,0
530189,1,1,1998,0,0,0,0,0,0,0,0,0,0
530189,2,1,1998,0,0,0,0,0,0,0,0,0,0
530190,1,1,1998,0,0,0,0,0,0,0,0,0,0
530191,1,1,1998,22,22,22,22,22,22,22,22,22,22
530191,2,1,1998,0,0,0,0,0,0,0,0,0,0
530192,1,1,1998,13,13,13,13,13,13,13,13,13,13
530193,1,1,1998,11,11,11,11,11,11,11,11,11,11
530193,2,1,1998,7,0,0,0,0,0,0,0,7,0
530194,1,1,1998,0,0,0,0,0,0,0,0,0,0
530194,2,1,1998,0,0,0,0,0,0,0,0,0,0
530195,0,1,1998,0,0,0,0,0,0,0,0,0,0
530195,1,1,1998,0,0,0,0,0,0,0,0,0,0
530196,1,1,1998,13,13,13,13,13,13,13,13,13,13
530197,1,1,1998,0,0,0,0,0,0,0,0,0,0
530197,2,1,1998,0,0,0,0,0,0,28,0,0,0
530198,1,1,1998,0,0,0,0,0,0,0,0,0,0
530198,2,1,1998,8,8,8,8,8,8,8,8,8,8
530199,1,1,1998,0,0,0,0,0,0,0,0,0,0
530199,2,1,1998,0,0,0,0,0,0,0,0,0,0
530200,0,1,1998,0,0,0,0,0,0,0,0,0,0
530200,1,1,1998,0,0,0,0,0,0,0,0,0,0
530201,1,1,1998,0,7,8,7,16,15,13,29,0,9
530202,1,1,1998,0,0,0,0,0,0,0,0,0,0
530202,2,1,1998,0,0,0,0,0,0,0,0,0,0
530203,1,1,1998,12,12,12,12,12,12,12,12,12,12
530204,1,1,1998,33,33,33,33,33,33,33,33,33,33
530205,1,1,1998,0,0,0,0,0,0,0,0,0,0
530206,1,1,1998,16,16,16,16,16,16,16,16,16,16
530207,1,1,1998,0,0,0,0,0,0,0,0,0,0
530207,2,1,1998,0,0,0,0,0,0,0,0,0,0
530208,1,1,1998,0,0,0,0,0,0,0,0,0,0
530208,2,1,1998,0,0,0,0,0,0,0,0,0,0
530209,1,1,1998,0,0,0,0,0,0,0,0,0,0
530209,2,1,1998,0,0,0,0,0,0,0,0,0,11
530210,1,1,1998,0,0,0,0,0,0,0,0,0,0
530211,1,1,1998,0,0,0,0,0,0,0,0,0,0
530212,1,1,1998,18,18,18,18,18,18,18,18,18,18
530212,2,1,1998,10,10,10,10,10,10,10,10,10,10
530213,1,1,1998,0,0,0,0,0,0,0,0,0,0
530214,1,1,1998,0,0,0,0,0,0,0,0,0,0
530214,2,1,1998,0,0,0,0,0,0,0,0,0,0
530215,1,1,1998,24,24,24,24,24,24,24,24,24,24
530216,1,1,1998,0,0,0,0,0,0,0,0,0,0
530216,2,1,1998,3,3,3,3,3,3,3,3,3,3
530217,1,1,1998,12,12,12,12,12,12,12,12,12,12
530218,0,1,1998,2,2,2,2,2,2,2,2,2,2
530218,1,1,1998,0,10,0,11,0,0,0,0,6,11
530219,1,1,1998,0,0,0,0,0,0,0,0,0,0
530219,2,1,1998,0,0,0,0,0,0,0,0,0,0
530220,1,1,1998,0,0,0,0,0,0,0,0,0,0
530220,2,1,1998,0,0,0,0,0,0,0,0,0,0
530221,1,1,1998,0,0,0,0,0,0,0,0,0,0
530222,1,1,1998,20,20,20,20,20,20,20,20,20,20
530223,1,1,1998,21,21,21,21,21,21,21,21,21,21
530224,1,1,1998,0,0,0,0,0,0,0,0,0,0
530225,0,1,1998,0,0,0,0,0,0,0,0,0,0
530225,1,1,1998,0,0,0,0,0,0,0,0,0,0
530226,0,1,1998,22,22,22,22,22,22,22,22,22,22
530226,1,1,1998,22,0,12,0,0,0,16,8,12,9
530227,1,1,1998,0,0,0,0,0,0,0,0,0,0
530228,1,1,1998,0,0,0,0,0,0,0,0,0,0
530229,1,1,1998,0,0,0,0,0,0,0,0,0,0
530230,1,1,1998,25,25,25,25,25,25,25,25,25,25
530231,1,1,1998,0,0,0,0,0,0,0,0,0,0
530231,2,1,1998,0,0,0,0,0,0,0,0,0,0
530232,1,1,1998,0,0,0,0,0,0,0,0,0,0
530233,1,1,1998,16,22,9,0,18,0,12,13,16,9
530234,1,1,1998,26,26,26,26,26,26,26,26,26,26
530235,1,1,1998,24,24,24,24,24,24,24,24,24,24
530235,2,1,1998,0,0,0,0,0,0,0,0,0,0
530236,1,1,1998,8,8,8,8,8,8,8,8,8,8
530237,1,1,1998,4,4,4,4,4,4,4,4,4,4
530238,1,1,1998,0,0,0,0,0,0,0,0,0,0
530238,2,1,1998,0,0,0,0,0,0,0,0,0,0
530238,3,1,1998,0,0,0,0,0,0,0,0,0,0
530238,4,1,1998,0,0,0,0,0,0,0,0,0,0
530239,1,1,1998,0,0,0,0,0,0,0,0,0,0
530239,2,1,1998,0,0,0,0,0,0,0,0,0,0
530240,1,1,1998,0,0,0,0,0,0,0,0,0,0
530240,2,1,1998,0,0,0,0,0,0,0,0,0,0
530241,1,1,1998,2,2,2,2,2,2,2,2,2,2
530242,1,1,1998,16,16,16,16,16,16,16,16,16,16
530243,1,1,1998,0,0,0,0,0,0,0,0,0,0
530244,1,1,1998,0,0,0,0,0,0,0,0,0,0
530245,1,1,1998,0,0,0,0,0,0,0,0,0,0
530245,2,1,1998,0,0,0,0,0,0,0,0,0,0
530246,1,1,1998,0,0,0,0,0,0,0,0,0,0
530246,2,1,1998,0,20,0,39,0,20,0,0,0,2
530247,1,1,1998,0,0,0,0,0,0,0,0,0,0
530247,2,1,1998,0,0,0,0,0,0,0,0,0,0
530247,3,1,1998,0,0,0,0,0,0,0,0,0,0
530248,0,1,1998,0,0,0,0,0,0,0,0,0,0
530248,0,2,1998,11,15,15,63,2,4,5,21,22,0
530248,1,1,1998,13,0,14,0,0,12,0,12,0,21
530249,1,1,1998,28,28,28,28,28,28,28,28,28,28
530250,1,1,1998,0,0,0,0,0,0,0,0,0,0
530250,2,1,1998,0,0,0,0,0,0,0,0,0,0
530250,3,1,1998,0,0,0,0,0,0,0,0,0,0
530250,4,1,1998,0,0,0,0,0,0,0,0,0,0
530251,1,1,1998,20,20,20,20,20,20,20,20,20,20
530251,2,1,1998,0,0,0,0,0,0,0,0,0,0
530252,1,1,1998,0,0,0,0,0,0,0,0,0,0
530252,2,1,1998,0,0,0,0,0,0,0,0,0,0
530253,1,1,1998,34,34,34,34,34,34,34,34,34,34
530254,0,1,1998,15,15,15,15,15,15,15,15,15,15
530254,1,1,1998,0,0,0,11,0,0,0,0,0,0
530255,1,1,1998,0,0,0,0,0,0,0,0,0,0
530256,0,1,1998,0,0,0,0,0,0,0,0,0,0
530256,1,1,1998,0,0,0,0,0,0,0,0,0,0
530257,1,1,1998,0,0,0,0,0,0,0,0,0,0
530258,1,1,1998,4,4,4,4,4,4,4,4,4,4