ST_CASE,VEH_NO,PER_NO,YEAR,P1,P2,P3,P4,P5,P6,P7,P8,P9,P10
530258,2,1,1998,0,0,0,0,0,0,0,0,0,0
530259,1,1,1998,13,13,13,13,13,13,13,13,13,13
530260,1,1,1998,0,0,0,0,0,0,0,0,0,0
530260,2,1,1998,3,0,0,0,0,0,0,0,0,0
530261,1,1,1998,0,0,0,0,0,0,0,0,0,0
530261,2,1,1998,0,0,0,0,0,0,0,0,0,0
530262,1,1,1998,0,0,0,0,0,0,0,0,0,0
530262,2,1,1998,0,0,0,0,0,11,0,0,0,0
530263,1,1,1998,12,12,12,12,12,12,12,12,12,12
530264,1,1,1998,0,0,0,0,0,0,0,0,0,0
530264,2,1,1998,14,0,0,10,18,0,0,0,5,0
530265,1,1,1998,20,0,36,14,0,0,0,0,11,0
530266,0,1,1998,0,0,0,0,0,0,0,0,0,0
530266,1,1,1998,0,0,0,0,0,0,0,0,0,0
530267,1,1,1998,0,0,0,0,0,0,0,0,0,0
530268,1,1,1998,25,25,25,25,25,25,25,25,25,25
530269,1,1,1998,0,0,15,0,0,0,0,0,0,0
530270,1,1,1998,28,28,28,28,28,28,28,28,28,28
530270,2,1,1998,0,0,0,0,2,0,0,0,0,0
530271,1,1,1998,0,0,0,0,0,0,0,0,0,0
530272,1,1,1998,0,0,0,0,0,0,0,0,0,0
530272,2,1,1998,0,0,0,0,0,0,0,0,0,0
530273,1,1,1998,0,0,0,0,0,0,0,0,0,0
530273,2,1,1998,0,0,0,0,0,0,0,0,0,0
530274,1,1,1998,0,0,0,0,0,0,0,0,0,0
530275,0,1,1998,0,0,0,0,0,0,0,0,0,0
530275,1,1,1998,0,0,0,0,0,0,0,0,0,0
530276,0,1,1998,39,39,39,39,39,39,39,39,39,39
530276,1,1,1998,0,0,0,0,0,0,0,0,0,0
530277,1,1,1998,0,0,0,0,0,0,0,0,0,0
530277,2,1,1998,20,20,20,20,20,20,20,20,20,20
530278,1,1,1998,0,0,0,0,0,0,0,0,0,0
530278,2,1,1998,0,0,0,0,0,0,0,0,0,0
530279,1,1,1998,0,0,0,0,0,0,0,0,0,0
530279,2,1,1998,0,0,0,0,0,0,0,0,0,0
530280,0,1,1998,0,0,0,0,0,0,0,0,0,0
530280,1,1,1998,0,0,0,0,0,0,0,0,0,0
530281,1,1,1998,0,0,0,0,0,0,0,0,0,0
530281,2,1,1998,0,0,0,0,0,0,0,0,0,0
530282,1,1,1998,3,3,3,3,3,3,3,3,3,3
530282,2,1,1998,0,0,0,0,0,0,0,0,0,0
530283,1,1,1998,9,9,9,9,9,9,9,9,9,9
530284,0,1,1998,0,0,0,0,0,0,0,0,0,0
530284,1,1,1998,0,0,0,0,0,0,0,0,0,0
530285,1,1,1998,23,23,23,23,23,23,23,23,23,23
530285,2,1,1998,0,0,0,0,0,0,0,0,0,0
530286,1,1,1998,12,12,12,12,12,12,12,12,12,12
530287,1,1,1998,0,0,0,0,21,0,0,0,0,0
530287,2,1,1998,0,0,0,0,9,0,0,0,0,0
530288,1,1,1998,23,23,23,23,23,23,23,23,23,23
530289,1,1,1998,20,20,20,20,20,20,20,20,20,20
530290,1,1,1998,0,0,0,0,0,0,0,0,0,0
530290,2,1,1998,0,0,0,0,0,0,0,0,0,0
530291,1,1,1998,0,0,0,0,0,0,0,0,0,0
530292,1,1,1998,29,29,29,29,29,29,29,29,29,29
530293,1,1,1998,0,0,0,0,0,0,0,0,0,0
530293,2,1,1998,0,0,0,0,0,0,0,0,0,0
530294,1,1,1998,0,0,0,0,0,0,0,0,0,0
530294,2,1,1998,0,14,10,10,11,29,13,27,15,20
530295,1,1,1998,0,0,0,0,0,0,0,0,0,0
530295,2,1,1998,0,0,0,0,0,0,0,0,0,0
530296,1,1,1998,0,0,0,0,0,0,0,0,0,0
530296,2,1,1998,0,0,0,0,0,0,0,0,0,0
530297,1,1,1998,16,16,16,16,16,16,16,16,16,16
530297,2,1,1998,0,0,0,0,0,0,0,0,0,0
530298,1,1,1998,0,0,0,0,0,0,10,0,0,0
530298,2,1,1998,0,0,0,0,0,0,0,0,0,0
530299,1,1,1998,26,26,26,26,26,26,26,26,26,26
530300,1,1,1998,12,12,12,12,12,12,12,12,12,12
530301,1,1,1998,0,0,0,0,0,0,0,0,0,0
530302,1,1,1998,19,19,19,19,19,19,19,19,19,19
530303,1,1,1998,0,11,0,14,0,0,0,0,11,0
530304,1,1,1998,24,24,24,24,24,24,24,24,24,24
530305,1,1,1998,11,11,11,11,11,11,11,11,11,11
530306,1,1,1998,12,12,12,12,12,12,12,12,12,12
530306,2,1,1998,0,0,0,0,0,0,0,0,0,0
530307,1,1,1998,0,0,0,0,0,0,0,0,0,0
530308,1,1,1998,17,17,17,17,17,17,17,17,17,17
530310,0,1,1998,0,0,0,0,0,0,0,0,0,0
530310,1,1,1998,0,11,0,0,0,0,0,0,0,0
530311,0,1,1998,31,31,31,31,31,31,31,31,31,31
530311,1,1,1998,0,0,0,0,0,0,0,0,0,0
530312,1,1,1998,24,24,24,24,24,24,24,24,24,24
530313,1,1,1998,0,0,0,0,0,0,0,0,0,0
530313,2,1,1998,0,0,0,0,0,0,0,0,0,0
530314,1,1,1998,17,17,17,17,17,17,17,17,17,17
530315,1,1,1998,0,0,0,0,0,0,0,0,0,0
530316,1,1,1998,0,0,0,0,0,0,0,0,0,0
530316,2,1,1998,0,0,0,0,0,0,0,0,0,0
530317,1,1,1998,0,0,0,0,0,0,0,0,0,0
530318,1,1,1998,0,0,0,0,0,0,0,0,0,0
530318,2,1,1998,0,0,0,0,0,0,0,0,0,0
530318,3,1,1998,0,0,0,0,0,0,0,0,0,0
530318,4,1,1998,0,0,0,0,0,0,0,0,0,0
530318,5,1,1998,0,0,0,0,0,0,0,0,0,0
530319,1,1,1998,0,0,9,0,0,0,0,0,0,0
530319,2,1,1998,0,7,7,10,5,19,0,0,14,0
530320,1,1,1998,0,0,0,0,0,0,0,0,0,0
530321,1,1,1998,0,0,0,0,0,0,0,0,0,0
530321,2,1,1998,0,0,0,0,0,0,0,0,0,0
530322,1,1,1998,0,0,0,0,0,0,0,0,0,0
530323,1,1,1998,21,21,21,21,21,21,21,21,21,21
530324,1,1,1998,0,0,0,0,0,0,0,0,0,0
530324,2,1,1998,0,0,0,0,0,0,0,0,0,0
530325,0,1,1998,0,0,0,0,0,0,0,0,0,0
530325,1,1,1998,0,0,0,0,0,0,0,0,0,0
530326,0,1,1998,0,0,0,0,0,0,0,0,0,0
530326,1,1,1998,0,0,0,0,0,0,0,0,0,0
530327,1,1,1998,24,24,24,24,24,24,24,24,24,24
530328,1,1,1998,2,2,2,2,2,2,2,2,2,2
530329,1,1,1998,0,0,0,0,0,0,0,0,0,0
530329,2,1,1998,0,0,0,0,0,0,0,0,0,0
530330,1,1,1998,0,0,0,0,0,0,0,0,0,0
530330,2,1,1998,2,2,2,2,2,2,2,2,2,2
530331,1,1,1998,15,15,15,15,15,15,15,15,15,15
530332,1,1,1998,0,0,0,0,0,0,0,0,0,0
530332,2,1,1998,0,0,0,0,0,0,0,0,0,0
530333,1,1,1998,0,0,0,0,0,0,0,0,0,0
530334,0,1,1998,0,22,10,14,0,28,0,0,0,20
530334,1,1,1998,0,0,0,0,0,0,0,0,0,0
530335,1,1,1998,9,18,6,0,13,7,11,26,22,18
530336,1,1,1998,14,16,4,21,7,16,21,22,11,8
530336,2,1,1998,0,0,0,0,0,0,0,0,20,0
530337,1,1,1998,0,0,0,0,0,0,0,0,0,0
530337,2,1,1998,0,0,0,0,0,0,0,0,0,0
530339,1,1,1998,24,24,24,24,24,24,24,24,24,24
530339,2,1,1998,0,0,0,0,0,0,24,0,0,0
530340,1,1,1998,24,24,24,24,24,24,24,24,24,24
530341,1,1,1998,0,0,0,0,0,0,0,0,0,0
530341,2,1,1998,0,0,0,0,0,0,0,0,0,0
530342,1,1,1998,14,14,14,14,14,14,14,14,14,14
530343,1,1,1998,37,37,37,37,37,37,37,37,37,37
530344,1,1,1998,0,0,0,0,0,0,0,16,0,0
530345,1,1,1998,0,0,18,0,0,0,0,0,0,0
530346,1,1,1998,4,4,4,4,4,4,4,4,4,4
530347,1,1,1998,0,0,0,0,0,0,0,0,0,0
530347,2,1,1998,0,0,0,0,0,0,0,0,0,0
530347,3,1,1998,0,0,0,0,0,0,0,0,8,0
530348,1,1,1998,0,0,0,0,0,0,0,0,0,0
530348,2,1,1998,0,0,0,11,0,0,0,0,0,0
530349,1,1,1998,12,12,12,12,12,12,12,12,12,12
530350,1,1,1998,0,0,0,0,0,0,0,0,0,0
530350,2,1,1998,0,0,0,0,0,0,0,0,0,0
530352,1,1,1998,14,0,0,0,0,0,0,0,0,0
530353,1,1,1998,0,0,0,0,0,0,0,0,0,0
530353,2,1,1998,0,0,0,0,0,0,0,0,0,0
530354,0,1,1998,28,0,5,6,23,0,0,0,6,20
530354,1,1,1998,0,0,0,0,0,0,0,0,0,0
530355,0,1,1998,0,0,0,0,0,0,0,0,0,0
530355,1,1,1998,9,9,9,9,9,9,9,9,9,9
530356,1,1,1998,0,0,0,0,0,0,0,0,0,0
530356,2,1,1998,0,0,0,0,0,0,0,0,0,0
530357,1,1,1998,7,7,7,7,7,7,7,7,7,7
530357,2,1,1998,0,0,0,0,0,0,0,0,0,0
530358,1,1,1998,0,0,0,0,0,0,0,0,0,0
530358,2,1,1998,30,30,30,30,30,30,30,30,30,30
530359,1,1,1998,0,0,0,0,0,0,0,0,0,0
530359,2,1,1998,0,0,0,0,0,0,0,0,0,0
530360,1,1,1998,0,0,0,0,0,0,0,0,0,0
530360,2,1,1998,0,0,0,0,8,0,0,0,0,0
530361,1,1,1998,18,18,18,18,18,18,18,18,18,18
530362,1,1,1998,0,0,0,0,0,0,0,0,0,0
530362,2,1,1998,0,0,0,0,0,0,0,0,0,0
530362,3,1,1998,0,0,0,0,0,0,0,0,0,0
530363,1,1,1998,0,0,0,0,0,0,0,0,0,0
530364,1,1,1998,26,26,26,26,26,26,26,26,26,26
530365,1,1,1998,0,0,0,0,0,0,0,0,0,0
530366,1,1,1998,0,0,0,0,0,0,0,0,0,0
530366,2,1,1998,0,0,0,0,0,0,0,0,0,0
530367,1,1,1998,19,22,31,18,24,30,0,8,28,28
530368,1,1,1998,0,0,0,0,0,0,0,0,0,0
530368,2,1,1998,0,0,0,0,0,0,0,0,0,0
530369,1,1,1998,0,0,0,0,0,0,0,0,0,0
530370,1,1,1998,25,25,25,25,25,25,25,25,25,25
530370,2,1,1998,1,1,1,1,1,1,1,1,1,1
530370,3,1,1998,0,0,0,0,0,26,0,12,0,0
530371,1,1,1998,3,3,3,3,3,3,3,3,3,3
530371,2,1,1998,0,0,0,0,0,0,0,0,0,0
530371,3,1,1998,0,0,0,0,0,0,0,36,0,0
530372,1,1,1998,0,0,0,0,0,0,0,0,0,12
530373,1,1,1998,0,0,0,0,0,0,0,0,0,0
530374,1,1,1998,0,0,0,0,0,0,0,0,0,0
530375,1,1,1998,14,14,14,14,14,14,14,14,14,14
530375,2,1,1998,0,0,0,0,19,0,0,0,0,0
530376,1,1,1998,0,0,0,0,0,0,0,0,0,0
530376,2,1,1998,0,0,0,0,0,0,6,0,0,0
530377,1,1,1998,0,0,0,0,0,0,0,0,0,0
530378,1,1,1998,0,0,0,0,0,0,0,0,0,0
530378,2,1,1998,0,0,0,0,0,0,0,0,0,0
530379,1,1,1998,22,22,22,22,22,22,22,22,22,22
530380,1,1,1998,0,0,0,0,0,0,0,0,0,0
530380,2,1,1998,0,0,0,0,0,0,0,0,0,0
530381,1,1,1998,15,15,15,15,15,15,15,15,15,15
530382,1,1,1998,8,8,8,8,8,8,8,8,8,8
530383,0,1,1998,0,0,0,0,0,0,0,0,0,0
530383,1,1,1998,0,0,0,0,0,0,0,0,0,0
530384,1,1,1998,1,1,1,1,1,1,1,1,1,1
530385,1,1,1998,19,19,19,19,19,19,19,19,19,19
530386,1,1,1998,10,10,10,10,10,10,10,10,10,10
530387,1,1,1998,0,0,0,0,0,0,0,0,0,0
530387,2,1,1998,0,0,0,0,0,0,0,0,0,0
530388,1,1,1998,15,15,15,15,15,15,15,15,15,15
530389,1,1,1998,0,0,0,0,0,0,0,0,0,0
530389,2,1,1998,0,0,0,0,0,0,0,0,0,0
530390,1,1,1998,21,21,21,21,21,21,21,21,21,21
530391,1,1,1998,0,0,0,0,0,0,0,0,0,0
530391,2,1,1998,0,0,0,0,0,0,0,0,0,0
530391,3,1,1998,0,0,0,10,0,20,12,0,0,0
530392,1,1,1998,19,19,19,19,19,19,19,19,19,19
530392,2,1,1998,0,0,18,0,0,0,0,0,0,0
530393,1,1,1998,0,0,0,0,0,0,0,0,0,0
530393,2,1,1998,0,0,0,0,0,0,0,0,0,0
530394,1,1,1998,10,10,10,10,10,10,10,10,10,10
530395,1,1,1998,20,20,20,20,20,20,20,20,20,20
530395,2,1,1998,0,0,0,0,0,0,0,0,0,0
530396,1,1,1998,2,2,2,2,2,2,2,2,2,2
530397,1,1,1998,0,0,0,0,0,0,0,0,0,0
530398,1,1,1998,0,0,0,0,0,0,0,0,0,0
530399,1,1,1998,6,6,6,6,6,6,6,6,6,6
530399,2,1,1998,0,0,0,0,0,0,0,0,0,0
530400,1,1,1998,0,0,0,0,0,0,0,0,0,0
530400,2,1,1998,0,0,0,0,0,0,7,0,2,0
530401,1,1,1998,0,0,0,0,0,0,0,0,0,0
530401,2,1,1998,0,0,0,0,0,0,0,0,0,0
530402,0,1,1998,25,25,25,25,25,25,25,25,25,25
530402,1,1,1998,0,0,0,0,0,0,0,0,0,0
530403,1,1,1998,0,0,0,0,0,0,0,4,7,0
530403,2,1,1998,0,0,0,0,0,0,0,0,0,0
530404,1,1,1998,12,12,12,12,12,12,12,12,12,12
530405,1,1,1998,11,11,11,11,11,11,11,11,11,11
530406,1,1,1998,0,0,0,0,0,0,0,0,0,0
530406,2,1,1998,0,0,0,0,0,0,0,0,0,0
530407,1,1,1998,19,19,19,19,19,19,19,19,19,19
530407,2,1,1998,0,0,0,0,0,0,0,0,0,0
530407,3,1,1998,0,0,0,0,0,0,0,0,0,0
530408,1,1,1998,0,0,0,0,0,0,0,0,0,0
530408,2,1,1998,18,5,20,18,0,14,14,19,5,13
530409,1,1,1998,15,15,15,15,15,15,15,15,15,15
530409,2,1,1998,0,0,0,0,0,0,0,0,0,0
530410,1,1,1998,0,0,0,0,0,0,0,0,0,0
530410,2,1,1998,0,0,0,0,14,0,0,0,0,23
530411,1,1,1998,0,0,0,7,0,0,0,0,0,0
530412,1,1,1998,12,0,0,0,5,0,0,21,22,6
530412,2,1,1998,0,0,0,0,0,0,0,0,0,0
530413,1,1,1998,14,14,14,14,14,14,14,14,14,14
530413,2,1,1998,0,0,0,0,0,0,0,0,0,0
530414,1,1,1998,0,0,0,0,0,0,0,0,0,0
530414,2,1,1998,0,0,0,0,0,0,0,0,0,0
530414,3,1,1998,0,8,0,0,0,0,0,0,0,0
530415,1,1,1998,15,15,15,15,15,15,15,15,15,15
530416,1,1,1998,21,21,21,21,21,21,21,21,21,21
530416,2,1,1998,0,0,0,0,0,0,0,0,0,0
530417,1,1,1998,0,0,0,0,0,0,0,0,0,0
530417,2,1,1998,0,0,0,0,0,0,0,0,0,0
530417,3,1,1998,0,0,0,0,0,0,0,0,0,0
530418,1,1,1998,0,0,0,0,0,0,0,0,0,0
530419,1,1,1998,0,0,0,0,0,0,0,0,0,0
530419,2,1,1998,0,0,0,0,0,0,0,0,0,0
530420,1,1,1998,0,0,0,0,0,0,12,0,0,0
530420,2,1,1998,0,0,0,0,0,0,0,0,0,0
530421,1,1,1998,0,0,0,0,0,0,0,0,0,0
530422,0,1,1998,0,0,0,0,0,0,0,0,0,0
530422,1,1,1998,0,0,0,0,0,0,0,0,0,0
530423,1,1,1998,0,0,14,0,0,0,0,0,0,0
530423,2,1,1998,0,0,0,0,0,0,0,0,0,0
530424,1,1,1998,0,0,0,0,0,0,0,0,0,0
530424,2,1,1998,0,0,0,0,0,0,0,0,0,0
530424,3,1,1998,0,0,0,0,0,0,0,0,0,0
530424,4,1,1998,0,0,0,0,0,0,0,0,11,0
530424,5,1,1998,0,0,0,0,0,0,0,0,0,0
530425,0,1,1998,19,19,19,19,19,19,19,19,19,19
530425,1,1,1998,0,0,0,0,0,0,3,0,0,0
530426,1,1,1998,11,11,11,11,11,11,11,11,11,11
530426,2,1,1998,19,19,19,19,19,19,19,19,19,19
530427,0,1,1998,0,0,0,0,0,0,0,0,0,0
530427,1,1,1998,0,0,0,19,0,0,0,0,0,7
530428,0,1,1998,0,0,0,0,0,0,0,0,0,0
530428,1,1,1998,0,0,0,0,0,0,0,0,0,0
530429,0,1,1998,20,20,20,20,20,20,20,20,20,20
530429,1,1,1998,0,0,0,0,0,0,9,0,0,0
530430,1,1,1998,0,0,0,0,0,0,0,0,0,0
530430,2,1,1998,0,0,0,0,0,0,0,0,0,0
530430,3,1,1998,0,0,0,0,0,0,0,0,0,0
530431,1,1,1998,0,0,0,0,0,0,0,0,0,0
530431,2,1,1998,0,0,0,0,0,0,0,0,0,0
530431,3,1,1998,0,0,0,0,0,0,0,0,0,0
530432,1,1,1998,21,21,21,21,21,21,21,21,21,21
530433,1,1,1998,18,18,18,18,18,18,18,18,18,18
530434,1,1,1998,14,0,12,27,26,13,11,8,11,10
530435,1,1,1998,0,0,0,0,0,0,0,0,0,0
530436,1,1,1998,20,20,20,20,20,20,20,20,20,20
530437,1,1,1998,0,0,0,0,0,0,0,0,0,0
530437,2,1,1998,0,0,0,0,0,0,0,0,0,0
530438,1,1,1998,25,25,25,25,25,25,25,25,25,25
530439,1,1,1998,0,0,0,0,0,0,0,0,0,0
530439,2,1,1998,8,0,0,0,0,0,0,0,0,0
530440,1,1,1998,0,0,0,0,0,0,0,0,0,0
530441,1,1,1998,12,12,12,12,12,12,12,12,12,12
530442,0,1,1998,31,31,31,31,31,31,31,31,31,31
530442,1,1,1998,0,0,0,0,0,0,0,0,0,0
530442,2,1,1998,0,5,7,0,0,13,0,0,0,0
530442,3,1,1998,0,0,0,0,0,0,0,0,10,0
530442,4,1,1998,0,0,0,0,0,0,0,0,0,0
530443,0,1,1998,26,26,26,26,26,26,26,26,26,26
530443,1,1,1998,0,0,0,0,0,0,0,0,0,0
530444,1,1,1998,22,22,22,22,22,22,22,22,22,22
530445,1,1,1998,0,0,0,0,0,0,0,0,0,0
530445,2,1,1998,0,0,0,0,0,0,0,0,0,0
530446,1,1,1998,0,0,0,0,0,0,0,0,0,0
530447,1,1,1998,4,4,4,4,4,4,4,4,4,4
530448,1,1,1998,0,0,0,0,0,0,0,0,0,0
530448,2,1,1998,0,0,0,0,0,0,0,0,0,0
530448,3,1,1998,0,0,0,0,0,0,0,0,0,0
530449,1,1,1998,12,12,12,12,12,12,12,12,12,12
530450,0,1,1998,21,21,21,21,21,21,21,21,21,21
530450,1,1,1998,0,0,0,0,2,0,0,0,0,0
530451,1,1,1998,0,0,0,0,0,0,0,0,0,0
530452,1,1,1998,22,22,22,22,22,22,22,22,22,22
530453,1,1,1998,0,0,0,0,0,0,0,0,0,0
530454,1,1,1998,0,0,0,0,0,0,0,0,0,0
530454,2,1,1998,0,0,0,0,0,0,0,0,0,0
530455,1,1,1998,0,0,0,0,0,0,0,0,0,0
530455,2,1,1998,0,0,0,0,0,0,0,0,0,0
530455,3,1,1998,0,0,0,0,0,0,0,0,0,0
530456,0,1,1998,0,0,0,0,0,0,0,0,0,0
530456,1,1,1998,0,0,0,0,0,0,0,0,0,0
530457,1,1,1998,12,12,12,12,12,12,12,12,12,12
530458,0,1,1998,0,0,0,0,0,0,0,0,0,0
530458,1,1,1998,0,0,0,0,0,0,0,0,0,10
530459,1,1,1998,0,0,0,0,0,0,0,0,0,0
530460,1,1,1998,20,20,20,20,20,20,20,20,20,20
530461,1,1,1998,23,23,23,23,23,23,23,23,23,23
530461,2,1,1998,29,0,0,0,0,0,0,0,0,0
530462,1,1,1998,22,22,22,22,22,22,22,22,22,22
530463,1,1,1998,0,0,0,0,0,0,0,0,0,0
530463,2,1,1998,0,0,0,0,0,0,0,0,0,0
530464,1,1,1998,0,0,0,0,0,0,0,0,0,0
530464,2,1,1998,0,0,0,0,0,0,0,0,0,0
530465,1,1,1998,12,19,20,26,13,11,16,18,25,3
530466,1,1,1998,0,0,0,0,0,0,0,0,0,0
530466,2,1,1998,0,0,0,0,0,0,0,0,0,0
530467,1,1,1998,0,0,0,0,0,0,0,0,0,0
530468,1,1,1998,0,0,0,0,0,0,0,0,0,0
530469,1,1,1998,18,18,18,18,18,18,18,18,18,18
530470,1,1,1998,12,12,12,12,12,12,12,12,12,12
530471,0,1,1998,0,0,0,0,0,0,27,26,0,12
530471,1,1,1998,0,0,0,0,0,0,0,0,0,0
530472,1,1,1998,22,22,22,22,22,22,22,22,22,22
530472,2,1,1998,0,1,0,6,0,0,0,0,0,6
530473,1,1,1998,17,17,17,17,17,17,17,17,17,17
530474,1,1,1998,22,22,22,22,22,22,22,22,22,22
530474,2,1,1998,11,11,11,11,11,11,11,11,11,11
530475,1,1,1998,10,11,0,10,8,5,5,15,10,31
530476,1,1,1998,24,24,24,24,24,24,24,24,24,24
530477,0,1,1998,0,0,0,0,0,0,0,0,0,0
530477,1,1,1998,0,0,0,0,0,0,0,0,0,0
530478,1,1,1998,0,0,0,0,0,0,0,0,0,0
530478,2,1,1998,0,0,0,0,0,0,0,0,0,0
530479,1,1,1998,5,5,5,5,5,5,5,5,5,5
530480,1,1,1998,25,25,25,25,25,25,25,25,25,25
530480,2,1,1998,0,0,0,0,0,0,0,0,0,0
530481,1,1,1998,30,30,30,30,30,30,30,30,30,30
530481,2,1,1998,0,5,0,9,0,0,7,0,7,0
530482,1,1,1998,0,0,0,0,0,0,0,0,0,0
530482,2,1,1998,0,0,0,0,0,0,0,0,0,0
530483,1,1,1998,23,23,23,23,23,23,23,23,23,23
530483,2,1,1998,0,0,0,0,0,0,0,0,0,0
530484,1,1,1998,3,3,3,3,3,3,3,3,3,3
530484,2,1,1998,0,0,0,0,0,0,0,0,0,0
530484,3,1,1998,0,0,0,0,0,0,0,0,0,0
530484,4,1,1998,0,0,0,0,0,0,0,0,0,0
530485,1,1,1998,0,0,0,0,0,0,0,0,0,0
530485,2,1,1998,0,0,0,0,0,0,0,0,0,0
530485,3,1,1998,0,0,0,0,0,0,0,0,0,0
530486,1,1,1998,0,0,0,0,0,0,0,0,0,0
530486,2,1,1998,0,0,0,0,0,2,0,0,0,0
530486,3,1,1998,0,0,0,0,0,0,0,0,0,0
530487,1,1,1998,35,26,7,18,21,18,0,29,15,15
530488,0,1,1998,0,0,0,0,0,0,0,0,0,0
530488,1,1,1998,0,0,0,0,0,0,0,0,0,0
530488,2,1,1998,18,0,9,0,0,0,6,14,0,0
530489,0,1,1998,0,0,0,0,0,0,0,0,0,0
530489,1,1,1998,0,0,0,0,0,0,0,0,0,0
530490,1,1,1998,5,5,5,5,5,5,5,5,5,5
530491,1,1,1998,0,0,0,0,0,0,0,0,0,0
530492,1,1,1998,0,0,0,0,0,0,0,0,0,0
530492,2,1,1998,0,0,0,0,0,0,0,0,0,0
530493,1,1,1998,0,0,0,0,0,0,0,0,0,0
530493,2,1,1998,0,0,0,0,0,0,0,0,0,0
530494,0,1,1998,0,0,0,0,0,0,0,0,0,0
530494,1,1,1998,0,0,0,0,0,0,0,0,0,0
530495,1,1,1998,29,29,29,29,29,29,29,29,29,29
530495,2,1,1998,0,0,0,0,0,0,0,0,0,0
530496,1,1,1998,0,0,0,0,0,0,0,0,0,0
530496,2,1,1998,0,0,0,0,0,0,0,0,0,0
530496,3,1,1998,0,0,0,0,0,0,0,0,0,0
530497,1,1,1998,27,27,27,27,27,27,27,27,27,27
530497,2,1,1998,0,0,0,0,0,0,0,0,0,0
530498,1,1,1998,0,0,0,0,0,0,0,0,0,0
530498,2,1,1998,0,0,0,0,0,0,0,0,0,0
530499,0,1,1998,0,0,0,0,0,0,0,0,0,0
530499,1,1,1998,17,17,17,17,17,17,17,17,17,17
530500,1,1,1998,8,8,8,8,8,8,8,8,8,8
530500,2,1,1998,8,8,8,8,8,8,8,8,8,8
530501,1,1,1998,0,0,0,0,0,0,0,0,0,0
530501,2,1,1998,0,0,0,0,0,0,0,0,0,0
530502,1,1,1998,0,0,0,0,7,0,0,0,0,0
530502,2,1,1998,0,0,0,0,0,0,4,0,0,0
530503,1,1,1998,28,28,28,28,28,28,28,28,28,28
530504,1,1,1998,13,13,13,13,13,13,13,13,13,13
530504,2,1,1998,10,10,10,10,10,10,10,10,10,10
530505,1,1,1998,0,0,0,0,0,0,0,0,0,0
530506,0,1,1998,17,17,17,17,17,17,17,17,17,17
530506,1,1,1998,11,16,6,11,11,9,11,34,6,33
530507,1,1,1998,0,0,0,0,0,0,0,0,0,0
530507,2,1,1998,0,0,0,0,0,0,0,0,0,0
530508,1,1,1998,9,9,9,9,9,9,9,9,9,9
530509,0,1,1998,17,0,0,18,0,0,0,0,0,0
530509,1,1,1998,0,0,0,0,26,0,0,0,0,0
530510,1,1,1998,0,0,0,0,0,0,0,0,0,0
530510,2,1,1998,0,0,0,0,0,0,0,0,0,0
530511,1,1,1998,0,0,0,0,0,0,0,0,0,0
530511,2,1,1998,0,0,0,0,0,0,0,0,0,0
530512,1,1,1998,0,0,0,0,0,0,0,0,0,0
530513,0,1,1998,0,0,0,0,0,0,0,0,0,0
530513,1,1,1998,7,24,12,11,11,13,13,9,20,5
530514,1,1,1998,0,0,0,0,0,0,0,0,0,0
530514,2,1,1998,0,0,0,0,0,0,0,0,0,0
530515,1,1,1998,0,0,0,0,0,0,0,0,0,0
530516,1,1,1998,0,0,0,0,0,0,0,0,0,0
530516,2,1,1998,0,0,0,0,0,0,0,17,0,5
530517,1,1,1998,0,0,0,0,0,0,0,0,0,0
530517,2,1,1998,0,0,0,0,0,0,0,0,0,0
530518,1,1,1998,10,10,10,10,10,10,10,10,10,10
530519,1,1,1998,14,14,14,14,14,14,14,14,14,14
530520,0,1,1998,0,0,0,0,0,0,0,0,0,0
530520,1,1,1998,0,0,0,0,0,0,0,0,0,0
530521,1,1,1998,9,9,9,9,9,9,9,9,9,9
530522,1,1,1998,0,0,0,0,0,0,0,0,0,0
530522,2,1,1998,0,0,0,0,0,0,0,4,0,0
530523,0,1,1998,50,27,0,0,0,0,0,0,0,0
530523,1,1,1998,0,0,0,0,0,0,0,0,0,0
530524,1,1,1998,0,0,0,0,0,0,0,0,0,0
530524,2,1,1998,0,0,0,0,0,0,0,0,0,0
530525,1,1,1998,18,18,18,18,18,18,18,18,18,18
530525,2,1,1998,18,18,18,18,18,18,18,18,18,18
530526,1,1,1998,0,0,0,0,0,0,0,0,0,0
530527,1,1,1998,0,0,0,0,0,0,0,0,0,0
530528,1,1,1998,20,20,20,20,20,20,20,20,20,20
530529,1,1,1998,0,0,0,0,0,0,0,0,0,0
530529,2,1,1998,0,0,0,0,0,0,0,0,0,0
530530,0,1,1998,0,0,0,0,0,0,0,0,0,0
530530,0,2,1998,24,15,0,0,0,0,0,0,0,0
530530,1,1,1998,0,0,0,0,0,0,0,0,0,0
530531,1,1,1998,24,24,24,24,24,24,24,24,24,24
530532,1,1,1998,0,0,0,0,0,0,0,0,0,0
530533,0,1,1998,31,31,31,31,31,31,31,31,31,31
530533,1,1,1998,0,0,0,0,0,0,0,0,0,0