ST_CASE,VEH_NO,PER_NO,YEAR,P1,P2,P3,P4,P5,P6,P7,P8,P9,P10
530534,1,1,1998,23,23,23,23,23,23,23,23,23,23
530535,1,1,1998,30,0,17,28,7,18,25,27,19,15
530536,1,1,1998,0,0,0,0,0,0,0,0,0,0
530537,1,1,1998,6,0,29,4,27,14,33,7,11,15
530538,1,1,1998,0,0,0,0,0,0,0,0,0,0
530538,2,1,1998,0,0,0,0,0,0,0,0,0,0
530538,3,1,1998,0,0,0,0,0,0,0,0,0,0
530539,1,1,1998,13,13,13,13,13,13,13,13,13,13
530540,1,1,1998,19,19,19,19,19,19,19,19,19,19
530541,1,1,1998,16,16,16,16,16,16,16,16,16,16
530542,1,1,1998,0,0,0,0,0,0,0,0,0,0
530542,2,1,1998,0,0,0,0,0,0,0,0,0,0
530543,1,1,1998,0,0,0,0,0,0,0,0,0,0
530543,2,1,1998,0,0,0,0,0,0,0,0,0,0
530544,1,1,1998,0,0,0,0,0,14,0,0,18,5
530544,2,1,1998,0,0,0,0,0,0,0,0,0,0
530544,3,1,1998,0,0,0,0,0,0,0,0,0,0
530544,4,1,1998,0,0,0,0,0,0,0,0,0,0
530545,1,1,1998,0,0,0,0,0,0,0,0,0,0
530545,2,1,1998,0,0,0,0,0,0,0,0,0,0
530545,3,1,1998,0,0,0,0,0,0,0,0,0,0
530546,1,1,1998,0,0,0,0,0,0,0,0,0,0
530547,0,1,1998,0,0,0,0,0,0,0,0,0,0
530547,1,1,1998,0,0,2,0,0,0,0,0,0,0
530548,1,1,1998,0,0,0,0,0,0,0,0,0,0
530548,2,1,1998,0,0,0,0,0,0,0,0,0,0
530549,1,1,1998,30,30,30,30,30,30,30,30,30,30
530549,2,1,1998,0,0,0,0,0,0,24,0,0,0
530550,1,1,1998,19,19,19,19,19,19,19,19,19,19
530551,1,1,1998,42,42,42,42,42,42,42,42,42,42
530552,1,1,1998,0,0,0,0,0,0,0,0,0,0
530552,2,1,1998,0,0,0,0,0,0,0,0,0,0
530553,1,1,1998,0,0,0,0,0,0,0,0,0,0
530553,2,1,1998,0,0,0,0,0,0,0,0,0,0
530554,0,1,1998,0,0,0,0,0,12,0,0,0,0
530554,1,1,1998,0,0,0,0,0,0,0,0,0,0
530555,1,1,1998,22,0,17,0,17,8,0,0,0,15
530555,2,1,1998,0,0,0,0,0,0,0,0,0,0
530556,1,1,1998,0,0,0,0,0,0,0,0,0,0
530556,2,1,1998,0,0,9,0,0,15,0,0,0,0
530557,1,1,1998,11,11,11,11,11,11,11,11,11,11
530558,1,1,1998,17,17,17,17,17,17,17,17,17,17
530559,1,1,1998,0,0,0,0,0,0,0,0,0,0
530559,2,1,1998,0,0,0,0,0,0,0,0,0,0
530560,0,1,1998,17,17,17,17,17,17,17,17,17,17
530560,1,1,1998,2,2,2,2,2,2,2,2,2,2
530561,0,1,1998,19,19,19,19,19,19,19,19,19,19
530561,1,1,1998,0,0,0,0,0,0,0,0,0,0
530562,0,1,1998,0,0,0,0,0,0,0,0,0,0
530562,1,1,1998,0,0,0,0,0,0,0,0,0,22
530563,1,1,1998,0,0,0,0,0,0,0,0,0,0
530564,1,1,1998,0,0,0,0,0,0,0,0,0,0
530565,1,1,1998,24,24,24,24,24,24,24,24,24,24
530565,2,1,1998,0,0,0,0,0,0,0,0,0,0
530566,0,1,1998,11,23,15,39,37,6,21,16,11,10
530566,1,1,1998,0,0,0,0,0,0,0,0,0,0
530567,1,1,1998,0,0,0,0,0,0,0,4,0,0
530567,2,1,1998,15,0,17,0,0,11,17,7,2,20
530567,3,1,1998,0,0,0,0,0,0,0,0,0,0
530568,0,1,1998,20,20,20,20,20,20,20,20,20,20
530568,1,1,1998,0,0,0,0,0,0,0,0,0,0
530569,1,1,1998,14,14,14,14,14,14,14,14,14,14
530570,1,1,1998,0,0,0,0,0,0,0,5,0,0
530570,2,1,1998,0,0,0,0,0,0,0,0,0,0
530570,3,1,1998,0,0,0,0,0,0,0,0,0,0
530571,0,1,1998,27,27,27,27,27,27,27,27,27,27
530571,1,1,1998,0,0,0,0,0,0,0,0,0,0
530572,1,1,1998,0,0,0,0,0,0,0,0,0,0
530572,2,1,1998,0,0,0,0,0,0,0,0,0,0
530573,1,1,1998,0,0,0,0,0,0,0,0,0,0
530573,2,1,1998,0,0,0,0,0,0,0,0,0,0
530574,1,1,1998,0,0,0,0,0,0,0,0,0,0
530575,1,1,1998,0,0,0,0,0,0,0,0,0,0
530575,2,1,1998,0,0,0,0,0,0,0,0,0,0
530576,0,1,1998,0,0,0,0,0,0,0,0,0,0
530576,1,1,1998,0,14,0,0,0,0,0,14,0,0
530576,2,1,1998,0,0,0,0,0,0,0,0,0,0
530577,0,1,1998,0,0,0,0,0,0,0,0,0,0
530577,1,1,1998,0,0,0,0,0,0,0,0,0,0
530578,1,1,1998,0,0,0,0,0,0,0,0,0,0
530578,2,1,1998,0,0,0,0,0,0,0,0,0,0
530579,0,1,1998,0,0,0,0,0,0,0,0,0,0
530579,1,1,1998,0,0,0,0,0,0,0,0,0,0
530580,0,1,1998,35,35,35,35,35,35,35,35,35,35
530580,1,1,1998,0,0,0,0,20,0,0,0,0,0
530581,1,1,1998,0,0,0,0,0,0,0,0,0,0
530581,2,1,1998,5,0,0,0,0,0,0,0,0,10
530581,3,1,1998,0,0,0,0,0,9,0,0,32,0
530582,0,1,1998,0,0,0,0,0,0,0,0,0,0
530582,0,2,1998,0,0,0,0,0,0,0,0,0,0
530582,1,1,1998,0,0,0,0,0,0,0,0,0,0
530583,1,1,1998,0,0,0,0,0,0,0,0,0,0
530585,1,1,1998,0,0,0,0,0,0,0,0,0,0
530585,2,1,1998,0,0,0,0,0,0,0,0,0,0
530586,1,1,1998,0,0,0,0,0,0,0,11,0,0
530586,2,1,1998,0,0,0,0,0,0,0,0,0,0
530587,1,1,1998,0,0,0,0,0,0,0,0,0,0
530587,2,1,1998,0,0,0,0,0,0,0,0,0,0
530588,1,1,1998,0,0,0,0,0,0,0,0,0,0
530588,2,1,1998,0,0,0,0,0,0,0,0,0,0
530589,1,1,1998,0,0,0,0,0,0,0,0,0,0
530589,2,1,1998,0,0,0,23,0,0,0,0,0,6
530590,1,1,1998,0,0,0,0,0,0,0,0,0,0
530590,2,1,1998,0,0,0,0,0,0,0,0,0,0
530591,0,1,1998,0,0,0,0,0,0,0,0,0,0
530591,1,1,1998,0,0,0,0,0,0,0,0,0,0
530591,2,1,1998,0,0,0,0,0,0,0,0,0,0
530592,0,1,1998,11,51,30,15,37,24,20,24,37,26
530592,1,1,1998,0,0,0,0,0,0,0,0,0,0
530593,0,1,1998,3,3,3,3,3,3,3,3,3,3
530593,1,1,1998,0,0,0,0,0,0,0,0,0,0
530594,1,1,1998,10,10,10,10,10,10,10,10,10,10
530594,2,1,1998,8,6,0,10,0,11,0,0,6,27
530595,1,1,1998,0,0,0,0,0,0,0,0,0,0
540001,0,1,1998,17,17,17,17,17,17,17,17,17,17
540002,1,1,1998,0,0,0,0,0,0,0,0,0,0
540002,2,1,1998,0,0,0,0,0,0,0,0,0,0
540003,1,1,1998,0,0,0,0,0,0,0,0,0,0
540004,1,1,1998,0,0,0,0,0,0,0,0,0,0
540005,1,1,1998,0,0,0,0,0,0,0,0,0,0
540005,2,1,1998,10,10,10,10,10,10,10,10,10,10
540006,1,1,1998,0,0,0,0,0,0,0,0,0,0
540006,2,1,1998,0,0,0,0,0,0,0,0,0,0
540007,1,1,1998,18,18,18,18,18,18,18,18,18,18
540008,1,1,1998,0,0,0,0,0,0,0,0,0,0
540008,2,1,1998,0,5,0,0,0,0,0,0,0,0
540009,1,1,1998,0,0,0,0,0,0,0,0,0,0
540009,2,1,1998,16,16,16,16,16,16,16,16,16,16
540010,1,1,1998,18,18,18,18,18,18,18,18,18,18
540010,2,1,1998,0,20,0,16,0,0,14,21,0,0
540011,1,1,1998,0,0,0,0,0,0,0,0,0,0
540012,0,1,1998,1,1,1,1,1,1,1,1,1,1
540012,1,1,1998,0,0,0,0,0,0,0,0,0,0
540013,1,1,1998,15,15,15,15,15,15,15,15,15,15
540014,0,1,1998,0,0,0,0,0,0,0,0,0,0
540014,1,1,1998,0,0,0,0,0,0,0,0,0,0
540015,1,1,1998,16,16,16,16,16,16,16,16,16,16
540016,1,1,1998,28,28,28,28,28,28,28,28,28,28
540017,1,1,1998,0,0,0,0,0,0,0,0,0,0
540018,1,1,1998,0,0,0,0,0,0,0,0,0,0
540018,2,1,1998,0,0,0,0,0,0,0,0,0,0
540019,1,1,1998,21,21,21,21,21,21,21,21,21,21
540020,1,1,1998,0,0,0,0,0,0,0,0,0,0
540020,2,1,1998,27,27,27,27,27,27,27,27,27,27
540020,3,1,1998,0,0,0,0,0,0,0,0,0,0
540021,1,1,1998,0,0,0,0,0,0,0,0,0,0
540021,2,1,1998,0,0,0,0,0,0,0,0,0,0
540022,1,1,1998,29,29,29,29,29,29,29,29,29,29
540022,2,1,1998,18,0,0,0,0,15,0,0,0,0
540023,1,1,1998,0,0,0,0,0,0,0,0,0,0
540023,2,1,1998,0,0,0,0,0,0,0,0,0,0
540023,3,1,1998,7,0,0,0,0,0,0,0,0,0
540024,1,1,1998,0,0,0,0,0,0,0,0,0,0
540024,2,1,1998,19,19,19,19,19,19,19,19,19,19
540025,1,1,1998,3,21,0,0,0,0,0,0,0,0
540026,1,1,1998,10,10,10,10,10,10,10,10,10,10
540027,1,1,1998,0,0,0,0,0,0,0,0,0,0
540028,1,1,1998,0,0,0,0,0,0,0,0,0,0
540028,2,1,1998,16,16,16,16,16,16,16,16,16,16
540029,1,1,1998,0,0,0,0,0,0,0,0,0,0
540030,1,1,1998,0,0,0,0,0,0,0,0,0,0
540030,2,1,1998,0,0,0,0,0,0,0,0,0,0
540031,1,1,1998,30,30,30,30,30,30,30,30,30,30
540031,2,1,1998,0,0,0,0,0,0,0,0,0,0
540032,1,1,1998,0,0,0,0,0,0,0,0,0,0
540032,2,1,1998,0,0,0,0,0,0,0,0,0,0
540032,3,1,1998,0,0,0,0,0,0,0,0,0,0
540033,0,1,1998,0,0,0,0,0,0,0,0,0,0
540033,1,1,1998,0,0,0,0,0,0,0,0,0,0
540034,0,1,1998,0,0,0,0,0,0,0,0,0,0
540034,1,1,1998,0,0,0,0,0,0,0,0,0,0
540035,1,1,1998,27,27,27,27,27,27,27,27,27,27
540036,0,1,1998,0,0,0,0,0,0,22,0,0,0
540036,1,1,1998,0,0,0,0,0,0,0,0,0,0
540037,1,1,1998,16,16,16,16,16,16,16,16,16,16
540038,1,1,1998,15,15,15,15,15,15,15,15,15,15
540039,1,1,1998,0,0,0,0,0,0,0,0,0,0
540040,1,1,1998,28,28,28,28,28,28,28,28,28,28
540041,1,1,1998,32,32,32,32,32,32,32,32,32,32
540042,1,1,1998,0,0,0,0,0,0,0,0,0,0
540042,2,1,1998,0,0,0,0,0,0,0,0,0,0
540043,1,1,1998,5,0,0,0,0,0,0,0,0,0
540043,2,1,1998,0,0,0,0,0,0,0,0,0,0
540044,1,1,1998,0,0,0,0,0,0,0,0,0,0
540044,2,1,1998,0,0,6,0,0,0,0,0,0,0
540044,3,1,1998,0,0,0,0,0,3,0,0,0,0
540044,4,1,1998,0,0,0,0,0,0,0,11,18,0
540045,1,1,1998,0,0,0,0,0,0,0,0,0,0
540045,2,1,1998,0,0,0,0,0,0,0,0,0,0
540045,3,1,1998,0,0,0,0,0,0,0,0,0,13
540046,1,1,1998,0,0,0,0,0,0,0,0,0,0
540047,1,1,1998,0,0,0,0,0,0,0,16,0,0
540048,0,1,1998,0,0,0,0,0,0,0,0,0,0
540048,1,1,1998,0,0,0,0,0,0,0,0,0,0
540049,1,1,1998,0,0,0,0,0,0,0,0,0,0
540049,2,1,1998,0,0,0,0,0,0,11,7,0,0
540049,3,1,1998,0,0,0,0,0,0,0,0,0,0
540050,1,1,1998,0,0,0,0,0,0,0,0,0,0
540051,1,1,1998,25,25,25,25,25,25,25,25,25,25
540052,1,1,1998,0,0,0,0,0,0,0,0,0,0
540053,1,1,1998,0,0,0,0,0,0,0,0,0,0
540053,2,1,1998,0,0,0,0,0,0,0,0,0,0
540054,1,1,1998,18,18,18,18,18,18,18,18,18,18
540055,1,1,1998,17,17,17,17,17,17,17,17,17,17
540056,1,1,1998,0,0,0,0,0,0,0,0,0,0
540056,2,1,1998,0,0,0,0,0,0,0,0,0,0
540057,1,1,1998,0,0,0,0,0,0,0,0,0,0
540057,2,1,1998,0,0,0,0,0,0,0,0,0,0
540058,1,1,1998,0,0,0,0,0,0,0,0,0,0
540058,2,1,1998,0,0,0,0,0,0,0,0,0,0
540059,1,1,1998,21,21,21,21,21,21,21,21,21,21
540060,1,1,1998,8,8,8,8,8,8,8,8,8,8
540060,2,1,1998,8,8,8,8,8,8,8,8,8,8
540061,1,1,1998,29,29,29,29,29,29,29,29,29,29
540062,1,1,1998,0,0,0,0,0,0,0,0,0,0
540062,2,1,1998,33,33,33,33,33,33,33,33,33,33
540063,1,1,1998,0,0,0,0,0,0,0,0,0,0
540064,0,1,1998,0,0,0,0,0,0,0,0,0,0
540064,1,1,1998,0,0,0,0,0,0,0,0,5,0
540065,1,1,1998,0,0,0,0,20,0,0,17,0,0
540065,2,1,1998,12,12,12,12,12,12,12,12,12,12
540066,1,1,1998,0,0,0,0,0,0,0,0,0,0
540066,2,1,1998,0,0,0,0,0,0,0,0,0,0
540067,1,1,1998,20,20,20,20,20,20,20,20,20,20
540067,2,1,1998,0,0,0,0,0,0,0,0,0,0
540068,1,1,1998,0,0,0,0,0,0,0,0,0,0
540069,1,1,1998,0,0,0,0,0,0,0,0,0,0
540070,1,1,1998,0,0,0,0,0,0,0,0,0,0
540071,1,1,1998,0,0,0,0,0,0,0,0,0,0
540071,2,1,1998,0,0,0,0,0,0,0,0,0,0
540072,1,1,1998,0,0,0,0,0,0,0,0,0,0
540073,1,1,1998,0,0,0,0,0,0,0,0,0,0
540073,2,1,1998,0,0,0,0,0,0,0,0,0,0
540074,1,1,1998,0,0,0,0,0,0,0,0,0,0
540075,1,1,1998,0,0,0,0,0,0,0,0,0,0
540075,2,1,1998,0,0,0,0,0,0,0,0,0,0
540076,0,1,1998,0,0,0,0,0,0,0,0,0,0
540076,1,1,1998,6,6,6,6,6,6,6,6,6,6
540077,0,1,1998,14,14,14,14,14,14,14,14,14,14
540077,1,1,1998,0,0,0,0,0,0,0,0,0,0
540078,1,1,1998,0,0,0,0,0,0,0,0,0,0
540079,1,1,1998,0,0,0,0,0,0,0,0,0,0
540080,0,1,1998,0,0,0,0,0,0,0,0,0,0
540080,1,1,1998,0,0,0,0,0,0,0,0,0,0
540081,0,1,1998,15,40,0,0,16,28,48,17,34,31
540081,0,2,1998,0,0,0,0,0,0,0,0,0,0
540081,1,1,1998,0,0,0,0,0,0,0,0,0,0
540082,1,1,1998,0,0,0,0,0,0,0,0,0,0
540083,1,1,1998,15,15,15,15,15,15,15,15,15,15
540084,1,1,1998,0,0,0,0,0,0,0,0,0,0
540085,1,1,1998,0,0,0,0,0,0,0,18,0,0
540086,1,1,1998,0,0,0,0,0,0,0,0,0,0
540086,2,1,1998,0,0,0,0,0,0,0,0,0,0
540087,1,1,1998,23,23,23,23,23,23,23,23,23,23
540088,1,1,1998,0,0,0,0,0,0,0,0,0,0
540089,1,1,1998,0,0,0,0,0,0,0,0,0,0
540090,1,1,1998,0,0,0,0,0,0,0,0,0,0
540091,1,1,1998,23,23,23,23,23,23,23,23,23,23
540092,1,1,1998,0,0,0,0,0,0,0,0,0,0
540093,1,1,1998,13,13,13,13,13,13,13,13,13,13
540094,1,1,1998,0,0,0,0,0,0,0,0,0,0
540094,2,1,1998,0,0,0,0,0,0,0,0,0,0
540095,1,1,1998,0,0,0,0,0,0,0,0,0,0
540095,2,1,1998,0,0,0,0,0,0,0,0,0,0
540096,0,1,1998,0,0,18,0,0,15,0,0,0,0
540096,1,1,1998,0,0,0,0,0,0,0,0,0,0
540097,1,1,1998,0,0,0,0,0,0,0,0,0,0
540097,2,1,1998,0,0,0,0,0,0,0,0,0,0
540097,3,1,1998,0,0,0,0,0,0,0,0,0,0
540098,1,1,1998,0,0,0,10,0,0,0,0,5,0
540099,1,1,1998,3,3,3,3,3,3,3,3,3,3
540099,2,1,1998,0,0,0,0,0,0,0,0,0,0
540100,1,1,1998,0,0,0,0,0,0,0,0,0,0
540100,2,1,1998,0,0,0,0,0,0,0,0,0,0
540101,1,1,1998,0,0,0,0,0,0,0,0,0,0
540102,1,1,1998,5,5,5,5,5,5,5,5,5,5
540103,1,1,1998,23,23,23,23,23,23,23,23,23,23
540104,1,1,1998,0,0,0,12,12,0,0,0,0,0
540105,1,1,1998,0,0,0,0,0,0,5,0,0,0
540105,2,1,1998,0,0,0,0,0,0,0,0,0,0
540106,0,1,1998,30,30,30,30,30,30,30,30,30,30
540106,1,1,1998,0,0,7,15,0,6,0,0,0,0
540107,1,1,1998,10,10,10,10,10,10,10,10,10,10
540108,1,1,1998,0,0,0,0,0,0,0,0,0,0
540108,2,1,1998,0,0,0,0,0,0,0,0,0,0
540109,1,1,1998,0,0,0,0,0,0,0,0,0,0
540109,2,1,1998,0,0,0,0,0,0,0,0,0,0
540110,1,1,1998,0,0,0,0,0,0,0,0,0,0
540111,1,1,1998,13,13,13,13,13,13,13,13,13,13
540112,1,1,1998,15,15,15,15,15,15,15,15,15,15
540112,2,1,1998,0,0,0,0,0,0,0,0,0,0
540113,1,1,1998,36,36,36,36,36,36,36,36,36,36
540113,2,1,1998,0,0,0,0,0,25,10,12,31,9
540114,1,1,1998,9,7,14,17,5,7,5,11,13,21
540115,0,1,1998,0,0,0,0,0,0,0,0,0,0
540115,1,1,1998,0,0,0,0,0,0,6,0,0,0
540116,1,1,1998,0,0,0,0,0,0,0,0,0,0
540116,2,1,1998,16,16,16,16,16,16,16,16,16,16
540117,1,1,1998,0,0,0,0,0,8,0,4,0,0
540117,2,1,1998,0,0,0,0,0,0,0,0,0,0
540118,1,1,1998,0,0,0,0,0,0,0,0,0,0
540118,2,1,1998,0,0,0,0,0,0,0,0,0,0
540119,1,1,1998,0,0,0,0,0,0,0,0,0,0
540120,1,1,1998,11,11,11,11,11,11,11,11,11,11
540121,1,1,1998,19,19,19,19,19,19,19,19,19,19
540122,1,1,1998,0,0,0,0,0,0,0,0,0,0
540123,1,1,1998,0,0,0,0,0,0,0,0,0,0
540123,2,1,1998,0,0,0,0,0,0,0,0,0,0
540123,3,1,1998,0,0,0,0,0,0,0,0,0,0
540124,0,1,1998,10,10,10,10,10,10,10,10,10,10
540124,1,1,1998,0,0,12,0,0,0,0,0,0,0
540125,0,1,1998,24,24,24,24,24,24,24,24,24,24
540125,1,1,1998,0,0,0,0,0,0,0,0,0,0
540126,0,1,1998,0,21,22,0,0,14,0,0,7,0
540126,1,1,1998,0,0,0,0,0,0,0,0,0,0
540127,1,1,1998,37,37,37,37,37,37,37,37,37,37
540128,0,1,1998,18,18,18,18,18,18,18,18,18,18
540128,1,1,1998,0,0,0,0,0,0,0,0,0,0
540129,1,1,1998,29,29,29,29,29,29,29,29,29,29
540130,1,1,1998,0,0,0,0,0,0,0,0,0,0
540130,2,1,1998,0,0,0,0,0,0,0,0,0,0
540131,1,1,1998,21,21,21,21,21,21,21,21,21,21
540132,1,1,1998,0,0,0,0,0,0,0,0,0,0
540132,2,1,1998,0,0,0,0,0,0,0,0,0,0
540133,1,1,1998,0,0,0,0,0,0,0,0,0,0
540133,2,1,1998,0,0,0,0,0,0,0,0,0,0
540134,1,1,1998,0,0,0,0,0,0,0,0,0,0
540134,2,1,1998,0,0,0,0,0,0,0,0,0,0
540135,1,1,1998,30,30,30,30,30,30,30,30,30,30
540136,1,1,1998,0,0,0,0,0,0,0,0,0,0
540137,0,1,1998,17,17,17,17,17,17,17,17,17,17
540137,1,1,1998,7,7,7,7,7,7,7,7,7,7
540138,1,1,1998,0,0,0,0,0,0,0,0,0,0
540138,2,1,1998,13,13,13,13,13,13,13,13,13,13
540139,1,1,1998,22,22,22,22,22,22,22,22,22,22
540140,1,1,1998,0,0,0,0,0,0,0,0,0,0
540141,1,1,1998,0,0,0,0,0,0,0,0,0,0
540141,2,1,1998,0,0,0,0,0,0,0,0,0,0
540141,3,1,1998,0,0,0,0,0,0,0,0,0,0
540141,4,1,1998,0,0,0,0,0,0,0,0,0,0
540142,1,1,1998,15,15,15,15,15,15,15,15,15,15
540143,1,1,1998,26,26,26,26,26,26,26,26,26,26
540144,1,1,1998,0,0,0,0,0,0,0,0,0,0
540144,2,1,1998,14,14,14,14,14,14,14,14,14,14
540145,1,1,1998,0,0,0,0,0,0,0,0,0,0
540146,1,1,1998,0,0,0,0,0,0,0,0,0,0
540146,2,1,1998,0,0,0,0,0,0,0,0,0,0
540147,1,1,1998,0,0,0,0,0,0,0,0,13,0
540147,2,1,1998,0,0,0,0,0,0,0,0,0,0
540148,1,1,1998,0,0,0,0,0,0,0,0,0,0
540148,2,1,1998,0,0,0,0,0,0,0,0,0,0
540149,1,1,1998,13,13,13,13,13,13,13,13,13,13
540150,1,1,1998,0,0,0,0,0,0,0,0,0,0
540151,1,1,1998,0,0,0,0,0,0,0,0,0,0
540152,1,1,1998,27,27,27,27,27,27,27,27,27,27
540153,1,1,1998,0,0,0,0,0,0,0,0,0,0
540154,0,1,1998,0,0,0,0,0,0,0,0,0,0
540154,1,1,1998,0,0,0,0,0,0,0,0,0,0
540155,1,1,1998,0,0,0,0,0,0,0,0,0,0
540155,2,1,1998,14,14,14,14,14,14,14,14,14,14
540156,1,1,1998,0,0,0,0,0,0,0,0,0,0
540157,1,1,1998,19,19,19,19,19,19,19,19,19,19
540158,1,1,1998,17,17,17,17,17,17,17,17,17,17
540159,1,1,1998,13,16,8,27,7,18,19,11,19,15
540159,2,1,1998,0,0,0,0,0,0,0,0,0,0
540160,1,1,1998,0,0,0,0,0,0,0,0,0,0
540160,2,1,1998,0,0,0,0,0,0,0,0,0,0
540161,1,1,1998,0,0,0,0,0,0,0,0,0,0
540161,2,1,1998,0,0,0,0,0,0,0,0,0,0
540162,1,1,1998,0,0,0,0,0,0,0,0,0,0
540162,2,1,1998,0,0,0,0,0,0,0,0,0,0
540163,1,1,1998,20,20,20,20,20,20,20,20,20,20
540164,1,1,1998,0,10,0,0,0,0,0,0,0,0
540164,2,1,1998,0,0,0,0,0,0,0,0,0,0
540165,1,1,1998,18,18,18,18,18,18,18,18,18,18
540166,1,1,1998,5,5,5,5,5,5,5,5,5,5
540167,1,1,1998,14,21,13,26,19,13,13,19,22,14
540168,1,1,1998,14,14,14,14,14,14,14,14,14,14
540169,1,1,1998,0,0,0,12,0,0,0,0,0,0
540170,0,1,1998,0,0,0,0,0,0,0,0,0,0
540170,1,1,1998,0,0,0,0,0,0,0,0,0,0
540171,1,1,1998,18,18,18,18,18,18,18,18,18,18
540172,1,1,1998,16,16,16,16,16,16,16,16,16,16
540173,1,1,1998,0,0,0,0,0,0,0,0,0,0
540173,2,1,1998,0,0,0,0,0,0,0,0,0,0
540174,1,1,1998,4,4,4,4,4,4,4,4,4,4
540175,1,1,1998,0,0,0,0,0,0,0,0,0,0
540176,1,1,1998,0,0,0,0,0,0,0,0,0,0
540177,1,1,1998,16,16,16,16,16,16,16,16,16,16
540178,1,1,1998,27,27,27,27,27,27,27,27,27,27
540179,1,1,1998,0,0,0,0,0,0,0,0,0,0
540179,2,1,1998,0,0,0,0,0,0,0,0,0,0
540180,1,1,1998,0,0,0,0,0,0,0,0,0,0
540180,2,1,1998,0,0,0,0,0,0,0,0,0,0
540181,1,1,1998,0,0,19,0,7,0,0,0,0,0
540181,2,1,1998,0,0,0,0,0,0,0,0,0,0
540182,1,1,1998,39,39,39,39,39,39,39,39,39,39
540183,1,1,1998,0,0,0,0,0,0,0,0,0,0
540183,2,1,1998,0,2,0,0,0,0,0,0,0,0
540183,3,1,1998,0,0,0,0,0,0,0,0,0,0
540184,1,1,1998,0,0,0,0,0,0,0,0,0,0
540185,1,1,1998,16,16,16,16,16,16,16,16,16,16
540186,1,1,1998,0,0,0,0,0,0,0,0,0,0
540186,2,1,1998,0,0,0,0,0,0,0,0,0,0
540187,1,1,1998,16,16,16,16,16,16,16,16,16,16
540187,2,1,1998,0,0,0,0,0,0,0,0,0,0
540188,1,1,1998,0,0,0,0,0,0,0,0,0,0
540188,2,1,1998,0,0,0,0,0,0,0,0,0,0
540188,3,1,1998,0,0,0,0,0,0,0,0,0,0
540189,1,1,1998,0,0,0,0,0,0,0,0,0,0
540189,2,1,1998,0,0,0,0,0,0,0,0,0,0
540190,1,1,1998,5,5,5,5,5,5,5,5,5,5
540191,1,1,1998,0,0,0,0,0,0,0,0,0,0
540191,2,1,1998,0,0,0,0,0,0,0,0,0,0
540192,1,1,1998,0,0,0,0,0,0,0,0,0,0
540193,1,1,1998,0,0,0,0,0,0,0,0,0,0
540194,1,1,1998,27,27,27,27,27,27,27,27,27,27
540195,1,1,1998,0,0,0,0,0,0,0,0,0,0
540196,1,1,1998,3,3,3,3,3,3,3,3,3,3
540196,2,1,1998,0,0,0,0,0,0,0,0,0,0
540197,1,1,1998,0,0,0,0,0,0,0,0,0,0
540197,2,1,1998,0,0,0,0,0,0,0,0,0,0
540198,1,1,1998,10,10,10,10,10,10,10,10,10,10
540199,1,1,1998,15,15,15,15,15,15,15,15,15,15
540200,1,1,1998,34,34,34,34,34,34,34,34,34,34
540201,1,1,1998,17,17,17,17,17,17,17,17,17,17
540202,1,1,1998,10,10,10,10,10,10,10,10,10,10
540203,1,1,1998,0,0,0,0,0,0,0,0,0,0
540203,2,1,1998,0,0,0,0,0,0,0,0,0,0
540204,1,1,1998,17,17,17,17,17,17,17,17,17,17
540205,0,1,1998,0,0,0,0,0,0,0,0,0,0
540205,1,1,1998,11,11,11,11,11,11,11,11,11,11
540206,1,1,1998,0,0,0,0,0,0,0,0,0,0
540207,1,1,1998,0,0,0,0,0,0,0,0,0,0
540207,2,1,1998,0,0,0,0,0,0,0,0,0,0
540208,1,1,1998,0,0,0,0,0,0,0,0,0,0
540208,2,1,1998,15,15,15,15,15,15,15,15,15,15
540209,1,1,1998,19,19,19,19,19,19,19,19,19,19
540210,1,1,1998,22,22,22,22,22,22,22,22,22,22
540211,1,1,1998,0,0,0,0,0,0,0,0,0,0
540212,1,1,1998,18,18,18,18,18,18,18,18,18,18
540213,1,1,1998,0,0,0,0,0,0,0,0,0,0
540214,1,1,1998,0,0,0,0,0,0,0,0,0,0
540214,2,1,1998,0,0,0,0,0,0,0,0,0,0
540215,1,1,1998,0,0,0,0,0,0,0,0,0,0
540215,2,1,1998,0,0,0,0,0,0,0,0,0,0
540216,1,1,1998,0,0,0,0,0,0,0,0,0,0
540216,2,1,1998,0,0,0,0,0,0,0,0,0,0
540217,1,1,1998,25,25,25,25,25,25,25,25,25,25
540218,0,1,1998,0,0,0,0,0,0,0,0,0,0
540218,1,1,1998,0,0,0,0,0,0,0,0,0,0
540219,1,1,1998,0,0,0,0,0,0,0,0,0,0
540219,2,1,1998,0,0,0,9,0,0,0,0,0,0
540220,1,1,1998,18,18,18,18,18,18,18,18,18,18
540221,1,1,1998,7,7,7,7,7,7,7,7,7,7
540222,1,1,1998,4,4,4,4,4,4,4,4,4,4
540222,2,1,1998,0,0,0,0,0,0,0,0,8,0
540223,1,1,1998,18,18,18,18,18,18,18,18,18,18