ST_CASE,VEH_NO,PER_NO,YEAR,P1,P2,P3,P4,P5,P6,P7,P8,P9,P10
540223,2,1,1998,0,0,0,0,0,0,0,0,0,0
540223,3,1,1998,0,0,0,0,0,0,0,0,0,0
540224,1,1,1998,11,11,11,11,11,11,11,11,11,11
540225,1,1,1998,0,0,0,0,0,0,0,0,0,0
540226,1,1,1998,0,0,0,0,0,0,0,0,0,0
540227,1,1,1998,22,22,22,22,22,22,22,22,22,22
540228,1,1,1998,0,0,0,0,0,0,0,0,0,0
540229,1,1,1998,0,0,0,0,0,0,0,0,0,0
540229,2,1,1998,0,0,0,0,0,0,0,0,0,0
540230,1,1,1998,0,0,0,0,0,0,0,0,0,0
540230,2,1,1998,0,0,0,0,0,0,0,0,0,0
540231,1,1,1998,0,0,0,0,0,0,0,0,0,0
540231,2,1,1998,0,0,0,0,0,0,0,0,0,0
540232,1,1,1998,0,0,0,0,0,0,0,0,0,0
540233,1,1,1998,0,0,0,0,0,0,0,0,0,0
540233,2,1,1998,0,0,0,0,0,0,0,0,0,0
540234,1,1,1998,0,0,0,0,0,0,0,0,0,0
540234,2,1,1998,0,0,0,23,0,0,6,0,0,0
540235,1,1,1998,0,0,0,0,0,0,0,0,0,0
540235,2,1,1998,0,0,0,0,0,0,0,0,0,0
540236,1,1,1998,0,0,0,0,0,0,0,0,0,0
540237,1,1,1998,0,0,0,0,0,0,0,0,0,0
540237,2,1,1998,0,0,3,0,0,0,0,0,0,0
540238,1,1,1998,0,0,0,0,0,0,0,0,0,0
540239,1,1,1998,20,20,20,20,20,20,20,20,20,20
540240,1,1,1998,0,0,0,0,0,0,0,0,0,0
540240,2,1,1998,0,0,0,0,0,0,0,0,0,0
540241,1,1,1998,0,0,0,0,0,0,0,0,0,0
540241,2,1,1998,0,0,0,0,0,0,0,0,0,0
540242,0,1,1998,14,14,14,14,14,14,14,14,14,14
540242,1,1,1998,0,0,0,0,0,0,0,0,0,0
540243,0,1,1998,21,21,21,21,21,21,21,21,21,21
540243,1,1,1998,0,0,0,0,0,2,19,0,0,0
540244,1,1,1998,12,12,12,12,12,12,12,12,12,12
540244,2,1,1998,0,0,0,0,0,0,0,0,0,0
540245,1,1,1998,0,0,0,0,0,0,0,0,0,0
540245,2,1,1998,0,0,0,0,0,0,0,0,0,0
540246,1,1,1998,5,5,5,5,5,5,5,5,5,5
540247,0,1,1998,0,0,0,0,0,0,0,0,0,0
540247,1,1,1998,0,0,0,0,14,0,0,0,0,0
540248,1,1,1998,0,0,0,0,0,0,0,0,0,0
540248,2,1,1998,0,0,0,0,0,0,0,0,0,0
540249,1,1,1998,23,23,23,23,23,23,23,23,23,23
540250,1,1,1998,18,18,18,18,18,18,18,18,18,18
540250,2,1,1998,0,0,0,0,0,0,0,0,0,0
540251,1,1,1998,0,0,0,5,0,0,0,0,0,9
540251,2,1,1998,0,0,0,0,0,0,0,0,0,0
540252,1,1,1998,0,0,0,0,0,0,0,0,0,0
540253,1,1,1998,0,0,0,0,0,0,0,0,0,0
540254,1,1,1998,0,0,0,0,0,0,0,0,0,0
540254,2,1,1998,0,0,0,0,0,0,0,0,0,0
540255,1,1,1998,0,0,0,0,0,0,0,0,0,0
540256,1,1,1998,19,30,26,20,34,21,19,13,27,24
540257,1,1,1998,15,15,15,15,15,15,15,15,15,15
540258,1,1,1998,0,0,0,0,0,0,0,0,0,0
540259,1,1,1998,0,0,0,0,0,0,0,0,0,0
540260,1,1,1998,0,0,0,0,0,0,0,0,0,0
540260,2,1,1998,0,0,0,0,0,0,0,0,0,0
540261,0,1,1998,20,20,20,20,20,20,20,20,20,20
540261,1,1,1998,0,0,6,0,5,0,0,0,0,4
540262,1,1,1998,0,0,0,0,0,0,0,0,0,0
540263,1,1,1998,0,0,0,0,0,0,0,0,0,0
540264,1,1,1998,0,0,0,4,0,0,0,0,0,0
540264,2,1,1998,0,0,0,0,0,0,0,10,0,0
540265,1,1,1998,3,3,3,3,3,3,3,3,3,3
540265,2,1,1998,0,0,0,0,7,0,0,0,8,0
540266,1,2,1998,0,7,0,0,11,0,0,15,13,0
540267,1,1,1998,16,16,16,16,16,16,16,16,16,16
540268,1,1,1998,16,16,16,16,16,16,16,16,16,16
540269,1,1,1998,0,0,0,0,0,0,0,0,0,0
540270,1,1,1998,0,0,0,0,0,0,0,0,0,0
540270,2,1,1998,0,0,0,0,0,0,0,0,0,0
540271,0,1,1998,0,0,0,0,0,0,0,0,0,0
540271,1,1,1998,0,0,0,0,0,0,0,0,0,0
540272,1,1,1998,0,0,0,0,0,0,0,0,0,0
540273,0,1,1998,0,0,0,0,0,0,0,0,0,0
540273,1,1,1998,0,0,0,0,0,0,0,0,0,0
540274,1,1,1998,0,0,0,0,0,0,0,0,0,0
540274,2,1,1998,0,0,0,0,0,0,0,0,0,0
540275,1,1,1998,0,0,0,0,2,0,0,0,0,0
540276,1,1,1998,0,0,0,0,0,0,0,0,0,0
540277,1,1,1998,0,0,0,0,0,0,0,0,0,0
540278,0,1,1998,22,22,22,22,22,22,22,22,22,22
540278,1,1,1998,0,0,0,0,0,0,0,0,0,0
540279,1,1,1998,20,20,20,20,20,20,20,20,20,20
540280,1,1,1998,0,0,0,0,0,0,0,0,0,0
540281,1,1,1998,0,0,0,0,0,0,0,0,0,0
540281,2,1,1998,13,13,13,13,13,13,13,13,13,13
540282,1,1,1998,14,14,14,14,14,14,14,14,14,14
540283,1,1,1998,0,0,0,0,0,0,0,0,0,0
540284,1,1,1998,3,3,3,3,3,3,3,3,3,3
540284,2,1,1998,0,0,0,0,0,0,0,0,0,0
540285,1,1,1998,0,0,0,0,0,0,0,0,0,0
540286,0,1,1998,7,0,26,0,30,27,3,29,0,22
540286,1,1,1998,0,0,0,0,0,0,0,0,0,0
540287,1,1,1998,12,12,12,12,12,12,12,12,12,12
540288,1,1,1998,20,18,21,23,15,14,8,8,16,0
540289,1,1,1998,0,0,0,0,0,0,0,0,0,0
540289,2,1,1998,0,0,0,0,0,0,0,0,0,11
540290,1,1,1998,0,0,0,0,0,0,0,0,0,0
540290,2,1,1998,0,0,0,0,0,0,0,0,0,0
540291,1,1,1998,0,0,0,0,0,0,0,0,0,0
540292,1,1,1998,0,0,0,0,0,0,0,0,0,0
540293,1,1,1998,0,0,0,0,0,0,0,0,0,0
540293,2,1,1998,0,0,0,0,0,0,0,0,0,0
540294,1,1,1998,22,22,22,22,22,22,22,22,22,22
540295,1,1,1998,0,0,0,0,0,0,0,0,0,0
540295,2,1,1998,0,0,0,0,0,0,0,0,0,0
540296,1,1,1998,13,13,13,13,13,13,13,13,13,13
540297,1,1,1998,0,18,0,0,0,0,0,0,0,0
540297,2,1,1998,0,0,0,0,0,0,0,0,0,0
540298,1,1,1998,0,21,0,0,0,0,0,0,0,0
540298,2,1,1998,0,0,0,0,0,0,0,0,0,0
540299,1,1,1998,0,0,0,0,0,0,0,0,0,0
540299,2,1,1998,0,0,0,0,0,0,0,0,0,0
540300,1,1,1998,32,32,32,32,32,32,32,32,32,32
540301,0,1,1998,0,0,0,0,0,0,0,0,0,0
540301,1,1,1998,0,0,0,0,0,0,0,0,12,0
540302,1,1,1998,0,0,0,0,0,0,0,0,0,0
540302,2,1,1998,10,10,10,10,10,10,10,10,10,10
540303,1,1,1998,0,0,0,0,0,0,0,0,0,0
540304,1,1,1998,0,0,0,0,0,0,0,0,0,0
540305,1,1,1998,20,20,20,20,20,20,20,20,20,20
540305,2,1,1998,0,0,0,0,0,0,0,0,0,0
540306,1,1,1998,18,18,18,18,18,18,18,18,18,18
540307,0,1,1998,0,0,0,0,0,0,0,0,0,0
540307,1,1,1998,0,0,0,0,0,0,0,0,0,0
540308,1,1,1998,0,0,0,0,0,0,0,0,0,0
540308,2,1,1998,0,0,0,0,0,0,0,0,0,20
540309,1,1,1998,0,0,0,0,0,0,0,0,0,0
540310,0,1,1998,21,21,21,21,21,21,21,21,21,21
540310,1,1,1998,0,0,0,0,0,0,0,0,0,0
540311,1,1,1998,0,0,0,0,0,0,0,0,0,0
540311,2,1,1998,0,0,0,0,0,0,0,0,0,0
540312,1,1,1998,0,0,0,0,0,0,0,0,0,0
540313,1,1,1998,0,0,0,0,0,0,0,0,0,0
540313,2,1,1998,0,0,0,0,0,0,0,0,0,0
540314,1,1,1998,0,0,0,0,0,0,0,0,0,0
540315,1,1,1998,0,0,0,0,0,0,0,0,0,0
540315,2,1,1998,0,0,0,0,0,0,0,0,0,0
540317,1,1,1998,0,0,0,0,0,0,0,0,0,0
540317,2,1,1998,0,0,0,0,0,0,0,0,0,0
540318,1,1,1998,0,0,0,0,0,0,0,0,0,14
540319,1,1,1998,0,0,0,0,0,0,0,0,0,0
540320,1,1,1998,34,34,34,34,34,34,34,34,34,34
540321,1,1,1998,0,0,0,0,0,0,0,0,0,0
540322,0,1,1998,0,0,0,0,0,0,0,41,0,32
540322,1,1,1998,0,0,0,0,8,0,0,0,0,0
540323,1,1,1998,15,15,15,15,15,15,15,15,15,15
540324,1,1,1998,20,20,20,20,20,20,20,20,20,20
540325,1,1,1998,0,0,0,0,0,0,0,0,0,0
540325,2,1,1998,0,0,0,0,0,0,0,0,0,0
540326,1,1,1998,14,14,14,14,14,14,14,14,14,14
540327,1,1,1998,0,0,0,0,0,0,0,0,0,0
540327,2,1,1998,0,0,0,0,0,0,0,0,0,0
540328,1,1,1998,0,0,0,0,0,0,0,0,0,0
540328,2,1,1998,0,0,0,0,0,0,0,0,0,0
540329,1,1,1998,0,0,0,0,0,0,0,0,0,0
540330,0,1,1998,2,2,2,2,2,2,2,2,2,2
540330,0,2,1998,24,0,35,20,0,21,0,16,12,0
540330,1,1,1998,0,0,0,0,0,0,0,0,0,0
540331,0,1,1998,0,0,0,0,0,0,0,0,0,0
540331,1,1,1998,0,0,0,0,0,0,0,0,0,0
550001,1,1,1998,0,0,0,0,0,0,0,0,0,0
550001,2,1,1998,0,0,0,0,0,0,0,0,0,0
550002,1,1,1998,18,18,11,0,0,15,17,0,0,0
550002,2,1,1998,0,0,0,0,0,0,0,0,0,0
550003,1,1,1998,0,0,0,0,0,0,0,0,0,0
550004,1,1,1998,0,0,0,0,0,0,0,0,24,7
550005,1,1,1998,11,11,11,11,11,11,11,11,11,11
550006,1,1,1998,10,10,10,10,10,10,10,10,10,10
550007,0,1,1998,0,0,0,0,0,0,0,0,0,0
550007,1,1,1998,0,0,0,0,0,0,0,0,0,0
550008,0,1,1998,6,6,6,6,6,6,6,6,6,6
550008,1,1,1998,0,0,0,0,0,0,0,0,0,0
550009,1,1,1998,10,10,10,10,10,10,10,10,10,10
550010,1,1,1998,0,0,0,0,0,0,0,0,0,0
550011,1,1,1998,0,0,0,0,0,0,0,0,0,0
550011,2,1,1998,0,0,0,0,0,0,0,0,0,0
550012,1,1,1998,0,0,0,0,0,0,0,0,0,0
550012,2,1,1998,0,0,0,0,0,0,0,0,0,0
550013,1,1,1998,25,25,25,25,25,25,25,25,25,25
550014,1,1,1998,0,0,0,0,0,0,0,0,0,0
550015,1,1,1998,0,0,0,0,0,0,0,0,0,0
550015,2,1,1998,0,9,0,0,0,0,0,0,0,0
550016,1,1,1998,25,25,25,25,25,25,25,25,25,25
550017,1,1,1998,0,0,0,0,0,16,27,0,0,0
550017,2,1,1998,0,0,0,0,0,0,0,0,0,0
550018,1,1,1998,0,0,0,0,0,0,0,0,0,0
550018,2,1,1998,1,1,1,1,1,1,1,1,1,1
550019,1,1,1998,0,0,0,0,0,0,0,0,0,0
550019,2,1,1998,15,0,15,0,0,0,0,0,0,0
550020,0,1,1998,0,0,0,0,0,0,0,0,0,0
550020,1,1,1998,0,0,0,0,0,0,0,0,0,0
550021,1,1,1998,21,21,21,21,21,21,21,21,21,21
550022,1,1,1998,0,0,0,0,0,0,0,0,0,0
550022,2,1,1998,0,0,0,0,0,0,0,0,0,0
550023,1,1,1998,0,0,0,0,0,0,0,0,0,0
550023,2,1,1998,0,0,0,0,0,0,0,0,0,0
550024,1,1,1998,0,0,0,0,0,0,0,0,0,0
550025,1,1,1998,0,0,0,0,0,0,0,0,0,0
550025,2,1,1998,0,0,0,0,0,0,0,0,0,0
550026,1,1,1998,0,0,0,0,0,0,0,0,0,0
550026,2,1,1998,0,0,0,0,0,0,0,0,0,0
550027,0,1,1998,8,8,8,8,8,8,8,8,8,8
550027,1,1,1998,0,0,0,0,0,0,0,0,0,0
550028,1,1,1998,0,0,0,0,0,0,4,0,0,0
550029,0,1,1998,14,14,14,14,14,14,14,14,14,14
550029,1,1,1998,12,12,12,12,12,12,12,12,12,12
550030,1,1,1998,0,0,0,0,0,0,0,0,0,0
550031,1,1,1998,0,0,0,0,0,0,0,0,0,0
550031,2,1,1998,0,0,0,0,0,0,0,0,0,0
550032,1,1,1998,0,0,0,0,0,0,0,0,0,0
550033,0,1,1998,0,0,0,0,0,0,0,0,0,0
550033,1,1,1998,0,0,0,0,0,0,0,0,0,0
550034,0,1,1998,0,0,0,0,0,0,0,0,0,0
550034,1,1,1998,0,0,0,8,0,0,0,0,0,0
550035,1,1,1998,0,0,0,0,0,0,0,0,0,0
550035,2,1,1998,0,0,0,0,0,0,0,0,0,0
550036,1,1,1998,6,6,6,6,6,6,6,6,6,6
550036,2,1,1998,0,0,0,0,0,0,0,0,0,0
550037,1,1,1998,20,20,20,20,20,20,20,20,20,20
550037,2,1,1998,0,0,0,0,0,0,0,0,6,0
550038,1,1,1998,22,22,22,22,22,22,22,22,22,22
550039,1,1,1998,0,0,0,0,0,0,0,0,0,0
550039,2,1,1998,0,0,0,0,0,0,0,0,0,0
550039,3,1,1998,0,0,0,0,0,0,0,0,0,0
550040,1,1,1998,0,0,0,0,0,0,0,0,0,0
550040,2,1,1998,0,0,0,0,0,0,0,0,0,0
550041,1,1,1998,0,0,0,0,0,0,0,0,0,0
550041,2,1,1998,0,0,0,0,0,0,0,0,0,0
550042,1,1,1998,0,0,0,0,0,0,0,0,0,0
550043,1,1,1998,0,0,0,0,0,0,0,0,0,0
550044,1,1,1998,0,0,0,0,0,0,0,0,0,0
550044,2,1,1998,0,0,0,0,0,0,0,0,0,0
550045,1,1,1998,0,0,0,0,0,0,0,0,0,0
550045,2,1,1998,0,0,0,0,0,0,0,0,0,0
550046,0,1,1998,0,0,0,0,0,0,0,0,0,0
550046,1,1,1998,2,2,2,2,2,2,2,2,2,2
550047,1,1,1998,0,0,0,0,0,0,0,0,0,0
550047,2,1,1998,0,0,0,0,0,0,0,0,0,0
550047,3,1,1998,0,0,0,0,0,0,0,0,0,0
550048,1,1,1998,0,0,0,0,0,27,0,0,0,0
550049,1,1,1998,16,16,16,16,16,16,16,16,16,16
550050,1,1,1998,15,15,15,15,15,15,15,15,15,15
550050,2,1,1998,0,0,0,0,0,0,0,0,0,0
550051,1,1,1998,0,0,0,0,0,0,0,0,0,0
550051,2,1,1998,0,0,0,0,0,0,0,0,0,0
550052,1,1,1998,0,0,0,0,0,0,0,0,0,0
550052,2,1,1998,0,0,0,0,0,0,0,0,0,0
550053,1,1,1998,7,7,7,7,7,7,7,7,7,7
550054,1,1,1998,0,0,0,0,0,0,0,0,0,0
550054,2,1,1998,0,0,0,0,0,0,0,0,0,0
550055,1,1,1998,0,0,0,0,0,0,0,0,0,0
550056,1,1,1998,0,0,0,0,0,0,0,0,0,0
550056,2,1,1998,0,0,0,0,0,0,0,0,0,0
550057,1,1,1998,0,0,0,0,0,0,0,0,0,0
550057,2,1,1998,0,0,0,0,0,0,0,0,0,0
550058,1,1,1998,8,8,8,8,8,8,8,8,8,8
550059,1,1,1998,0,0,0,0,0,0,0,0,0,0
550059,2,1,1998,0,0,0,0,0,0,0,0,0,0
550060,1,1,1998,0,0,0,0,0,0,0,0,0,0
550060,2,1,1998,0,0,0,0,0,0,0,0,0,0
550061,1,1,1998,17,17,17,17,17,17,17,17,17,17
550062,1,1,1998,23,23,23,23,23,23,23,23,23,23
550063,1,1,1998,0,0,0,0,0,0,0,0,0,0
550063,2,1,1998,0,0,0,0,0,0,0,0,0,0
550064,1,1,1998,7,7,7,7,7,7,7,7,7,7
550065,1,1,1998,17,17,17,17,17,17,17,17,17,17
550066,1,1,1998,22,22,22,22,22,22,22,22,22,22
550067,1,1,1998,0,0,0,0,0,0,0,0,0,0
550067,2,1,1998,0,0,0,0,0,0,0,0,0,0
550067,3,1,1998,0,0,0,0,0,0,0,0,0,0
550068,1,1,1998,0,0,0,0,0,0,0,0,0,0
550068,2,1,1998,7,7,7,7,7,7,7,7,7,7
550068,3,1,1998,0,0,0,0,0,0,0,0,0,0
550069,1,1,1998,0,0,0,0,0,0,0,0,0,0
550069,2,1,1998,0,0,0,0,0,0,0,0,0,0
550070,1,1,1998,0,0,0,0,0,0,0,0,0,0
550071,1,1,1998,0,0,0,0,0,0,0,0,0,0
550072,0,1,1998,17,17,17,17,17,17,17,17,17,17
550072,1,1,1998,0,0,0,0,0,0,0,0,0,0
550073,1,1,1998,21,21,21,21,21,21,21,21,21,21
550073,2,1,1998,0,0,0,0,0,0,0,0,0,0
550074,1,1,1998,18,18,18,18,18,18,18,18,18,18
550075,1,1,1998,20,20,20,20,20,20,20,20,20,20
550075,2,1,1998,13,13,13,13,13,13,13,13,13,13
550076,1,1,1998,0,0,0,0,0,0,0,0,0,0
550076,2,1,1998,0,0,0,0,0,0,0,0,0,0
550077,1,1,1998,0,0,0,0,0,0,0,0,0,0
550078,0,1,1998,20,20,20,20,20,20,20,20,20,20
550078,1,1,1998,5,5,5,5,5,5,5,5,5,5
550079,1,1,1998,0,0,0,0,0,0,0,0,0,0
550079,2,1,1998,0,4,0,0,0,0,0,0,0,0
550080,1,1,1998,3,3,3,3,3,3,3,3,3,3
550081,1,1,1998,0,0,0,0,0,0,0,0,0,0
550081,2,1,1998,0,0,0,0,0,0,0,0,0,0
550082,1,1,1998,0,0,0,0,3,0,0,0,0,0
550082,2,1,1998,0,0,0,0,0,0,0,0,0,0
550083,1,1,1998,0,0,0,0,0,0,0,0,0,0
550083,2,1,1998,0,0,0,0,0,0,0,0,0,0
550084,1,1,1998,0,0,0,0,0,0,0,0,0,0
550084,2,1,1998,0,0,0,0,0,0,0,0,0,0
550085,0,1,1998,24,31,17,10,27,21,37,12,2,62
550085,1,1,1998,13,0,0,6,0,7,0,24,0,0
550086,1,1,1998,0,0,0,0,0,0,0,0,0,0
550087,1,1,1998,0,0,0,0,0,0,0,0,0,0
550088,1,1,1998,22,22,22,22,22,22,22,22,22,22
550089,1,1,1998,27,19,0,0,0,13,3,9,10,0
550089,2,1,1998,0,0,0,0,0,0,0,0,0,0
550090,1,1,1998,0,0,0,0,0,0,0,0,0,0
550090,2,1,1998,0,0,0,0,0,0,0,0,0,0
550091,1,1,1998,0,0,0,0,0,0,0,0,0,0
550091,2,1,1998,0,0,0,0,0,0,0,0,0,0
550091,3,1,1998,0,0,0,0,0,0,0,0,0,0
550092,1,1,1998,6,20,0,0,15,15,10,0,0,0
550092,2,1,1998,0,0,0,0,0,0,0,0,0,0
550093,1,1,1998,27,27,27,27,27,27,27,27,27,27
550094,1,1,1998,0,0,0,0,0,0,0,0,0,0
550094,2,1,1998,0,0,0,0,0,0,0,0,0,0
550094,3,1,1998,0,0,0,0,0,0,0,0,0,0
550095,1,1,1998,0,0,0,0,0,0,0,0,0,0
550095,2,1,1998,14,14,14,14,14,14,14,14,14,14
550096,1,1,1998,0,0,0,0,0,0,0,0,0,0
550097,1,1,1998,0,0,0,0,0,0,0,0,0,0
550097,2,1,1998,0,0,0,0,0,0,0,0,0,0
550098,1,1,1998,0,0,0,0,0,0,0,0,0,0
550098,2,1,1998,0,0,0,0,0,0,0,0,0,0
550099,1,1,1998,11,11,11,11,11,11,11,11,11,11
550100,1,1,1998,0,0,0,0,0,0,6,16,0,0
550100,2,1,1998,0,0,9,0,0,0,0,0,0,0
550101,1,1,1998,0,0,0,0,0,0,0,0,0,0
550101,2,1,1998,0,0,0,0,0,0,0,0,0,0
550102,1,1,1998,19,19,19,19,19,19,19,19,19,19
550102,2,1,1998,0,0,0,0,0,0,0,0,0,0
550103,1,1,1998,0,0,0,0,0,0,0,0,0,0
550104,1,1,1998,18,18,18,18,18,18,18,18,18,18
550105,1,1,1998,0,0,0,0,0,0,0,0,0,0
550105,2,1,1998,0,0,0,0,0,0,0,0,0,0
550106,1,1,1998,0,0,0,0,0,0,0,0,0,0
550106,2,1,1998,0,0,0,0,0,0,0,0,0,0
550107,1,1,1998,0,0,0,0,0,0,0,0,0,0
550108,0,1,1998,0,0,0,0,0,0,0,0,0,0
550108,1,1,1998,0,0,0,0,0,0,0,0,0,0
550109,1,1,1998,8,8,8,8,8,8,8,8,8,8
550110,1,1,1998,12,12,12,12,12,12,12,12,12,12
550111,1,1,1998,6,6,6,6,6,6,6,6,6,6
550111,2,1,1998,0,0,0,0,0,0,0,0,0,0
550112,1,1,1998,0,0,0,0,0,0,0,0,0,0
550112,2,1,1998,0,0,0,0,0,0,0,0,0,0
550113,1,1,1998,28,28,28,28,28,28,28,28,28,28
550114,1,1,1998,18,18,18,18,18,18,18,18,18,18
550115,0,1,1998,0,0,0,0,0,0,0,0,0,0
550115,1,1,1998,0,0,0,0,0,0,0,0,0,0
550116,1,1,1998,0,0,0,0,0,0,0,0,0,0
550117,1,1,1998,13,13,13,13,13,13,13,13,13,13
550117,2,1,1998,0,0,0,0,0,0,0,0,0,0
550118,1,1,1998,0,0,0,0,0,0,0,0,0,0
550118,2,1,1998,0,0,0,0,0,0,0,0,0,0
550119,1,1,1998,16,16,16,16,16,16,16,16,16,16
550119,2,1,1998,0,0,0,0,0,0,0,0,0,0
550119,3,1,1998,7,20,17,20,8,10,12,0,16,0
550120,1,1,1998,0,0,0,0,0,0,0,21,28,0
550121,1,1,1998,18,18,18,18,18,18,18,18,18,18
550121,2,1,1998,0,0,0,0,0,10,0,0,0,28
550122,1,1,1998,0,0,0,0,0,6,0,0,0,0
550122,2,1,1998,0,18,0,0,0,0,0,0,0,5
550123,1,1,1998,0,0,0,0,0,0,0,0,0,0
550123,2,1,1998,0,0,0,0,0,0,0,0,0,0
550124,0,1,1998,29,29,29,29,29,29,29,29,29,29
550124,1,1,1998,0,0,0,0,0,0,0,0,0,0
550125,1,1,1998,0,0,0,0,0,0,0,0,0,0
550125,2,1,1998,0,0,0,0,0,0,0,0,0,0
550126,0,1,1998,11,11,11,11,11,11,11,11,11,11
550126,1,1,1998,0,0,0,0,0,0,0,0,0,0
550127,1,1,1998,43,43,43,43,43,43,43,43,43,43
550127,2,1,1998,0,0,0,0,0,0,0,0,0,0
550128,1,1,1998,6,6,6,6,6,6,6,6,6,6
550129,0,1,1998,0,0,0,0,0,0,0,0,0,0
550129,0,2,1998,0,0,14,0,0,0,0,0,16,25
550129,1,1,1998,0,0,0,0,0,0,0,0,0,0
550130,0,1,1998,27,27,27,27,27,27,27,27,27,27
550130,1,1,1998,1,1,1,1,1,1,1,1,1,1
550131,1,1,1998,2,2,2,2,2,2,2,2,2,2
550132,1,1,1998,0,0,0,0,0,0,0,0,0,0
550133,1,1,1998,0,0,0,0,0,0,0,0,0,0
550133,2,1,1998,0,0,0,0,0,0,0,0,0,0
550134,1,1,1998,0,0,0,0,0,0,0,0,0,0
550134,2,1,1998,0,0,0,0,0,0,0,0,0,0
550135,1,1,1998,0,0,0,0,0,0,0,0,0,0
550135,2,1,1998,0,0,0,0,0,0,0,0,0,0
550136,1,1,1998,0,0,0,0,0,0,0,0,0,0
550136,2,1,1998,0,0,0,0,0,0,0,0,0,0
550137,1,1,1998,35,35,35,35,35,35,35,35,35,35
550138,1,1,1998,0,0,0,0,0,0,0,0,0,0
550139,1,1,1998,0,0,21,2,7,7,18,10,26,0
550139,2,1,1998,0,0,0,0,0,0,0,0,0,11
550140,1,1,1998,0,0,0,0,0,0,0,0,0,0
550140,2,1,1998,0,0,0,0,0,0,0,0,0,0
550141,0,1,1998,0,0,0,0,0,0,0,0,0,0
550141,1,1,1998,0,0,0,0,0,0,0,0,0,0
550142,1,1,1998,29,29,29,29,29,29,29,29,29,29
550142,2,1,1998,0,0,0,0,0,0,0,0,0,0
550143,1,1,1998,15,15,15,15,15,15,15,15,15,15
550143,2,1,1998,0,0,0,0,0,0,0,0,0,0
550143,3,1,1998,0,0,0,0,0,0,0,0,0,0
550144,1,1,1998,0,0,0,0,0,0,0,0,0,0
550144,2,1,1998,0,0,0,0,0,0,0,0,0,0
550145,1,1,1998,0,0,0,0,0,0,0,0,11,0
550145,2,1,1998,9,0,0,0,0,19,0,0,10,0
550146,1,1,1998,30,30,30,30,30,30,30,30,30,30
550147,1,1,1998,19,19,19,19,19,19,19,19,19,19
550148,1,1,1998,0,0,0,12,17,13,0,0,0,0
550149,1,1,1998,23,23,23,23,23,23,23,23,23,23
550150,1,1,1998,0,0,0,0,0,0,0,15,0,0
550150,2,1,1998,25,0,15,10,0,0,0,0,0,0
550151,0,1,1998,6,6,6,6,6,6,6,6,6,6
550151,1,1,1998,12,0,0,9,19,0,0,0,0,0
550153,1,1,1998,10,10,10,10,10,10,10,10,10,10
550154,1,1,1998,0,0,0,0,0,0,0,0,0,0
550154,2,1,1998,0,0,0,0,0,0,0,0,0,0
550155,1,1,1998,0,0,0,0,0,0,0,0,0,0
550155,2,1,1998,12,12,12,12,12,12,12,12,12,12
550156,1,1,1998,25,25,25,25,25,25,25,25,25,25
550157,1,1,1998,30,30,30,30,30,30,30,30,30,30
550158,1,1,1998,0,0,0,0,0,0,0,0,0,0
550158,2,1,1998,0,0,0,0,0,0,0,0,0,0
550159,1,1,1998,27,27,27,27,27,27,27,27,27,27
550160,0,1,1998,0,0,0,0,0,0,0,0,0,0
550160,1,1,1998,0,0,0,0,0,0,0,0,0,0
550161,1,1,1998,25,25,25,25,25,25,25,25,25,25
550162,1,1,1998,18,18,18,18,18,18,18,18,18,18
550163,0,1,1998,0,0,0,0,0,0,0,0,0,0
550163,1,1,1998,0,0,0,0,0,0,0,0,0,0
550164,1,1,1998,0,0,0,0,0,0,0,0,0,0
550165,1,1,1998,37,37,37,37,37,37,37,37,37,37
550166,1,1,1998,14,14,14,14,14,14,14,14,14,14
550167,1,1,1998,14,14,14,14,14,14,14,14,14,14
550168,0,1,1998,0,0,0,0,0,0,0,0,0,0
550168,1,1,1998,0,0,0,0,0,0,0,0,0,0
550169,1,1,1998,0,0,0,0,0,0,0,0,0,0
550169,2,1,1998,0,0,0,0,0,0,0,0,0,0
550170,1,1,1998,28,28,28,28,28,28,28,28,28,28
550171,1,1,1998,0,0,0,0,0,0,0,0,0,0
550171,2,1,1998,0,0,0,0,0,0,0,0,0,0
550172,1,1,1998,0,0,0,0,0,0,0,0,0,0
550172,2,1,1998,0,0,0,0,0,0,0,0,0,0
550173,1,1,1998,11,14,0,0,0,0,0,0,0,0
550173,2,1,1998,0,0,0,0,0,0,0,0,0,0
550174,1,1,1998,0,0,0,0,0,0,0,0,0,0
550174,2,1,1998,0,0,0,0,0,0,0,0,0,0
550175,1,1,1998,17,17,17,17,17,17,17,17,17,17
550176,1,1,1998,0,0,0,0,0,0,0,11,23,0
550177,1,1,1998,0,0,0,0,0,0,0,0,0,0
550177,2,1,1998,0,0,0,0,0,0,0,15,0,0
550178,1,1,1998,0,0,0,0,0,0,0,0,0,0
550178,2,1,1998,0,0,0,0,0,0,0,0,0,0
550179,1,1,1998,0,0,0,0,0,0,0,0,0,0
550179,2,1,1998,0,0,0,0,0,0,0,0,0,0
550180,1,1,1998,0,0,0,0,0,0,0,0,0,0
550180,2,1,1998,0,0,0,0,0,0,0,0,0,0
550180,3,1,1998,0,0,0,0,0,0,0,0,0,0
550181,1,1,1998,0,0,0,0,0,0,0,0,0,0