ST_CASE,VEH_NO,PER_NO,YEAR,P1,P2,P3,P4,P5,P6,P7,P8,P9,P10
550182,0,1,1998,0,0,0,0,0,0,0,0,0,0
550182,1,1,1998,0,0,0,0,0,0,0,0,0,0
550183,1,1,1998,0,0,0,0,0,0,0,0,0,0
550183,2,1,1998,0,0,0,0,0,0,0,0,0,0
550184,1,1,1998,0,0,0,0,0,0,0,0,0,0
550184,2,1,1998,0,0,0,0,0,0,0,0,0,0
550185,0,1,1998,18,7,16,0,12,0,13,0,0,39
550185,1,1,1998,22,22,22,22,22,22,22,22,22,22
550186,1,1,1998,0,0,0,0,0,0,0,0,0,0
550187,1,1,1998,0,0,0,0,0,0,0,0,0,0
550187,2,1,1998,0,0,0,0,0,0,0,0,0,0
550188,1,1,1998,23,23,23,23,23,23,23,23,23,23
550189,1,1,1998,0,0,0,0,0,0,0,0,0,0
550189,2,1,1998,0,0,0,0,0,0,0,0,0,0
550190,1,1,1998,0,0,0,0,0,0,0,0,0,0
550190,2,1,1998,0,0,0,0,0,0,0,0,0,0
550191,1,1,1998,0,0,0,0,0,0,0,0,0,0
550191,2,1,1998,0,0,0,0,0,0,0,0,0,0
550192,1,1,1998,15,15,15,15,15,15,15,15,15,15
550193,1,1,1998,0,0,0,0,0,0,0,0,0,0
550194,1,1,1998,0,0,0,0,0,0,0,0,0,0
550195,1,1,1998,26,26,26,26,26,26,26,26,26,26
550196,1,1,1998,14,14,14,14,14,14,14,14,14,14
550197,0,1,1998,0,0,0,0,0,0,0,0,0,0
550197,1,1,1998,0,0,0,0,0,0,0,0,0,0
550198,1,1,1998,0,0,0,0,0,0,0,0,0,0
550199,1,1,1998,0,0,0,0,0,0,0,0,0,0
550200,1,1,1998,0,0,0,0,0,0,0,0,0,0
550200,2,1,1998,1,1,1,1,1,1,1,1,1,1
550201,1,1,1998,0,0,0,0,0,0,0,0,0,0
550201,2,1,1998,0,0,0,0,0,0,0,0,0,0
550202,0,1,1998,34,34,34,34,34,34,34,34,34,34
550202,1,1,1998,10,6,0,0,13,0,0,0,0,0
550203,1,1,1998,6,6,6,6,6,6,6,6,6,6
550203,2,1,1998,0,0,0,0,0,0,0,0,0,25
550203,3,1,1998,8,8,8,8,8,8,8,8,8,8
550204,1,1,1998,0,0,0,0,0,0,0,0,0,0
550205,0,1,1998,0,0,0,0,0,0,0,0,0,0
550206,0,1,1998,21,21,21,21,21,21,21,21,21,21
550206,1,1,1998,35,35,35,35,35,35,35,35,35,35
550207,1,1,1998,0,0,19,0,17,0,0,2,0,2
550208,1,1,1998,16,16,16,16,16,16,16,16,16,16
550209,1,1,1998,0,0,0,0,0,0,0,0,0,0
550209,2,1,1998,0,0,0,0,0,0,0,0,0,0
550210,0,1,1998,29,29,29,29,29,29,29,29,29,29
550210,1,1,1998,8,8,8,8,8,8,8,8,8,8
550211,1,1,1998,21,21,21,21,21,21,21,21,21,21
550212,1,1,1998,2,2,2,2,2,2,2,2,2,2
550212,2,1,1998,0,0,0,0,0,0,0,0,0,0
550213,1,1,1998,0,0,0,3,0,0,0,0,0,0
550214,1,1,1998,0,3,28,16,6,16,8,20,17,13
550215,1,1,1998,25,25,25,25,25,25,25,25,25,25
550216,1,1,1998,0,0,0,0,0,0,0,0,0,0
550216,2,1,1998,0,0,0,0,0,0,0,0,0,0
550217,1,1,1998,0,0,0,0,0,0,0,0,0,0
550218,1,1,1998,0,0,0,0,0,0,0,0,0,0
550219,1,1,1998,0,0,0,0,0,0,0,0,0,0
550219,2,1,1998,0,0,0,0,0,0,0,0,0,0
550219,3,1,1998,0,0,0,0,0,0,0,0,0,0
550219,4,1,1998,0,0,11,0,0,0,0,0,0,0
550220,1,1,1998,0,0,0,0,0,0,0,0,0,0
550220,2,1,1998,0,0,0,0,0,0,0,0,0,0
550221,1,1,1998,12,12,12,12,12,12,12,12,12,12
550222,1,1,1998,0,0,0,0,0,0,0,0,0,0
550222,2,1,1998,9,9,9,9,9,9,9,9,9,9
550223,1,1,1998,0,0,0,0,0,0,0,0,0,0
550224,1,1,1998,34,34,34,34,34,34,34,34,34,34
550225,1,1,1998,0,0,0,0,0,0,0,0,0,0
550225,2,1,1998,0,0,0,0,0,0,0,0,0,0
550225,3,1,1998,0,0,0,0,0,0,0,0,0,0
550226,1,1,1998,0,0,0,0,0,0,0,0,0,0
550227,1,1,1998,0,0,0,0,0,0,0,0,0,0
550227,2,1,1998,0,0,0,0,0,0,0,0,0,0
550227,3,1,1998,0,0,0,0,0,0,0,0,0,0
550228,1,1,1998,0,0,0,0,0,0,0,0,0,0
550228,2,1,1998,0,0,0,0,0,0,0,0,0,0
550229,1,1,1998,16,16,16,16,16,16,16,16,16,16
550230,1,1,1998,0,0,0,0,0,0,0,0,0,0
550230,2,1,1998,0,0,0,0,0,0,0,0,0,0
550231,0,1,1998,9,9,9,9,9,9,9,9,9,9
550231,1,1,1998,19,19,19,19,19,19,19,19,19,19
550232,1,1,1998,24,24,24,24,24,24,24,24,24,24
550233,1,1,1998,0,0,0,0,0,0,0,0,0,0
550233,2,1,1998,0,0,0,0,0,0,0,0,0,0
550234,1,1,1998,0,0,0,0,0,0,0,0,0,0
550234,2,1,1998,0,0,0,10,0,0,0,0,0,0
550235,1,1,1998,0,0,0,0,0,0,0,0,0,0
550235,2,1,1998,0,0,0,11,0,0,0,0,0,0
550236,1,1,1998,0,0,0,0,0,0,0,0,0,0
550236,2,1,1998,0,0,0,0,0,0,0,0,0,0
550237,1,1,1998,0,0,0,0,0,0,0,0,0,0
550237,2,1,1998,0,0,0,0,0,0,0,0,0,0
550238,1,1,1998,0,0,0,0,0,0,0,0,0,0
550238,2,1,1998,0,0,0,0,0,0,0,0,0,0
550239,1,1,1998,0,0,0,0,0,0,0,0,0,0
550239,2,1,1998,0,0,0,0,0,0,0,0,0,0
550240,1,1,1998,0,0,0,0,0,0,0,0,0,0
550241,1,1,1998,0,0,0,0,0,0,0,0,0,0
550241,2,1,1998,15,0,0,0,0,0,0,0,0,0
550242,1,1,1998,0,0,0,0,0,0,0,0,0,0
550242,2,1,1998,0,0,0,0,0,0,0,0,0,0
550243,1,1,1998,0,0,14,0,0,0,0,0,0,0
550244,1,1,1998,0,0,0,0,0,0,0,0,0,0
550245,1,1,1998,0,0,0,0,0,0,0,0,0,0
550245,2,1,1998,0,0,0,0,0,0,0,0,0,0
550246,1,1,1998,0,0,0,0,0,0,0,0,0,0
550246,2,1,1998,14,14,14,14,14,14,14,14,14,14
550247,0,1,1998,29,29,29,29,29,29,29,29,29,29
550247,1,1,1998,0,0,0,0,0,0,0,0,0,0
550248,1,1,1998,17,17,17,17,17,17,17,17,17,17
550248,2,1,1998,0,0,0,0,0,0,0,0,0,0
550249,1,1,1998,0,0,0,0,0,0,0,0,0,0
550250,1,1,1998,0,0,0,0,0,0,0,0,0,0
550250,2,1,1998,0,0,0,13,0,0,0,0,0,0
550251,1,1,1998,0,0,0,0,0,0,0,13,0,0
550251,2,1,1998,0,0,0,0,0,0,0,0,0,0
550252,1,1,1998,25,25,25,25,25,25,25,25,25,25
550252,2,1,1998,0,0,0,0,0,0,0,0,0,0
550253,0,1,1998,0,0,0,8,23,0,0,12,0,0
550253,1,1,1998,0,0,16,0,0,0,0,0,0,0
550254,1,1,1998,0,0,0,0,0,0,0,0,0,11
550255,1,1,1998,0,0,0,0,23,0,0,22,3,7
550256,1,1,1998,10,10,10,10,10,10,10,10,10,10
550256,2,1,1998,0,0,0,0,0,0,0,0,0,10
550257,0,1,1998,14,14,14,14,14,14,14,14,14,14
550257,1,1,1998,18,0,18,0,0,0,0,0,0,0
550258,1,1,1998,0,0,0,0,0,0,0,0,0,0
550258,2,1,1998,0,0,0,0,0,0,0,0,0,0
550259,1,1,1998,21,21,21,21,21,21,21,21,21,21
550260,1,1,1998,0,0,0,0,0,0,0,0,0,0
550260,2,1,1998,0,0,0,0,0,0,0,0,0,0
550261,1,1,1998,33,33,33,33,33,33,33,33,33,33
550262,1,1,1998,5,5,5,5,5,5,5,5,5,5
550263,1,1,1998,0,0,0,0,0,0,0,0,0,0
550263,2,1,1998,0,0,0,0,0,0,0,0,0,0
550264,1,1,1998,0,0,0,0,0,0,0,0,0,0
550264,2,1,1998,0,0,0,0,0,0,0,0,0,0
550265,1,1,1998,17,17,17,17,17,17,17,17,17,17
550266,1,1,1998,7,7,7,7,7,7,7,7,7,7
550267,1,1,1998,0,0,0,0,0,0,0,0,0,0
550267,2,1,1998,0,0,0,0,0,0,0,0,0,0
550268,1,1,1998,0,0,0,0,0,0,0,0,0,0
550269,1,1,1998,13,13,13,13,13,13,13,13,13,13
550270,1,1,1998,0,0,0,0,19,18,21,14,0,17
550271,1,1,1998,0,0,0,0,0,0,0,0,0,0
550271,2,1,1998,0,0,0,0,0,0,0,0,0,24
550272,1,1,1998,15,15,15,15,15,15,15,15,15,15
550273,1,1,1998,10,10,10,10,10,10,10,10,10,10
550274,1,1,1998,0,0,0,0,0,0,0,0,0,0
550275,1,1,1998,27,27,27,27,27,27,27,27,27,27
550276,1,1,1998,0,0,0,0,0,0,0,0,0,0
550276,2,1,1998,0,0,0,0,0,0,0,0,0,0
550277,1,1,1998,11,11,11,11,11,11,11,11,11,11
550278,1,1,1998,17,17,17,17,17,17,17,17,17,17
550279,1,1,1998,0,0,0,14,0,0,0,0,0,0
550280,1,1,1998,0,0,0,0,0,0,0,0,0,0
550280,2,1,1998,0,0,0,0,0,0,0,0,0,0
550281,1,1,1998,0,0,0,0,0,0,0,0,0,0
550281,2,1,1998,14,14,14,14,14,14,14,14,14,14
550282,1,1,1998,17,17,17,17,17,17,17,17,17,17
550283,1,1,1998,7,7,7,7,7,7,7,7,7,7
550283,2,1,1998,0,0,0,0,0,0,10,0,0,17
550283,3,1,1998,0,0,0,0,0,0,0,0,0,0
550284,0,1,1998,0,0,0,0,0,0,0,0,0,0
550284,1,1,1998,0,0,0,0,0,0,0,0,0,0
550285,1,1,1998,0,0,0,0,0,0,0,0,0,0
550285,2,1,1998,0,0,0,0,0,0,0,0,0,0
550286,0,1,1998,0,0,0,8,0,0,0,0,0,0
550286,1,1,1998,0,0,0,0,0,0,0,0,0,0
550287,1,1,1998,0,0,0,0,0,0,0,0,0,0
550287,2,1,1998,0,0,0,0,0,0,0,0,0,0
550287,3,1,1998,0,0,0,0,0,0,0,0,0,0
550288,1,1,1998,0,0,0,0,0,0,0,0,0,0
550289,0,1,1998,0,0,0,0,0,0,0,0,0,0
550289,1,1,1998,0,0,0,0,0,0,0,0,0,0
550290,1,1,1998,33,33,33,33,33,33,33,33,33,33
550291,1,1,1998,26,26,26,26,26,26,26,26,26,26
550291,2,1,1998,14,14,14,14,14,14,14,14,14,14
550292,1,1,1998,0,0,0,0,0,0,0,0,0,0
550293,1,1,1998,0,0,0,0,0,0,0,0,0,0
550294,1,1,1998,0,0,0,0,0,0,0,0,0,0
550294,2,1,1998,0,0,0,0,0,0,0,0,0,0
550295,1,1,1998,0,0,0,0,0,0,0,0,0,0
550295,2,1,1998,0,0,0,0,0,0,0,0,0,0
550296,1,1,1998,0,0,0,0,0,0,0,0,0,0
550296,2,1,1998,0,0,0,0,0,0,0,0,0,0
550297,1,1,1998,0,0,0,0,0,0,0,0,0,0
550298,1,1,1998,16,16,16,16,16,16,16,16,16,16
550298,2,1,1998,0,0,0,0,0,0,0,0,0,13
550299,1,1,1998,0,11,0,0,0,0,0,0,0,0
550299,2,1,1998,0,0,0,0,0,0,0,0,0,0
550300,1,1,1998,14,10,0,12,0,4,8,7,0,26
550300,2,1,1998,0,0,0,0,0,0,0,0,0,0
550301,1,1,1998,0,0,0,0,0,0,0,0,0,0
550301,2,1,1998,0,11,10,0,0,0,0,0,0,0
550301,3,1,1998,0,0,0,0,0,0,0,0,0,0
550302,1,1,1998,21,21,21,21,21,21,21,21,21,21
550303,1,1,1998,14,14,14,14,14,14,14,14,14,14
550304,1,1,1998,21,21,21,21,21,21,21,21,21,21
550305,1,1,1998,20,20,20,20,20,20,20,20,20,20
550305,2,1,1998,0,0,0,0,0,0,0,0,0,0
550305,3,1,1998,0,0,0,0,0,0,0,0,0,0
550306,1,1,1998,0,0,0,0,0,0,0,0,0,0
550307,1,1,1998,0,0,0,15,0,18,0,0,0,15
550308,1,1,1998,16,16,16,16,16,16,16,16,16,16
550309,1,1,1998,0,0,0,0,0,0,0,0,0,0
550310,1,1,1998,0,0,0,0,0,0,0,0,0,0
550311,1,1,1998,0,0,0,0,0,0,0,0,0,0
550312,0,1,1998,0,0,0,0,0,0,0,0,0,0
550312,1,1,1998,0,0,0,0,0,0,0,0,0,0
550313,1,1,1998,16,16,16,16,16,16,16,16,16,16
550314,1,1,1998,0,0,0,0,0,0,0,0,0,0
550315,1,1,1998,15,15,15,15,15,15,15,15,15,15
550315,2,1,1998,0,0,0,0,0,0,0,0,0,0
550315,3,1,1998,0,0,0,0,0,0,0,0,0,0
550316,1,1,1998,0,0,0,0,0,0,0,0,0,0
550316,2,1,1998,0,0,0,0,0,0,0,0,0,0
550317,1,1,1998,2,2,2,2,2,2,2,2,2,2
550317,2,1,1998,17,17,17,17,17,17,17,17,17,17
550318,1,1,1998,0,0,0,0,0,0,0,0,0,0
550318,2,1,1998,0,0,0,0,0,0,0,0,0,0
550319,1,1,1998,0,0,0,0,0,0,0,0,0,0
550319,2,1,1998,0,0,0,0,0,0,0,0,0,0
550320,1,1,1998,4,4,4,4,4,4,4,4,4,4
550321,1,1,1998,0,0,0,0,0,0,0,0,0,0
550321,2,1,1998,0,0,0,0,0,0,0,0,0,0
550322,1,1,1998,0,0,0,0,0,0,0,0,0,0
550322,2,1,1998,0,0,0,0,0,0,0,0,0,0
550323,1,1,1998,5,5,5,5,5,5,5,5,5,5
550324,1,1,1998,0,0,0,0,0,0,0,0,0,0
550325,0,1,1998,12,12,12,12,12,12,12,12,12,12
550325,1,1,1998,0,0,0,0,0,0,0,0,0,0
550326,1,1,1998,0,0,0,0,0,0,0,0,0,0
550326,2,1,1998,0,0,0,0,0,0,0,0,0,0
550327,1,1,1998,16,16,16,16,16,16,16,16,16,16
550328,1,1,1998,0,0,0,0,0,0,0,0,0,0
550328,2,1,1998,19,19,19,19,19,19,19,19,19,19
550329,1,1,1998,8,8,8,8,8,8,8,8,8,8
550330,0,1,1998,0,0,0,0,0,0,0,0,0,0
550330,1,1,1998,4,40,0,26,11,0,31,17,7,8
550331,1,1,1998,1,1,1,1,1,1,1,1,1,1
550332,1,1,1998,0,4,0,24,0,0,0,0,0,0
550332,2,1,1998,8,0,0,0,0,0,0,17,0,0
550333,1,1,1998,16,16,16,16,16,16,16,16,16,16
550334,1,1,1998,20,16,0,0,0,0,0,0,0,17
550335,1,1,1998,22,22,22,22,22,22,22,22,22,22
550336,1,1,1998,0,0,0,0,0,0,0,0,0,0
550336,2,1,1998,0,0,0,0,0,0,0,0,0,0
550337,1,1,1998,0,0,0,0,0,0,0,0,0,0
550338,1,1,1998,5,5,5,5,5,5,5,5,5,5
550338,2,1,1998,0,0,0,0,0,0,0,0,0,0
550339,1,1,1998,0,0,0,0,0,0,0,0,0,0
550340,1,1,1998,0,0,0,0,0,0,0,0,0,0
550340,2,1,1998,0,0,0,0,0,0,0,0,0,0
550340,3,1,1998,0,0,0,0,0,0,0,0,0,0
550341,1,1,1998,0,0,0,0,0,0,0,0,0,0
550341,2,1,1998,0,0,0,0,0,0,0,0,0,0
550342,1,1,1998,0,0,0,0,0,0,0,0,0,0
550342,2,1,1998,0,0,0,0,0,0,0,0,0,0
550343,1,1,1998,19,19,19,19,19,19,19,19,19,19
550344,1,1,1998,0,0,0,0,0,0,0,0,0,0
550344,2,1,1998,0,0,0,0,0,0,0,0,0,0
550345,1,1,1998,0,0,0,0,0,0,0,0,0,0
550345,2,1,1998,0,0,0,0,0,0,0,0,0,0
550346,1,1,1998,0,0,0,0,0,0,0,0,0,0
550347,1,1,1998,0,0,0,0,0,0,0,0,0,0
550348,1,1,1998,0,0,0,0,0,0,0,0,0,0
550349,1,1,1998,13,13,13,13,13,13,13,13,13,13
550349,2,1,1998,0,0,0,0,0,0,0,0,0,0
550350,1,1,1998,0,0,0,0,0,0,0,0,0,0
550351,1,1,1998,0,0,0,0,0,0,0,0,0,0
550351,2,1,1998,0,0,0,0,0,0,0,0,0,0
550352,1,1,1998,19,19,19,19,19,19,19,19,19,19
550352,2,1,1998,0,0,0,0,0,0,0,0,0,0
550353,1,1,1998,0,0,0,0,0,0,0,0,0,0
550353,2,1,1998,0,0,0,0,0,0,0,0,0,0
550354,1,1,1998,0,0,0,0,0,0,0,0,0,0
550354,2,1,1998,0,0,0,0,0,0,0,0,0,0
550355,1,1,1998,0,0,0,0,0,0,0,0,0,0
550355,2,1,1998,0,0,0,0,0,0,0,0,0,0
550356,0,1,1998,21,21,21,21,21,21,21,21,21,21
550356,1,1,1998,0,0,0,0,0,0,0,0,0,0
550357,1,1,1998,0,0,0,0,0,0,0,0,0,0
550358,1,1,1998,0,0,0,0,0,0,0,0,0,0
550359,0,1,1998,0,0,0,0,0,0,0,0,0,0
550359,1,1,1998,0,0,0,0,0,0,0,0,0,0
550360,1,1,1998,0,0,0,0,0,0,0,0,0,0
550360,2,1,1998,0,0,0,0,0,0,0,0,0,0
550361,1,1,1998,23,0,0,0,20,0,31,0,0,0
550361,2,1,1998,22,22,22,22,22,22,22,22,22,22
550362,1,1,1998,0,0,0,0,0,0,0,0,0,0
550363,1,1,1998,0,0,0,0,0,0,0,0,0,0
550364,1,1,1998,0,0,0,0,0,0,0,0,0,0
550365,1,1,1998,0,0,0,0,0,0,0,0,0,0
550365,2,1,1998,0,0,0,0,0,0,13,0,0,0
550366,1,1,1998,25,25,25,25,25,25,25,25,25,25
550366,2,1,1998,8,8,8,8,8,8,8,8,8,8
550367,1,1,1998,15,15,15,15,15,15,15,15,15,15
550368,1,1,1998,0,28,0,0,0,0,0,0,0,0
550368,2,1,1998,0,24,0,0,0,6,0,0,0,0
550369,1,1,1998,0,0,0,0,0,0,0,0,0,0
550369,2,1,1998,0,0,0,0,0,0,0,0,0,0
550369,3,1,1998,0,0,0,0,0,0,0,0,0,0
550370,1,1,1998,16,16,16,16,16,16,16,16,16,16
550371,1,1,1998,0,0,0,0,0,0,0,0,0,0
550371,2,1,1998,0,0,0,0,0,0,0,0,0,0
550372,1,1,1998,0,0,0,0,0,0,0,0,0,0
550372,2,1,1998,0,0,0,0,0,0,0,0,0,0
550373,0,1,1998,0,0,0,0,0,0,0,0,0,0
550373,1,1,1998,0,0,0,0,0,0,0,0,2,0
550374,1,1,1998,0,0,0,0,0,0,0,0,0,0
550375,1,1,1998,11,11,11,11,11,11,11,11,11,11
550376,1,1,1998,27,27,27,27,27,27,27,27,27,27
550376,2,1,1998,0,0,3,0,15,6,0,6,0,0
550376,3,1,1998,0,0,0,23,5,0,0,0,0,0
550377,1,1,1998,9,9,9,9,9,9,9,9,9,9
550378,1,1,1998,0,0,0,0,0,0,0,0,0,0
550378,2,1,1998,0,0,0,0,0,0,0,0,0,0
550379,1,1,1998,15,15,15,15,15,15,15,15,15,15
550380,1,1,1998,0,0,0,0,0,0,0,0,0,0
550380,2,1,1998,0,0,0,0,0,0,0,0,0,0
550381,1,1,1998,26,26,26,26,26,26,26,26,26,26
550381,2,1,1998,0,0,0,0,0,1,0,0,0,0
550382,1,1,1998,23,23,23,23,23,23,23,23,23,23
550383,1,1,1998,16,19,27,0,18,17,0,0,10,18
550384,1,1,1998,13,13,13,13,13,13,13,13,13,13
550384,2,1,1998,0,0,0,0,0,0,0,0,0,0
550385,1,1,1998,15,15,15,15,15,15,15,15,15,15
550386,0,1,1998,0,0,0,0,0,0,0,0,0,0
550386,1,1,1998,0,0,0,0,0,0,0,0,0,0
550387,1,1,1998,0,0,0,0,0,0,0,0,0,0
550388,1,1,1998,0,0,0,0,0,0,0,0,0,0
550388,2,1,1998,0,10,0,0,0,0,0,0,0,0
550389,0,1,1998,0,0,0,0,0,0,0,0,0,0
550389,1,1,1998,0,0,0,0,0,0,0,0,0,0
550390,1,1,1998,0,0,0,0,0,0,0,0,0,0
550390,2,1,1998,0,0,0,0,0,0,0,0,0,0
550391,1,1,1998,23,23,23,23,23,23,23,23,23,23
550392,1,1,1998,4,4,4,4,4,4,4,4,4,4
550393,0,1,1998,0,0,0,0,0,0,0,0,0,0
550393,1,1,1998,0,0,0,0,0,0,0,0,0,0
550394,1,1,1998,0,0,0,0,0,0,0,0,0,0
550394,2,1,1998,0,0,0,0,0,0,0,0,0,0
550395,1,1,1998,11,0,0,0,19,0,0,21,0,0
550395,2,1,1998,0,0,0,0,0,0,0,0,0,0
550396,1,1,1998,17,17,17,17,17,17,17,17,17,17
550397,1,1,1998,13,13,13,13,13,13,13,13,13,13
550397,2,1,1998,0,0,15,0,0,0,0,0,10,0
550398,1,1,1998,26,26,26,26,26,26,26,26,26,26
550399,1,1,1998,22,22,22,22,22,22,22,22,22,22
550400,1,1,1998,27,27,27,27,27,27,27,27,27,27
550401,1,1,1998,18,18,18,18,18,18,18,18,18,18
550402,1,1,1998,15,15,15,15,15,15,15,15,15,15
550403,1,1,1998,17,0,0,0,0,0,5,16,25,0
550403,2,1,1998,0,0,0,0,0,0,0,0,0,0
550404,1,1,1998,0,0,0,0,0,0,0,0,0,0
550404,2,1,1998,0,0,0,0,20,0,0,0,0,0
550405,1,1,1998,6,0,0,0,0,0,0,0,0,0
550405,2,1,1998,0,0,5,0,0,0,0,0,0,0
550405,3,1,1998,0,0,0,0,0,0,19,0,0,0
550406,1,1,1998,34,34,34,34,34,34,34,34,34,34
550407,0,1,1998,10,10,10,10,10,10,10,10,10,10
550407,1,1,1998,0,0,0,0,0,0,0,0,0,0
550408,1,1,1998,0,0,0,0,0,0,0,0,0,0
550408,2,1,1998,15,15,15,15,15,15,15,15,15,15
550409,0,1,1998,22,22,22,22,22,22,22,22,22,22
550409,1,1,1998,0,0,0,0,0,0,0,0,0,0
550410,1,1,1998,22,22,22,22,22,22,22,22,22,22
550411,1,1,1998,0,0,0,0,0,0,0,0,0,0
550411,2,1,1998,0,0,0,0,0,0,0,0,0,0
550412,1,1,1998,29,29,29,29,29,29,29,29,29,29
550413,1,1,1998,8,8,8,8,8,8,8,8,8,8
550414,1,1,1998,23,23,23,23,23,23,23,23,23,23
550415,1,1,1998,10,10,10,10,10,10,10,10,10,10
550416,1,1,1998,27,27,27,27,27,27,27,27,27,27
550417,1,1,1998,0,0,0,0,0,0,0,0,0,0
550418,1,1,1998,0,0,0,0,0,0,0,0,0,0
550419,1,1,1998,29,29,29,29,29,29,29,29,29,29
550420,1,1,1998,11,11,11,11,11,11,11,11,11,11
550421,1,1,1998,19,19,19,19,19,19,19,19,19,19
550422,1,1,1998,0,0,0,0,0,0,0,0,0,0
550422,2,1,1998,0,0,0,0,0,0,0,0,0,0
550423,1,1,1998,0,0,0,0,0,0,0,0,0,0
550423,2,1,1998,13,13,13,13,13,13,13,13,13,13
550424,1,1,1998,0,0,0,0,0,0,0,0,0,0
550424,2,1,1998,0,0,0,0,0,0,0,0,0,0
550424,3,1,1998,0,0,0,9,0,0,0,0,0,0
550425,1,1,1998,0,0,0,0,0,0,0,0,0,0
550425,2,1,1998,0,0,0,0,0,0,0,0,0,0
550426,1,1,1998,0,0,0,0,0,0,0,0,0,0
550426,2,1,1998,0,0,0,0,0,0,0,0,0,0
550427,1,1,1998,13,13,13,13,13,13,13,13,13,13
550428,1,1,1998,19,10,13,20,19,15,36,15,0,15
550429,0,1,1998,0,0,0,0,0,0,0,0,0,0
550429,1,1,1998,0,0,0,0,0,0,0,23,0,0
550430,1,1,1998,0,0,0,0,0,0,0,0,0,0
550430,2,1,1998,0,0,0,0,0,0,0,0,0,0
550431,1,1,1998,0,0,0,0,0,0,0,0,0,0
550431,2,1,1998,0,0,0,0,0,0,0,0,0,0
550432,0,1,1998,0,0,0,0,0,0,0,0,0,0
550432,1,1,1998,0,0,0,0,0,0,0,0,0,0
550433,1,1,1998,0,0,0,0,0,0,0,0,0,0
550433,2,1,1998,0,0,0,0,0,0,0,0,0,0
550434,1,1,1998,1,1,1,1,1,1,1,1,1,1
550434,2,1,1998,5,5,5,5,5,5,5,5,5,5
550435,1,1,1998,12,12,12,12,12,12,12,12,12,12
550436,0,1,1998,0,0,30,0,0,0,0,0,0,12
550436,1,1,1998,0,0,0,0,0,0,0,0,0,0
550437,1,1,1998,0,0,0,0,0,0,0,0,0,0
550437,2,1,1998,18,0,1,10,0,0,0,17,0,15
550438,1,1,1998,34,34,34,34,34,34,34,34,34,34
550439,1,1,1998,0,0,0,0,6,0,0,0,0,0
550439,2,1,1998,0,0,0,0,0,0,0,0,0,0
550440,1,1,1998,0,0,0,0,0,0,0,0,0,0
550440,2,1,1998,0,0,0,0,0,0,0,9,0,0
550441,0,1,1998,0,0,0,0,0,0,0,0,0,0
550441,1,1,1998,0,0,0,0,0,0,0,0,0,0
550442,1,1,1998,21,21,21,21,21,21,21,21,21,21
550443,1,1,1998,0,0,0,0,0,0,0,0,0,0
550444,1,1,1998,29,29,29,29,29,29,29,29,29,29
550445,0,1,1998,0,0,0,0,0,0,0,0,0,0
550445,0,2,1998,0,0,0,0,0,0,0,0,0,0
550445,1,1,1998,0,0,0,0,0,0,0,0,0,0
550446,1,1,1998,0,0,0,0,0,0,0,0,0,0
550446,2,1,1998,0,0,0,0,0,0,0,0,0,0
550447,0,1,1998,0,0,0,7,0,0,13,0,0,0
550447,1,1,1998,0,0,0,0,0,0,0,0,0,0
550448,1,1,1998,0,0,0,0,0,0,0,0,0,0
550448,2,1,1998,0,0,0,0,0,0,0,0,0,0
550449,1,1,1998,0,0,0,0,0,0,19,0,0,0
550449,2,1,1998,0,0,0,0,0,0,0,0,0,0
550450,1,1,1998,26,26,26,26,26,26,26,26,26,26
550451,1,1,1998,0,0,0,0,0,0,0,0,0,0
550452,1,1,1998,0,0,0,0,0,0,0,0,0,0
550453,1,1,1998,0,0,0,0,0,0,0,0,0,0
550454,1,1,1998,15,15,15,15,15,15,15,15,15,15
550454,2,1,1998,0,0,0,0,0,0,0,0,0,0
550455,0,1,1998,22,22,22,22,22,22,22,22,22,22
550455,1,1,1998,0,0,0,0,0,0,0,9,8,0
550456,1,1,1998,0,0,0,0,0,0,0,0,0,0
550457,1,1,1998,0,0,0,0,0,0,0,0,0,0
550458,1,1,1998,8,8,8,8,8,8,8,8,8,8
550459,1,1,1998,0,0,0,0,0,0,0,0,0,0
550459,2,1,1998,0,0,0,0,0,0,0,0,0,0
550460,1,1,1998,27,27,27,27,27,27,27,27,27,27
550461,1,1,1998,26,26,26,26,26,26,26,26,26,26
550462,1,1,1998,0,25,18,28,0,24,33,0,0,17
550463,1,1,1998,0,0,0,0,0,0,0,0,0,0
550463,2,1,1998,0,0,0,0,0,0,0,0,0,0
550464,1,1,1998,0,0,0,0,0,0,0,0,0,0
550464,2,1,1998,0,0,0,0,0,0,0,0,0,0
550465,1,1,1998,0,0,0,0,0,0,0,0,0,0
550465,2,1,1998,0,0,0,0,0,0,0,0,0,0
550466,1,1,1998,0,0,0,0,0,0,0,0,0,0
550466,2,1,1998,0,0,0,0,0,0,0,0,0,0
550466,3,1,1998,0,0,0,0,0,0,0,0,0,0
550467,1,1,1998,21,21,21,21,21,21,21,21,21,21
550468,1,1,1998,0,0,0,0,0,0,0,0,0,0
550468,2,1,1998,0,0,0,0,0,0,0,0,0,0