ST_CASE,VEH_NO,PER_NO,YEAR,P1,P2,P3,P4,P5,P6,P7,P8,P9,P10
60001,1,1,1998,10,10,10,10,10,10,10,10,10,10
60002,1,1,1998,0,0,0,0,0,0,0,0,0,0
60003,1,1,1998,0,0,0,0,0,0,0,0,0,0
60004,1,1,1998,15,15,15,15,15,15,15,15,15,15
60005,1,1,1998,0,0,0,0,0,0,0,0,0,0
60006,1,1,1998,0,0,0,0,0,0,0,0,0,0
60007,1,1,1998,0,0,0,0,0,0,0,0,0,0
60007,2,1,1998,0,0,0,0,0,0,0,0,0,0
60008,1,1,1998,17,0,9,7,21,9,17,23,28,9
60008,2,1,1998,0,0,0,0,0,0,0,0,0,0
60008,3,1,1998,0,7,0,0,0,0,0,0,0,0
60009,1,1,1998,0,0,0,0,0,0,0,0,0,0
60010,1,1,1998,0,0,0,0,0,0,0,0,0,0
60011,1,1,1998,13,12,4,23,7,12,7,16,13,8
60012,1,1,1998,0,0,0,0,0,0,0,0,0,0
60012,2,1,1998,0,0,0,0,0,0,6,0,0,0
60013,1,1,1998,5,5,5,5,5,5,5,5,5,5
60014,0,1,1998,0,0,0,0,0,0,0,0,0,0
60014,1,1,1998,0,0,0,0,0,0,0,0,0,0
60015,1,1,1998,0,0,0,0,0,0,0,0,0,0
60015,2,1,1998,0,0,0,0,0,0,0,0,0,0
60015,3,1,1998,0,0,0,0,0,0,0,0,0,0
60016,1,1,1998,0,0,0,0,0,0,0,0,0,0
60017,1,1,1998,0,0,0,0,0,0,0,0,0,0
60017,2,1,1998,27,27,27,27,27,27,27,27,27,27
60018,1,1,1998,0,0,0,0,0,0,0,0,0,0
60019,1,1,1998,0,0,0,0,0,0,0,0,0,0
60019,2,1,1998,0,0,0,0,0,0,0,0,0,0
60020,1,1,1998,0,0,0,0,0,0,0,5,0,0
60020,2,1,1998,0,0,0,0,0,0,0,0,0,0
60021,1,1,1998,6,6,6,6,6,6,6,6,6,6
60022,1,1,1998,16,16,16,16,16,16,16,16,16,16
60023,0,1,1998,20,20,20,20,20,20,20,20,20,20
60023,1,1,1998,13,5,0,30,14,17,0,0,0,11
60024,1,1,1998,5,5,5,5,5,5,5,5,5,5
60025,1,1,1998,0,0,0,0,0,0,0,30,9,0
60025,2,1,1998,0,0,0,0,0,0,0,0,0,0
60026,1,1,1998,0,0,0,0,0,0,0,0,0,0
60026,2,1,1998,0,0,0,0,0,0,0,0,0,0
60026,3,1,1998,0,0,0,0,0,0,0,0,0,0
60027,0,1,1998,0,0,0,0,0,0,0,0,0,0
60027,1,1,1998,0,0,0,9,0,0,0,0,0,0
60028,0,1,1998,13,0,0,7,0,0,0,0,16,11
60028,1,1,1998,0,0,0,0,0,0,23,0,0,0
60029,0,1,1998,0,0,0,0,0,0,0,0,0,0
60029,1,1,1998,0,0,0,0,0,0,0,0,0,5
60030,1,1,1998,0,0,0,0,0,0,0,0,0,0
60030,2,1,1998,0,0,0,0,0,0,0,0,0,0
60031,1,1,1998,0,0,0,0,0,0,0,0,0,0
60032,0,1,1998,0,29,0,0,20,24,25,0,0,40
60032,1,1,1998,0,0,0,0,0,0,0,0,0,0
60033,0,1,1998,0,0,0,0,0,0,0,0,0,0
60033,1,1,1998,12,0,0,0,0,0,0,0,0,0
60034,1,1,1998,0,0,0,0,0,0,0,0,0,0
60035,0,1,1998,0,0,0,0,0,0,17,0,0,0
60035,1,1,1998,0,7,0,0,0,0,0,0,0,0
60036,1,1,1998,0,0,0,0,0,0,0,0,0,13
60036,2,1,1998,16,16,16,16,16,16,16,16,16,16
60036,3,1,1998,1,1,1,1,1,1,1,1,1,1
60037,1,1,1998,0,0,0,0,0,0,0,0,0,0
60037,2,1,1998,0,0,0,0,0,0,0,0,0,0
60038,1,1,1998,0,0,0,0,0,0,0,0,0,0
60038,2,1,1998,1,1,1,1,1,1,1,1,1,1
60038,3,1,1998,0,0,0,7,0,0,0,0,0,0
60039,1,1,1998,16,16,16,16,16,16,16,16,16,16
60039,2,1,1998,0,0,0,0,0,0,0,0,0,0
60040,1,1,1998,3,3,3,3,3,3,3,3,3,3
60040,2,1,1998,0,0,0,0,0,0,0,0,0,0
60041,1,1,1998,0,0,0,0,0,0,0,0,0,0
60041,2,1,1998,0,0,0,0,0,0,0,0,0,0
60042,0,1,1998,0,0,0,0,0,0,0,0,0,0
60042,1,1,1998,0,0,0,0,0,0,0,0,0,5
60043,0,1,1998,0,0,0,0,0,0,0,25,0,0
60043,1,1,1998,0,0,0,0,0,0,0,0,0,0
60044,1,1,1998,0,0,0,0,14,0,0,0,0,0
60045,0,1,1998,0,0,0,0,0,0,0,0,0,0
60045,1,1,1998,0,0,0,0,0,0,0,0,0,0
60046,1,1,1998,0,0,0,0,0,0,0,0,0,0
60047,1,1,1998,34,34,34,34,34,34,34,34,34,34
60047,2,1,1998,0,0,0,0,0,0,0,0,0,0
60049,1,1,1998,0,0,0,0,0,0,0,0,0,0
60049,2,1,1998,0,0,0,0,0,0,0,0,0,0
60050,1,1,1998,41,41,41,41,41,41,41,41,41,41
60050,2,1,1998,0,0,0,0,0,0,0,0,0,0
60050,3,1,1998,0,0,14,0,0,0,0,0,0,0
60051,1,1,1998,0,0,0,0,0,0,0,0,0,0
60051,2,1,1998,0,0,0,0,0,0,0,0,0,0
60052,1,1,1998,2,2,2,2,2,2,2,2,2,2
60053,1,1,1998,0,0,0,0,0,0,0,0,0,0
60053,2,1,1998,0,0,0,0,0,0,0,0,0,0
60054,0,1,1998,0,0,0,0,0,0,0,0,0,0
60054,1,1,1998,0,0,0,0,0,0,0,0,0,0
60055,1,1,1998,0,0,0,0,0,0,0,0,0,0
60055,2,1,1998,0,0,0,0,0,0,0,0,0,0
60056,1,1,1998,0,0,0,0,0,0,0,0,0,0
60057,1,1,1998,0,0,0,0,0,0,0,0,0,0
60057,2,1,1998,0,0,0,0,0,0,0,0,0,0
60058,1,1,1998,0,0,0,0,0,0,0,0,0,0
60058,2,1,1998,0,0,0,0,0,0,0,0,0,33
60059,1,1,1998,0,0,0,0,0,0,0,0,0,0
60059,2,1,1998,0,0,0,0,0,0,0,0,0,0
60060,0,1,1998,0,0,0,0,0,0,0,0,0,0
60060,1,1,1998,0,0,0,0,0,0,0,0,0,0
60061,1,1,1998,17,17,17,17,17,17,17,17,17,17
60061,2,1,1998,0,0,0,0,0,0,0,0,0,0
60062,1,1,1998,0,0,0,0,0,0,0,0,0,0
60062,2,1,1998,0,0,0,0,0,0,0,0,0,0
60062,3,1,1998,22,22,22,22,22,22,22,22,22,22
60063,1,1,1998,0,0,0,0,0,0,0,0,0,0
60063,2,1,1998,0,0,0,0,0,0,0,0,0,0
60064,0,1,1998,0,0,14,0,4,0,0,15,0,0
60064,1,1,1998,0,0,0,0,0,0,0,0,0,0
60064,2,1,1998,0,0,0,0,0,0,0,0,0,0
60065,1,1,1998,17,17,17,17,17,17,17,17,17,17
60065,2,1,1998,0,0,0,0,0,0,0,0,0,0
60066,0,1,1998,0,0,0,0,0,0,0,0,0,0
60066,1,1,1998,0,0,0,0,0,0,0,0,0,0
60067,0,1,1998,0,0,0,0,0,0,0,0,0,0
60067,0,2,1998,11,0,3,0,28,0,15,24,0,0
60067,1,1,1998,10,10,10,10,10,10,10,10,10,10
60068,1,1,1998,11,11,11,11,11,11,11,11,11,11
60069,1,1,1998,17,17,17,17,17,17,17,17,17,17
60070,1,1,1998,17,17,17,17,17,17,17,17,17,17
60071,1,1,1998,9,9,9,9,9,9,9,9,9,9
60072,1,1,1998,0,0,0,0,0,0,0,0,0,0
60073,1,1,1998,0,16,0,17,0,0,0,0,0,16
60073,2,1,1998,0,0,0,0,0,0,0,0,0,0
60074,0,1,1998,24,24,24,24,24,24,24,24,24,24
60074,1,1,1998,23,23,23,23,23,23,23,23,23,23
60075,1,1,1998,14,14,14,14,14,14,14,14,14,14
60076,1,1,1998,13,13,13,13,13,13,13,13,13,13
60077,1,1,1998,0,0,0,0,0,0,0,0,5,0
60078,1,1,1998,0,0,0,0,0,0,0,0,0,0
60078,2,1,1998,0,0,0,0,0,0,0,0,0,0
60079,0,1,1998,0,0,0,0,0,0,0,0,0,0
60079,2,1,1998,0,0,0,0,0,0,0,0,0,0
60079,3,1,1998,0,0,0,0,9,0,0,0,0,0
60079,4,1,1998,0,0,0,0,0,0,0,0,0,0
60080,1,1,1998,0,0,0,0,0,0,0,0,0,0
60080,2,1,1998,0,0,0,0,0,0,0,0,0,0
60081,1,1,1998,0,0,0,0,0,0,0,0,0,0
60081,2,1,1998,0,0,0,0,0,0,0,0,0,0
60082,1,1,1998,0,0,0,0,0,0,0,0,0,0
60082,2,1,1998,0,0,0,0,0,0,0,0,0,0
60083,1,1,1998,0,0,0,0,0,0,0,0,0,0
60083,2,1,1998,0,0,0,0,0,0,0,0,0,0
60084,1,1,1998,31,31,31,31,31,31,31,31,31,31
60084,2,1,1998,0,0,0,0,0,0,0,0,0,0
60084,3,1,1998,0,0,0,0,0,0,0,0,0,0
60085,1,1,1998,5,5,5,5,5,5,5,5,5,5
60086,1,1,1998,0,0,0,0,0,0,0,0,0,0
60086,2,1,1998,0,0,0,0,0,0,0,0,0,0
60087,1,1,1998,25,25,25,25,25,25,25,25,25,25
60088,1,1,1998,0,0,0,0,0,0,0,0,0,0
60088,2,1,1998,0,0,0,0,0,0,0,0,0,0
60089,1,1,1998,22,26,0,8,36,25,0,28,0,0
60089,2,1,1998,0,0,0,0,0,0,0,0,0,0
60090,0,1,1998,18,18,18,18,18,18,18,18,18,18
60090,1,1,1998,0,0,0,0,0,17,0,0,0,0
60091,1,1,1998,0,0,0,0,0,0,0,0,0,0
60091,2,1,1998,3,3,3,3,3,3,3,3,3,3
60092,1,1,1998,0,0,0,0,0,0,0,0,0,0
60092,2,1,1998,0,0,0,0,0,0,0,0,0,0
60093,1,1,1998,0,0,0,0,0,0,0,0,0,0
60093,2,1,1998,0,0,0,0,0,0,0,0,0,0
60094,1,1,1998,0,0,0,0,0,0,0,0,0,0
60095,1,1,1998,0,0,0,0,0,0,12,0,0,0
60095,2,1,1998,0,0,0,0,0,0,0,0,0,0
60095,3,1,1998,0,0,0,0,0,0,0,0,0,0
60096,1,1,1998,0,0,0,0,0,0,0,0,0,0
60096,2,1,1998,2,0,0,29,4,0,0,0,0,0
60096,3,1,1998,0,0,0,0,0,0,10,0,0,0
60097,1,1,1998,17,17,17,17,17,17,17,17,17,17
60098,1,1,1998,0,0,0,0,0,0,0,0,0,0
60098,2,1,1998,0,0,0,0,0,2,0,0,0,0
60099,1,1,1998,0,0,0,0,0,0,0,0,0,0
60099,2,1,1998,0,0,0,0,0,0,0,0,0,0
60100,1,1,1998,0,0,0,0,0,0,0,0,0,0
60100,2,1,1998,0,0,0,0,0,0,0,0,0,0
60100,3,1,1998,0,0,0,0,0,0,0,0,0,0
60100,4,1,1998,0,0,0,0,0,0,0,0,0,0
60100,5,1,1998,0,0,0,0,0,0,0,0,0,0
60101,1,1,1998,0,0,0,0,0,0,0,0,0,0
60101,2,1,1998,0,0,0,0,0,0,0,0,0,0
60102,0,1,1998,13,13,13,13,13,13,13,13,13,13
60102,1,1,1998,0,0,0,0,0,0,0,0,0,0
60103,0,1,1998,20,20,20,20,20,20,20,20,20,20
60103,1,1,1998,0,10,0,12,0,9,0,24,0,0
60104,1,1,1998,0,0,0,9,0,0,0,0,0,0
60105,1,1,1998,19,19,19,19,19,19,19,19,19,19
60106,0,1,1998,0,0,0,0,0,0,0,0,0,0
60106,1,1,1998,0,0,0,0,0,0,0,0,0,0
60107,1,1,1998,0,0,0,0,0,0,0,0,0,0
60108,1,1,1998,21,21,21,21,21,21,21,21,21,21
60109,1,1,1998,0,0,0,0,0,0,0,0,0,0
60110,1,1,1998,12,12,12,12,12,12,12,12,12,12
60111,0,1,1998,0,0,0,0,0,0,0,0,0,0
60111,1,1,1998,0,0,0,0,0,0,0,0,0,0
60112,0,1,1998,16,16,16,16,16,16,16,16,16,16
60112,1,1,1998,0,0,0,0,0,0,6,0,0,0
60113,0,1,1998,0,0,0,0,0,0,0,0,0,0
60113,1,1,1998,0,0,0,0,0,0,0,0,0,0
60114,1,1,1998,14,14,14,14,14,14,14,14,14,14
60115,0,1,1998,5,5,5,5,5,5,5,5,5,5
60115,1,1,1998,21,21,21,21,21,21,21,21,21,21
60116,1,1,1998,2,2,2,2,2,2,2,2,2,2
60117,0,1,1998,0,0,0,0,0,0,0,0,0,0
60117,1,1,1998,0,0,0,0,0,0,0,0,0,0
60118,0,1,1998,0,0,0,0,0,0,0,0,0,0
60118,0,2,1998,0,3,0,0,0,0,0,0,0,0
60118,1,1,1998,0,0,0,0,0,0,0,11,0,0
60119,1,1,1998,0,0,0,0,0,0,0,0,0,0
60120,1,1,1998,16,16,16,16,16,16,16,16,16,16
60121,0,1,1998,0,0,0,0,0,0,0,0,0,0
60121,1,1,1998,0,7,0,0,0,0,16,0,0,0
60122,0,1,1998,30,13,0,21,25,21,9,22,0,15
60122,1,1,1998,0,12,0,0,0,0,10,0,0,0
60123,0,1,1998,0,0,0,0,0,0,0,0,0,0
60123,1,1,1998,0,0,0,0,0,0,0,0,0,0
60124,0,1,1998,0,0,0,0,0,0,0,0,0,0
60124,1,1,1998,0,0,0,0,0,0,0,0,0,0
60125,1,1,1998,17,17,17,17,17,17,17,17,17,17
60126,1,1,1998,11,11,11,11,11,11,11,11,11,11
60127,1,1,1998,3,3,3,3,3,3,3,3,3,3
60128,0,1,1998,33,33,33,33,33,33,33,33,33,33
60128,1,1,1998,0,0,0,0,0,0,0,0,0,0
60129,1,1,1998,10,10,10,10,10,10,10,10,10,10
60130,1,1,1998,0,0,0,0,0,0,0,0,0,0
60130,2,1,1998,0,0,0,0,0,0,0,0,0,0
60131,1,1,1998,20,0,0,0,0,0,0,5,0,0
60131,2,1,1998,0,0,0,0,0,0,0,0,0,0
60131,3,1,1998,0,0,0,0,0,0,0,0,0,0
60131,4,1,1998,0,0,0,0,0,0,0,0,0,0
60131,5,1,1998,0,0,0,0,0,0,0,0,0,0
60132,0,1,1998,0,0,0,0,0,0,0,0,0,0
60132,1,1,1998,0,0,0,0,0,0,0,0,0,0
60133,1,1,1998,0,0,0,0,0,0,0,0,0,0
60133,2,1,1998,0,0,0,0,0,0,0,0,0,0
60133,3,1,1998,0,0,0,0,0,0,0,0,0,0
60134,1,1,1998,30,30,30,30,30,30,30,30,30,30
60135,1,1,1998,0,0,0,0,0,0,0,0,0,0
60135,2,1,1998,0,0,0,0,0,0,0,0,0,0
60136,1,1,1998,26,26,26,26,26,26,26,26,26,26
60136,2,1,1998,0,0,0,0,0,0,0,0,0,0
60137,1,1,1998,0,0,0,0,0,0,0,0,0,0
60137,2,1,1998,0,0,0,0,0,0,0,0,0,0
60137,3,1,1998,0,0,0,0,0,0,0,0,0,0
60138,1,1,1998,0,0,0,0,0,0,0,0,0,0
60138,2,1,1998,0,0,0,0,0,0,0,0,0,0
60139,0,1,1998,0,0,0,0,0,0,0,0,0,0
60139,1,1,1998,0,0,0,0,0,0,0,0,0,0
60140,1,1,1998,0,0,0,0,0,0,0,0,0,0
60140,2,1,1998,0,0,0,0,0,0,0,0,0,0
60141,1,1,1998,0,0,0,0,0,0,0,0,0,0
60141,2,1,1998,0,0,0,0,0,0,0,0,0,0
60141,3,1,1998,0,0,0,0,0,0,0,0,0,0
60142,1,1,1998,0,0,0,0,0,0,0,0,0,0
60142,2,1,1998,0,0,0,0,0,0,0,0,0,0
60143,1,1,1998,0,0,0,0,0,0,0,0,0,0
60144,0,1,1998,0,0,0,0,0,0,0,0,0,0
60144,1,1,1998,0,0,0,0,0,0,0,0,0,0
60145,1,1,1998,0,0,0,0,0,0,0,0,0,0
60145,2,1,1998,0,0,0,0,0,0,0,0,0,0
60146,1,1,1998,0,0,0,0,0,0,0,0,0,0
60147,1,1,1998,0,0,0,0,0,0,0,0,0,0
60148,1,1,1998,0,0,0,0,0,0,0,0,0,0
60149,0,1,1998,0,0,0,0,0,0,0,0,0,0
60149,0,2,1998,0,0,0,0,0,0,0,0,0,0
60149,1,1,1998,0,0,0,0,0,0,0,0,0,0
60150,0,1,1998,0,0,0,0,0,0,0,0,0,0
60150,0,2,1998,0,0,0,0,0,0,0,0,0,0
60150,0,3,1998,0,0,0,0,0,0,0,0,0,0
60150,1,1,1998,0,0,0,0,0,0,0,0,0,0
60151,1,1,1998,0,0,0,0,0,7,0,0,0,0
60151,2,1,1998,0,0,0,0,0,0,0,0,0,0
60152,1,1,1998,0,0,0,0,0,0,0,0,0,0
60153,1,1,1998,16,16,16,16,16,16,16,16,16,16
60153,2,1,1998,0,0,0,0,0,0,0,0,0,0
60153,3,1,1998,0,20,0,0,0,0,0,0,0,0
60154,1,1,1998,13,13,13,13,13,13,13,13,13,13
60154,2,1,1998,0,0,0,0,0,0,0,0,0,0
60154,3,1,1998,0,0,0,0,0,9,0,0,0,0
60154,4,1,1998,0,0,0,0,0,0,0,0,10,0
60155,1,1,1998,0,0,0,0,0,0,0,0,0,0
60155,2,1,1998,0,0,0,0,0,0,0,0,0,0
60156,1,1,1998,0,0,0,0,0,0,0,0,0,0
60156,2,1,1998,0,0,0,0,0,0,0,0,0,0
60156,3,1,1998,0,0,0,0,0,0,0,0,0,0
60156,4,1,1998,0,0,0,0,0,0,0,0,0,0
60156,5,1,1998,0,0,0,0,0,0,0,0,0,0
60156,6,1,1998,0,0,13,0,0,0,0,0,0,0
60156,7,1,1998,0,0,0,0,0,0,0,0,0,0
60157,1,1,1998,0,0,0,0,0,0,0,0,0,0
60157,2,1,1998,0,0,0,0,0,0,0,0,0,0
60158,0,1,1998,0,0,0,0,0,0,0,0,0,0
60158,0,2,1998,0,21,0,0,20,3,26,0,0,0
60158,1,1,1998,0,0,0,0,0,0,0,0,0,0
60159,1,1,1998,0,0,0,0,0,0,0,0,0,0
60159,2,1,1998,0,0,0,0,0,0,0,0,0,0
60160,1,1,1998,0,0,0,0,0,0,0,0,0,0
60160,2,1,1998,0,0,0,0,0,0,0,0,0,0
60161,1,1,1998,31,31,31,31,31,31,31,31,31,31
60161,2,1,1998,11,0,0,0,0,0,0,0,0,0
60162,1,1,1998,0,0,18,0,0,0,0,0,0,0
60162,2,1,1998,0,0,0,0,0,0,0,0,0,0
60163,1,1,1998,0,0,0,0,0,0,0,0,0,0
60163,2,1,1998,0,0,0,0,0,0,0,0,0,0
60164,1,1,1998,0,17,0,0,0,0,4,0,0,0
60164,2,1,1998,0,0,0,0,0,0,0,0,0,0
60165,1,1,1998,0,0,0,0,0,0,0,0,0,0
60165,2,1,1998,0,0,0,0,0,0,0,0,0,0
60166,1,1,1998,23,23,23,23,23,23,23,23,23,23
60167,1,1,1998,0,0,0,0,0,0,0,0,0,0
60167,2,1,1998,0,0,0,0,0,0,0,0,0,0
60168,1,1,1998,0,0,0,0,0,0,0,0,0,0
60168,2,1,1998,0,0,0,0,0,0,0,0,0,0
60169,1,1,1998,0,0,0,0,0,0,0,0,0,0
60169,2,1,1998,0,0,0,0,0,0,0,0,0,0
60170,0,1,1998,0,0,0,0,0,0,0,0,0,0
60170,1,1,1998,2,2,2,2,2,2,2,2,2,2
60171,1,1,1998,0,0,0,0,0,0,0,0,0,0
60172,1,1,1998,0,0,0,0,0,0,0,0,0,0
60172,2,1,1998,0,0,0,0,0,0,0,0,0,0
60173,1,1,1998,0,0,0,0,0,0,0,0,0,0
60174,0,1,1998,0,0,0,0,0,0,0,0,0,0
60174,1,1,1998,0,0,0,0,0,0,0,0,0,0
60175,0,1,1998,0,0,0,0,0,0,0,0,0,0
60175,1,1,1998,0,0,0,0,0,0,10,0,19,0
60176,1,1,1998,11,11,11,11,11,11,11,11,11,11
60177,1,1,1998,20,20,20,20,20,20,20,20,20,20
60178,1,1,1998,4,0,0,0,0,0,0,0,0,0
60178,2,1,1998,0,0,0,0,0,0,0,0,0,0
60179,1,1,1998,0,0,0,0,0,0,0,0,0,0
60180,1,1,1998,0,0,0,0,0,0,0,0,0,0
60181,1,1,1998,10,10,10,10,10,10,10,10,10,10
60182,0,1,1998,6,6,6,6,6,6,6,6,6,6
60182,1,1,1998,0,0,0,0,0,0,0,0,0,0
60183,1,1,1998,0,0,0,0,0,0,0,0,0,0
60184,1,2,1998,0,0,0,0,0,0,0,0,0,0
60185,1,1,1998,0,0,0,0,0,0,0,0,0,0
60186,1,1,1998,0,0,0,0,0,0,0,0,0,0
60187,0,1,1998,0,0,0,0,0,0,0,0,0,0
60187,1,1,1998,0,0,0,0,0,0,0,0,0,0
60188,1,1,1998,0,0,0,0,0,0,0,0,0,0
60189,1,1,1998,20,20,20,20,20,20,20,20,20,20
60190,1,1,1998,0,0,0,0,0,0,0,0,0,0
60191,1,1,1998,0,0,0,0,0,0,0,0,0,0
60192,0,1,1998,0,0,0,0,0,0,0,0,0,0
60192,1,1,1998,24,0,0,0,0,0,0,0,0,0
60193,0,1,1998,0,0,0,0,0,0,0,0,0,0
60193,1,1,1998,0,0,0,0,0,0,0,0,0,0
60194,1,1,1998,27,27,27,27,27,27,27,27,27,27
60195,1,1,1998,12,12,12,12,12,12,12,12,12,12
60196,1,1,1998,0,0,0,0,0,0,0,0,0,0
60197,0,1,1998,0,0,0,0,0,0,0,0,0,0
60197,1,1,1998,0,0,0,0,0,0,0,0,0,0
60198,1,1,1998,28,28,28,28,28,28,28,28,28,28
60199,0,1,1998,0,0,0,0,0,0,0,0,0,0
60199,1,1,1998,0,0,0,0,0,0,0,0,0,0
60200,0,1,1998,0,0,0,0,0,0,0,0,0,0
60200,1,1,1998,0,0,0,0,0,0,0,0,0,0
60201,0,1,1998,28,28,28,28,28,28,28,28,28,28
60201,1,1,1998,0,0,0,0,0,24,0,0,0,0
60202,1,1,1998,0,25,0,15,17,0,0,0,0,18
60203,0,1,1998,0,0,0,0,0,0,0,0,0,0
60203,1,1,1998,0,0,19,0,0,0,0,0,0,0
60204,0,1,1998,0,0,0,0,0,0,0,0,0,0
60204,1,1,1998,0,0,0,0,0,0,0,0,0,0
60205,0,1,1998,0,0,0,0,0,0,0,0,0,0
60205,1,1,1998,0,0,0,0,0,0,0,0,0,0
60206,1,1,1998,0,0,0,0,0,0,0,0,0,0
60207,1,1,1998,15,15,15,15,15,15,15,15,15,15
60208,1,1,1998,0,0,0,0,0,0,0,0,0,0
60209,0,1,1998,0,0,0,0,0,0,0,0,0,0
60209,1,1,1998,0,0,0,0,0,0,0,0,0,0
60210,1,1,1998,0,0,0,0,0,0,0,0,0,0
60211,1,1,1998,0,0,0,0,0,0,0,0,0,0
60212,1,1,1998,1,1,1,1,1,1,1,1,1,1
60213,0,1,1998,0,0,0,0,0,0,0,0,0,0
60213,1,1,1998,0,0,0,0,0,0,0,0,0,0
60214,1,1,1998,0,0,0,0,0,0,0,0,0,0
60215,1,1,1998,23,23,23,23,23,23,23,23,23,23
60216,1,1,1998,0,0,0,0,0,0,0,0,0,0
60217,1,1,1998,13,13,13,13,13,13,13,13,13,13
60218,0,1,1998,11,11,11,11,11,11,11,11,11,11
60218,1,1,1998,0,0,0,0,0,0,0,0,0,0
60219,0,1,1998,0,0,0,0,0,0,0,0,0,0
60219,1,1,1998,0,0,0,0,0,0,0,0,0,0
60220,0,1,1998,0,0,0,0,0,0,0,0,0,0
60220,1,1,1998,0,0,0,0,11,0,0,0,0,0
60221,1,1,1998,20,0,0,0,0,0,0,0,0,0
60221,2,1,1998,0,0,0,0,0,0,0,0,0,0
60222,1,1,1998,30,30,30,30,30,30,30,30,30,30
60223,1,1,1998,1,1,1,1,1,1,1,1,1,1
60224,1,1,1998,0,0,0,0,0,0,0,0,0,0
60225,1,1,1998,0,0,0,0,0,0,0,0,0,0
60226,0,1,1998,2,2,2,2,2,2,2,2,2,2
60226,1,1,1998,0,0,0,0,0,0,0,0,0,0
60227,0,1,1998,20,20,20,20,20,20,20,20,20,20
60227,1,1,1998,0,0,0,0,0,0,0,0,0,0
60228,0,1,1998,18,18,18,18,18,18,18,18,18,18
60228,1,1,1998,0,0,0,0,0,0,0,0,0,0
60229,1,1,1998,0,0,0,0,0,0,0,0,0,0
60230,0,1,1998,0,0,0,0,0,0,0,0,0,0
60230,1,1,1998,0,0,0,0,0,0,0,0,0,0
60231,1,1,1998,31,31,31,31,31,31,31,31,31,31
60232,1,1,1998,18,18,18,18,18,18,18,18,18,18
60233,1,1,1998,0,0,0,0,0,0,0,0,0,0
60234,1,1,1998,0,0,0,0,0,0,0,0,0,0
60235,1,1,1998,0,0,0,0,0,0,0,0,0,0
60236,0,1,1998,0,0,0,0,0,0,0,0,0,0
60236,1,1,1998,0,0,0,0,0,0,0,0,0,0
60237,1,4,1998,0,0,0,0,22,0,0,0,18,20
60238,0,1,1998,0,0,0,0,0,0,0,0,0,0
60238,1,1,1998,0,0,0,0,0,0,0,0,0,0
60239,1,1,1998,0,0,0,0,0,0,0,0,0,0
60240,0,1,1998,0,0,0,0,0,0,0,0,0,0
60240,1,1,1998,0,0,0,0,0,0,0,0,0,0
60241,0,1,1998,22,22,22,22,22,22,22,22,22,22
60241,1,1,1998,3,0,0,0,0,20,0,0,0,0
60242,1,1,1998,0,0,0,0,8,4,4,7,14,0
60242,2,1,1998,0,0,0,0,0,0,0,0,0,0
60243,0,1,1998,0,0,0,0,0,0,0,0,0,0
60243,1,1,1998,2,2,2,2,2,2,2,2,2,2
60244,0,1,1998,15,15,15,15,15,15,15,15,15,15
60244,1,1,1998,0,0,10,0,0,19,0,6,19,0
60245,1,1,1998,0,0,0,0,0,0,0,0,0,0
60246,0,1,1998,0,0,0,0,0,0,0,0,0,0
60246,1,1,1998,19,19,19,19,19,19,19,19,19,19
60247,1,1,1998,0,0,0,0,0,0,0,0,0,0
60248,1,1,1998,0,0,0,0,0,0,0,0,0,0
60248,2,1,1998,0,0,0,0,0,0,0,0,0,0
60249,1,1,1998,0,0,0,0,0,0,0,0,0,0
60249,2,1,1998,0,0,0,0,0,0,0,0,0,0
60249,3,1,1998,0,0,0,0,0,0,0,0,0,0
60249,4,1,1998,0,0,0,0,0,0,0,0,0,0
60250,0,1,1998,0,0,0,0,0,0,0,0,0,0
60250,1,1,1998,0,0,0,0,0,0,0,0,0,0
60251,1,1,1998,0,0,0,0,0,0,0,0,0,0
60252,0,1,1998,0,0,0,0,0,0,0,0,0,0
60252,0,2,1998,0,0,0,0,0,0,28,0,0,0
60252,1,1,1998,2,2,2,2,2,2,2,2,2,2
60253,1,1,1998,0,0,0,0,0,0,0,0,0,0
60253,2,1,1998,0,0,0,0,0,0,0,0,0,0
60253,3,1,1998,0,0,0,0,0,0,0,0,0,0
60254,1,1,1998,2,0,8,9,10,8,7,11,23,11
60254,2,1,1998,0,0,0,4,0,0,0,0,0,0
60255,1,1,1998,10,10,10,10,10,10,10,10,10,10
60256,0,1,1998,0,0,0,0,0,0,0,0,0,0
60256,0,2,1998,0,16,11,0,4,0,0,11,0,17
60256,0,3,1998,0,0,0,3,15,0,26,0,0,0
60256,1,1,1998,0,0,0,0,0,0,0,0,0,0
60257,1,1,1998,0,0,0,0,0,0,0,0,0,0
60257,2,1,1998,0,0,0,0,0,0,0,0,0,0
60258,1,1,1998,0,0,0,0,0,0,0,0,0,0
60259,0,1,1998,23,18,9,29,23,0,12,39,17,24
60259,1,1,1998,0,0,0,0,0,0,0,0,0,0
60260,1,1,1998,0,0,0,0,0,0,0,0,0,0
60261,0,1,1998,0,0,0,0,0,0,0,0,0,0
60261,1,1,1998,0,0,0,0,0,0,0,0,0,0
60262,0,1,1998,0,0,0,0,0,0,0,0,0,0
60262,1,1,1998,0,0,0,0,0,0,0,0,0,0
60263,1,1,1998,6,6,6,6,6,6,6,6,6,6
60263,2,1,1998,0,0,0,0,0,0,0,0,0,0
60264,0,1,1998,0,0,0,0,0,0,0,0,0,0
60264,1,1,1998,0,0,0,0,0,0,0,0,0,0
60265,0,1,1998,20,7,21,43,41,23,29,0,22,36
60265,1,1,1998,0,0,0,11,0,0,4,0,0,0
60265,2,1,1998,0,0,11,16,0,19,0,11,0,0