ST_CASE,VEH_NO,PER_NO,YEAR,P1,P2,P3,P4,P5,P6,P7,P8,P9,P10
60266,0,1,1998,16,16,16,16,16,16,16,16,16,16
60266,1,1,1998,0,0,0,0,0,0,0,0,0,3
60267,0,1,1998,18,18,18,18,18,18,18,18,18,18
60267,1,1,1998,0,0,0,0,0,0,0,11,0,0
60268,1,1,1998,0,0,0,0,0,0,0,0,0,0
60269,1,1,1998,16,16,16,16,16,16,16,16,16,16
60270,1,1,1998,0,0,0,0,0,0,0,0,0,0
60270,2,1,1998,0,0,0,0,0,0,0,0,0,0
60271,0,1,1998,9,9,9,9,9,9,9,9,9,9
60271,1,1,1998,0,0,0,0,0,0,0,0,0,0
60272,1,1,1998,0,0,0,0,0,0,0,0,0,0
60272,2,1,1998,0,0,0,0,0,0,0,0,0,0
60273,1,1,1998,0,0,0,0,0,0,0,0,0,0
60273,2,1,1998,0,0,0,0,0,0,0,0,0,0
60274,1,1,1998,28,28,28,28,28,28,28,28,28,28
60274,2,1,1998,0,0,0,0,0,0,0,0,0,0
60274,3,1,1998,0,0,0,0,0,0,0,0,0,0
60274,4,1,1998,0,0,0,0,0,0,0,0,0,0
60274,5,1,1998,0,0,0,0,0,0,0,0,0,0
60275,1,1,1998,0,0,0,0,0,0,0,0,0,0
60275,2,1,1998,0,0,0,0,0,0,0,0,0,0
60276,1,1,1998,23,23,23,23,23,23,23,23,23,23
60277,1,1,1998,5,5,5,5,5,5,5,5,5,5
60277,2,1,1998,0,0,0,0,0,0,0,0,0,0
60278,1,1,1998,0,0,0,0,0,0,0,0,0,0
60279,0,1,1998,0,0,0,0,0,0,0,0,0,0
60279,1,1,1998,0,0,0,0,0,0,0,0,0,0
60280,0,1,1998,0,0,0,0,0,0,0,0,0,0
60280,1,1,1998,0,0,0,0,0,0,0,0,0,0
60281,0,1,1998,17,17,17,17,17,17,17,17,17,17
60281,1,1,1998,0,0,0,0,0,0,0,0,0,0
60282,1,1,1998,14,5,13,0,16,11,17,15,12,20
60282,2,1,1998,0,0,0,7,0,0,0,0,0,0
60283,1,1,1998,21,21,21,21,21,21,21,21,21,21
60284,1,1,1998,0,25,0,0,0,0,0,20,0,0
60284,2,1,1998,0,0,0,0,0,0,0,0,0,0
60285,0,1,1998,0,0,0,0,0,0,0,0,0,0
60285,1,1,1998,0,0,0,0,0,0,0,7,0,0
60286,0,1,1998,0,0,0,0,0,0,0,0,0,0
60286,1,1,1998,0,0,0,0,0,0,0,0,0,0
60287,0,1,1998,18,18,18,18,18,18,18,18,18,18
60287,1,1,1998,0,0,0,0,0,0,0,0,0,0
60288,1,1,1998,0,0,0,0,0,0,0,0,0,0
60288,2,1,1998,0,0,0,0,0,0,0,0,0,0
60289,0,1,1998,0,0,0,0,0,0,0,0,0,0
60289,1,1,1998,0,0,0,0,0,0,0,0,0,0
60290,1,1,1998,21,21,21,21,21,21,21,21,21,21
60290,2,1,1998,0,0,0,0,0,0,0,0,0,0
60291,1,1,1998,0,0,0,0,0,0,0,0,0,0
60292,1,1,1998,0,0,0,0,0,0,0,0,0,0
60292,2,1,1998,13,0,0,21,0,0,27,5,15,0
60293,1,1,1998,0,0,0,0,0,0,0,0,0,0
60294,1,1,1998,24,24,24,24,24,24,24,24,24,24
60295,1,1,1998,0,0,0,0,0,0,0,0,0,0
60295,2,1,1998,0,0,0,0,0,0,0,0,0,0
60295,3,1,1998,0,0,0,0,0,0,0,0,0,0
60296,1,1,1998,0,0,0,0,0,0,0,0,0,0
60296,2,1,1998,0,0,0,0,0,0,0,0,0,0
60296,3,1,1998,1,1,1,1,1,1,1,1,1,1
60297,1,1,1998,0,0,0,0,0,0,0,0,0,0
60298,1,1,1998,0,0,0,0,0,0,0,0,0,0
60298,2,1,1998,32,32,32,32,32,32,32,32,32,32
60298,3,1,1998,0,6,0,9,9,20,21,0,8,4
60299,0,1,1998,0,0,0,0,0,0,0,0,0,0
60299,1,1,1998,0,0,0,0,0,0,0,0,0,0
60300,1,1,1998,24,24,24,24,24,24,24,24,24,24
60301,1,1,1998,2,2,2,2,2,2,2,2,2,2
60302,0,1,1998,9,9,9,9,9,9,9,9,9,9
60302,1,1,1998,0,0,0,0,0,0,0,0,0,0
60303,0,1,1998,22,22,22,22,22,22,22,22,22,22
60303,1,1,1998,0,0,0,13,10,0,28,13,0,0
60304,1,1,1998,0,0,0,0,0,0,0,0,0,0
60304,2,1,1998,0,0,0,0,0,0,0,0,0,0
60305,1,1,1998,0,0,0,0,0,0,0,0,0,0
60305,2,1,1998,0,0,0,0,0,0,0,3,0,0
60306,1,1,1998,0,0,0,0,0,0,0,0,0,0
60307,0,1,1998,27,27,27,27,27,27,27,27,27,27
60307,1,1,1998,0,0,0,0,0,0,0,0,0,0
60308,1,1,1998,0,0,0,0,0,0,0,0,0,0
60309,0,1,1998,20,20,20,20,20,20,20,20,20,20
60309,1,1,1998,24,0,0,0,5,4,0,0,0,0
60309,2,1,1998,0,9,0,0,0,14,15,22,8,0
60309,3,1,1998,15,0,0,16,0,0,8,0,21,17
60310,1,1,1998,2,2,2,2,2,2,2,2,2,2
60310,2,1,1998,0,0,0,0,0,0,0,0,0,0
60311,1,1,1998,3,3,3,3,3,3,3,3,3,3
60312,0,1,1998,0,0,0,0,0,0,0,0,0,0
60312,1,1,1998,12,12,12,12,12,12,12,12,12,12
60312,2,1,1998,0,0,0,0,0,0,0,0,0,0
60312,3,1,1998,0,0,0,0,0,22,0,0,0,0
60312,4,1,1998,0,0,0,0,0,8,0,0,0,0
60313,1,1,1998,0,0,0,0,0,0,0,0,0,0
60313,2,1,1998,0,0,0,0,0,0,0,0,0,0
60314,1,1,1998,0,0,0,0,0,0,0,0,0,0
60315,1,1,1998,0,0,0,0,0,0,0,0,0,0
60315,2,1,1998,0,0,0,0,0,0,0,0,0,0
60315,3,1,1998,0,0,0,0,0,0,0,0,0,0
60316,0,1,1998,19,19,19,19,19,19,19,19,19,19
60316,1,1,1998,0,0,0,0,0,0,0,0,0,0
60317,0,1,1998,3,3,3,3,3,3,3,3,3,3
60317,1,1,1998,0,0,0,0,0,0,0,0,0,0
60318,1,1,1998,23,23,23,23,23,23,23,23,23,23
60319,0,1,1998,0,0,0,0,0,0,0,0,0,0
60319,1,1,1998,0,0,0,0,0,0,0,0,0,0
60320,1,1,1998,0,0,0,0,0,0,0,0,0,0
60321,1,1,1998,0,0,0,0,0,0,0,0,0,0
60321,2,1,1998,0,0,0,0,0,0,0,0,0,0
60322,0,1,1998,0,0,0,0,0,0,0,0,0,0
60322,1,1,1998,0,0,0,0,0,0,0,0,0,0
60323,1,1,1998,16,16,16,16,16,16,16,16,16,16
60324,1,1,1998,24,24,24,24,24,24,24,24,24,24
60325,1,1,1998,0,0,0,0,0,0,0,0,0,0
60325,2,1,1998,0,0,0,0,0,0,0,0,0,0
60326,1,1,1998,0,0,0,0,0,0,0,0,0,0
60326,2,1,1998,0,0,0,0,0,0,0,0,0,0
60327,1,1,1998,0,0,0,0,0,0,0,0,0,0
60328,0,1,1998,0,0,0,0,0,0,0,0,0,0
60328,1,1,1998,0,0,0,0,0,0,0,0,0,0
60329,1,1,1998,0,0,0,0,0,0,0,0,0,0
60329,2,1,1998,0,0,0,0,0,0,0,0,0,0
60330,1,1,1998,0,0,0,0,0,0,0,0,0,0
60331,1,1,1998,0,0,0,0,0,0,0,0,0,0
60331,2,1,1998,0,0,0,0,0,0,0,0,0,0
60332,1,1,1998,0,0,0,0,0,0,0,0,0,0
60332,2,1,1998,0,0,0,0,0,0,0,0,0,0
60333,0,1,1998,0,0,0,0,0,0,0,0,0,0
60333,1,1,1998,14,14,14,14,14,14,14,14,14,14
60334,1,1,1998,0,0,0,0,0,0,0,0,0,0
60335,1,1,1998,4,4,4,4,4,4,4,4,4,4
60336,1,1,1998,0,0,0,0,0,0,0,0,0,0
60336,2,1,1998,0,0,0,0,0,0,0,0,0,0
60336,3,1,1998,0,0,0,0,0,0,0,0,0,0
60336,4,1,1998,0,0,0,0,0,0,0,0,0,0
60337,1,1,1998,0,0,0,0,0,0,10,0,13,9
60337,2,1,1998,0,0,0,0,0,0,0,0,0,0
60338,1,1,1998,12,0,0,12,0,15,0,0,0,0
60339,1,1,1998,22,22,22,22,22,22,22,22,22,22
60340,0,1,1998,22,22,22,22,22,22,22,22,22,22
60340,1,1,1998,10,10,10,10,10,10,10,10,10,10
60341,1,1,1998,6,6,6,6,6,6,6,6,6,6
60342,0,1,1998,23,23,23,23,23,23,23,23,23,23
60342,1,1,1998,0,18,0,0,0,0,0,0,0,16
60343,0,1,1998,0,0,0,0,0,0,0,0,0,0
60343,1,1,1998,0,0,0,0,0,0,0,0,0,0
60343,2,1,1998,0,0,0,0,0,0,0,0,0,0
60344,0,1,1998,0,0,0,0,0,0,0,0,0,0
60344,1,1,1998,0,0,0,0,0,0,0,0,0,0
60345,1,1,1998,0,0,0,0,0,0,0,0,0,0
60345,2,1,1998,0,0,0,0,0,0,0,0,0,0
60346,0,1,1998,10,0,22,4,0,0,0,0,0,0
60346,1,1,1998,0,0,0,0,0,0,0,0,0,0
60346,2,1,1998,0,0,0,0,0,0,0,0,0,0
60346,3,1,1998,0,0,0,0,0,0,0,0,0,0
60347,1,1,1998,0,0,0,0,0,0,0,0,0,0
60347,2,1,1998,0,0,0,0,0,0,0,0,0,0
60348,0,1,1998,0,0,0,0,0,0,0,0,0,0
60348,1,1,1998,0,0,0,0,0,0,0,0,0,0
60349,0,1,1998,30,30,30,30,30,30,30,30,30,30
60349,1,1,1998,0,0,0,0,0,0,0,0,0,0
60349,2,1,1998,0,0,0,0,0,0,0,0,0,0
60350,1,1,1998,10,10,10,10,10,10,10,10,10,10
60351,1,1,1998,34,5,19,0,23,6,12,8,22,26
60351,2,1,1998,0,0,9,0,0,0,0,9,0,0
60351,3,1,1998,0,0,0,0,0,8,0,0,0,0
60352,0,1,1998,26,26,26,26,26,26,26,26,26,26
60352,0,2,1998,6,0,6,17,18,0,15,3,0,6
60352,1,1,1998,0,0,0,0,0,0,14,0,0,0
60353,1,1,1998,0,0,0,0,0,0,0,0,0,0
60354,1,1,1998,3,3,3,3,3,3,3,3,3,3
60355,1,1,1998,22,22,22,22,22,22,22,22,22,22
60356,1,1,1998,17,0,14,19,0,20,6,0,15,9
60357,0,1,1998,30,30,30,30,30,30,30,30,30,30
60357,1,1,1998,0,0,0,0,13,0,0,0,0,0
60358,1,1,1998,0,0,0,0,0,0,0,0,0,0
60359,1,1,1998,0,0,0,0,0,0,0,0,0,0
60360,1,1,1998,0,0,0,0,0,0,0,0,0,0
60361,1,1,1998,0,0,0,0,0,0,0,0,0,0
60362,1,1,1998,0,0,0,0,0,0,0,0,0,0
60363,1,1,1998,0,0,0,0,0,0,0,0,0,0
60364,1,1,1998,13,13,13,13,13,13,13,13,13,13
60365,0,1,1998,0,0,0,0,0,0,0,0,0,0
60365,1,1,1998,0,0,0,0,0,0,0,0,0,0
60366,1,1,1998,0,0,0,0,0,0,0,0,0,0
60367,1,1,1998,16,16,16,16,16,16,16,16,16,16
60368,1,1,1998,30,30,30,30,30,30,30,30,30,30
60369,0,1,1998,0,0,0,0,0,0,0,0,0,0
60369,0,2,1998,0,17,0,12,0,0,11,0,0,11
60369,1,1,1998,12,12,12,12,12,12,12,12,12,12
60370,0,1,1998,13,13,13,13,13,13,13,13,13,13
60370,1,1,1998,0,0,0,0,0,15,0,0,17,0
60371,1,1,1998,14,14,14,14,14,14,14,14,14,14
60372,1,1,1998,0,0,0,0,0,0,0,0,0,0
60373,1,1,1998,5,5,5,5,5,5,5,5,5,5
60374,1,1,1998,0,0,0,0,0,0,0,0,0,0
60375,1,1,1998,0,0,0,0,0,0,0,0,0,0
60375,2,1,1998,0,0,0,0,0,0,0,0,0,0
60375,3,1,1998,0,0,4,0,0,0,0,0,0,0
60376,1,1,1998,0,0,0,0,0,0,0,0,0,0
60376,2,1,1998,0,0,0,0,0,0,0,0,0,0
60377,0,1,1998,0,0,0,0,0,0,0,0,0,0
60377,1,1,1998,0,0,0,0,0,0,0,0,0,0
60378,1,1,1998,0,0,0,0,0,0,0,0,0,0
60379,1,1,1998,0,0,0,0,0,0,0,0,0,0
60379,2,1,1998,0,0,0,0,0,0,0,0,0,0
60379,3,1,1998,0,0,0,0,0,0,0,0,0,0
60380,1,1,1998,17,17,17,17,17,17,17,17,17,17
60381,1,1,1998,9,9,9,9,9,9,9,9,9,9
60382,0,1,1998,16,16,16,16,16,16,16,16,16,16
60382,1,1,1998,0,0,0,0,0,0,0,0,15,5
60383,1,1,1998,9,9,9,9,9,9,9,9,9,9
60384,1,1,1998,7,7,7,7,7,7,7,7,7,7
60385,1,1,1998,0,0,0,0,0,0,0,0,0,0
60385,2,1,1998,0,0,0,0,0,0,0,0,0,0
60386,1,1,1998,0,0,0,0,0,0,0,0,0,0
60386,2,1,1998,0,0,0,0,0,0,0,0,0,0
60386,3,1,1998,0,0,0,0,0,0,0,0,0,0
60387,1,1,1998,0,0,0,0,0,0,0,0,0,0
60388,0,1,1998,0,0,0,0,0,0,0,0,0,0
60388,1,1,1998,0,0,0,0,0,0,0,0,0,0
60389,1,1,1998,15,15,15,15,15,15,15,15,15,15
60390,1,1,1998,0,0,0,0,0,0,0,0,0,0
60390,2,1,1998,0,0,0,0,0,0,0,0,0,0
60391,0,1,1998,6,6,6,6,6,6,6,6,6,6
60391,1,1,1998,13,15,0,17,0,9,0,0,0,0
60392,1,1,1998,0,0,0,0,0,0,0,0,0,0
60392,2,1,1998,0,0,0,0,0,8,0,0,0,0
60393,0,1,1998,0,0,0,0,0,0,0,0,0,0
60393,1,1,1998,0,0,0,0,0,0,0,0,0,0
60394,1,1,1998,0,0,0,0,0,0,0,0,0,0
60394,2,1,1998,0,0,0,0,0,0,0,0,0,0
60395,1,1,1998,18,18,18,18,18,18,18,18,18,18
60395,2,1,1998,0,0,0,0,0,0,0,0,0,0
60396,1,1,1998,12,12,12,12,12,12,12,12,12,12
60396,2,1,1998,0,0,0,0,0,0,0,0,0,0
60397,1,1,1998,13,0,0,0,0,0,16,0,0,8
60398,1,1,1998,14,14,14,14,14,14,14,14,14,14
60398,2,1,1998,0,0,0,0,0,0,0,0,0,0
60399,1,1,1998,11,11,11,11,11,11,11,11,11,11
60400,0,1,1998,0,0,0,0,0,0,0,0,0,0
60400,1,1,1998,0,0,0,0,0,0,0,0,0,0
60400,2,1,1998,0,0,0,0,0,0,0,0,0,0
60401,1,1,1998,0,0,0,0,0,0,0,0,0,0
60401,2,1,1998,0,0,0,0,0,0,0,0,0,0
60402,0,1,1998,0,0,0,0,0,0,0,0,0,0
60402,1,1,1998,0,0,0,0,0,0,0,0,0,0
60403,1,1,1998,0,0,0,0,0,0,0,0,0,0
60403,2,1,1998,0,0,0,0,0,0,0,0,0,0
60403,3,1,1998,0,0,0,0,0,0,0,0,0,0
60404,0,1,1998,0,0,0,0,0,0,0,0,0,0
60404,1,1,1998,0,0,0,0,0,0,0,0,0,0
60404,2,1,1998,0,0,0,0,0,0,0,0,0,0
60405,1,1,1998,0,0,0,0,0,0,0,0,0,0
60406,1,1,1998,0,0,0,0,0,0,0,0,0,0
60406,2,1,1998,0,0,0,0,0,0,0,0,0,0
60406,3,1,1998,0,0,0,0,0,0,0,0,0,0
60406,4,1,1998,0,0,0,0,0,0,0,0,0,0
60406,5,1,1998,0,0,0,0,0,0,0,0,0,0
60406,6,1,1998,0,0,0,0,0,0,0,0,0,0
60406,7,1,1998,0,0,0,0,0,0,0,0,0,0
60406,8,1,1998,0,0,0,0,0,0,0,0,0,0
60406,9,1,1998,0,0,0,0,0,0,0,0,0,0
60407,1,1,1998,0,0,0,0,0,0,0,0,0,0
60408,1,1,1998,0,0,0,0,0,0,0,0,0,0
60408,2,1,1998,0,0,0,0,0,0,0,0,0,0
60409,1,1,1998,0,0,0,0,0,0,0,0,0,0
60409,2,1,1998,0,0,0,0,0,0,0,0,0,0
60410,1,1,1998,0,0,0,0,0,0,0,0,0,0
60410,2,1,1998,0,0,0,0,0,0,0,0,0,0
60411,1,1,1998,0,0,0,0,0,0,0,0,0,0
60411,2,1,1998,0,0,0,0,0,0,0,0,0,0
60412,1,1,1998,0,0,0,0,0,0,0,0,0,0
60413,0,1,1998,0,0,0,0,0,0,0,0,0,0
60413,1,1,1998,0,0,0,0,0,0,0,0,0,0
60413,2,1,1998,0,0,0,0,0,0,0,0,0,0
60414,1,1,1998,0,0,0,0,0,0,0,0,0,0
60415,1,1,1998,2,2,2,2,2,2,2,2,2,2
60415,2,1,1998,0,0,0,0,0,0,0,0,0,0
60416,1,1,1998,2,2,2,2,2,2,2,2,2,2
60417,1,1,1998,0,0,0,0,0,0,0,0,0,0
60418,1,1,1998,0,0,0,0,0,0,0,0,0,0
60419,0,1,1998,0,0,0,0,0,0,0,0,0,0
60419,1,1,1998,0,0,0,0,0,0,0,0,0,0
60420,0,1,1998,0,0,0,0,0,0,0,0,0,0
60420,1,1,1998,19,19,19,19,19,19,19,19,19,19
60421,1,1,1998,8,8,8,8,8,8,8,8,8,8
60422,0,1,1998,8,8,8,8,8,8,8,8,8,8
60422,1,1,1998,0,0,0,0,0,0,0,0,0,0
60422,2,1,1998,0,0,0,0,0,0,0,0,0,0
60423,1,1,1998,10,20,7,23,16,0,17,8,2,4
60423,2,1,1998,0,0,0,0,0,0,0,0,0,0
60424,1,1,1998,0,0,0,7,0,0,0,0,0,0
60424,2,1,1998,0,0,0,0,0,0,0,0,0,0
60425,0,1,1998,0,0,0,0,0,0,0,0,0,0
60425,1,1,1998,0,0,0,0,0,0,0,0,0,0
60426,1,1,1998,20,20,20,20,20,20,20,20,20,20
60427,0,1,1998,0,0,0,0,0,0,0,0,0,0
60427,1,1,1998,0,0,0,0,0,0,11,0,0,0
60428,1,1,1998,12,12,12,12,12,12,12,12,12,12
60428,2,1,1998,2,2,2,2,2,2,2,2,2,2
60429,1,1,1998,0,0,0,0,0,0,0,0,0,0
60429,2,1,1998,0,0,0,0,0,0,0,0,0,0
60430,0,1,1998,0,0,0,0,0,0,0,0,0,0
60430,0,2,1998,0,0,0,0,0,0,0,0,0,0
60430,1,1,1998,0,0,0,0,0,0,0,0,19,0
60430,2,1,1998,0,0,0,0,0,0,0,0,0,0
60431,1,1,1998,0,0,0,0,0,0,0,0,0,0
60431,2,1,1998,0,0,0,0,0,0,0,0,0,0
60432,1,1,1998,0,0,0,0,0,0,0,0,0,0
60432,2,1,1998,0,0,0,0,0,0,0,0,0,0
60433,0,1,1998,22,22,22,22,22,22,22,22,22,22
60433,1,1,1998,0,0,0,0,0,0,0,0,0,0
60433,2,1,1998,0,0,0,0,0,0,0,0,0,0
60434,1,1,1998,0,0,0,0,0,0,0,0,0,0
60434,2,1,1998,0,0,0,0,0,0,0,0,0,0
60435,1,1,1998,20,20,20,20,20,20,20,20,20,20
60436,1,1,1998,0,0,0,0,0,0,0,0,0,0
60436,2,1,1998,0,0,0,0,0,0,0,0,0,0
60437,0,1,1998,0,0,0,0,0,0,0,0,0,0
60437,1,1,1998,0,0,0,0,0,0,0,0,0,0
60438,0,1,1998,12,12,12,12,12,12,12,12,12,12
60438,1,1,1998,0,0,0,6,9,0,0,13,0,0
60439,1,1,1998,0,0,0,0,0,0,0,0,0,0
60439,2,1,1998,0,0,0,0,0,0,0,0,0,0
60440,1,1,1998,28,28,28,28,28,28,28,28,28,28
60440,2,1,1998,0,0,0,0,0,0,0,0,0,0
60441,0,1,1998,0,0,0,0,0,0,0,0,0,0
60441,1,1,1998,0,0,0,0,0,0,0,0,0,0
60442,1,1,1998,0,0,0,0,0,0,0,0,0,0
60442,2,1,1998,0,0,0,0,0,0,0,0,0,0
60442,3,1,1998,0,0,0,0,0,0,0,0,0,0
60443,1,1,1998,0,0,0,0,0,0,0,0,0,0
60443,2,1,1998,0,0,0,0,0,0,0,0,0,0
60444,1,1,1998,0,0,0,0,0,0,0,0,0,0
60444,2,1,1998,0,0,0,0,0,0,0,0,0,0
60444,3,1,1998,0,0,0,0,0,0,0,0,0,0
60445,1,1,1998,8,8,8,8,8,8,8,8,8,8
60445,2,1,1998,0,0,0,0,0,0,0,0,0,0
60446,1,1,1998,19,19,19,19,19,19,19,19,19,19
60447,1,1,1998,0,0,0,0,0,0,0,0,0,0
60448,1,1,1998,0,0,0,0,0,0,0,0,0,0
60448,2,1,1998,0,0,0,0,0,0,0,0,0,0
60449,1,1,1998,0,0,0,0,0,0,0,0,0,0
60450,1,1,1998,0,0,0,0,0,0,0,0,0,0
60450,2,1,1998,9,9,9,9,9,9,9,9,9,9
60451,1,1,1998,11,11,11,11,11,11,11,11,11,11
60452,0,1,1998,0,0,0,0,0,0,0,0,0,0
60452,1,1,1998,0,0,0,0,0,0,0,0,0,0
60453,1,1,1998,0,0,0,0,0,0,0,0,0,0
60453,2,1,1998,0,0,0,0,0,0,0,0,0,0
60454,1,1,1998,0,0,0,0,0,0,0,0,0,0
60454,2,1,1998,0,0,0,0,0,0,0,0,0,0
60454,3,1,1998,0,0,0,0,0,0,0,0,0,0
60454,4,1,1998,0,0,0,0,0,17,0,0,0,0
60455,1,1,1998,4,4,4,4,4,4,4,4,4,4
60456,1,1,1998,0,0,0,0,0,0,0,0,0,0
60456,2,1,1998,0,0,0,0,0,0,0,10,0,0
60457,1,1,1998,0,0,0,0,0,0,0,0,0,0
60457,2,1,1998,0,0,0,0,0,0,0,0,0,0
60458,1,1,1998,10,10,10,10,10,10,10,10,10,10
60458,2,1,1998,0,0,0,0,0,0,0,0,0,0
60459,0,1,1998,32,32,32,32,32,32,32,32,32,32
60459,1,1,1998,10,0,0,0,0,0,0,0,0,0
60460,0,1,1998,0,0,0,0,0,0,0,0,0,0
60460,1,1,1998,0,0,0,0,0,0,0,0,0,0
60461,0,1,1998,0,0,0,0,0,0,0,0,0,0
60461,1,1,1998,0,0,0,0,0,0,0,0,0,0
60461,2,1,1998,0,0,0,0,0,0,0,0,0,17
60462,1,1,1998,0,0,0,0,0,0,0,0,0,0
60462,2,1,1998,0,0,0,0,0,0,0,0,0,0
60463,1,1,1998,22,22,22,22,22,22,22,22,22,22
60464,1,1,1998,0,0,0,0,0,0,0,0,0,0
60464,2,1,1998,0,0,0,0,0,0,0,0,0,0
60465,1,1,1998,25,25,25,25,25,25,25,25,25,25
60466,1,1,1998,0,0,0,0,0,0,0,0,0,0
60467,0,1,1998,0,0,0,0,0,0,0,0,0,0
60467,1,1,1998,12,12,12,12,12,12,12,12,12,12
60468,1,1,1998,16,16,16,16,16,16,16,16,16,16
60469,1,1,1998,6,0,9,0,0,0,16,4,0,0
60470,1,1,1998,15,15,15,15,15,15,15,15,15,15
60471,1,1,1998,8,8,8,8,8,8,8,8,8,8
60472,1,1,1998,11,11,11,11,11,11,11,11,11,11
60473,0,1,1998,0,0,0,0,0,0,0,0,0,0
60473,1,1,1998,0,0,0,0,0,0,0,0,0,0
60474,0,1,1998,0,0,0,0,0,0,0,0,0,0
60474,1,1,1998,19,19,19,19,19,19,19,19,19,19
60475,0,1,1998,29,29,29,29,29,29,29,29,29,29
60475,1,1,1998,0,0,0,6,0,0,0,0,0,0
60476,1,1,1998,0,0,0,0,0,0,0,0,0,0
60477,1,1,1998,0,0,0,0,0,0,0,0,0,0
60478,0,1,1998,0,0,0,0,0,0,0,0,0,0
60478,1,1,1998,0,0,0,0,0,0,0,0,0,0
60479,0,1,1998,0,0,0,0,0,0,0,0,0,0
60479,1,1,1998,0,0,0,0,0,0,0,0,0,0
60480,0,1,1998,0,0,0,0,0,0,0,0,0,0
60480,0,2,1998,11,27,0,14,14,0,16,16,24,9
60480,0,3,1998,0,13,0,12,16,0,0,11,0,14
60480,0,4,1998,0,0,9,23,17,17,0,17,0,0
60480,1,1,1998,17,17,17,17,17,17,17,17,17,17
60481,1,1,1998,7,7,7,7,7,7,7,7,7,7
60482,0,1,1998,18,18,18,18,18,18,18,18,18,18
60482,1,1,1998,0,0,0,0,0,0,0,0,0,0
60483,1,1,1998,9,9,9,9,9,9,9,9,9,9
60484,0,1,1998,21,21,21,21,21,21,21,21,21,21
60484,1,1,1998,0,0,0,0,0,0,0,0,0,0
60485,1,1,1998,0,0,0,0,0,0,0,0,0,0
60486,1,1,1998,0,0,0,0,0,11,0,0,0,0
60487,0,1,1998,0,0,0,0,0,0,0,0,0,0
60487,1,1,1998,0,0,0,0,0,0,0,0,0,0
60488,1,1,1998,0,0,0,0,0,0,0,0,0,0
60489,0,1,1998,0,0,0,0,0,0,0,0,0,0
60489,1,1,1998,0,0,0,0,0,0,0,0,0,0
60490,0,1,1998,0,0,0,0,0,0,0,0,0,0
60490,1,1,1998,0,0,0,0,0,0,0,0,0,0
60491,1,1,1998,4,3,0,0,0,16,0,0,0,0
60492,1,1,1998,15,15,15,15,15,15,15,15,15,15
60493,0,1,1998,0,0,0,0,0,0,0,0,0,0
60493,1,1,1998,0,0,0,0,0,0,0,0,0,0
60494,1,1,1998,0,0,0,0,0,0,0,0,0,0
60494,2,1,1998,0,0,0,0,0,0,0,0,0,0
60495,0,1,1998,0,0,0,0,0,0,0,0,0,0
60495,0,2,1998,9,0,0,0,7,20,0,14,0,7
60495,1,1,1998,18,18,18,18,18,18,18,18,18,18
60496,1,1,1998,26,26,26,26,26,26,26,26,26,26
60497,0,1,1998,32,32,32,32,32,32,32,32,32,32
60497,1,1,1998,0,0,0,0,0,0,0,19,0,0
60498,1,1,1998,0,0,0,0,0,0,0,0,0,0
60498,2,1,1998,0,0,0,0,0,0,0,0,0,0
60499,1,1,1998,0,0,0,0,0,0,0,0,0,0
60499,2,1,1998,0,0,0,0,0,0,0,0,0,0
60500,1,1,1998,0,0,0,0,0,0,0,0,0,0
60500,2,1,1998,0,0,0,0,0,0,0,0,0,0
60501,0,1,1998,0,0,0,0,0,0,0,0,0,0
60501,1,1,1998,0,0,0,0,20,0,0,0,0,0
60502,1,1,1998,0,0,0,0,0,0,0,0,0,0
60502,2,1,1998,0,0,0,0,0,0,0,0,0,0
60503,1,1,1998,0,0,0,0,0,0,0,0,0,0
60503,2,1,1998,0,0,0,0,0,0,0,0,0,0
60504,0,1,1998,0,0,0,0,0,0,0,0,0,0
60504,1,1,1998,0,0,0,0,5,6,0,0,0,0
60505,0,1,1998,0,0,0,0,0,0,0,0,0,0
60505,1,1,1998,0,0,0,0,0,0,0,0,0,0
60506,1,1,1998,0,0,0,0,0,0,0,0,0,0
60506,2,1,1998,0,0,0,0,0,0,0,0,0,0
60507,1,1,1998,22,22,22,22,22,22,22,22,22,22
60507,2,1,1998,0,0,0,0,0,0,0,0,0,0
60508,0,1,1998,0,0,0,0,0,0,0,0,0,0
60508,0,2,1998,0,0,9,0,10,0,0,0,0,0
60508,1,1,1998,0,0,0,0,0,0,0,0,0,0
60509,1,1,1998,0,0,0,0,0,0,0,0,0,0
60509,2,1,1998,0,0,8,0,22,22,0,0,0,0
60510,1,1,1998,0,0,0,0,0,0,0,0,0,0
60510,2,1,1998,0,0,0,5,0,0,0,0,0,0
60511,1,1,1998,0,0,0,0,0,0,0,0,0,0
60511,2,1,1998,4,0,0,0,0,0,0,0,0,0
60512,0,1,1998,0,0,0,0,0,0,0,0,0,0
60512,1,1,1998,0,0,0,0,0,0,0,0,0,0
60513,0,1,1998,0,0,0,0,0,0,0,0,0,0
60513,1,1,1998,0,0,0,0,0,0,0,0,0,0
60514,0,1,1998,0,0,36,29,16,32,0,8,0,16
60514,1,1,1998,0,0,0,3,0,0,0,0,0,0
60514,2,1,1998,0,0,0,0,0,0,0,0,0,0
60515,1,1,1998,0,0,0,0,0,0,0,0,0,0
60515,2,1,1998,0,0,0,0,0,0,0,0,0,6
60515,3,1,1998,0,0,0,0,0,0,0,0,0,0
60515,4,1,1998,0,0,0,0,0,0,0,0,0,0
60515,5,1,1998,0,0,0,0,0,0,0,0,0,0
60515,6,1,1998,0,0,0,0,0,0,0,0,0,0
60516,0,1,1998,0,0,0,0,0,0,0,0,0,0
60516,0,2,1998,0,0,0,0,7,0,0,0,0,0