ST_CASE,VEH_NO,PER_NO,YEAR,P1,P2,P3,P4,P5,P6,P7,P8,P9,P10
60516,0,3,1998,0,0,0,0,0,0,0,0,0,0
60516,1,1,1998,0,0,0,0,0,0,0,0,0,0
60517,1,1,1998,0,0,0,0,0,0,0,0,0,0
60517,2,1,1998,0,0,0,0,0,0,0,0,0,0
60518,1,1,1998,0,0,0,0,0,0,0,0,0,0
60518,2,1,1998,0,0,0,0,0,0,0,0,0,0
60519,0,1,1998,0,0,0,0,0,0,0,0,0,0
60519,0,2,1998,0,0,0,0,0,0,0,0,0,0
60519,1,1,1998,0,0,0,0,0,0,0,0,0,0
60520,1,1,1998,0,0,0,0,0,0,0,0,0,0
60521,1,1,1998,0,0,0,0,0,0,0,0,0,0
60521,2,1,1998,0,0,0,0,0,0,0,0,0,0
60522,1,1,1998,31,31,31,31,31,31,31,31,31,31
60522,2,1,1998,0,0,0,0,0,0,0,0,0,0
60522,3,1,1998,25,0,0,0,15,0,0,0,0,0
60523,1,1,1998,0,0,0,0,0,0,0,0,0,0
60523,2,1,1998,0,0,0,0,0,0,0,0,0,0
60524,1,1,1998,0,0,0,0,0,0,0,0,0,0
60524,2,1,1998,0,0,0,0,0,0,0,0,0,0
60525,1,1,1998,15,15,15,15,15,15,15,15,15,15
60526,1,1,1998,0,0,0,2,0,0,0,0,0,0
60526,2,1,1998,3,3,3,3,3,3,3,3,3,3
60527,1,1,1998,0,0,0,0,0,0,0,0,0,0
60527,2,1,1998,0,0,0,0,0,0,0,0,0,0
60528,1,1,1998,0,0,0,0,0,0,0,0,0,0
60529,1,1,1998,0,0,0,0,0,0,0,0,0,0
60529,2,1,1998,0,0,0,0,0,0,0,0,0,0
60529,3,1,1998,0,0,0,0,0,0,0,0,0,0
60529,4,1,1998,0,0,0,0,0,0,0,0,0,0
60529,5,1,1998,0,0,0,0,0,0,0,0,0,0
60529,6,1,1998,0,0,0,0,0,0,0,0,0,0
60529,7,1,1998,0,0,0,0,0,0,0,0,0,0
60529,8,1,1998,0,0,0,0,0,0,0,0,0,0
60529,9,1,1998,0,0,0,0,0,0,0,0,0,0
60529,10,1,1998,0,0,0,0,0,0,0,0,0,0
60529,11,1,1998,0,0,0,0,0,0,0,0,0,0
60529,12,1,1998,0,0,0,0,0,0,0,0,0,0
60529,13,1,1998,0,0,0,0,0,0,0,0,0,0
60529,14,1,1998,0,0,0,0,0,0,0,0,0,0
60529,15,1,1998,0,0,0,0,0,0,0,0,0,0
60529,16,1,1998,0,0,0,0,0,0,0,0,0,0
60529,17,1,1998,0,0,0,0,0,0,0,0,0,0
60529,18,1,1998,0,0,0,0,0,0,0,0,0,0
60530,0,1,1998,10,10,10,10,10,10,10,10,10,10
60530,0,2,1998,20,23,15,0,25,26,28,15,17,18
60530,1,1,1998,0,16,0,0,0,0,0,0,0,0
60531,1,1,1998,9,9,9,9,9,9,9,9,9,9
60531,2,1,1998,0,0,0,0,0,0,0,0,0,0
60532,1,1,1998,0,0,0,0,0,0,0,0,0,0
60532,2,1,1998,0,0,0,0,0,0,0,0,0,0
60533,0,1,1998,13,17,4,0,2,23,0,3,21,17
60533,1,1,1998,0,2,0,10,12,0,0,0,0,0
60533,2,1,1998,0,0,0,0,0,0,0,0,0,0
60534,1,1,1998,10,12,0,0,0,3,0,0,0,17
60535,1,1,1998,0,0,0,0,0,0,0,0,0,0
60535,2,1,1998,0,0,0,0,0,0,0,0,0,0
60536,1,1,1998,0,13,0,0,0,16,31,27,23,0
60536,2,1,1998,0,0,0,0,0,0,0,0,0,0
60537,1,1,1998,0,0,0,0,0,0,0,0,0,0
60537,2,1,1998,0,0,0,0,0,0,0,0,0,0
60538,1,1,1998,0,0,0,0,0,0,0,0,0,0
60538,2,1,1998,0,0,0,0,0,0,0,0,0,0
60539,1,1,1998,0,0,0,0,0,0,0,0,0,0
60539,2,1,1998,0,0,0,0,0,0,0,0,0,0
60540,1,1,1998,16,16,16,16,16,16,16,16,16,16
60540,2,1,1998,0,0,0,0,0,0,0,0,0,0
60541,0,1,1998,20,20,20,20,20,20,20,20,20,20
60541,1,1,1998,0,0,0,0,0,0,0,0,0,0
60542,1,1,1998,0,22,0,0,0,0,0,0,0,0
60542,2,1,1998,0,0,0,0,0,0,0,0,0,0
60542,3,1,1998,0,0,0,0,0,0,0,0,0,0
60542,4,1,1998,0,0,0,0,0,0,0,0,0,0
60542,5,1,1998,0,0,0,4,0,0,0,0,0,0
60542,6,1,1998,0,0,0,0,0,0,0,0,0,0
60542,7,1,1998,0,0,0,0,0,0,0,0,0,0
60542,8,1,1998,7,0,0,0,0,0,0,0,0,0
60542,9,1,1998,0,0,0,0,0,0,0,0,0,0
60542,10,1,1998,0,0,0,0,0,0,0,0,0,0
60542,11,1,1998,0,0,0,0,0,0,0,0,0,0
60542,12,1,1998,0,0,0,0,0,0,0,0,0,0
60542,13,1,1998,0,0,0,0,0,0,0,0,0,0
60542,14,1,1998,0,0,0,0,0,0,0,0,0,0
60542,15,1,1998,0,0,0,0,0,0,0,0,0,0
60542,16,1,1998,0,0,0,0,0,0,0,0,0,0
60543,0,1,1998,5,5,5,5,5,5,5,5,5,5
60543,1,1,1998,0,0,0,0,0,0,0,0,0,0
60544,1,1,1998,0,0,0,0,0,0,0,0,0,0
60544,2,1,1998,0,0,6,0,0,0,0,0,0,0
60544,3,1,1998,0,0,0,0,0,0,2,0,0,0
60545,0,1,1998,0,0,0,0,0,0,0,0,0,0
60545,1,1,1998,0,0,0,0,0,0,0,0,0,0
60545,2,1,1998,0,0,0,0,0,0,0,0,0,0
60546,1,1,1998,9,0,0,10,0,0,24,8,0,0
60546,2,1,1998,0,0,0,0,0,0,0,0,0,0
60547,0,1,1998,0,0,0,0,0,0,0,0,0,0
60547,1,1,1998,0,0,0,0,0,0,0,0,0,0
60548,0,1,1998,0,0,0,0,0,0,0,0,0,0
60548,1,1,1998,14,14,14,14,14,14,14,14,14,14
60549,1,1,1998,0,0,0,0,0,0,0,0,0,0
60550,1,1,1998,0,0,0,0,0,0,0,0,0,0
60551,1,1,1998,11,11,11,11,11,11,11,11,11,11
60552,1,1,1998,0,0,0,22,10,7,23,22,0,27
60553,0,1,1998,0,0,0,18,0,0,0,0,0,14
60553,1,1,1998,0,0,0,0,0,0,0,0,0,0
60554,0,1,1998,24,0,17,0,24,12,0,0,0,0
60554,1,1,1998,0,0,0,0,0,0,0,0,0,0
60555,1,1,1998,18,18,18,18,18,18,18,18,18,18
60556,0,1,1998,18,18,18,18,18,18,18,18,18,18
60556,1,1,1998,0,0,0,0,0,0,0,0,0,0
60557,1,1,1998,0,0,0,0,0,0,0,0,0,0
60558,1,1,1998,0,0,0,0,0,0,0,0,0,0
60559,1,1,1998,19,19,19,19,19,19,19,19,19,19
60560,1,1,1998,0,7,0,0,0,0,0,0,0,0
60561,0,1,1998,0,0,0,0,0,0,0,0,0,0
60561,1,1,1998,0,0,0,0,0,0,9,0,0,0
60562,1,1,1998,32,32,32,32,32,32,32,32,32,32
60563,1,1,1998,0,0,0,0,0,0,0,0,0,0
60564,1,1,1998,0,0,0,0,0,0,0,0,0,0
60565,1,1,1998,0,0,0,0,0,0,0,0,0,0
60566,1,1,1998,0,0,0,0,0,0,0,0,0,0
60567,1,1,1998,0,0,0,0,0,0,0,0,0,0
60568,1,1,1998,0,0,0,0,0,0,0,0,0,0
60569,1,1,1998,0,0,0,0,0,0,0,0,0,0
60570,1,1,1998,20,20,20,20,20,20,20,20,20,20
60571,0,1,1998,0,0,0,0,0,0,0,0,0,0
60571,1,1,1998,0,0,0,0,0,0,0,0,0,0
60572,1,1,1998,0,0,0,0,0,0,0,0,0,0
60573,1,1,1998,13,13,13,13,13,13,13,13,13,13
60574,1,1,1998,21,21,21,21,21,21,21,21,21,21
60575,1,1,1998,0,0,0,0,0,0,0,0,0,0
60576,0,1,1998,1,1,1,1,1,1,1,1,1,1
60576,1,1,1998,0,0,0,0,0,0,0,0,0,0
60577,1,1,1998,0,0,0,0,0,0,0,0,0,0
60578,1,1,1998,13,13,13,13,13,13,13,13,13,13
60579,0,1,1998,0,0,0,0,0,0,0,0,0,0
60579,1,1,1998,0,0,0,0,0,0,0,14,0,0
60580,1,1,1998,0,0,0,0,0,0,0,0,0,0
60581,1,1,1998,0,0,19,0,0,0,0,0,0,0
60581,2,1,1998,0,0,0,0,0,0,0,0,0,0
60582,1,1,1998,6,6,6,6,6,6,6,6,6,6
60583,1,1,1998,0,0,0,0,0,0,0,0,0,0
60583,2,1,1998,0,34,0,0,0,0,0,0,0,0
60584,1,1,1998,23,23,23,23,23,23,23,23,23,23
60584,2,1,1998,0,0,0,0,0,0,0,0,0,0
60585,1,1,1998,0,0,0,0,0,0,0,0,0,0
60585,2,1,1998,0,0,0,0,0,0,0,0,0,0
60585,3,1,1998,0,0,0,0,0,0,0,0,0,0
60586,1,1,1998,0,0,0,0,0,0,0,0,0,0
60586,2,1,1998,0,0,0,0,0,0,0,0,0,0
60586,3,1,1998,0,0,0,0,0,0,0,0,0,0
60587,1,1,1998,0,0,0,0,0,0,0,0,0,0
60587,2,1,1998,0,0,0,0,0,0,0,0,0,0
60588,1,1,1998,0,0,0,0,0,0,0,0,0,0
60588,2,1,1998,0,0,0,0,0,0,0,0,0,0
60589,1,1,1998,0,0,0,0,0,0,0,0,0,0
60589,2,1,1998,0,0,0,0,0,0,0,0,0,0
60590,1,1,1998,31,31,31,31,31,31,31,31,31,31
60590,2,1,1998,0,0,0,0,0,12,0,0,0,0
60591,1,1,1998,0,0,0,0,0,0,0,0,0,0
60591,2,1,1998,0,0,0,0,0,0,0,0,0,0
60592,1,1,1998,0,0,0,0,0,0,0,0,0,0
60592,2,1,1998,0,0,0,0,0,0,0,0,0,0
60593,1,1,1998,0,0,0,0,0,0,0,0,0,0
60594,1,1,1998,0,0,0,0,0,14,0,0,0,0
60594,2,1,1998,0,0,0,0,0,0,0,0,0,0
60595,1,1,1998,9,9,9,9,9,9,9,9,9,9
60595,2,1,1998,0,0,0,0,0,0,0,0,0,0
60596,1,1,1998,0,0,0,0,0,0,0,0,0,0
60596,2,1,1998,0,0,0,0,0,0,0,0,0,0
60597,1,1,1998,0,0,0,0,14,0,25,16,0,0
60598,1,1,1998,0,0,0,0,0,7,0,0,0,24
60598,2,1,1998,0,0,0,0,0,0,0,0,0,0
60599,1,1,1998,0,0,0,0,0,0,0,0,0,0
60599,2,1,1998,0,0,0,0,0,0,0,0,0,0
60600,1,1,1998,0,0,0,0,0,0,0,0,0,0
60600,2,1,1998,0,0,0,0,0,0,0,0,0,0
60600,3,1,1998,0,0,0,0,0,0,0,0,0,0
60601,1,1,1998,0,0,0,0,0,0,0,0,0,0
60601,2,1,1998,0,0,0,0,0,0,0,0,0,0
60602,1,1,1998,13,0,11,0,0,0,0,27,19,0
60602,2,1,1998,22,0,0,0,0,0,0,0,0,0
60602,3,1,1998,0,0,0,0,0,0,0,0,0,0
60603,1,1,1998,0,0,0,0,0,0,0,0,0,0
60603,2,1,1998,0,0,0,0,0,0,0,0,0,0
60604,1,1,1998,0,0,0,0,0,0,0,0,0,0
60604,2,1,1998,0,0,0,0,0,0,0,0,0,0
60604,3,1,1998,0,0,0,0,0,0,0,0,0,0
60605,1,1,1998,9,9,9,9,9,9,9,9,9,9
60605,2,1,1998,0,0,0,0,0,0,0,0,0,0
60606,1,1,1998,0,0,0,0,0,0,0,0,0,0
60606,2,1,1998,0,0,0,0,0,0,0,0,0,0
60606,3,1,1998,0,0,0,0,0,0,0,0,0,0
60607,1,1,1998,0,0,0,0,0,0,0,0,0,0
60607,2,1,1998,0,0,0,0,0,0,0,0,0,0
60608,1,1,1998,0,0,0,0,0,0,0,0,0,0
60608,2,1,1998,0,0,0,0,9,0,0,0,0,0
60608,3,1,1998,0,0,0,0,0,0,0,0,0,0
60609,1,1,1998,0,0,0,0,0,0,0,0,0,0
60609,2,1,1998,0,0,0,0,0,0,0,0,0,0
60610,0,1,1998,0,0,0,0,0,0,0,0,0,0
60610,0,2,1998,0,0,0,0,0,0,0,0,0,0
60610,1,1,1998,0,0,0,0,0,0,0,0,0,0
60611,1,1,1998,0,0,0,0,0,0,0,0,0,0
60611,2,1,1998,8,8,8,8,8,8,8,8,8,8
60612,0,1,1998,0,0,0,0,0,0,0,0,0,0
60612,1,1,1998,0,10,0,0,0,0,0,0,0,0
60613,1,1,1998,26,26,26,26,26,26,26,26,26,26
60614,1,1,1998,21,21,21,21,21,21,21,21,21,21
60615,1,1,1998,0,0,0,0,0,0,0,0,0,0
60616,1,1,1998,0,0,0,0,0,0,0,0,0,0
60617,1,1,1998,0,0,0,0,0,0,8,0,0,0
60618,1,1,1998,0,0,0,0,0,0,0,0,0,0
60619,1,1,1998,10,10,10,10,10,10,10,10,10,10
60620,0,1,1998,1,1,1,1,1,1,1,1,1,1
60620,1,1,1998,0,0,0,0,0,0,0,0,0,0
60621,1,1,1998,0,0,0,0,0,0,0,0,0,0
60622,1,1,1998,0,0,0,0,0,0,0,0,0,0
60623,1,1,1998,0,0,0,0,0,0,0,0,0,37
60624,0,1,1998,16,16,16,16,16,16,16,16,16,16
60624,1,1,1998,0,0,0,0,0,0,0,0,0,0
60625,1,1,1998,8,8,8,8,8,8,8,8,8,8
60626,1,1,1998,0,0,0,0,0,0,0,0,0,0
60627,1,1,1998,0,0,0,0,0,0,0,0,0,0
60628,1,1,1998,18,18,18,18,18,18,18,18,18,18
60629,0,1,1998,1,1,1,1,1,1,1,1,1,1
60629,1,1,1998,14,14,14,14,14,14,14,14,14,14
60630,0,1,1998,27,27,27,27,27,27,27,27,27,27
60630,1,1,1998,0,0,0,0,0,0,0,0,0,0
60631,1,1,1998,0,0,0,0,0,0,0,0,0,0
60632,1,1,1998,6,6,6,6,6,6,6,6,6,6
60633,1,1,1998,0,0,0,0,0,0,0,0,0,0
60634,0,1,1998,0,0,0,0,0,4,0,0,0,0
60634,0,2,1998,0,0,0,0,0,0,0,0,0,0
60634,1,1,1998,0,0,0,0,0,0,0,0,0,0
60635,0,1,1998,20,20,20,20,20,20,20,20,20,20
60635,1,1,1998,0,0,0,0,0,0,0,0,0,0
60636,0,1,1998,0,0,0,0,0,0,0,0,0,0
60636,1,1,1998,0,0,0,0,0,0,0,0,3,0
60637,0,1,1998,0,0,0,0,0,0,0,0,0,0
60637,1,1,1998,0,0,0,0,0,0,0,0,0,0
60638,1,1,1998,7,7,7,7,7,7,7,7,7,7
60639,0,1,1998,26,26,26,26,26,26,26,26,26,26
60639,1,1,1998,0,0,0,0,0,0,0,0,0,0
60640,1,1,1998,0,0,0,0,0,0,0,0,0,0
60641,1,1,1998,0,0,0,0,0,0,0,0,0,0
60642,1,1,1998,17,17,17,17,17,17,17,17,17,17
60643,1,1,1998,19,19,19,19,19,19,19,19,19,19
60644,1,1,1998,14,14,14,14,14,14,14,14,14,14
60645,1,1,1998,15,15,15,15,15,15,15,15,15,15
60646,1,1,1998,18,18,18,18,18,18,18,18,18,18
60647,1,1,1998,0,0,0,0,0,0,0,0,0,0
60648,1,1,1998,0,0,0,0,0,0,0,0,0,0
60649,1,1,1998,0,0,0,0,0,0,0,0,0,0
60650,1,1,1998,0,0,0,0,0,0,0,0,0,0
60650,2,1,1998,0,0,0,0,0,0,0,0,0,0
60651,1,1,1998,0,0,0,0,0,0,0,0,0,0
60651,2,1,1998,13,0,0,0,0,0,0,0,0,0
60652,1,1,1998,0,0,0,0,0,0,0,0,0,0
60652,2,1,1998,0,0,0,0,0,0,0,0,0,0
60653,1,1,1998,0,0,0,0,0,0,0,0,0,0
60653,2,1,1998,0,0,0,0,0,0,0,0,0,0
60654,1,1,1998,0,0,0,0,0,0,0,0,0,0
60654,2,1,1998,0,0,0,0,0,0,0,0,0,0
60655,1,1,1998,24,24,24,24,24,24,24,24,24,24
60655,2,1,1998,0,0,0,0,0,0,0,0,0,0
60656,1,1,1998,0,0,0,0,0,0,0,0,0,0
60656,2,1,1998,0,0,0,0,0,0,0,0,0,0
60656,3,1,1998,0,0,0,0,0,0,0,0,0,0
60657,1,1,1998,0,0,0,0,0,0,0,0,0,0
60658,1,1,1998,0,0,0,0,0,0,0,0,0,0
60658,2,1,1998,0,0,0,0,0,0,0,0,0,0
60658,3,1,1998,0,0,0,0,0,0,0,0,0,0
60659,1,1,1998,0,0,0,0,0,0,0,0,0,0
60660,1,1,1998,0,0,0,0,0,0,0,0,0,0
60660,2,1,1998,0,0,0,0,0,0,0,0,0,0
60661,0,1,1998,0,0,0,0,0,0,0,0,0,0
60661,1,1,1998,0,0,0,0,0,0,0,0,0,0
60662,1,1,1998,0,0,0,0,0,0,0,0,0,0
60662,2,1,1998,0,0,0,0,0,0,0,0,0,0
60663,1,1,1998,0,0,0,0,0,0,0,0,0,0
60664,1,1,1998,0,0,0,0,0,0,0,0,0,0
60664,2,1,1998,0,0,0,0,0,0,0,0,0,0
60665,1,1,1998,15,0,0,0,0,0,0,0,0,0
60665,2,1,1998,0,0,0,0,0,0,0,0,0,6
60665,3,1,1998,0,0,0,0,0,0,0,0,0,0
60666,1,1,1998,0,0,0,0,0,0,0,0,0,0
60666,2,1,1998,21,0,0,0,0,0,20,0,0,0
60666,3,1,1998,0,0,0,0,0,0,0,0,0,0
60667,1,1,1998,0,0,0,0,0,0,0,0,0,0
60667,2,1,1998,0,0,0,0,0,0,0,0,0,0
60668,1,1,1998,0,0,0,0,0,0,0,0,0,0
60668,2,1,1998,0,0,0,0,0,0,0,0,0,0
60669,0,1,1998,2,2,2,2,2,2,2,2,2,2
60669,0,2,1998,10,0,0,0,0,5,9,0,11,29
60669,1,1,1998,0,0,0,0,0,0,0,0,0,0
60670,1,1,1998,25,25,25,25,25,25,25,25,25,25
60670,2,1,1998,0,0,0,0,0,0,0,0,0,0
60671,1,1,1998,0,0,0,0,0,0,0,0,0,5
60671,2,1,1998,0,0,0,0,0,0,0,0,0,0
60672,1,1,1998,0,0,0,0,0,0,0,0,0,0
60672,2,1,1998,0,0,0,0,0,0,0,0,0,0
60672,3,1,1998,0,0,0,0,0,0,0,0,0,0
60672,4,1,1998,0,0,0,0,0,0,0,0,0,0
60673,1,1,1998,0,0,0,0,0,0,0,0,0,0
60674,1,1,1998,0,0,0,0,0,0,0,0,0,0
60674,2,1,1998,0,0,0,0,0,0,0,0,0,0
60675,1,1,1998,0,0,0,0,0,0,0,0,0,0
60675,2,1,1998,0,0,0,0,0,0,0,0,0,0
60676,1,1,1998,0,0,0,0,0,0,0,0,0,0
60676,2,1,1998,0,0,0,0,0,0,0,0,0,0
60677,1,1,1998,0,0,0,0,0,0,0,0,0,0
60677,2,1,1998,0,0,0,0,0,0,0,0,0,0
60678,1,1,1998,0,0,0,0,0,0,0,0,0,0
60678,2,1,1998,0,0,0,0,0,0,0,0,0,0
60679,1,1,1998,22,22,22,22,22,22,22,22,22,22
60680,1,1,1998,0,0,0,0,0,0,0,0,0,0
60681,1,1,1998,16,16,16,16,16,16,16,16,16,16
60681,2,1,1998,0,0,22,0,0,0,0,0,0,0
60682,0,1,1998,0,0,0,0,0,0,0,0,0,0
60682,1,1,1998,21,21,21,21,21,21,21,21,21,21
60683,1,1,1998,17,17,17,17,17,17,17,17,17,17
60684,0,1,1998,29,29,29,29,29,29,29,29,29,29
60684,1,1,1998,23,23,23,23,23,23,23,23,23,23
60685,1,1,1998,13,13,13,13,13,13,13,13,13,13
60686,1,1,1998,0,0,0,0,0,0,0,0,0,0
60687,1,1,1998,0,0,0,0,0,0,0,0,0,0
60687,2,1,1998,0,0,0,0,0,0,0,0,0,0
60688,0,1,1998,41,41,41,41,41,41,41,41,41,41
60688,1,1,1998,0,0,0,0,0,0,0,0,0,0
60689,1,1,1998,15,15,15,15,15,15,15,15,15,15
60690,1,1,1998,17,17,17,17,17,17,17,17,17,17
60691,1,1,1998,0,0,0,0,0,0,0,0,0,0
60691,2,1,1998,0,0,0,0,0,0,0,0,0,0
60691,3,1,1998,0,0,0,0,0,0,0,0,0,0
60692,1,1,1998,6,6,6,6,6,6,6,6,6,6
60692,2,1,1998,0,0,0,0,0,0,0,0,0,0
60693,1,1,1998,0,0,0,0,0,0,0,0,0,0
60693,2,1,1998,0,0,0,0,0,0,0,0,0,0
60694,1,1,1998,21,21,21,21,21,21,21,21,21,21
60694,2,1,1998,0,0,0,19,30,0,7,0,0,0
60695,1,1,1998,16,16,16,16,16,16,16,16,16,16
60696,1,1,1998,28,28,28,28,28,28,28,28,28,28
60696,2,1,1998,0,0,0,0,0,0,0,0,0,0
60697,1,1,1998,0,0,0,0,0,0,0,0,0,0
60698,1,1,1998,15,15,15,15,15,15,15,15,15,15
60699,0,1,1998,21,21,21,21,21,21,21,21,21,21
60699,1,1,1998,0,0,0,0,0,16,0,0,0,0
60700,1,1,1998,0,0,0,0,0,0,0,0,0,0
60701,1,1,1998,0,0,0,0,0,0,0,0,0,0
60702,0,1,1998,0,0,0,0,0,0,0,0,0,0
60702,1,1,1998,0,0,0,0,0,0,0,0,0,0
60703,1,1,1998,0,0,0,0,0,0,0,0,0,0
60704,1,1,1998,16,16,16,16,16,16,16,16,16,16
60705,1,1,1998,0,0,0,0,0,0,0,0,0,9
60706,1,1,1998,0,0,0,0,0,0,0,0,0,0
60707,1,1,1998,11,11,11,11,11,11,11,11,11,11
60708,1,1,1998,0,0,0,0,0,0,0,0,0,0
60709,1,1,1998,18,18,18,18,18,18,18,18,18,18
60710,1,1,1998,28,28,28,28,28,28,28,28,28,28
60711,1,1,1998,0,0,0,0,0,0,6,0,0,0
60712,1,1,1998,0,0,0,0,0,0,0,0,0,0
60713,1,1,1998,0,0,0,0,0,0,0,0,0,0
60714,1,1,1998,0,0,0,0,0,0,0,0,0,0
60715,0,1,1998,15,15,15,15,15,15,15,15,15,15
60715,1,1,1998,0,0,0,0,6,0,7,0,0,0
60716,0,1,1998,0,0,0,0,0,0,0,0,0,0
60716,1,1,1998,0,0,0,0,0,0,0,0,0,0
60717,1,1,1998,14,14,14,14,14,14,14,14,14,14
60718,1,1,1998,0,0,0,0,0,0,0,0,0,0
60719,1,1,1998,0,0,0,0,0,0,0,0,0,0
60720,1,1,1998,0,0,0,0,0,0,0,0,0,0
60721,1,1,1998,0,0,0,0,0,0,0,0,0,0
60722,1,1,1998,8,8,8,8,8,8,8,8,8,8
60723,0,1,1998,0,0,0,0,0,0,0,0,0,0
60723,1,1,1998,0,0,0,0,0,13,10,0,0,0
60724,1,1,1998,0,0,0,0,0,0,0,0,0,0
60725,0,1,1998,15,15,15,15,15,15,15,15,15,15
60725,1,1,1998,9,0,11,0,0,6,0,5,0,0
60726,0,1,1998,4,4,4,4,4,4,4,4,4,4
60726,0,2,1998,10,10,0,29,26,29,0,0,30,0
60726,1,1,1998,22,13,13,15,0,0,12,12,0,0
60727,0,1,1998,3,3,3,3,3,3,3,3,3,3
60727,1,1,1998,8,0,6,10,15,0,0,0,0,5
60728,0,1,1998,36,36,36,36,36,36,36,36,36,36
60728,1,1,1998,0,0,0,0,0,0,0,0,0,0
60729,1,1,1998,0,0,0,0,0,0,0,0,0,0
60729,2,1,1998,19,0,0,0,0,0,0,0,0,0
60729,3,1,1998,0,0,0,0,0,0,0,0,0,0
60729,4,1,1998,0,0,0,0,0,0,0,0,0,0
60729,5,1,1998,0,0,0,0,0,0,0,0,0,0
60730,1,1,1998,20,20,20,20,20,20,20,20,20,20
60731,1,1,1998,0,0,0,0,0,0,0,0,0,0
60731,2,1,1998,0,0,0,0,0,0,0,0,0,0
60732,0,1,1998,32,32,32,32,32,32,32,32,32,32
60732,1,1,1998,0,0,0,0,0,0,0,0,0,0
60733,1,1,1998,0,0,0,0,0,0,0,0,0,0
60733,2,1,1998,0,0,0,0,0,0,0,0,0,0
60733,3,1,1998,0,0,0,0,0,0,0,0,20,0
60733,4,1,1998,0,0,0,0,0,0,0,0,0,0
60733,5,1,1998,0,0,0,0,0,0,0,0,0,26
60734,1,1,1998,0,0,0,0,0,0,0,0,0,0
60734,2,1,1998,0,0,0,0,0,0,0,0,0,0
60735,1,1,1998,7,0,0,0,0,0,0,0,0,0
60735,2,1,1998,0,0,0,0,0,0,0,0,0,0
60736,1,1,1998,24,24,24,24,24,24,24,24,24,24
60736,2,1,1998,17,17,17,17,17,17,17,17,17,17
60737,1,1,1998,0,0,0,0,0,0,0,0,0,18
60737,2,1,1998,0,0,0,0,0,0,0,0,0,0
60738,0,1,1998,0,0,0,0,0,0,0,0,0,0
60738,1,1,1998,0,0,0,0,0,0,0,0,0,0
60739,1,1,1998,0,0,0,0,0,0,0,0,0,0
60739,2,1,1998,0,0,0,0,0,0,0,0,0,0
60739,3,1,1998,0,0,0,0,0,0,0,0,0,0
60740,1,1,1998,6,6,6,6,6,6,6,6,6,6
60740,2,1,1998,0,0,0,0,0,0,0,0,0,0
60741,1,1,1998,15,15,15,15,15,15,15,15,15,15
60741,2,1,1998,0,0,0,0,0,0,0,0,0,0
60742,1,1,1998,0,0,0,0,0,0,0,0,0,0
60742,2,1,1998,0,0,0,0,0,0,0,0,0,0
60743,1,1,1998,0,0,0,0,0,0,0,0,0,0
60744,1,1,1998,12,12,12,12,12,12,12,12,12,12
60745,1,1,1998,0,0,0,0,0,0,0,0,0,0
60745,2,1,1998,0,0,0,0,0,0,0,0,0,0
60746,1,1,1998,24,24,24,24,24,24,24,24,24,24
60747,1,1,1998,0,17,0,0,0,0,0,0,0,0
60748,1,1,1998,0,0,0,0,0,0,0,0,0,0
60748,2,1,1998,0,0,0,0,0,0,0,0,0,0
60749,0,1,1998,0,0,0,0,0,0,0,0,0,0
60749,1,1,1998,4,0,0,0,0,0,0,0,0,0
60750,0,1,1998,0,0,0,0,0,0,0,0,0,0
60750,1,1,1998,0,0,0,0,0,0,0,0,0,0
60750,2,1,1998,0,0,6,0,0,0,0,0,0,0
60751,1,1,1998,0,0,0,0,0,0,0,0,0,0
60752,0,1,1998,0,0,0,0,0,0,0,0,0,0
60752,1,1,1998,0,0,0,0,0,0,0,0,0,0
60753,1,1,1998,0,0,0,0,0,0,0,0,0,0
60753,2,1,1998,0,0,0,0,0,0,0,0,0,0
60754,1,1,1998,0,0,0,0,0,0,0,0,0,0
60754,2,1,1998,0,0,0,0,0,0,0,0,0,0
60755,1,1,1998,0,0,0,0,0,0,0,0,0,0
60756,1,1,1998,0,0,0,0,0,0,0,0,0,0
60756,2,1,1998,12,12,12,12,12,12,12,12,12,12
60757,1,1,1998,0,0,0,0,0,0,0,0,0,0
60757,2,1,1998,0,0,0,0,0,0,0,0,0,0
60757,3,1,1998,0,0,0,0,0,0,0,0,0,0
60757,4,1,1998,0,0,0,0,0,0,0,0,0,0
60757,5,1,1998,0,0,0,0,0,0,0,0,0,0
60758,1,1,1998,10,10,10,10,10,10,10,10,10,10
60758,2,1,1998,0,0,0,0,0,0,0,0,0,0
60758,3,1,1998,0,0,0,0,0,0,0,0,0,0
60758,4,1,1998,0,0,0,0,0,0,0,0,0,0
60759,1,1,1998,0,0,0,0,0,0,0,0,0,0
60760,1,1,1998,0,0,0,0,0,0,0,0,0,0
60761,1,1,1998,18,18,18,18,18,18,18,18,18,18
60761,2,1,1998,0,0,0,0,0,0,0,0,0,0
60762,1,1,1998,20,20,20,20,20,20,20,20,20,20
60762,2,1,1998,0,0,0,0,0,0,0,0,0,0
60763,1,1,1998,0,0,0,0,0,0,0,0,0,0
60763,2,1,1998,0,0,0,0,0,0,0,0,0,0
60764,1,1,1998,6,6,6,6,6,6,6,6,6,6
60764,2,1,1998,0,0,0,0,0,0,0,0,8,0
60764,3,1,1998,0,0,0,0,0,0,0,0,0,0
60765,1,1,1998,7,7,7,7,7,7,7,7,7,7
60766,1,1,1998,0,0,0,0,0,0,0,0,0,0
60767,1,1,1998,0,0,0,0,0,0,0,0,0,0
60767,2,1,1998,0,0,0,0,0,0,0,0,0,0
60768,1,1,1998,0,0,0,0,15,19,0,0,0,0
60769,1,1,1998,0,0,0,0,0,0,0,0,0,15