ST_CASE,VEH_NO,PER_NO,YEAR,P1,P2,P3,P4,P5,P6,P7,P8,P9,P10
60769,2,1,1998,17,0,0,0,0,12,19,20,0,0
60769,3,1,1998,0,12,0,0,0,19,0,0,7,0
60770,1,1,1998,0,0,0,0,0,0,0,0,0,0
60770,2,1,1998,0,0,0,0,0,0,0,0,0,0
60771,0,1,1998,7,7,7,7,7,7,7,7,7,7
60771,1,1,1998,0,0,0,0,0,0,0,0,0,0
60772,0,1,1998,0,0,0,0,0,0,0,0,0,0
60772,1,1,1998,0,0,0,0,0,0,0,0,0,0
60773,0,1,1998,24,0,0,0,0,0,0,0,0,0
60773,1,1,1998,0,0,0,0,0,0,0,0,0,0
60774,0,1,1998,0,0,0,0,0,0,0,0,0,0
60774,1,1,1998,0,0,0,0,0,0,0,0,0,0
60775,1,1,1998,1,1,1,1,1,1,1,1,1,1
60776,0,1,1998,0,0,30,42,0,0,12,23,0,12
60776,1,1,1998,16,18,17,29,7,6,26,14,12,0
60777,0,1,1998,20,20,20,20,20,20,20,20,20,20
60777,1,1,1998,20,22,10,6,14,15,18,6,0,13
60778,0,1,1998,14,14,14,14,14,14,14,14,14,14
60778,1,1,1998,0,0,0,0,0,0,0,0,0,0
60779,0,1,1998,0,32,34,0,0,0,9,14,21,27
60779,1,1,1998,0,4,0,10,15,13,0,18,13,6
60780,1,1,1998,19,19,19,19,19,19,19,19,19,19
60781,1,1,1998,0,0,0,0,0,0,0,0,0,0
60782,1,1,1998,15,15,15,15,15,15,15,15,15,15
60783,0,1,1998,0,0,0,0,0,0,0,0,0,0
60783,1,1,1998,0,0,0,0,0,0,0,0,0,0
60784,1,1,1998,24,24,24,24,24,24,24,24,24,24
60785,1,1,1998,0,0,0,0,0,0,0,0,0,0
60786,1,1,1998,0,0,0,0,0,0,0,0,0,0
60787,0,1,1998,30,30,30,30,30,30,30,30,30,30
60787,1,1,1998,0,0,0,0,0,0,0,0,0,0
60788,1,1,1998,13,13,13,13,13,13,13,13,13,13
60789,0,1,1998,27,27,27,27,27,27,27,27,27,27
60789,1,1,1998,0,0,0,0,0,0,0,0,0,0
60790,0,1,1998,31,31,31,31,31,31,31,31,31,31
60790,1,1,1998,0,0,0,0,0,0,0,0,0,0
60791,1,1,1998,17,17,17,17,17,17,17,17,17,17
60792,1,1,1998,0,0,0,0,0,0,0,0,0,0
60792,2,1,1998,0,0,0,0,0,0,0,18,0,14
60793,1,1,1998,0,0,0,0,0,0,0,0,0,0
60793,2,1,1998,0,0,0,0,0,0,0,0,0,0
60794,1,1,1998,22,22,22,22,22,22,22,22,22,22
60794,2,1,1998,0,0,0,0,0,0,0,0,0,0
60794,3,1,1998,0,0,0,0,0,0,0,0,0,0
60794,4,1,1998,0,0,0,0,0,0,0,0,0,0
60795,1,1,1998,0,0,0,0,0,0,0,0,0,0
60795,2,1,1998,12,0,0,0,0,0,0,0,0,0
60795,3,1,1998,0,0,0,0,0,0,0,0,0,0
60795,4,1,1998,0,0,0,0,0,0,0,0,0,0
60796,0,1,1998,0,0,0,0,0,0,0,0,0,0
60796,1,1,1998,0,0,0,0,0,0,0,0,0,0
60797,1,1,1998,0,0,0,0,0,0,7,0,0,0
60797,2,1,1998,0,0,0,0,0,0,0,0,0,0
60797,3,1,1998,0,0,0,0,0,0,0,0,0,0
60798,1,1,1998,2,2,2,2,2,2,2,2,2,2
60799,1,1,1998,26,26,26,26,26,26,26,26,26,26
60800,1,1,1998,17,17,17,17,17,17,17,17,17,17
60801,1,1,1998,14,14,14,14,14,14,14,14,14,14
60802,1,1,1998,3,3,3,3,3,3,3,3,3,3
60802,2,1,1998,0,0,0,0,8,0,0,0,0,0
60803,1,1,1998,0,0,0,0,0,0,0,0,0,0
60804,0,1,1998,0,0,0,0,0,0,0,0,0,0
60804,1,1,1998,12,12,12,12,12,12,12,12,12,12
60805,1,1,1998,0,0,0,0,0,0,0,0,0,0
60806,1,1,1998,18,18,18,18,18,18,18,18,18,18
60806,2,1,1998,0,0,0,0,0,0,0,0,0,0
60807,1,1,1998,0,0,0,0,0,0,0,0,0,0
60807,2,1,1998,0,0,0,0,0,0,0,0,0,0
60808,1,1,1998,0,0,0,0,0,0,0,0,0,0
60808,2,1,1998,0,0,0,0,0,0,0,0,0,0
60809,1,1,1998,0,0,0,0,0,0,0,0,0,0
60809,2,1,1998,0,0,0,0,0,0,0,0,0,0
60809,3,1,1998,0,0,0,0,0,0,0,0,0,0
60810,1,1,1998,0,0,0,0,0,0,0,0,0,0
60810,2,1,1998,0,0,0,0,0,0,0,0,0,0
60811,1,1,1998,0,0,0,0,0,0,0,0,0,0
60811,2,1,1998,0,0,0,0,0,0,0,0,0,0
60812,1,1,1998,0,0,0,0,0,0,0,0,0,0
60812,2,1,1998,0,0,0,9,0,0,0,0,0,14
60813,1,1,1998,0,0,0,0,0,0,0,0,0,0
60813,2,1,1998,0,0,0,0,0,0,0,0,0,0
60814,1,1,1998,0,0,0,0,0,0,0,0,0,0
60814,2,1,1998,0,0,0,0,0,0,0,0,0,0
60815,1,1,1998,5,5,5,5,5,5,5,5,5,5
60816,1,1,1998,0,19,0,0,0,12,0,0,0,0
60817,1,1,1998,0,0,0,0,0,0,0,0,0,0
60818,0,1,1998,0,0,0,0,0,0,0,0,0,0
60818,1,1,1998,0,0,0,0,0,0,0,0,0,0
60819,0,1,1998,23,23,23,23,23,23,23,23,23,23
60819,1,1,1998,0,0,0,0,0,0,0,0,0,0
60820,1,1,1998,42,42,42,42,42,42,42,42,42,42
60820,2,1,1998,0,0,0,0,0,0,0,0,0,0
60821,0,1,1998,0,0,0,0,0,0,0,0,0,0
60821,1,1,1998,0,0,0,0,0,0,0,16,0,0
60822,1,1,1998,0,0,0,0,0,0,0,0,0,0
60822,2,1,1998,0,0,0,0,0,0,0,0,0,0
60823,1,1,1998,0,0,0,0,0,0,0,0,0,0
60823,2,1,1998,0,0,0,0,0,0,0,0,0,0
60824,1,2,1998,17,25,33,9,4,0,0,0,0,0
60825,1,1,1998,9,9,9,9,9,9,9,9,9,9
60826,1,1,1998,0,0,0,0,0,0,0,0,0,0
60826,2,1,1998,0,0,0,0,0,0,0,0,0,0
60827,1,1,1998,0,0,0,0,0,0,0,0,0,0
60827,2,1,1998,0,0,0,0,0,0,0,0,0,0
60827,3,1,1998,0,0,0,0,0,0,0,0,0,0
60827,4,1,1998,0,0,0,0,0,0,0,0,0,0
60827,5,1,1998,0,0,0,0,0,0,0,0,0,0
60828,1,1,1998,0,0,0,0,0,0,0,0,0,0
60829,0,1,1998,0,0,0,0,0,0,0,0,0,0
60829,1,1,1998,0,0,0,0,0,0,0,0,0,0
60830,1,1,1998,24,24,24,24,24,24,24,24,24,24
60830,2,1,1998,0,0,0,0,0,0,0,0,0,0
60831,0,1,1998,1,1,1,1,1,1,1,1,1,1
60831,1,1,1998,0,0,0,0,0,0,0,0,0,0
60832,0,1,1998,31,31,31,31,31,31,31,31,31,31
60832,1,1,1998,11,11,11,11,11,11,11,11,11,11
60833,1,1,1998,13,26,11,18,27,7,19,0,10,9
60834,1,1,1998,0,0,0,0,0,0,0,0,0,0
60835,0,1,1998,0,0,0,0,0,0,0,0,0,0
60835,1,1,1998,0,0,8,0,0,17,0,0,0,0
60836,1,1,1998,0,0,0,0,0,0,0,0,0,0
60836,2,1,1998,0,0,0,0,0,0,0,0,0,0
60837,1,1,1998,0,0,0,0,0,0,0,0,0,0
60838,1,1,1998,18,18,18,18,18,18,18,18,18,18
60839,1,1,1998,0,0,0,0,0,0,0,0,0,0
60839,2,1,1998,0,0,0,0,0,0,0,0,0,0
60840,1,1,1998,0,0,0,0,0,0,0,0,0,0
60841,1,1,1998,18,18,18,18,18,18,18,18,18,18
60842,1,1,1998,22,22,22,22,22,22,22,22,22,22
60843,0,1,1998,0,5,0,4,12,0,0,0,0,0
60843,1,1,1998,0,0,0,0,12,0,0,0,5,0
60843,3,1,1998,0,0,0,0,0,0,0,0,0,0
60844,1,1,1998,0,0,0,0,0,0,0,0,0,0
60845,1,1,1998,11,11,11,11,11,11,11,11,11,11
60846,1,1,1998,0,0,0,0,0,0,0,0,0,0
60846,2,1,1998,0,0,0,0,0,0,0,0,0,0
60847,1,1,1998,0,0,0,0,0,0,0,0,0,0
60847,2,1,1998,0,0,0,0,0,0,0,0,0,0
60848,1,1,1998,0,0,0,0,0,0,0,0,0,0
60848,2,1,1998,0,0,0,0,0,0,0,0,0,0
60849,1,1,1998,2,2,2,2,2,2,2,2,2,2
60849,2,1,1998,0,0,0,0,0,0,0,0,0,0
60850,1,1,1998,1,1,1,1,1,1,1,1,1,1
60850,2,1,1998,0,0,0,0,0,0,0,0,0,0
60850,3,1,1998,0,0,0,0,0,0,0,0,0,0
60851,1,1,1998,0,0,0,0,0,0,0,0,0,0
60851,2,1,1998,0,0,0,0,0,0,0,0,0,0
60852,1,1,1998,2,2,2,2,2,2,2,2,2,2
60853,1,1,1998,0,0,0,0,0,0,0,0,0,0
60853,2,1,1998,0,0,0,0,0,0,0,0,0,0
60854,0,1,1998,0,0,0,0,0,0,0,0,0,0
60854,1,1,1998,0,0,0,0,0,0,0,0,0,0
60855,1,1,1998,0,0,0,0,0,0,0,0,0,0
60855,2,1,1998,0,0,0,0,0,0,0,0,0,0
60856,1,1,1998,0,0,0,0,0,0,0,0,0,0
60856,2,1,1998,0,0,0,0,0,0,0,0,0,0
60857,0,1,1998,0,0,0,0,0,0,0,0,0,0
60857,1,1,1998,13,13,13,13,13,13,13,13,13,13
60858,1,1,1998,0,0,0,29,0,0,13,0,0,0
60858,2,1,1998,0,0,0,0,0,0,0,0,0,0
60859,1,1,1998,15,15,15,15,15,15,15,15,15,15
60860,1,1,1998,16,16,16,16,16,16,16,16,16,16
60860,2,1,1998,9,0,0,0,0,15,0,0,11,0
60861,1,1,1998,0,0,0,0,0,0,0,0,0,0
60862,1,1,1998,5,5,5,5,5,5,5,5,5,5
60863,1,1,1998,11,11,11,11,11,11,11,11,11,11
60864,1,1,1998,16,0,0,0,0,0,0,0,0,0
60865,0,1,1998,0,0,0,0,0,0,0,0,0,0
60865,1,1,1998,0,0,0,0,16,0,0,0,0,0
60866,0,1,1998,0,0,0,0,0,0,0,0,0,0
60866,1,1,1998,0,0,0,0,0,0,0,0,0,0
60867,1,1,1998,0,0,0,0,0,0,0,0,0,0
60868,1,1,1998,0,0,0,0,0,0,0,0,0,0
60869,1,1,1998,0,0,0,0,0,0,0,0,0,0
60870,1,1,1998,0,0,13,0,0,0,0,0,0,0
60871,1,1,1998,0,0,0,0,0,0,0,0,0,0
60872,1,1,1998,0,0,0,0,0,0,0,0,0,0
60873,1,1,1998,21,21,21,21,21,21,21,21,21,21
60874,1,1,1998,0,0,0,0,0,0,0,0,0,0
60875,1,1,1998,0,0,0,0,0,0,0,0,0,0
60876,0,1,1998,0,0,0,0,0,0,0,0,0,0
60876,1,1,1998,0,0,0,0,0,0,0,0,0,0
60877,1,1,1998,32,32,32,32,32,32,32,32,32,32
60878,1,1,1998,0,0,15,0,0,12,5,0,0,6
60878,2,1,1998,23,23,23,23,23,23,23,23,23,23
60879,1,1,1998,0,0,0,0,0,0,0,0,24,4
60879,2,1,1998,11,11,11,11,11,11,11,11,11,11
60880,1,1,1998,0,0,0,0,0,0,0,0,0,0
60881,0,1,1998,0,0,0,0,0,0,0,0,0,0
60881,1,1,1998,0,0,0,0,0,0,0,0,0,0
60882,1,1,1998,26,26,26,26,26,26,26,26,26,26
60883,0,1,1998,23,23,23,23,23,23,23,23,23,23
60883,1,1,1998,0,0,0,0,0,0,0,0,0,0
60884,1,1,1998,0,0,0,0,0,0,0,0,0,0
60885,1,1,1998,23,23,23,23,23,23,23,23,23,23
60886,1,1,1998,29,29,29,29,29,29,29,29,29,29
60887,1,1,1998,0,0,0,0,0,0,0,0,0,0
60888,1,1,1998,0,0,0,0,0,0,0,0,0,0
60889,1,1,1998,0,0,0,0,0,0,0,0,0,0
60889,2,1,1998,0,0,0,14,0,0,0,0,0,0
60890,1,1,1998,18,18,18,18,18,18,18,18,18,18
60891,1,1,1998,0,0,0,0,0,0,0,0,0,0
60892,1,1,1998,0,0,0,0,0,0,0,0,0,0
60893,0,1,1998,0,0,0,0,0,0,0,0,0,0
60893,1,1,1998,18,18,18,18,18,18,18,18,18,18
60894,0,1,1998,0,0,0,0,0,0,0,0,0,0
60894,1,1,1998,6,6,6,6,6,6,6,6,6,6
60895,0,1,1998,46,46,46,46,46,46,46,46,46,46
60895,1,1,1998,8,8,8,8,8,8,8,8,8,8
60896,1,1,1998,0,0,0,0,0,0,0,0,0,0
60896,2,1,1998,0,0,0,0,0,0,0,0,0,0
60897,0,1,1998,0,0,0,0,0,0,0,0,0,0
60897,1,1,1998,0,0,0,0,0,0,0,0,0,0
60898,1,1,1998,19,19,19,19,19,19,19,19,19,19
60898,2,1,1998,0,0,0,0,0,0,0,0,0,0
60899,1,1,1998,0,0,0,0,0,0,0,0,0,0
60899,2,1,1998,0,0,0,0,0,0,0,0,0,0
60899,3,1,1998,0,0,5,0,0,0,0,0,0,0
60899,4,1,1998,0,0,0,0,0,0,0,0,0,0
60899,5,1,1998,0,0,0,0,0,0,0,0,0,0
60900,1,1,1998,16,16,16,16,16,16,16,16,16,16
60901,1,1,1998,0,0,0,0,0,0,0,0,0,0
60901,2,1,1998,0,0,0,0,0,0,0,0,0,0
60902,1,1,1998,8,8,8,8,8,8,8,8,8,8
60902,2,1,1998,4,0,0,0,0,0,0,0,0,0
60903,0,1,1998,0,0,0,0,0,0,0,0,0,0
60903,1,1,1998,0,0,18,0,0,0,0,0,0,15
60904,0,1,1998,23,23,23,23,23,23,23,23,23,23
60904,1,1,1998,0,0,0,0,0,0,0,0,0,0
60905,1,1,1998,0,0,0,0,22,0,5,0,0,0
60905,2,1,1998,23,23,23,23,23,23,23,23,23,23
60906,0,1,1998,0,0,0,0,0,0,0,0,0,0
60906,1,1,1998,0,0,0,0,0,0,0,0,0,0
60907,0,1,1998,0,0,0,0,0,0,0,0,0,0
60907,1,1,1998,0,0,0,0,0,0,0,0,0,0
60907,2,1,1998,7,0,0,0,0,21,0,0,0,0
60908,1,1,1998,0,0,0,0,0,0,0,0,0,0
60908,2,1,1998,0,0,0,0,0,0,0,0,0,0
60909,1,1,1998,0,0,0,0,0,0,0,0,0,0
60909,2,1,1998,0,0,0,0,0,0,0,0,0,0
60910,1,1,1998,0,0,0,0,0,0,0,0,0,0
60910,2,1,1998,0,0,0,0,0,0,0,0,0,0
60911,1,1,1998,0,0,0,0,0,0,0,0,0,0
60911,2,1,1998,0,0,0,0,0,0,0,0,0,0
60912,0,1,1998,0,0,0,0,0,0,0,0,0,0
60912,1,1,1998,0,0,0,0,0,0,0,0,0,0
60913,1,1,1998,0,0,0,0,0,0,0,0,0,0
60913,2,1,1998,0,0,0,0,0,0,0,0,0,0
60914,1,1,1998,0,0,0,0,0,0,0,0,0,0
60914,2,1,1998,0,22,0,0,0,0,12,0,0,0
60915,1,1,1998,0,0,0,0,0,0,0,0,0,0
60915,2,1,1998,0,0,0,0,0,0,0,0,0,0
60916,1,1,1998,0,0,0,0,0,0,0,0,0,0
60916,2,1,1998,0,0,0,0,0,0,0,0,0,0
60917,1,1,1998,0,0,0,27,0,0,0,0,0,0
60917,2,1,1998,20,20,20,20,20,20,20,20,20,20
60918,1,1,1998,0,0,0,0,0,0,0,0,0,0
60918,2,1,1998,0,0,0,0,0,0,0,0,0,0
60919,1,1,1998,0,0,0,0,0,0,0,0,0,0
60919,2,1,1998,0,0,0,0,0,0,0,0,0,0
60920,1,1,1998,0,0,0,0,0,0,0,0,0,0
60920,2,1,1998,0,0,0,0,0,0,0,0,0,0
60921,0,1,1998,0,0,0,0,0,0,0,0,0,0
60921,1,1,1998,0,0,0,0,0,0,0,0,0,0
60922,1,1,1998,12,12,12,12,12,12,12,12,12,12
60922,2,1,1998,0,0,0,0,0,0,0,0,0,0
60922,3,1,1998,0,0,0,0,0,0,0,0,0,0
60923,0,1,1998,12,12,12,12,12,12,12,12,12,12
60923,1,1,1998,0,0,0,8,0,0,0,18,45,0
60924,1,1,1998,0,0,0,0,0,0,0,0,0,0
60925,0,1,1998,0,0,0,0,0,0,0,0,0,0
60925,1,1,1998,7,7,7,7,7,7,7,7,7,7
60926,1,1,1998,7,7,7,7,7,7,7,7,7,7
60927,1,1,1998,0,0,0,0,0,0,0,0,0,0
60928,1,1,1998,22,11,16,5,0,15,10,12,39,6
60928,2,1,1998,5,5,5,5,5,5,5,5,5,5
60929,0,1,1998,0,0,0,0,0,0,0,0,0,0
60929,1,1,1998,0,0,0,0,0,0,0,0,0,0
60930,1,1,1998,0,0,0,0,0,0,0,0,0,0
60931,0,1,1998,0,0,0,0,0,0,0,0,0,0
60931,1,1,1998,0,0,0,0,0,0,0,0,0,0
60932,0,1,1998,0,0,0,0,0,0,0,0,0,0
60932,1,1,1998,0,0,0,0,0,0,0,0,0,0
60933,1,1,1998,17,17,17,17,17,17,17,17,17,17
60934,1,1,1998,23,23,23,23,23,23,23,23,23,23
60935,0,1,1998,0,0,0,0,0,0,0,0,0,0
60935,1,1,1998,0,0,0,0,0,0,0,0,0,0
60936,0,1,1998,0,0,0,0,0,0,0,0,0,0
60936,1,1,1998,21,21,21,21,21,21,21,21,21,21
60937,1,1,1998,0,0,0,0,0,0,0,0,0,0
60938,1,1,1998,13,13,13,13,13,13,13,13,13,13
60938,2,1,1998,28,6,0,10,29,21,0,0,0,0
60938,3,1,1998,0,0,0,0,0,0,0,0,0,0
60939,1,1,1998,37,0,0,0,0,0,0,0,0,30
60940,1,1,1998,49,49,49,49,49,49,49,49,49,49
60941,1,1,1998,18,18,18,18,18,18,18,18,18,18
60942,1,1,1998,0,0,0,0,0,0,0,0,0,0
60942,2,1,1998,0,0,0,0,0,0,0,0,0,0
60943,1,1,1998,0,0,0,0,0,0,0,0,0,0
60943,2,1,1998,0,0,0,0,0,0,0,0,0,0
60944,1,1,1998,0,0,0,0,0,0,0,0,0,0
60945,1,1,1998,0,0,0,0,0,0,0,0,0,0
60945,2,1,1998,0,0,0,0,0,0,0,0,0,0
60946,1,1,1998,0,0,0,0,0,0,0,0,0,0
60947,1,1,1998,0,0,0,0,0,0,0,0,0,0
60948,1,1,1998,27,27,27,27,27,27,27,27,27,27
60948,2,1,1998,0,0,0,0,0,0,0,0,0,0
60949,1,1,1998,0,0,0,0,0,0,0,0,0,0
60949,2,1,1998,0,0,0,0,0,0,0,0,0,0
60950,1,1,1998,0,0,0,0,0,0,0,0,0,0
60951,0,1,1998,0,0,0,0,0,0,0,0,0,0
60951,1,1,1998,0,0,0,0,0,0,0,0,0,0
60952,1,1,1998,9,9,9,9,9,9,9,9,9,9
60953,1,1,1998,17,17,17,17,17,17,17,17,17,17
60954,0,1,1998,0,0,0,0,0,0,0,0,0,0
60954,1,1,1998,0,0,0,0,0,0,0,0,0,0
60955,0,1,1998,0,0,0,0,0,0,0,0,0,0
60955,1,1,1998,0,0,0,0,0,0,0,0,0,0
60956,0,1,1998,0,0,0,0,0,0,0,0,0,0
60956,1,1,1998,0,0,0,0,0,0,0,0,0,0
60957,1,1,1998,7,7,7,7,7,7,7,7,7,7
60958,0,1,1998,0,0,0,0,0,0,0,0,0,0
60959,0,1,1998,18,18,18,18,18,18,18,18,18,18
60959,0,2,1998,0,0,0,0,0,0,0,0,0,0
60959,1,1,1998,1,1,1,1,1,1,1,1,1,1
60960,1,1,1998,37,37,37,37,37,37,37,37,37,37
60961,1,1,1998,0,0,0,0,0,0,0,0,0,0
60962,0,1,1998,3,3,3,3,3,3,3,3,3,3
60962,1,1,1998,0,0,0,0,0,0,12,0,0,0
60963,0,1,1998,0,0,17,15,16,17,7,10,0,24
60963,1,1,1998,0,0,0,9,0,0,0,19,0,0
60964,1,1,1998,21,21,21,21,21,21,21,21,21,21
60965,1,1,1998,0,0,0,0,0,0,0,0,0,0
60965,2,1,1998,0,0,0,0,0,0,0,0,0,0
60966,0,1,1998,17,17,17,17,17,17,17,17,17,17
60966,1,1,1998,0,0,0,0,0,0,0,0,0,0
60966,2,1,1998,12,0,0,0,0,0,0,0,0,0
60966,3,1,1998,0,0,0,0,0,0,13,0,0,0
60967,0,1,1998,32,32,32,32,32,32,32,32,32,32
60967,1,1,1998,0,0,0,0,0,0,0,0,0,0
60968,1,1,1998,12,12,12,12,12,12,12,12,12,12
60968,2,1,1998,0,0,0,0,0,0,0,0,0,0
60969,1,1,1998,12,12,12,12,12,12,12,12,12,12
60969,2,1,1998,0,0,0,0,0,0,0,0,0,0
60970,1,1,1998,0,0,0,0,0,0,0,0,0,0
60970,2,1,1998,0,0,0,0,0,0,0,0,0,0
60970,3,1,1998,0,0,0,0,0,0,0,0,0,0
60971,1,1,1998,0,0,0,0,0,0,0,0,0,0
60971,2,1,1998,0,0,0,0,0,0,0,0,0,0
60972,1,1,1998,8,8,8,8,8,8,8,8,8,8
60972,2,1,1998,0,0,0,0,0,0,0,0,0,0
60973,0,1,1998,0,0,0,0,0,0,0,0,0,0
60973,0,2,1998,0,0,0,0,0,0,0,0,0,0
60973,1,1,1998,0,0,0,0,0,0,0,0,0,0
60974,0,1,1998,0,0,0,0,0,0,0,0,0,0
60974,1,1,1998,0,0,0,0,0,0,0,0,0,0
60975,0,1,1998,0,0,0,0,0,0,0,0,0,0
60975,1,1,1998,0,0,0,0,0,0,0,6,0,0
60976,0,1,1998,0,0,0,0,0,0,0,0,0,0
60976,1,1,1998,0,0,0,0,0,0,0,0,0,0
60977,1,1,1998,0,0,0,0,0,0,0,0,0,0
60978,0,1,1998,0,0,0,0,0,0,0,0,0,0
60978,1,1,1998,0,0,0,0,21,0,0,0,0,0
60979,1,1,1998,10,10,10,10,10,10,10,10,10,10
60980,1,1,1998,0,0,0,0,0,0,0,0,0,0
60981,0,1,1998,16,25,24,26,35,28,21,15,24,19
60981,1,1,1998,0,0,0,0,0,0,0,0,0,0
60982,1,1,1998,0,0,0,0,0,0,0,0,0,0
60983,1,1,1998,0,0,0,0,6,8,5,0,0,0
60984,1,1,1998,0,0,0,0,0,0,0,0,0,0
60984,2,1,1998,0,0,0,0,0,0,0,0,0,0
60985,0,1,1998,31,31,31,31,31,31,31,31,31,31
60985,1,1,1998,0,0,0,0,0,0,0,0,0,0
60986,1,1,1998,0,0,0,0,0,0,0,0,0,0
60987,1,1,1998,17,17,17,17,17,17,17,17,17,17
60987,2,1,1998,0,0,0,0,0,21,0,0,0,0
60988,1,1,1998,0,0,0,0,0,0,0,0,0,0
60988,2,1,1998,0,0,0,0,0,0,0,0,0,0
60989,1,1,1998,0,0,0,0,0,0,0,0,0,0
60990,1,1,1998,8,8,8,8,8,8,8,8,8,8
60991,0,1,1998,4,0,0,0,0,9,43,15,0,0
60991,0,2,1998,0,0,17,0,16,0,19,7,5,0
60991,1,1,1998,0,0,0,0,0,0,0,0,0,0
60992,1,1,1998,0,0,0,0,0,0,0,0,0,0
60992,2,1,1998,0,0,0,0,0,0,0,0,0,0
60993,1,1,1998,16,16,16,16,16,16,16,16,16,16
60994,1,1,1998,32,32,32,32,32,32,32,32,32,32
60995,1,1,1998,0,0,0,0,0,0,0,0,0,0
60996,0,1,1998,0,0,0,0,0,0,0,0,0,0
60996,1,1,1998,0,0,0,0,0,0,0,0,0,0
60997,1,1,1998,9,9,9,9,9,9,9,9,9,9
60998,1,1,1998,0,0,0,0,0,0,0,0,0,0
60999,1,1,1998,0,0,0,0,0,0,0,0,0,0
61000,0,1,1998,0,0,0,0,0,0,0,0,0,0
61000,1,1,1998,0,0,0,0,0,0,0,0,0,0
61001,1,1,1998,0,0,0,0,0,0,0,0,0,0
61001,2,1,1998,0,0,0,0,0,0,0,0,0,0
61002,1,1,1998,0,0,0,0,0,0,0,0,0,0
61002,2,1,1998,0,0,0,0,0,0,0,0,0,0
61003,1,1,1998,0,0,0,0,0,0,0,0,0,0
61004,0,1,1998,18,18,18,18,18,18,18,18,18,18
61004,1,1,1998,0,0,0,0,0,0,0,0,0,0
61005,1,1,1998,0,0,0,0,0,0,0,0,0,0
61006,1,1,1998,0,0,0,0,0,0,0,0,0,0
61006,2,1,1998,0,0,0,0,0,0,0,0,0,0
61007,1,1,1998,0,0,0,0,0,0,0,0,0,0
61008,1,1,1998,13,13,13,13,13,13,13,13,13,13
61009,1,1,1998,4,0,0,0,0,0,0,0,0,0
61010,1,1,1998,19,19,19,19,19,19,19,19,19,19
61011,1,1,1998,0,0,0,0,0,0,0,0,0,0
61011,2,1,1998,0,0,0,0,0,0,5,0,0,0
61012,1,1,1998,0,0,0,0,0,0,0,0,0,0
61012,2,1,1998,0,0,0,20,0,0,0,0,0,0
61012,3,1,1998,0,0,0,0,0,0,0,0,0,0
61013,1,1,1998,0,0,0,0,0,0,0,0,0,0
61013,2,1,1998,0,0,0,0,0,0,0,0,0,0
61013,3,1,1998,0,0,0,0,0,0,0,0,0,0
61014,1,1,1998,0,0,0,0,0,0,0,0,0,0
61015,1,1,1998,0,0,0,0,0,0,0,0,0,0
61015,2,1,1998,0,0,0,0,0,0,0,0,0,0
61016,1,1,1998,0,0,0,0,0,0,0,0,0,0
61016,2,1,1998,0,0,0,0,0,0,0,0,0,0
61017,1,1,1998,0,0,0,0,0,0,0,0,0,0
61017,2,1,1998,0,0,0,0,0,0,0,0,0,0
61018,0,1,1998,0,0,0,0,0,0,0,0,0,0
61018,1,1,1998,0,0,0,0,0,0,0,0,0,0
61018,2,1,1998,0,0,0,0,0,0,0,0,0,0
61019,1,1,1998,0,0,0,0,0,0,0,0,0,0
61019,2,1,1998,0,0,0,0,0,8,0,0,0,0
61020,1,1,1998,0,0,0,0,0,0,0,0,0,0
61021,1,1,1998,0,0,0,0,0,0,0,0,0,0
61021,2,1,1998,0,0,0,0,0,0,0,0,0,0
61022,0,1,1998,0,0,0,0,0,0,0,0,0,0
61022,0,2,1998,8,27,0,0,19,27,0,0,15,12
61022,0,3,1998,3,3,3,3,3,3,3,3,3,3
61022,1,1,1998,0,0,0,0,0,0,0,0,0,0
61022,2,1,1998,0,0,0,0,0,0,0,0,0,0
61023,1,1,1998,1,1,1,1,1,1,1,1,1,1
61023,2,1,1998,0,0,0,0,0,0,0,0,0,0
61024,0,1,1998,23,24,9,19,18,22,0,20,22,13
61024,1,1,1998,0,0,0,0,0,0,0,0,0,0
61025,1,1,1998,0,0,0,0,0,0,0,0,0,0
61025,2,1,1998,0,0,0,0,0,0,0,0,0,0
61026,1,1,1998,0,0,0,0,0,0,0,0,0,0
61027,1,1,1998,0,0,0,0,0,0,0,0,0,0
61027,2,1,1998,0,0,0,0,0,0,0,0,0,0
61028,1,1,1998,0,0,0,0,0,0,0,0,0,0
61029,1,1,1998,0,0,0,0,0,0,0,0,0,0
61030,1,1,1998,26,26,26,26,26,26,26,26,26,26
61031,1,1,1998,0,13,0,12,0,6,16,0,15,11
61032,0,1,1998,0,0,0,0,0,0,0,0,0,0
61032,1,1,1998,0,0,0,0,0,0,0,0,0,0
61033,1,1,1998,0,0,0,0,0,0,0,0,0,0
61033,2,1,1998,0,0,0,0,0,0,0,0,0,0
61034,0,1,1998,20,20,20,20,20,20,20,20,20,20
61034,1,1,1998,2,2,2,2,2,2,2,2,2,2
61035,1,1,1998,0,0,0,0,0,0,0,0,0,0
61036,1,1,1998,0,0,0,0,0,0,0,0,0,0
61037,1,1,1998,12,12,12,12,12,12,12,12,12,12
61038,1,1,1998,15,15,15,15,15,15,15,15,15,15
61039,0,1,1998,0,0,0,0,0,0,0,0,0,0
61039,1,1,1998,0,19,0,7,0,0,12,0,0,0
61040,1,1,1998,0,0,0,0,0,0,0,0,0,0
61041,0,1,1998,0,0,0,0,0,0,0,0,0,0
61041,1,1,1998,0,0,0,0,0,0,0,0,0,0
61042,1,1,1998,0,0,0,0,0,0,0,0,0,0
61043,1,1,1998,24,24,24,24,24,24,24,24,24,24