ST_CASE,VEH_NO,PER_NO,YEAR,P1,P2,P3,P4,P5,P6,P7,P8,P9,P10
61044,1,1,1998,0,0,0,0,0,0,0,0,0,0
61045,0,1,1998,0,0,0,0,0,0,0,0,0,0
61045,1,1,1998,0,0,0,0,0,0,0,0,0,0
61046,1,1,1998,0,0,0,0,0,0,0,0,0,0
61047,1,1,1998,23,23,23,23,23,23,23,23,23,23
61048,1,1,1998,0,0,0,0,0,0,0,0,0,0
61049,0,1,1998,0,0,0,0,0,0,0,0,0,0
61049,1,1,1998,0,0,0,0,0,0,0,0,0,0
61050,1,1,1998,29,29,29,29,29,29,29,29,29,29
61051,0,1,1998,0,0,0,0,0,0,0,0,0,0
61051,1,1,1998,0,0,0,0,0,0,0,0,0,0
61052,1,1,1998,29,29,29,29,29,29,29,29,29,29
61053,1,1,1998,0,0,0,0,0,0,0,0,0,0
61054,1,1,1998,0,0,0,0,0,0,0,0,0,0
61055,0,1,1998,15,15,15,15,15,15,15,15,15,15
61055,1,1,1998,0,0,0,0,0,0,0,0,0,0
61056,1,1,1998,0,0,0,0,0,0,0,0,0,0
61056,2,1,1998,0,0,0,0,0,0,0,0,0,0
61057,1,1,1998,0,0,0,0,0,0,0,0,0,0
61057,2,1,1998,0,0,0,0,0,0,0,0,0,0
61058,1,1,1998,0,0,0,0,0,0,10,0,0,0
61059,1,1,1998,0,0,0,0,0,0,0,0,0,0
61059,2,1,1998,0,0,0,0,0,0,0,0,0,0
61060,1,1,1998,0,0,0,0,0,0,0,0,0,0
61060,2,1,1998,0,0,0,0,0,0,0,0,0,0
61060,3,1,1998,0,0,0,0,0,0,0,0,0,0
61061,1,1,1998,0,0,0,0,0,0,0,0,0,0
61061,2,1,1998,0,0,0,0,0,0,0,8,0,0
61062,1,1,1998,0,0,0,0,0,0,0,0,0,0
61062,2,1,1998,0,0,0,0,0,0,0,0,0,0
61063,1,1,1998,16,16,16,16,16,16,16,16,16,16
61064,1,1,1998,23,23,23,23,23,23,23,23,23,23
61064,2,1,1998,21,21,21,21,21,21,21,21,21,21
61065,1,1,1998,0,31,21,0,16,0,33,10,0,12
61066,1,1,1998,16,0,5,6,0,10,32,8,0,16
61066,2,1,1998,0,0,0,0,0,0,0,0,0,0
61067,1,1,1998,0,0,0,0,0,0,0,0,0,0
61067,2,1,1998,18,18,18,18,18,18,18,18,18,18
61068,0,1,1998,21,21,21,21,21,21,21,21,21,21
61068,1,1,1998,5,5,5,5,5,5,5,5,5,5
61069,1,1,1998,0,0,0,0,0,0,0,0,0,0
61069,2,1,1998,0,0,0,0,0,0,0,0,0,0
61069,3,1,1998,0,0,0,11,0,0,0,0,0,0
61070,1,1,1998,12,12,12,12,12,12,12,12,12,12
61070,2,1,1998,0,0,0,0,0,0,0,0,0,0
61071,1,1,1998,0,0,0,0,0,0,0,0,0,0
61071,2,1,1998,0,0,0,0,0,0,0,0,0,0
61072,1,1,1998,0,0,0,0,0,0,0,4,0,0
61072,2,1,1998,0,0,0,0,0,0,0,0,0,0
61073,1,1,1998,0,0,0,0,0,0,0,0,0,0
61073,2,1,1998,0,0,0,0,0,0,0,0,0,0
61073,3,1,1998,0,0,0,0,0,0,0,0,0,0
61074,0,1,1998,0,0,0,0,0,0,0,0,0,0
61074,1,1,1998,0,0,0,0,16,0,0,0,0,0
61074,2,1,1998,0,0,0,0,0,17,4,0,27,2
61075,1,1,1998,10,10,10,10,10,10,10,10,10,10
61076,0,1,1998,0,0,0,0,0,0,0,0,0,0
61076,0,2,1998,0,0,0,0,0,0,0,0,0,0
61076,1,1,1998,0,0,0,0,0,0,0,0,0,0
61077,0,1,1998,0,0,0,0,0,0,0,0,0,0
61077,1,1,1998,0,0,0,0,0,0,0,0,0,0
61078,1,1,1998,18,18,18,18,18,18,18,18,18,18
61079,1,1,1998,0,0,0,0,24,0,0,0,0,12
61080,1,1,1998,0,0,0,0,0,15,0,0,0,0
61081,1,1,1998,24,24,24,24,24,24,24,24,24,24
61082,1,1,1998,0,0,0,0,0,0,0,0,0,0
61083,0,1,1998,39,39,39,39,39,39,39,39,39,39
61083,1,1,1998,0,0,0,0,0,0,0,0,0,0
61084,1,1,1998,0,0,0,0,0,0,0,0,0,0
61085,1,1,1998,0,0,0,0,0,0,0,0,0,0
61086,1,1,1998,0,0,0,0,0,0,0,0,0,0
61087,0,1,1998,5,5,5,5,5,5,5,5,5,5
61087,1,1,1998,0,0,0,0,0,0,0,0,0,0
61088,1,1,1998,0,0,0,15,10,13,0,14,16,0
61089,1,1,1998,0,0,0,0,0,0,0,0,0,0
61090,1,1,1998,17,17,17,17,17,17,17,17,17,17
61091,1,1,1998,0,0,0,0,0,0,0,0,0,0
61092,1,1,1998,18,18,18,18,18,18,18,18,18,18
61093,1,1,1998,0,0,0,0,0,0,0,0,0,0
61093,2,1,1998,0,0,0,0,0,0,0,0,0,0
61094,0,1,1998,0,0,0,0,0,0,0,0,0,0
61094,1,1,1998,0,0,0,0,0,0,0,0,0,0
61094,2,1,1998,0,0,0,0,0,0,0,0,0,0
61095,1,1,1998,12,12,12,12,12,12,12,12,12,12
61096,1,1,1998,0,0,0,0,0,0,0,0,0,0
61096,2,1,1998,0,0,0,0,0,0,0,0,0,0
61097,1,1,1998,0,0,0,0,0,0,0,0,0,0
61098,0,1,1998,0,0,26,0,0,0,0,13,0,0
61098,1,1,1998,0,0,0,0,0,5,0,0,0,0
61098,2,1,1998,0,0,0,0,0,0,0,0,0,0
61099,1,1,1998,0,0,0,0,0,0,0,0,0,0
61099,2,1,1998,0,0,0,0,0,0,0,0,0,0
61100,1,1,1998,8,8,8,8,8,8,8,8,8,8
61101,1,1,1998,0,0,0,0,0,0,0,0,0,0
61102,0,1,1998,0,0,0,0,0,0,0,0,0,0
61102,1,1,1998,0,0,0,0,0,0,0,0,0,0
61103,0,1,1998,6,6,6,6,6,6,6,6,6,6
61103,1,1,1998,3,3,3,3,3,3,3,3,3,3
61104,1,1,1998,8,8,8,8,8,8,8,8,8,8
61104,2,1,1998,0,0,0,0,0,0,0,0,0,0
61105,1,1,1998,0,0,0,0,0,0,0,0,0,0
61105,2,1,1998,0,0,0,0,0,0,0,0,0,0
61106,1,1,1998,0,0,0,0,0,0,0,0,0,0
61106,2,1,1998,0,0,0,0,0,0,0,0,0,0
61107,1,1,1998,0,0,0,0,0,0,0,0,0,0
61107,2,1,1998,0,0,0,0,0,0,0,0,0,0
61108,1,1,1998,0,0,0,0,0,0,0,0,0,0
61108,2,1,1998,0,0,0,0,0,0,0,0,0,0
61108,3,1,1998,0,0,0,0,23,0,0,0,0,0
61109,1,1,1998,6,0,0,25,0,16,0,0,0,0
61109,2,1,1998,0,0,0,0,0,0,0,0,0,0
61110,0,1,1998,27,27,27,27,27,27,27,27,27,27
61110,1,1,1998,0,0,0,0,0,0,0,0,0,0
61111,0,1,1998,0,15,0,0,18,0,0,0,0,0
61111,1,1,1998,0,0,0,0,0,9,9,0,10,13
61112,0,1,1998,0,0,0,0,0,0,0,0,0,0
61112,1,1,1998,0,0,0,0,0,0,0,0,0,0
61113,1,1,1998,0,0,0,0,0,0,0,0,0,17
61114,0,1,1998,0,0,22,0,7,16,0,0,0,0
61114,1,1,1998,0,0,0,0,0,0,0,0,0,0
61115,0,1,1998,0,0,0,0,0,0,0,0,0,0
61115,1,1,1998,0,25,0,24,0,0,0,8,0,0
61116,0,1,1998,0,0,0,0,0,0,0,0,0,0
61116,1,1,1998,0,0,0,0,0,0,0,0,0,0
61117,0,1,1998,0,0,0,0,0,0,0,0,0,0
61117,1,1,1998,8,17,0,14,0,16,0,11,0,0
61117,2,1,1998,0,0,0,0,0,0,0,0,0,0
61118,1,1,1998,0,0,0,0,0,0,0,0,0,0
61118,2,1,1998,0,0,0,0,0,0,0,0,0,0
61119,1,1,1998,0,0,0,0,0,0,0,0,0,0
61120,0,1,1998,0,0,0,0,0,0,0,0,0,0
61120,1,1,1998,0,0,0,0,0,0,0,0,0,0
61120,2,1,1998,0,0,0,0,0,0,0,0,0,0
61121,1,1,1998,8,0,0,0,33,0,0,0,0,5
61122,1,1,1998,19,19,19,19,19,19,19,19,19,19
61123,1,1,1998,0,0,0,0,0,0,0,0,0,0
61123,2,1,1998,0,0,0,0,0,0,0,0,0,11
61123,3,1,1998,0,0,0,0,0,0,0,0,0,0
61123,4,1,1998,0,0,0,0,0,0,0,0,0,0
61124,0,1,1998,0,0,0,0,0,0,0,0,0,0
61124,1,1,1998,0,0,0,0,0,0,0,0,0,0
61125,1,1,1998,0,0,0,0,0,0,0,0,0,0
61126,1,1,1998,0,0,0,0,0,0,0,0,0,0
61126,2,1,1998,0,0,0,0,0,0,0,0,0,10
61127,1,1,1998,0,0,0,0,0,0,0,0,0,0
61127,2,1,1998,0,0,0,0,0,0,0,0,0,0
61128,1,1,1998,0,0,0,0,0,0,0,0,0,0
61128,2,1,1998,0,0,0,0,0,0,0,0,0,0
61129,1,1,1998,5,5,5,5,5,5,5,5,5,5
61129,2,1,1998,0,0,0,0,0,0,0,0,0,0
61130,1,1,1998,0,0,0,0,0,0,0,0,0,0
61130,2,1,1998,0,0,6,0,0,0,0,0,0,0
61131,1,1,1998,0,0,0,0,0,0,0,0,0,0
61131,2,1,1998,0,0,0,0,0,0,0,0,0,0
61132,1,1,1998,0,0,0,0,0,0,0,0,0,0
61133,1,1,1998,38,38,38,38,38,38,38,38,38,38
61133,2,1,1998,0,0,0,0,0,0,0,4,0,0
61134,1,1,1998,0,0,0,0,0,0,0,0,0,0
61135,0,1,1998,9,9,9,9,9,9,9,9,9,9
61136,1,1,1998,0,0,0,0,0,0,0,0,0,0
61136,2,1,1998,0,0,0,0,0,0,0,0,0,0
61137,1,1,1998,25,25,25,25,25,25,25,25,25,25
61137,2,1,1998,0,0,0,0,0,0,0,0,0,0
61138,1,1,1998,0,0,0,0,0,0,0,0,0,0
61138,2,1,1998,11,0,0,0,0,0,0,0,0,0
61138,3,1,1998,0,0,0,0,0,0,0,0,0,0
61139,1,1,1998,0,0,0,0,0,0,0,0,0,0
61139,2,1,1998,0,0,0,0,0,0,0,0,0,0
61140,1,1,1998,0,0,0,0,0,0,0,0,0,0
61141,1,1,1998,0,0,0,0,0,0,0,0,0,0
61141,2,1,1998,4,4,4,4,4,4,4,4,4,4
61142,1,1,1998,0,0,0,0,0,0,0,0,0,0
61142,2,1,1998,0,0,0,0,0,0,0,0,0,0
61143,1,1,1998,0,0,0,0,0,0,0,0,0,0
61144,1,1,1998,27,27,27,27,27,27,27,27,27,27
61144,2,1,1998,0,13,0,0,0,0,0,0,0,0
61144,3,1,1998,0,0,0,0,0,0,0,0,0,0
61144,4,1,1998,0,0,0,0,0,0,0,0,0,0
61144,5,1,1998,0,0,0,0,0,0,0,0,0,0
61145,1,1,1998,0,0,0,0,0,0,0,0,0,0
61145,2,1,1998,0,0,0,0,0,0,0,0,0,0
61146,1,1,1998,0,0,0,0,0,0,0,0,0,0
61146,2,1,1998,0,0,0,0,0,0,0,0,0,0
61147,1,1,1998,20,20,20,20,20,20,20,20,20,20
61147,2,1,1998,0,0,0,0,0,0,0,0,0,0
61148,0,1,1998,0,0,0,0,0,0,0,0,0,0
61148,1,1,1998,0,0,0,0,0,0,0,0,0,0
61149,1,1,1998,2,2,2,2,2,2,2,2,2,2
61150,0,1,1998,0,0,0,0,0,0,0,0,0,0
61150,1,1,1998,0,0,0,0,0,0,0,0,0,0
61151,0,1,1998,34,0,26,14,0,12,19,13,35,15
61151,1,1,1998,12,12,12,12,12,12,12,12,12,12
61152,0,1,1998,0,0,0,0,0,0,0,0,0,0
61152,1,1,1998,0,0,0,0,0,0,10,0,0,0
61153,1,1,1998,0,0,0,0,0,0,0,0,0,0
61153,2,1,1998,0,0,0,0,0,0,0,0,0,0
61154,1,1,1998,0,0,0,0,0,0,0,0,0,0
61155,1,1,1998,0,0,0,0,0,0,0,0,0,0
61155,2,1,1998,0,0,0,0,0,0,0,0,0,0
61156,1,1,1998,16,16,16,16,16,16,16,16,16,16
61156,2,1,1998,0,0,0,0,0,0,0,9,0,0
61157,1,1,1998,19,19,19,19,19,19,19,19,19,19
61158,0,1,1998,0,0,0,0,0,0,22,0,0,0
61158,1,1,1998,0,0,0,0,0,0,0,0,0,0
61159,1,1,1998,19,19,19,19,19,19,19,19,19,19
61160,0,1,1998,0,0,0,0,0,0,0,0,0,0
61160,0,2,1998,0,0,17,0,0,13,0,18,0,0
61160,1,1,1998,2,2,2,2,2,2,2,2,2,2
61161,1,1,1998,0,0,0,0,0,0,0,0,0,0
61161,2,1,1998,0,0,0,0,0,0,0,0,0,0
61162,1,1,1998,0,0,0,0,0,0,0,0,0,0
61162,2,1,1998,0,0,0,0,0,0,0,0,0,0
61163,1,1,1998,6,6,6,6,6,6,6,6,6,6
61163,2,1,1998,0,0,0,0,0,0,0,0,0,0
61164,1,1,1998,0,0,0,0,0,0,0,0,0,0
61164,2,1,1998,0,0,0,0,0,0,0,0,0,0
61165,1,1,1998,0,0,0,0,0,0,0,0,0,0
61165,2,1,1998,0,0,0,0,0,0,13,0,0,0
61166,1,1,1998,19,19,19,19,19,19,19,19,19,19
61166,2,1,1998,0,0,0,0,0,0,0,0,0,0
61167,1,1,1998,0,0,0,0,0,0,0,0,0,0
61167,2,1,1998,19,19,19,19,19,19,19,19,19,19
61168,1,1,1998,0,0,0,0,0,0,0,0,0,0
61168,2,1,1998,0,0,0,0,0,0,0,0,0,0
61169,0,1,1998,25,25,25,25,25,25,25,25,25,25
61169,1,1,1998,0,0,0,0,0,0,0,0,0,0
61170,0,1,1998,41,41,41,41,41,41,41,41,41,41
61170,1,1,1998,0,0,0,0,0,0,0,0,0,0
61171,1,1,1998,0,0,17,0,0,0,0,0,0,0
61172,1,1,1998,0,0,0,0,0,0,0,0,0,0
61173,1,1,1998,14,14,14,14,14,14,14,14,14,14
61174,1,1,1998,26,26,26,26,26,26,26,26,26,26
61175,0,1,1998,0,0,0,0,0,0,0,0,0,0
61175,1,1,1998,0,0,0,0,0,0,0,0,0,0
61176,1,1,1998,10,10,10,10,10,10,10,10,10,10
61176,2,1,1998,22,0,19,0,0,0,0,0,0,0
61177,1,1,1998,27,27,27,27,27,27,27,27,27,27
61177,2,1,1998,6,0,10,0,0,0,0,0,0,14
61178,1,1,1998,0,0,0,0,0,0,0,0,0,0
61178,2,1,1998,0,0,0,0,0,0,0,0,0,0
61179,1,1,1998,0,0,0,0,0,0,0,0,0,0
61179,2,1,1998,0,0,0,0,0,0,0,0,0,0
61180,1,1,1998,12,12,12,12,12,12,12,12,12,12
61180,2,1,1998,0,0,0,0,0,0,0,0,0,0
61181,1,1,1998,0,0,0,0,0,0,0,0,0,0
61181,2,1,1998,0,0,0,0,0,0,0,0,0,0
61182,1,1,1998,0,0,0,0,0,0,0,0,0,0
61182,2,1,1998,0,0,0,0,0,0,0,0,0,0
61182,3,1,1998,0,0,0,0,0,0,0,0,0,0
61183,1,1,1998,0,0,0,0,0,0,0,0,0,0
61183,2,1,1998,0,22,38,0,13,0,15,16,0,0
61184,1,1,1998,0,0,0,0,0,0,0,0,0,0
61184,2,1,1998,20,20,20,20,20,20,20,20,20,20
61185,1,1,1998,0,0,0,0,0,0,0,0,0,0
61185,2,1,1998,0,0,0,0,0,0,0,0,0,0
61186,0,1,1998,47,47,47,47,47,47,47,47,47,47
61186,1,1,1998,0,0,14,0,0,0,0,0,0,0
61187,1,1,1998,0,0,17,0,21,0,0,0,0,0
61187,2,1,1998,0,0,0,0,0,0,0,0,0,0
61188,0,1,1998,0,0,0,0,0,0,0,0,0,0
61188,1,1,1998,0,0,0,0,0,0,0,0,0,0
61189,1,1,1998,27,27,27,27,27,27,27,27,27,27
61189,2,1,1998,0,0,0,0,0,0,0,0,0,0
61190,0,1,1998,0,0,0,0,0,0,0,0,0,0
61190,1,1,1998,0,0,0,0,0,0,0,0,0,0
61191,1,1,1998,0,0,0,0,0,0,12,0,0,0
61192,0,1,1998,0,0,0,0,0,0,0,0,0,0
61192,1,1,1998,27,0,0,0,11,0,11,0,0,0
61193,0,1,1998,0,0,0,0,0,0,0,19,0,16
61193,1,1,1998,0,0,0,0,0,0,0,0,0,0
61194,0,1,1998,0,0,0,0,0,0,0,0,0,0
61194,1,1,1998,16,0,0,0,0,13,0,0,0,0
61195,1,1,1998,28,28,28,28,28,28,28,28,28,28
61195,2,1,1998,28,28,28,28,28,28,28,28,28,28
61195,3,1,1998,0,0,0,0,0,0,0,0,0,0
61196,1,1,1998,19,19,19,19,19,19,19,19,19,19
61196,2,1,1998,0,0,0,0,0,0,0,0,0,0
61197,1,1,1998,0,0,0,0,0,0,0,0,0,0
61197,2,1,1998,0,0,0,0,0,0,0,0,0,0
61198,1,1,1998,0,0,0,0,0,0,0,0,0,0
61198,2,1,1998,11,0,0,0,0,0,0,0,0,0
61199,1,1,1998,0,0,0,0,0,0,0,0,0,0
61199,2,1,1998,0,12,0,0,0,0,0,0,0,0
61200,1,1,1998,21,21,21,21,21,21,21,21,21,21
61200,2,1,1998,0,0,0,0,0,0,0,0,0,0
61201,1,1,1998,0,0,0,0,0,0,0,0,0,0
61201,2,1,1998,0,0,0,0,0,0,0,0,0,0
61202,0,1,1998,12,12,12,12,12,12,12,12,12,12
61202,1,1,1998,0,0,2,0,0,0,0,0,0,2
61203,1,1,1998,0,0,0,0,0,0,0,0,0,0
61204,1,1,1998,0,0,0,0,0,0,0,0,0,0
61205,0,1,1998,19,19,19,19,19,19,19,19,19,19
61205,1,1,1998,0,7,0,0,0,11,9,7,0,0
61206,1,1,1998,11,11,11,11,11,11,11,11,11,11
61206,2,1,1998,0,0,0,0,0,0,0,0,0,0
61207,0,1,1998,0,0,0,0,0,0,0,0,0,0
61207,1,1,1998,0,0,0,0,0,0,0,0,0,0
61208,1,1,1998,0,0,0,0,0,0,0,0,0,0
61208,2,1,1998,0,0,0,0,0,0,0,0,0,0
61209,1,1,1998,0,0,0,0,0,0,0,0,0,0
61209,2,1,1998,0,0,0,0,0,0,0,0,0,0
61209,3,1,1998,0,0,0,0,0,0,0,0,0,0
61210,1,1,1998,0,0,0,0,0,0,0,0,0,0
61210,2,1,1998,0,0,0,0,0,0,0,0,0,0
61211,1,1,1998,0,0,0,0,0,0,0,0,0,0
61212,1,1,1998,0,0,0,0,0,0,0,0,0,0
61213,1,1,1998,0,0,0,0,0,0,0,0,0,0
61214,0,1,1998,0,0,0,0,0,0,0,0,0,0
61214,1,1,1998,0,0,0,0,0,0,0,0,0,0
61215,1,1,1998,4,4,4,4,4,4,4,4,4,4
61216,0,1,1998,25,25,25,25,25,25,25,25,25,25
61216,1,1,1998,0,0,0,0,0,0,0,0,0,0
61217,1,1,1998,0,0,0,0,0,0,0,0,0,0
61218,1,1,1998,0,0,0,0,0,0,0,0,0,0
61219,1,1,1998,14,14,14,14,14,14,14,14,14,14
61220,0,1,1998,26,26,26,26,26,26,26,26,26,26
61220,1,1,1998,0,0,0,0,0,0,0,0,0,0
61221,0,1,1998,27,27,27,27,27,27,27,27,27,27
61221,1,1,1998,0,0,11,0,4,0,0,0,10,4
61222,1,1,1998,0,13,0,12,0,0,0,0,12,0
61223,1,1,1998,0,0,0,0,0,0,0,0,0,0
61224,1,1,1998,13,13,13,13,13,13,13,13,13,13
61225,0,1,1998,0,0,0,0,0,0,0,0,0,0
61225,1,1,1998,0,0,0,0,0,0,11,0,0,0
61226,0,1,1998,0,0,0,0,0,0,0,0,0,0
61226,1,1,1998,0,0,0,0,0,0,0,0,0,0
61227,1,1,1998,0,0,0,0,0,0,0,0,0,0
61228,1,1,1998,0,0,0,0,0,0,0,0,0,0
61229,0,1,1998,10,10,10,10,10,10,10,10,10,10
61229,1,1,1998,0,4,23,0,0,0,0,0,0,0
61230,1,1,1998,13,13,13,13,13,13,13,13,13,13
61231,1,1,1998,20,20,20,20,20,20,20,20,20,20
61232,1,1,1998,17,17,17,17,17,17,17,17,17,17
61233,1,1,1998,14,14,14,14,14,14,14,14,14,14
61234,0,1,1998,0,0,0,0,0,0,0,0,0,0
61234,0,2,1998,10,14,0,29,0,0,28,16,0,8
61234,0,3,1998,0,20,39,0,3,0,12,0,0,21
61234,0,4,1998,0,0,0,0,0,0,0,0,0,0
61234,1,1,1998,0,0,0,0,0,0,0,0,0,0
61235,1,1,1998,11,11,11,11,11,11,11,11,11,11
61236,0,1,1998,0,0,0,0,20,20,0,27,33,13
61236,1,1,1998,16,0,29,0,0,15,0,0,0,16
61237,0,1,1998,0,0,0,0,0,0,0,0,0,0
61237,1,1,1998,0,0,0,0,0,0,0,0,0,0
61238,1,1,1998,0,0,0,0,0,0,0,0,0,0
61239,0,1,1998,0,0,0,0,0,0,0,0,0,0
61239,1,1,1998,0,0,0,13,0,0,0,0,0,0
61240,1,1,1998,27,27,27,27,27,27,27,27,27,27
61241,1,1,1998,0,0,0,0,0,0,0,0,0,0
61242,1,1,1998,20,20,20,20,20,20,20,20,20,20
61243,0,1,1998,4,0,19,0,0,0,0,5,0,0
61243,1,1,1998,0,0,0,0,0,0,0,0,0,0
61244,0,1,1998,0,0,0,0,0,0,0,0,0,0
61244,1,1,1998,15,0,0,0,12,20,0,5,26,0
61245,1,1,1998,0,0,0,0,0,0,0,0,0,0
61246,0,1,1998,0,0,0,0,0,0,0,0,0,0
61246,1,1,1998,0,0,0,0,0,0,0,0,0,0
61247,1,1,1998,25,13,0,4,10,0,0,6,13,4
61248,0,1,1998,19,0,0,0,0,0,0,0,0,0
61248,1,1,1998,0,0,0,0,0,0,0,0,0,0
61249,1,1,1998,18,25,14,17,19,18,7,16,13,10
61250,0,1,1998,0,0,29,0,0,0,20,13,0,0
61250,1,1,1998,0,0,0,0,0,0,0,0,0,0
61251,0,1,1998,0,0,0,0,0,0,0,0,0,0
61251,1,1,1998,0,0,0,0,0,0,0,0,0,0
61252,0,1,1998,27,27,27,27,27,27,27,27,27,27
61252,1,1,1998,0,0,0,0,0,0,0,0,0,0
61253,1,1,1998,0,0,0,0,0,0,0,0,0,0
61254,1,1,1998,0,0,0,0,0,0,0,0,0,0
61255,1,1,1998,20,20,20,20,20,20,20,20,20,20
61255,2,1,1998,2,2,2,2,2,2,2,2,2,2
61255,3,1,1998,0,0,0,0,0,0,0,0,0,0
61256,1,1,1998,0,0,0,0,0,0,0,0,0,0
61256,3,1,1998,0,0,0,0,0,0,0,0,0,0
61257,1,1,1998,16,16,16,16,16,16,16,16,16,16
61257,2,1,1998,0,0,0,0,0,0,0,0,0,0
61258,0,1,1998,0,0,0,0,0,0,0,0,0,0
61258,1,1,1998,0,0,0,0,0,0,0,0,0,0
61259,1,1,1998,3,3,3,3,3,3,3,3,3,3
61260,1,1,1998,0,0,0,0,0,0,0,0,0,0
61260,2,1,1998,0,0,0,0,0,0,0,0,0,0
61260,3,1,1998,0,0,0,0,0,0,0,0,0,0
61261,1,1,1998,21,21,21,21,21,21,21,21,21,21
61261,2,1,1998,27,10,20,17,20,24,0,0,9,0
61262,1,1,1998,0,0,0,0,0,0,0,0,0,0
61262,2,1,1998,0,0,0,0,0,0,0,0,0,0
61263,1,1,1998,0,0,0,0,0,0,0,0,0,0
61263,2,1,1998,0,0,0,0,0,0,0,0,0,0
61264,0,1,1998,4,4,4,4,4,4,4,4,4,4
61264,1,1,1998,27,0,0,11,0,13,27,0,0,0
61265,1,1,1998,0,0,11,0,0,0,0,0,0,0
61266,0,1,1998,0,0,0,0,0,0,0,0,0,0
61266,1,1,1998,2,2,2,2,2,2,2,2,2,2
61267,1,1,1998,0,0,0,0,0,0,0,0,0,0
61268,1,1,1998,0,0,0,0,0,0,0,0,0,0
61268,2,1,1998,0,0,0,0,0,0,0,0,0,0
61269,1,1,1998,0,0,0,0,0,0,0,0,0,0
61270,1,1,1998,0,0,0,0,0,0,0,0,0,0
61271,0,1,1998,24,24,24,24,24,24,24,24,24,24
61271,1,1,1998,10,15,9,3,19,11,14,13,11,12
61271,2,1,1998,0,4,0,0,0,0,0,0,0,0
61272,1,1,1998,24,24,24,24,24,24,24,24,24,24
61272,2,1,1998,0,0,0,0,0,0,0,0,0,0
61273,1,1,1998,0,24,0,7,0,0,0,15,0,31
61273,2,1,1998,0,0,0,0,0,0,0,0,0,0
61273,3,1,1998,0,0,0,0,0,0,0,0,0,0
61274,1,1,1998,0,0,0,0,0,0,0,0,0,0
61275,1,1,1998,0,0,0,0,0,0,0,0,0,0
61276,1,1,1998,0,0,0,0,0,0,0,0,0,0
61276,2,1,1998,0,0,0,0,0,0,0,0,0,0
61277,1,1,1998,0,0,0,0,0,0,0,0,0,0
61277,2,1,1998,0,0,0,0,9,0,0,0,0,0
61278,1,1,1998,0,0,0,0,0,0,0,0,0,0
61278,2,1,1998,0,0,0,0,0,0,0,0,0,0
61279,1,1,1998,0,0,0,0,0,0,0,0,0,0
61279,2,1,1998,0,0,0,0,0,0,0,0,0,0
61280,1,1,1998,22,22,22,22,22,22,22,22,22,22
61280,2,1,1998,0,0,0,0,0,0,0,0,0,0
61281,0,1,1998,7,7,7,7,7,7,7,7,7,7
61281,1,1,1998,0,10,0,7,0,0,0,0,0,0
61282,1,1,1998,22,22,22,22,22,22,22,22,22,22
61282,2,1,1998,0,0,0,0,0,0,0,0,0,0
61283,1,1,1998,0,0,0,0,0,6,14,0,0,0
61283,2,1,1998,0,0,0,0,9,0,0,0,0,0
61284,1,1,1998,0,0,0,0,0,0,0,0,0,0
61284,2,1,1998,0,0,0,0,0,0,0,0,0,0
61285,1,1,1998,0,0,0,0,0,0,0,0,0,0
61285,2,1,1998,0,0,0,0,0,0,0,0,0,0
61286,1,1,1998,0,0,0,0,0,0,0,0,0,0
61286,2,1,1998,0,0,0,0,0,0,0,0,0,0
61287,1,1,1998,0,0,0,0,0,0,0,0,0,0
61288,1,1,1998,6,6,6,6,6,6,6,6,6,6
61289,0,1,1998,24,24,24,24,24,24,24,24,24,24
61289,1,1,1998,0,0,0,0,0,0,0,0,0,0
61290,0,1,1998,21,21,21,21,21,21,21,21,21,21
61290,1,1,1998,15,15,0,0,0,27,0,0,0,7
61291,0,1,1998,0,0,0,0,0,0,0,0,0,0
61291,1,1,1998,0,0,0,0,0,0,0,0,0,0
61292,0,1,1998,0,0,0,0,0,0,0,0,0,0
61292,1,1,1998,7,0,0,0,0,0,0,0,0,0
61293,1,1,1998,12,12,12,12,12,12,12,12,12,12
61294,1,1,1998,5,5,5,5,5,5,5,5,5,5
61295,0,1,1998,27,27,27,27,27,27,27,27,27,27
61295,1,1,1998,0,0,0,0,0,11,0,0,0,0
61296,1,1,1998,34,34,34,34,34,34,34,34,34,34
61297,1,1,1998,9,9,9,9,9,9,9,9,9,9
61298,1,1,1998,0,0,0,0,0,0,0,0,0,0
61299,0,1,1998,0,0,0,0,0,0,0,0,0,0
61299,0,2,1998,0,0,0,10,22,0,0,0,0,0
61299,0,3,1998,0,0,0,0,0,0,0,0,0,0
61299,1,1,1998,0,0,0,0,0,0,0,0,0,0
61300,1,1,1998,0,0,0,0,0,0,0,0,0,0
61301,1,1,1998,14,14,14,14,14,14,14,14,14,14
61302,0,1,1998,0,0,0,0,0,0,0,0,0,0
61302,1,1,1998,0,0,0,0,0,18,0,0,0,0
61303,1,1,1998,0,0,0,0,0,0,0,0,0,0
61304,1,1,1998,24,24,24,24,24,24,24,24,24,24
61305,1,1,1998,28,28,28,28,28,28,28,28,28,28
61306,1,1,1998,5,5,5,5,5,5,5,5,5,5
61307,1,1,1998,0,0,0,0,0,0,0,0,0,0
61308,1,1,1998,0,0,0,0,0,0,0,0,0,0
61309,1,1,1998,17,17,17,17,17,17,17,17,17,17
61310,1,1,1998,0,0,0,0,0,0,0,0,0,0
61311,0,1,1998,14,7,0,17,17,23,0,0,20,0