ST_CASE,VEH_NO,PER_NO,YEAR,P1,P2,P3,P4,P5,P6,P7,P8,P9,P10
61311,1,1,1998,0,15,0,14,9,0,16,21,17,0
61312,1,1,1998,24,24,24,24,24,24,24,24,24,24
61312,2,1,1998,0,0,0,0,0,0,0,0,0,0
61313,1,1,1998,11,11,11,11,11,11,11,11,11,11
61313,2,1,1998,15,21,16,8,14,16,49,6,28,17
61314,1,1,1998,12,8,6,9,13,12,22,26,16,9
61314,2,1,1998,0,0,11,0,0,0,0,16,0,0
61314,3,1,1998,0,0,0,0,0,0,0,0,0,0
61315,1,1,1998,0,0,0,0,0,0,0,0,0,0
61316,1,1,1998,0,0,0,0,0,0,0,0,0,0
61316,2,1,1998,0,0,0,0,0,0,0,0,0,0
61316,3,1,1998,0,0,0,0,0,0,0,0,0,0
61317,1,1,1998,21,21,21,21,21,21,21,21,21,21
61317,2,1,1998,2,2,2,2,2,2,2,2,2,2
61318,1,1,1998,8,8,8,8,8,8,8,8,8,8
61318,2,1,1998,0,0,0,0,0,0,0,0,0,0
61319,1,1,1998,0,0,0,0,0,0,0,0,0,0
61320,1,1,1998,0,0,0,0,0,0,0,0,0,0
61320,2,1,1998,0,0,0,0,0,0,0,0,0,0
61321,1,1,1998,42,42,42,42,42,42,42,42,42,42
61322,1,1,1998,0,0,0,0,0,0,0,0,0,0
61323,1,1,1998,1,1,1,1,1,1,1,1,1,1
61323,2,1,1998,0,0,0,0,0,0,0,0,0,0
61324,0,1,1998,0,0,0,0,0,0,0,0,0,0
61324,1,1,1998,0,0,0,0,0,0,0,0,0,0
61325,0,1,1998,0,0,0,0,0,0,0,0,0,0
61325,1,1,1998,0,0,0,0,0,0,0,0,0,0
61326,1,1,1998,30,30,30,30,30,30,30,30,30,30
61327,1,1,1998,0,0,0,0,0,0,0,0,0,0
61328,0,1,1998,10,10,10,10,10,10,10,10,10,10
61328,1,1,1998,0,0,0,0,0,0,0,0,0,0
61329,1,1,1998,0,0,0,0,0,0,0,0,0,0
61330,1,1,1998,0,0,0,0,0,0,0,0,0,0
61331,1,1,1998,15,17,29,13,26,21,19,0,32,30
61332,1,1,1998,0,0,0,0,0,0,0,0,0,0
61332,2,1,1998,0,0,0,0,0,0,0,9,0,0
61333,0,1,1998,0,0,0,0,0,0,0,0,0,0
61333,1,1,1998,0,0,0,0,0,0,0,0,0,0
61334,1,1,1998,0,0,0,0,0,0,0,0,0,0
61335,1,1,1998,0,0,0,0,0,0,0,0,0,0
61336,1,1,1998,6,6,6,6,6,6,6,6,6,6
61337,1,1,1998,0,0,0,0,0,0,0,0,0,0
61337,2,1,1998,0,0,0,0,0,0,0,0,0,0
61338,1,1,1998,16,16,16,16,16,16,16,16,16,16
61339,1,1,1998,16,16,16,16,16,16,16,16,16,16
61340,0,1,1998,15,15,15,15,15,15,15,15,15,15
61340,1,1,1998,0,0,0,0,0,0,0,0,0,0
61341,0,1,1998,0,0,0,0,0,0,0,0,0,0
61341,1,1,1998,0,0,0,0,0,0,0,0,0,0
61342,1,1,1998,0,0,0,0,0,0,0,0,0,0
61343,0,1,1998,22,22,22,22,22,22,22,22,22,22
61343,1,1,1998,0,0,0,0,0,3,0,0,0,0
61344,1,1,1998,10,10,10,10,10,10,10,10,10,10
61344,2,1,1998,0,0,0,0,0,0,0,0,0,0
61344,3,1,1998,8,0,0,0,0,0,0,0,9,0
61345,1,1,1998,40,40,40,40,40,40,40,40,40,40
61346,1,1,1998,19,19,19,19,19,19,19,19,19,19
61347,1,1,1998,0,0,0,0,0,0,0,0,0,0
61347,2,1,1998,0,0,0,0,0,0,0,0,0,0
61348,1,1,1998,0,0,0,0,0,0,0,0,0,0
61349,1,1,1998,12,12,12,12,12,12,12,12,12,12
61349,2,1,1998,0,0,0,0,0,0,0,0,0,0
61350,1,1,1998,0,0,0,0,0,0,0,0,0,0
61350,2,1,1998,0,0,0,0,4,0,0,0,0,0
61350,3,1,1998,0,0,0,0,0,0,0,0,0,0
61351,1,1,1998,0,0,0,0,0,0,0,0,0,0
61352,1,1,1998,0,0,0,0,0,0,0,0,0,0
61352,2,1,1998,0,0,0,0,0,0,0,0,0,0
61353,1,1,1998,0,0,0,0,0,0,0,0,0,0
61353,2,1,1998,0,0,0,0,0,0,0,0,0,0
61353,3,1,1998,0,0,0,0,0,0,0,0,0,0
61354,0,1,1998,0,0,0,0,0,0,0,0,0,0
61354,1,1,1998,0,0,0,0,0,0,0,0,0,0
61355,1,1,1998,0,0,17,0,0,0,0,0,0,0
61355,2,1,1998,0,0,0,14,0,0,0,0,0,0
61355,3,1,1998,0,0,0,0,0,0,0,0,0,0
61356,1,1,1998,0,0,0,0,0,0,0,0,0,0
61356,2,1,1998,0,0,0,0,0,0,0,0,0,0
61357,1,1,1998,0,0,0,0,0,0,0,0,0,0
61357,2,1,1998,0,0,0,0,0,0,0,0,0,0
61358,1,1,1998,0,0,0,0,0,0,0,0,0,0
61359,0,1,1998,0,0,0,0,0,0,0,9,0,7
61359,1,1,1998,0,0,0,0,0,0,0,0,0,0
61360,1,1,1998,0,0,0,0,0,0,0,0,0,0
61360,2,1,1998,0,0,0,0,0,0,0,0,0,0
61361,1,1,1998,20,20,20,20,20,20,20,20,20,20
61362,1,1,1998,0,0,0,0,0,0,0,0,0,0
61363,1,1,1998,18,18,18,18,18,18,18,18,18,18
61364,0,1,1998,20,20,20,20,20,20,20,20,20,20
61364,1,1,1998,0,0,0,0,0,0,0,0,0,0
61365,0,1,1998,18,18,18,18,18,18,18,18,18,18
61365,1,1,1998,0,0,0,0,0,0,0,0,0,0
61366,1,1,1998,10,10,10,10,10,10,10,10,10,10
61367,1,1,1998,0,0,0,0,0,0,0,0,0,0
61368,0,1,1998,0,0,0,0,0,0,0,0,0,0
61368,1,1,1998,0,0,0,0,0,0,0,0,0,0
61369,1,1,1998,20,20,20,20,20,20,20,20,20,20
61370,1,1,1998,0,0,0,0,0,0,0,0,0,0
61371,1,1,1998,0,0,0,0,0,0,0,0,0,0
61372,0,1,1998,10,10,10,10,10,10,10,10,10,10
61372,1,1,1998,0,0,0,0,0,0,0,0,0,0
61373,1,1,1998,21,19,22,30,24,11,14,14,8,7
61374,1,1,1998,0,0,0,0,0,0,0,0,0,0
61375,0,1,1998,11,11,11,11,11,11,11,11,11,11
61375,1,1,1998,0,0,0,0,17,0,0,0,0,11
61376,1,1,1998,0,0,0,0,0,0,0,0,0,0
61377,0,1,1998,0,0,0,0,0,0,0,0,0,0
61377,1,1,1998,0,10,10,0,0,0,3,4,5,14
61378,0,1,1998,7,22,0,5,19,21,38,20,24,4
61378,1,1,1998,11,17,6,8,0,8,0,5,0,0
61379,1,1,1998,0,0,0,0,0,0,0,0,0,0
61380,1,1,1998,0,0,0,0,0,0,0,0,0,0
61381,1,1,1998,0,0,0,0,0,0,0,0,0,0
61381,2,1,1998,0,0,0,0,0,0,0,0,0,0
61381,3,1,1998,0,0,0,0,0,0,0,0,0,0
61381,4,1,1998,0,0,0,0,0,0,0,0,0,0
61381,5,1,1998,0,0,0,0,0,0,0,0,0,0
61382,1,1,1998,12,12,12,12,12,12,12,12,12,12
61382,2,1,1998,0,0,0,0,0,0,0,0,0,0
61383,0,1,1998,0,0,0,0,0,0,0,0,0,0
61383,1,1,1998,0,0,0,0,0,0,0,0,0,0
61384,1,1,1998,0,0,0,0,0,0,0,0,0,0
61384,2,1,1998,0,0,0,0,0,0,0,0,0,0
61385,1,1,1998,0,0,0,0,0,0,0,0,0,0
61385,2,1,1998,0,0,0,0,0,0,0,0,0,0
61386,1,1,1998,0,0,0,0,0,0,0,0,0,0
61386,2,1,1998,0,0,0,0,0,0,0,0,0,0
61386,3,1,1998,0,0,0,0,0,0,0,0,0,0
61387,1,1,1998,9,9,9,9,9,9,9,9,9,9
61388,1,1,1998,5,0,0,0,0,0,0,0,0,0
61388,2,1,1998,0,0,0,0,0,0,0,0,0,0
61388,3,1,1998,16,0,0,0,0,0,0,0,0,0
61388,4,1,1998,0,0,0,0,0,0,0,0,0,0
61389,1,1,1998,0,0,0,0,2,0,0,15,0,0
61389,2,1,1998,0,0,0,0,0,0,0,0,0,0
61389,3,1,1998,6,0,0,0,0,0,0,0,0,0
61390,1,1,1998,0,0,0,0,0,0,0,0,0,0
61390,2,1,1998,0,0,0,0,2,0,0,0,0,0
61391,0,1,1998,19,19,19,19,19,19,19,19,19,19
61391,0,2,1998,26,14,15,20,24,7,0,0,0,0
61391,1,1,1998,17,17,17,17,17,17,17,17,17,17
61392,0,1,1998,0,0,0,0,0,0,0,0,0,0
61392,1,1,1998,17,17,17,17,17,17,17,17,17,17
61393,0,1,1998,0,0,0,0,0,0,0,0,0,0
61393,1,1,1998,0,0,15,0,0,0,0,0,0,0
61394,1,1,1998,40,40,40,40,40,40,40,40,40,40
61395,1,1,1998,0,0,0,0,0,0,0,0,0,0
61396,1,1,1998,0,0,0,0,0,0,0,0,0,0
61396,2,1,1998,0,0,0,0,0,0,0,0,0,0
61396,3,1,1998,0,0,0,0,0,0,0,0,0,0
61396,4,1,1998,0,0,0,0,0,0,0,0,0,0
61397,1,1,1998,4,4,4,4,4,4,4,4,4,4
61397,2,1,1998,0,0,0,0,0,0,0,0,0,0
61398,1,1,1998,0,0,0,0,0,0,0,0,0,0
61398,2,1,1998,0,0,0,0,0,0,0,0,0,0
61398,3,1,1998,0,0,0,0,0,0,0,0,0,0
61399,1,1,1998,0,0,0,0,0,0,0,0,0,0
61400,1,1,1998,0,0,0,0,0,0,0,0,0,0
61401,0,1,1998,0,0,0,0,0,0,0,0,0,0
61401,1,1,1998,0,0,0,0,0,0,0,0,0,0
61401,2,1,1998,0,0,0,0,0,0,0,0,0,0
61402,1,1,1998,0,0,0,0,0,0,0,0,0,0
61403,1,1,1998,0,0,0,0,0,0,0,0,0,0
61404,1,1,1998,14,14,14,14,14,14,14,14,14,14
61405,1,1,1998,0,0,0,0,0,0,0,0,0,0
61405,2,1,1998,1,1,1,1,1,1,1,1,1,1
61406,1,1,1998,13,13,13,13,13,13,13,13,13,13
61406,2,1,1998,0,0,0,0,0,0,0,0,0,0
61407,1,1,1998,15,15,15,15,15,15,15,15,15,15
61408,0,1,1998,0,0,0,0,0,0,0,0,0,0
61408,1,1,1998,0,0,0,0,0,0,0,0,0,0
61409,1,1,1998,0,0,0,0,0,0,0,0,0,0
61409,2,1,1998,0,0,0,0,0,0,0,0,0,0
61409,3,1,1998,0,0,0,0,0,0,0,0,0,0
61410,1,1,1998,0,10,12,15,0,0,0,0,17,20
61410,2,1,1998,0,0,0,0,0,0,0,0,0,0
61410,3,1,1998,0,13,0,0,0,0,23,0,0,0
61411,0,1,1998,8,0,12,0,0,16,0,0,27,0
61411,1,1,1998,0,0,0,0,0,0,0,0,0,0
61411,2,1,1998,0,0,0,0,0,0,0,0,0,0
61412,1,1,1998,0,0,0,0,0,0,0,0,0,0
61412,2,1,1998,0,0,0,0,0,0,0,0,0,0
61413,1,1,1998,0,0,0,0,0,0,0,0,0,0
61413,2,1,1998,0,0,0,0,0,0,0,0,0,0
61413,3,1,1998,0,0,0,0,0,0,0,0,0,0
61413,4,1,1998,0,0,0,0,0,0,0,0,0,0
61413,5,1,1998,0,0,0,0,0,0,0,0,0,0
61414,1,1,1998,0,0,0,0,0,0,0,0,0,0
61414,2,1,1998,0,0,0,0,0,0,0,0,0,0
61415,1,1,1998,0,0,0,0,0,0,0,0,0,0
61415,2,1,1998,0,0,0,0,0,0,0,0,0,0
61416,1,1,1998,0,18,0,0,0,0,0,0,0,0
61417,1,1,1998,0,0,0,0,0,0,0,0,0,0
61418,1,1,1998,0,0,0,0,0,0,0,0,0,0
61418,2,1,1998,0,0,0,0,0,0,0,0,0,0
61419,1,1,1998,0,0,0,0,0,0,0,0,0,0
61419,2,1,1998,0,0,0,0,0,0,0,0,0,0
61420,1,1,1998,4,4,4,4,4,4,4,4,4,4
61420,2,1,1998,0,0,0,0,0,0,0,0,0,0
61421,1,1,1998,21,21,21,21,21,21,21,21,21,21
61421,2,1,1998,0,0,0,0,0,0,0,0,0,0
61422,1,1,1998,0,0,0,0,0,0,0,0,0,0
61422,2,1,1998,0,0,0,0,0,0,0,0,0,0
61423,1,1,1998,0,0,0,0,0,0,0,0,0,0
61423,2,1,1998,0,0,0,0,0,0,0,0,0,0
61424,1,1,1998,0,0,0,0,0,0,0,0,0,0
61425,1,1,1998,0,0,0,0,0,0,0,0,0,0
61425,2,1,1998,0,0,0,0,0,0,0,10,0,13
61426,1,1,1998,0,0,0,0,0,0,0,21,0,23
61427,1,1,1998,10,10,10,10,10,10,10,10,10,10
61428,0,1,1998,0,0,0,0,0,0,0,0,0,0
61428,1,1,1998,0,0,0,0,0,0,0,0,0,0
61429,1,1,1998,0,0,0,0,0,0,0,0,0,0
61430,0,1,1998,0,0,0,0,0,0,0,0,0,0
61430,1,1,1998,0,0,0,0,0,0,0,0,0,0
61431,1,1,1998,0,0,0,0,0,0,0,0,0,0
61432,1,1,1998,10,10,10,10,10,10,10,10,10,10
61433,0,1,1998,0,0,0,0,0,0,0,0,0,0
61433,1,1,1998,0,0,0,0,0,0,0,0,0,0
61434,1,1,1998,0,0,0,0,0,0,0,0,0,0
61435,1,1,1998,21,21,21,21,21,21,21,21,21,21
61436,0,1,1998,0,0,0,0,0,0,0,0,0,0
61436,1,1,1998,0,0,0,0,0,0,0,0,0,0
61437,1,1,1998,0,0,0,0,0,0,0,0,0,0
61438,1,1,1998,14,14,14,14,14,14,14,14,14,14
61439,1,1,1998,27,27,27,27,27,27,27,27,27,27
61440,1,1,1998,0,0,0,0,0,0,0,0,0,0
61441,1,1,1998,14,14,14,14,14,14,14,14,14,14
61442,1,1,1998,14,14,14,14,14,14,14,14,14,14
61443,1,1,1998,7,7,7,7,7,7,7,7,7,7
61444,1,1,1998,15,15,0,10,21,12,21,23,11,7
61444,2,1,1998,0,0,0,0,0,0,0,0,0,0
61445,1,1,1998,25,25,25,25,25,25,25,25,25,25
61445,2,1,1998,0,0,0,0,0,0,0,0,0,0
61446,1,1,1998,0,0,0,0,0,0,0,0,0,0
61446,2,1,1998,0,0,0,0,0,0,0,0,0,0
61447,1,1,1998,0,0,0,0,0,0,0,0,0,0
61447,2,1,1998,0,0,0,0,0,0,0,0,0,0
61448,1,1,1998,11,11,11,11,11,11,11,11,11,11
61448,2,1,1998,0,0,0,0,0,0,0,0,0,0
61448,3,1,1998,0,0,0,0,0,0,0,0,0,0
61449,1,1,1998,0,0,0,0,0,0,0,0,0,0
61449,2,1,1998,0,19,0,0,25,0,0,0,0,9
61450,1,1,1998,0,0,0,0,0,0,0,0,0,0
61451,1,1,1998,0,0,0,0,0,0,0,0,0,0
61452,1,1,1998,0,0,0,0,0,0,0,0,0,0
61453,1,1,1998,0,0,0,0,0,0,0,0,0,0
61453,2,1,1998,0,0,0,0,0,0,0,0,0,0
61453,3,1,1998,0,0,0,6,0,0,0,0,0,0
61454,1,1,1998,9,9,9,9,9,9,9,9,9,9
61454,2,1,1998,0,0,0,0,0,0,0,0,0,0
61455,1,1,1998,0,0,0,0,0,0,0,0,0,0
61455,2,1,1998,0,19,0,0,0,0,0,0,0,0
61456,1,1,1998,0,0,0,0,0,0,0,0,0,0
61456,2,1,1998,0,0,0,0,0,0,0,0,0,0
61457,1,1,1998,0,0,0,0,0,0,0,0,0,0
61458,1,1,1998,8,8,8,8,8,8,8,8,8,8
61458,2,1,1998,0,0,0,0,0,0,0,0,0,0
61459,1,1,1998,4,4,4,4,4,4,4,4,4,4
61459,2,1,1998,0,0,0,0,0,0,0,0,0,0
61460,1,1,1998,0,0,0,0,0,0,0,0,0,0
61460,2,1,1998,0,0,0,0,0,0,0,0,0,0
61460,3,1,1998,0,0,0,0,0,0,0,0,0,0
61460,4,1,1998,0,0,0,0,0,0,0,0,0,0
61460,5,1,1998,0,0,0,0,0,0,0,0,0,0
61461,1,1,1998,28,28,28,28,28,28,28,28,28,28
61462,1,1,1998,0,0,11,0,0,0,0,0,0,0
61463,1,1,1998,0,0,0,0,0,0,0,0,0,0
61464,1,1,1998,0,0,0,0,0,0,0,0,0,0
61464,2,1,1998,0,0,0,0,0,0,0,0,0,0
61465,1,1,1998,0,0,0,0,0,0,0,0,0,0
61465,2,1,1998,1,1,1,1,1,1,1,1,1,1
61466,1,1,1998,18,18,18,18,18,18,18,18,18,18
61467,0,1,1998,6,6,6,6,6,6,6,6,6,6
61467,1,1,1998,0,0,0,0,0,0,0,21,0,0
61468,1,1,1998,0,0,0,0,0,0,0,0,0,0
61468,2,1,1998,15,15,15,15,15,15,15,15,15,15
61469,1,1,1998,8,8,8,8,8,8,8,8,8,8
61470,1,1,1998,5,5,5,5,5,5,5,5,5,5
61471,1,1,1998,26,26,26,26,26,26,26,26,26,26
61471,2,1,1998,0,0,0,0,0,0,0,0,0,0
61472,0,1,1998,25,25,25,25,25,25,25,25,25,25
61472,1,1,1998,0,0,0,0,11,0,7,7,0,0
61473,1,1,1998,0,0,0,0,0,0,0,0,0,0
61473,2,1,1998,0,0,0,0,0,0,0,0,0,0
61473,3,1,1998,0,0,0,0,0,0,0,0,0,0
61474,1,1,1998,0,0,0,0,0,0,0,0,0,0
61474,2,1,1998,0,10,0,0,0,0,0,23,0,0
61475,1,1,1998,0,0,0,0,0,0,0,0,0,0
61475,2,1,1998,0,0,0,0,0,0,0,0,0,0
61475,3,1,1998,0,0,16,0,0,0,0,0,0,0
61475,4,1,1998,0,0,0,0,0,0,0,0,0,0
61475,5,1,1998,0,0,0,0,0,0,0,17,0,0
61475,6,1,1998,0,0,0,0,0,0,0,0,0,0
61476,1,1,1998,18,18,18,18,18,18,18,18,18,18
61477,1,1,1998,0,0,0,0,0,0,0,0,0,0
61477,2,1,1998,0,0,0,0,0,0,0,0,0,0
61478,1,1,1998,21,21,21,21,21,21,21,21,21,21
61478,2,1,1998,0,0,0,0,0,0,0,0,0,0
61478,3,1,1998,4,4,4,4,4,4,4,4,4,4
61479,0,1,1998,22,22,22,22,22,22,22,22,22,22
61479,2,1,1998,0,0,0,0,0,0,0,0,0,0
61480,0,1,1998,0,0,11,0,9,0,0,13,0,0
61480,1,1,1998,0,0,0,0,0,0,0,0,0,0
61481,0,1,1998,0,0,0,0,0,0,0,0,0,0
61481,1,1,1998,0,0,0,0,0,0,0,0,0,0
61482,1,1,1998,0,0,0,0,0,0,0,0,0,0
61483,1,1,1998,18,18,18,18,18,18,18,18,18,18
61484,0,1,1998,0,0,0,0,0,13,0,0,0,0
61484,1,1,1998,0,0,0,0,0,0,0,0,0,0
61485,1,1,1998,11,11,11,11,11,11,11,11,11,11
61486,1,1,1998,28,28,28,28,28,28,28,28,28,28
61487,0,1,1998,0,0,0,0,0,0,0,0,0,0
61487,1,1,1998,0,0,0,0,0,0,0,0,0,0
61488,1,1,1998,0,0,0,0,0,0,0,0,0,0
61489,1,1,1998,9,9,9,9,9,9,9,9,9,9
61490,1,1,1998,21,21,21,21,21,21,21,21,21,21
61491,1,1,1998,0,0,0,0,0,0,0,0,0,0
61492,1,1,1998,0,0,0,0,0,0,0,0,0,0
61493,1,1,1998,0,0,0,0,0,0,0,0,0,0
61494,1,1,1998,0,0,0,0,0,0,0,0,0,0
61495,1,1,1998,22,22,22,22,22,22,22,22,22,22
61496,1,1,1998,0,0,0,0,0,0,0,0,0,0
61497,1,1,1998,0,0,0,0,0,0,0,0,0,0
61498,1,1,1998,23,23,23,23,23,23,23,23,23,23
61499,1,1,1998,19,19,19,19,19,19,19,19,19,19
61500,1,1,1998,0,0,0,0,0,0,0,0,0,0
61501,0,1,1998,0,0,0,0,0,0,0,0,0,0
61501,1,1,1998,3,0,0,0,0,0,0,0,0,0
61502,0,1,1998,0,0,0,0,0,0,0,0,0,0
61502,1,1,1998,0,0,0,0,0,0,0,0,0,0
61503,0,1,1998,0,0,0,0,0,0,0,0,0,0
61503,1,1,1998,0,0,0,0,0,12,0,0,0,0
61504,1,1,1998,0,0,0,0,0,0,0,0,0,0
61505,1,1,1998,4,4,4,4,4,4,4,4,4,4
61506,1,1,1998,7,7,7,7,7,7,7,7,7,7
61507,1,1,1998,0,0,0,0,0,0,0,0,0,0
61508,1,1,1998,18,18,18,18,18,18,18,18,18,18
61509,1,1,1998,0,0,0,0,0,0,0,0,0,0
61510,1,1,1998,0,0,0,0,0,0,0,0,0,0
61511,0,1,1998,15,15,15,15,15,15,15,15,15,15
61511,1,1,1998,0,0,0,0,0,0,0,0,0,0
61512,1,1,1998,0,0,0,0,0,0,0,0,0,0
61513,1,1,1998,0,0,0,0,0,0,0,0,0,0
61514,1,1,1998,0,0,0,0,0,0,0,0,0,0
61515,1,1,1998,0,0,0,0,0,0,0,0,0,0
61516,1,1,1998,13,13,13,13,13,13,13,13,13,13
61517,1,1,1998,0,12,0,0,0,0,0,0,0,6
61517,2,1,1998,20,20,20,20,20,20,20,20,20,20
61518,0,1,1998,0,0,0,0,0,0,0,0,0,0
61518,1,1,1998,0,0,0,0,0,0,0,0,0,0
61519,1,1,1998,17,17,17,17,17,17,17,17,17,17
61520,1,1,1998,0,0,0,0,0,0,0,0,0,0
61520,2,1,1998,9,9,9,9,9,9,9,9,9,9
61521,1,1,1998,0,0,0,0,0,0,0,0,0,0
61521,2,1,1998,0,0,0,0,0,0,0,0,0,0
61522,1,1,1998,0,0,0,0,0,0,0,0,4,0
61522,2,1,1998,0,0,0,0,0,0,0,0,0,0
61522,3,1,1998,0,0,0,0,5,0,0,0,0,0
61523,1,1,1998,18,18,18,18,18,18,18,18,18,18
61523,2,1,1998,0,0,0,0,0,0,0,0,0,0
61523,3,1,1998,0,0,0,0,0,0,0,0,0,0
61523,4,1,1998,0,0,0,0,0,0,0,0,0,0
61524,1,1,1998,0,0,0,0,0,0,0,0,0,0
61524,2,1,1998,0,0,0,0,0,0,0,0,0,0
61525,1,1,1998,20,20,20,20,20,20,20,20,20,20
61525,2,1,1998,0,0,0,0,0,0,0,0,0,0
61526,1,1,1998,0,0,0,0,0,0,0,0,0,0
61526,2,1,1998,0,0,3,0,0,0,0,0,0,0
61526,3,1,1998,0,0,0,0,0,0,0,0,15,0
61526,4,1,1998,0,0,0,0,0,0,0,0,0,0
61527,1,1,1998,0,0,0,0,0,0,0,9,0,0
61527,2,1,1998,0,0,0,0,0,0,0,0,0,0
61528,1,1,1998,0,0,0,0,0,0,0,0,0,0
61528,2,1,1998,20,0,0,0,0,0,0,3,0,0
61529,1,1,1998,21,21,21,21,21,21,21,21,21,21
61530,0,1,1998,0,0,0,0,0,0,0,0,0,0
61530,1,1,1998,0,0,0,0,0,0,24,0,4,15
61530,2,1,1998,0,0,0,0,0,27,0,6,0,0
61531,1,1,1998,0,0,0,0,0,0,0,0,0,0
61531,2,1,1998,0,0,0,0,0,0,0,0,0,0
61532,1,1,1998,24,24,24,24,24,24,24,24,24,24
61533,1,1,1998,0,0,0,0,0,0,0,0,0,0
61533,2,1,1998,0,0,0,0,0,0,0,0,0,0
61533,3,1,1998,0,0,0,0,0,0,0,0,0,0
61534,1,1,1998,0,0,0,0,0,0,0,0,0,0
61535,0,1,1998,28,28,28,28,28,28,28,28,28,28
61535,1,1,1998,0,0,0,0,0,0,0,0,0,0
61536,0,1,1998,0,0,0,0,0,0,0,7,0,0
61536,1,1,1998,0,0,0,0,0,0,0,0,0,0
61537,0,1,1998,0,0,0,0,0,0,0,0,0,0
61537,1,1,1998,0,0,0,0,0,0,0,0,0,0
61537,2,1,1998,0,0,0,0,0,0,0,0,0,0
61538,1,1,1998,0,0,0,0,0,0,0,0,0,0
61538,2,1,1998,0,0,0,0,7,4,0,0,0,0
61538,3,1,1998,0,0,0,0,0,0,0,0,0,0
61539,1,1,1998,0,0,0,0,0,0,0,0,0,0
61539,2,1,1998,0,0,0,0,0,0,0,0,0,0
61539,3,1,1998,0,0,0,0,0,0,0,0,0,0
61540,0,1,1998,0,0,0,0,0,0,0,0,0,0
61540,1,1,1998,3,3,3,3,3,3,3,3,3,3
61540,2,1,1998,0,0,0,0,0,0,0,0,0,0
61541,0,1,1998,0,0,0,0,0,0,0,0,0,0
61541,1,1,1998,0,0,0,0,0,0,0,0,0,0
61542,1,1,1998,0,0,0,0,0,0,0,0,0,0
61542,2,1,1998,0,0,0,0,0,0,0,0,0,0
61543,1,1,1998,7,0,0,0,0,0,0,8,0,0
61543,2,1,1998,0,0,0,0,0,0,0,0,0,0
61543,3,1,1998,0,0,0,0,0,0,0,0,0,0
61544,0,1,1998,0,0,0,0,0,0,0,0,0,0
61544,1,1,1998,14,0,0,6,0,0,0,29,0,0
61545,0,1,1998,0,0,0,0,0,0,0,0,0,0
61545,1,1,1998,19,21,21,6,0,37,0,14,21,22
61546,1,1,1998,19,19,19,19,19,19,19,19,19,19
61547,1,1,1998,15,15,15,15,15,15,15,15,15,15
61548,1,1,1998,0,9,4,0,0,0,0,2,0,0
61549,1,1,1998,0,0,0,0,0,0,0,0,0,0
61550,1,1,1998,0,0,0,0,0,0,0,0,0,0
61551,1,1,1998,0,0,0,0,0,0,0,0,0,0
61551,2,1,1998,0,0,0,0,0,0,0,0,0,0
61551,3,1,1998,0,0,0,0,0,0,0,0,0,0
61551,4,1,1998,8,0,0,0,0,0,0,0,0,0
61551,5,1,1998,0,0,0,0,0,0,0,0,0,0
61551,6,1,1998,0,0,0,0,0,0,0,0,0,0
61551,7,1,1998,0,0,0,0,0,0,0,0,0,0
61551,8,1,1998,0,0,0,0,0,0,0,0,0,0
61551,9,1,1998,0,0,0,0,0,0,0,0,0,0
61551,10,1,1998,0,0,0,0,0,0,0,0,0,0
61551,11,1,1998,0,0,0,0,0,0,0,0,0,0
61552,1,1,1998,12,12,12,12,12,12,12,12,12,12
61553,1,1,1998,25,35,28,0,15,13,23,0,0,0
61554,1,1,1998,12,12,12,12,12,12,12,12,12,12
61554,2,1,1998,0,0,0,0,0,0,0,0,0,15
61555,1,1,1998,0,0,0,7,0,0,0,0,0,0
61555,2,1,1998,0,0,0,0,0,0,0,0,0,0
61555,3,1,1998,0,0,0,0,0,0,0,0,0,0
61555,4,1,1998,0,0,0,0,0,0,0,0,0,0
61556,1,1,1998,0,0,0,0,0,0,0,0,0,0
61557,1,1,1998,0,17,13,18,12,0,0,0,0,19
61558,0,1,1998,8,8,8,8,8,8,8,8,8,8
61558,1,1,1998,17,11,0,12,18,23,6,22,8,12
61559,0,1,1998,0,0,0,0,0,0,0,0,0,0
61559,1,1,1998,12,0,21,0,15,0,10,14,0,18
61560,1,1,1998,11,11,11,11,11,11,11,11,11,11
61561,0,1,1998,40,9,19,17,45,37,26,0,20,26
61561,1,1,1998,0,0,0,0,0,0,0,0,0,0
61562,0,1,1998,9,9,9,9,9,9,9,9,9,9
61562,1,1,1998,16,16,16,16,16,16,16,16,16,16
61563,0,1,1998,0,0,20,0,19,0,0,0,0,29
61563,1,1,1998,0,0,8,0,0,0,0,0,0,0
61564,1,1,1998,12,12,12,12,12,12,12,12,12,12
61565,0,1,1998,0,0,0,0,0,0,0,0,0,0
61565,1,1,1998,0,0,10,0,0,0,0,0,0,0
61566,1,1,1998,0,0,0,0,0,0,0,0,0,0
61567,1,1,1998,0,0,0,0,0,0,0,0,0,0
61568,0,1,1998,0,0,0,0,0,0,0,0,0,0
61568,0,2,1998,0,0,0,0,0,0,0,0,0,0
61568,1,1,1998,0,0,0,0,0,0,0,0,0,0
61569,1,1,1998,0,0,0,0,0,0,0,0,0,0
61569,2,1,1998,0,0,0,0,0,0,0,0,0,0
61570,1,1,1998,26,26,26,26,26,26,26,26,26,26
61571,1,1,1998,10,10,10,10,10,10,10,10,10,10
61571,2,1,1998,0,0,0,0,0,0,0,0,0,0
61572,1,1,1998,0,0,0,0,0,0,0,0,0,0
61572,2,1,1998,8,8,8,8,8,8,8,8,8,8
61572,3,1,1998,0,0,0,0,0,0,0,0,0,0