ST_CASE,VEH_NO,PER_NO,YEAR,P1,P2,P3,P4,P5,P6,P7,P8,P9,P10
62150,1,1,1998,0,0,0,0,0,0,0,0,0,0
62150,2,1,1998,0,0,0,0,0,0,0,0,0,0
62151,1,1,1998,19,19,19,19,19,19,19,19,19,19
62151,2,1,1998,0,0,0,0,0,0,0,0,0,0
62152,1,1,1998,0,0,0,0,0,0,0,0,0,0
62152,2,1,1998,0,0,0,0,0,0,0,0,0,0
62152,3,1,1998,0,0,0,0,0,0,0,0,0,0
62153,0,1,1998,3,3,3,3,3,3,3,3,3,3
62153,0,2,1998,0,50,29,0,0,19,13,21,8,20
62153,1,1,1998,16,16,16,16,16,16,16,16,16,16
62154,1,1,1998,15,11,11,23,4,8,26,5,14,16
62154,2,1,1998,0,0,4,0,0,0,16,0,0,20
62155,1,1,1998,0,0,0,0,0,0,0,0,0,0
62155,2,1,1998,0,0,0,0,0,0,0,0,0,0
62156,1,1,1998,15,15,15,15,15,15,15,15,15,15
62157,0,1,1998,0,0,0,0,0,0,0,0,0,0
62157,1,1,1998,0,0,0,0,0,0,0,0,0,0
62158,1,1,1998,7,7,7,7,7,7,7,7,7,7
62159,1,1,1998,0,0,0,0,0,0,0,0,0,0
62160,0,1,1998,0,0,0,0,0,0,0,0,0,0
62160,1,1,1998,0,0,0,0,0,0,0,17,0,0
62161,1,1,1998,0,0,0,0,0,0,0,0,0,0
62162,1,1,1998,0,0,0,0,0,0,0,0,0,0
62163,1,1,1998,18,18,18,18,18,18,18,18,18,18
62164,1,1,1998,31,31,31,31,31,31,31,31,31,31
62165,1,1,1998,0,0,0,0,0,0,0,0,0,0
62166,0,1,1998,0,0,0,0,0,0,0,0,0,0
62166,1,1,1998,0,0,0,0,0,0,0,0,0,0
62167,0,1,1998,0,0,15,19,18,0,0,0,0,0
62167,1,1,1998,0,0,0,0,0,0,0,0,0,0
62168,1,1,1998,0,0,0,0,0,0,0,0,0,0
62169,1,1,1998,17,17,17,17,17,17,17,17,17,17
62170,1,1,1998,12,18,8,26,14,18,0,16,18,6
62171,1,1,1998,0,0,8,0,13,5,0,0,10,5
62172,0,1,1998,0,0,0,0,0,0,0,0,0,0
62172,1,1,1998,6,0,0,0,0,0,0,4,0,0
62173,1,1,1998,0,0,0,0,0,0,0,0,0,0
62174,1,1,1998,0,0,0,0,0,0,0,0,0,0
62175,0,1,1998,0,0,0,0,0,0,0,0,0,0
62175,1,1,1998,0,0,0,0,0,0,0,0,0,0
62176,1,1,1998,0,0,0,0,0,0,0,0,0,0
62177,0,1,1998,0,0,0,0,0,0,0,0,0,0
62177,1,1,1998,8,9,0,10,0,24,37,0,0,0
62178,1,1,1998,16,16,16,16,16,16,16,16,16,16
62179,1,1,1998,14,14,14,14,14,14,14,14,14,14
62180,1,1,1998,5,5,5,5,5,5,5,5,5,5
62181,1,1,1998,0,0,0,0,0,0,0,0,0,0
62182,1,1,1998,19,19,19,19,19,19,19,19,19,19
62183,0,1,1998,0,0,0,0,0,0,0,0,0,0
62183,1,1,1998,0,0,0,0,0,0,0,0,0,0
62184,0,1,1998,13,2,0,0,0,0,5,0,0,0
62184,1,1,1998,0,0,0,0,0,0,0,0,0,23
62185,1,1,1998,0,0,0,0,0,0,0,0,0,0
62186,0,1,1998,0,0,0,0,0,0,0,0,0,0
62186,1,1,1998,0,0,0,0,0,0,0,0,0,0
62187,0,1,1998,9,9,9,9,9,9,9,9,9,9
62187,1,1,1998,0,0,0,0,0,0,0,0,0,0
62188,1,1,1998,0,0,0,0,0,0,0,0,0,0
62189,0,1,1998,0,0,0,0,0,0,0,0,0,0
62189,1,1,1998,0,0,0,0,0,0,0,0,0,0
62190,1,1,1998,0,0,0,0,0,0,0,0,0,0
62191,1,1,1998,4,4,4,4,4,4,4,4,4,4
62192,1,1,1998,16,16,16,16,16,16,16,16,16,16
62193,1,1,1998,8,8,8,8,8,8,8,8,8,8
62194,1,1,1998,14,14,14,14,14,14,14,14,14,14
62195,1,1,1998,13,13,13,13,13,13,13,13,13,13
62196,1,1,1998,16,16,16,16,16,16,16,16,16,16
62197,0,1,1998,10,30,17,0,8,20,25,19,0,17
62197,1,1,1998,0,0,0,0,0,0,0,0,0,0
62198,0,1,1998,0,0,0,14,0,0,0,0,0,0
62198,1,1,1998,0,0,0,0,0,0,0,0,0,0
62199,0,1,1998,22,22,22,22,22,22,22,22,22,22
62199,0,2,1998,0,0,0,0,0,0,0,0,0,0
62199,1,1,1998,0,0,0,0,0,0,0,0,0,0
62200,0,1,1998,0,0,0,0,0,0,0,0,0,0
62200,1,1,1998,0,0,0,0,0,0,0,0,0,0
62201,1,1,1998,0,0,0,0,0,0,0,0,0,0
62202,0,1,1998,0,0,0,0,0,0,0,0,0,0
62202,1,1,1998,0,0,0,0,0,0,0,0,0,0
62203,0,1,1998,0,0,0,0,0,0,0,0,0,0
62203,2,1,1998,0,0,0,0,0,0,0,0,0,0
62204,1,1,1998,0,0,0,0,0,0,0,0,0,0
62205,1,1,1998,25,25,25,25,25,25,25,25,25,25
62206,0,1,1998,0,0,0,0,0,0,0,0,0,0
62206,1,1,1998,0,0,0,0,0,0,0,0,0,0
62207,0,1,1998,0,0,0,0,0,17,0,0,0,0
62207,1,1,1998,0,0,0,0,0,0,0,0,0,0
62208,1,1,1998,0,0,0,0,0,0,0,0,0,0
62209,1,1,1998,17,17,17,17,17,17,17,17,17,17
62210,0,1,1998,22,22,22,22,22,22,22,22,22,22
62210,1,1,1998,0,0,0,0,0,0,10,0,0,5
62211,1,1,1998,0,0,0,0,0,0,0,0,0,0
62212,0,1,1998,22,6,11,14,3,24,28,17,37,35
62212,1,1,1998,15,0,0,0,0,0,0,0,0,0
62213,0,1,1998,24,34,11,29,0,0,31,11,20,23
62213,1,1,1998,24,24,24,12,21,0,22,14,20,20
62214,1,1,1998,0,0,0,0,0,0,0,0,0,0
62215,0,1,1998,0,0,0,0,0,0,0,0,0,0
62215,1,1,1998,0,0,0,0,0,0,0,0,0,0
62216,0,1,1998,0,0,0,0,0,0,0,0,0,0
62216,1,1,1998,0,0,0,0,0,0,0,0,0,0
62217,0,1,1998,38,38,38,38,38,38,38,38,38,38
62217,1,1,1998,0,0,0,0,0,0,0,0,0,0
62218,0,1,1998,22,22,22,22,22,22,22,22,22,22
62218,1,1,1998,0,0,0,0,0,0,0,0,0,0
62219,1,1,1998,0,0,0,0,0,0,0,0,0,0
62220,1,1,1998,0,0,0,0,0,0,0,0,0,0
62221,1,1,1998,26,26,26,26,26,26,26,26,26,26
62222,0,1,1998,0,0,0,0,0,0,0,0,0,0
62222,1,1,1998,0,0,0,0,0,0,0,0,9,0
62223,1,1,1998,0,0,0,0,0,0,0,0,0,0
62224,1,1,1998,0,0,0,0,0,0,0,0,0,0
62224,2,1,1998,0,0,0,0,0,0,0,0,0,0
62225,1,1,1998,0,0,0,0,0,0,0,0,0,0
62225,2,1,1998,0,0,0,0,0,0,0,0,0,0
62225,3,1,1998,0,0,0,0,0,0,0,0,0,0
62226,1,1,1998,0,0,0,0,0,0,0,0,0,0
62227,0,1,1998,0,0,0,0,0,0,0,0,0,0
62227,0,2,1998,0,0,0,0,0,0,0,0,0,0
62227,0,3,1998,0,0,0,0,0,0,0,0,0,0
62227,0,4,1998,0,9,0,0,0,0,0,0,0,0
62227,1,1,1998,0,0,0,0,0,0,0,0,0,0
62228,1,1,1998,21,21,21,21,21,21,21,21,21,21
62228,2,1,1998,1,1,1,1,1,1,1,1,1,1
62229,0,1,1998,20,20,20,20,20,20,20,20,20,20
62229,0,2,1998,0,51,12,0,0,0,0,0,0,22
62229,1,1,1998,0,0,8,0,0,0,0,0,0,0
62230,1,1,1998,0,0,0,0,0,0,0,0,0,0
62231,1,1,1998,15,15,15,15,15,15,15,15,15,15
62232,1,1,1998,12,12,12,12,12,12,12,12,12,12
62232,2,1,1998,0,0,0,0,0,0,0,0,0,0
62232,3,1,1998,0,0,0,0,0,0,2,0,0,0
62233,1,1,1998,0,0,0,0,0,0,0,0,0,0
62233,2,1,1998,17,17,17,17,17,17,17,17,17,17
62234,1,1,1998,8,0,21,10,0,15,8,21,12,23
62234,2,1,1998,7,7,7,7,7,7,7,7,7,7
62235,1,1,1998,0,0,0,0,0,0,0,0,0,0
62235,2,1,1998,0,0,0,0,0,0,0,0,0,0
62236,0,1,1998,0,0,0,0,0,0,0,0,0,0
62236,1,1,1998,0,0,0,0,0,0,0,0,0,0
62237,1,1,1998,0,0,0,0,0,0,0,0,0,0
62237,3,1,1998,0,0,0,0,0,0,0,0,0,0
62237,4,1,1998,0,0,0,0,0,0,0,0,0,0
62238,0,1,1998,27,27,27,27,27,27,27,27,27,27
62238,1,1,1998,0,0,0,0,0,0,0,0,0,0
62239,1,1,1998,0,0,0,0,0,0,0,0,0,0
62240,1,1,1998,22,22,22,22,22,22,22,22,22,22
62241,1,1,1998,11,11,11,11,11,11,11,11,11,11
62242,1,1,1998,0,0,0,0,0,0,0,8,0,0
62243,1,1,1998,9,0,0,0,15,0,0,0,0,0
62244,1,1,1998,0,0,0,0,0,0,0,0,0,0
62245,0,1,1998,0,0,0,0,0,0,0,0,0,0
62245,1,1,1998,0,0,0,0,0,0,0,0,0,0
62246,0,1,1998,0,0,0,0,0,0,0,0,0,0
62246,1,1,1998,0,0,0,19,0,0,19,0,0,0
62247,0,1,1998,0,0,0,0,0,0,0,0,0,0
62247,1,1,1998,0,0,0,0,0,0,0,0,0,0
62248,0,1,1998,0,0,0,0,0,0,0,0,0,0
62248,1,1,1998,0,0,0,0,0,0,0,0,0,0
62249,1,1,1998,0,0,0,0,0,0,0,0,0,0
62250,1,1,1998,15,15,15,15,15,15,15,15,15,15
62251,0,1,1998,18,18,18,18,18,18,18,18,18,18
62251,1,1,1998,8,0,0,0,0,0,0,0,9,0
62252,0,1,1998,0,0,0,0,0,0,0,0,0,0
62252,1,1,1998,0,0,0,0,0,0,0,0,0,0
62253,1,1,1998,0,0,0,0,0,0,0,0,0,0
62254,1,1,1998,0,0,0,0,0,0,0,0,0,0
62255,1,1,1998,0,0,0,0,0,0,0,0,0,0
62256,0,1,1998,28,28,28,28,28,28,28,28,28,28
62256,1,1,1998,0,0,0,0,0,0,0,0,0,0
62257,1,1,1998,10,10,10,10,10,10,10,10,10,10
62258,0,1,1998,6,6,6,6,6,6,6,6,6,6
62258,1,1,1998,0,0,0,0,0,0,0,0,0,0
62259,1,1,1998,3,3,3,3,3,3,3,3,3,3
62260,1,1,1998,0,0,0,0,0,0,0,0,0,0
62261,1,1,1998,0,2,0,13,9,0,0,0,0,2
62262,2,1,1998,0,0,0,0,0,0,0,0,0,0
62263,1,1,1998,0,0,0,0,0,0,0,0,0,0
62263,2,1,1998,0,0,0,0,0,0,0,0,0,0
62264,0,1,1998,11,11,11,11,11,11,11,11,11,11
62264,1,1,1998,0,0,0,0,0,0,0,0,0,0
62265,0,1,1998,0,0,0,0,0,0,0,0,0,0
62265,1,1,1998,0,0,0,0,0,0,0,0,0,0
62266,0,1,1998,28,28,28,28,28,28,28,28,28,28
62266,1,1,1998,0,0,0,0,0,0,0,0,0,0
62267,0,1,1998,0,0,0,0,0,0,0,0,0,0
62267,1,1,1998,0,0,0,0,0,0,0,0,0,0
62268,1,1,1998,0,0,0,0,0,0,0,0,0,0
62269,1,1,1998,16,16,16,16,16,16,16,16,16,16
62270,0,1,1998,29,29,29,29,29,29,29,29,29,29
62270,1,1,1998,0,0,0,0,0,0,0,0,0,0
62271,1,1,1998,11,11,11,11,11,11,11,11,11,11
62272,0,1,1998,29,29,29,29,29,29,29,29,29,29
62272,1,1,1998,0,0,0,0,0,0,0,0,0,0
62273,1,1,1998,0,0,0,0,0,0,0,0,0,0
62274,1,1,1998,23,23,23,23,23,23,23,23,23,23
62275,0,1,1998,22,22,22,22,22,22,22,22,22,22
62275,1,1,1998,0,0,0,0,0,0,0,0,0,0
62276,0,1,1998,0,0,0,0,0,0,0,0,0,0
62276,1,1,1998,0,0,0,0,0,0,0,0,0,0
62277,1,1,1998,0,0,0,0,0,0,0,0,0,0
62278,0,1,1998,13,13,13,13,13,13,13,13,13,13
62278,1,1,1998,0,0,0,0,0,0,0,0,0,0
62279,0,1,1998,11,11,11,11,11,11,11,11,11,11
62279,1,1,1998,0,0,0,0,0,0,0,0,0,0
62280,1,1,1998,25,18,25,7,29,19,8,3,6,11
62281,1,1,1998,15,15,15,15,15,15,15,15,15,15
62282,0,1,1998,2,2,2,2,2,2,2,2,2,2
62282,1,1,1998,0,9,0,12,0,2,0,0,8,9
62283,1,1,1998,17,17,17,17,17,17,17,17,17,17
62284,1,1,1998,0,0,0,0,0,0,0,0,0,0
62285,1,1,1998,0,0,0,0,0,0,0,0,0,0
62286,0,1,1998,0,0,0,0,0,0,0,0,0,0
62286,0,2,1998,0,0,9,0,0,16,0,17,12,15
62286,1,1,1998,0,0,0,0,0,0,0,0,0,0
62287,1,1,1998,10,13,6,10,11,9,4,7,14,9
62288,1,1,1998,0,0,0,0,0,0,0,0,0,0
62289,0,1,1998,0,0,0,0,0,0,0,0,0,0
62289,1,1,1998,0,0,0,0,0,0,0,0,0,0
62290,0,1,1998,0,0,0,0,0,0,0,0,0,0
62290,0,2,1998,0,0,0,0,0,0,0,0,10,0
62290,1,1,1998,0,10,12,12,17,7,12,0,11,8
62291,1,1,1998,0,0,0,0,0,0,0,0,0,0
62291,2,1,1998,0,0,0,0,0,0,0,0,0,0
62291,3,1,1998,0,0,0,0,0,0,0,0,0,0
62292,0,1,1998,0,0,0,0,0,0,0,0,0,0
62292,1,1,1998,0,0,0,0,0,0,0,0,0,0
62293,1,1,1998,16,16,16,16,16,16,16,16,16,16
62294,0,1,1998,0,0,0,0,0,0,0,0,0,0
62294,0,2,1998,3,20,0,0,22,0,0,8,0,24
62294,1,1,1998,11,11,11,11,11,11,11,11,11,11
62295,1,1,1998,0,0,0,0,0,0,0,0,0,0
62295,2,1,1998,0,0,0,0,0,0,0,0,0,0
62296,1,1,1998,16,0,9,11,13,14,10,21,20,20
62297,1,1,1998,0,0,0,0,0,0,0,0,0,0
62298,1,1,1998,0,0,0,0,0,0,0,0,0,0
62299,0,1,1998,9,9,9,9,9,9,9,9,9,9
62299,1,1,1998,0,0,9,0,0,0,0,0,0,5
62300,1,1,1998,0,0,0,0,0,0,0,0,0,0
62300,2,1,1998,0,0,0,0,0,0,0,0,0,0
62301,1,1,1998,0,0,0,0,0,0,0,0,0,0
62301,2,1,1998,0,0,0,0,0,9,0,0,0,0
62301,3,1,1998,0,0,0,0,0,0,0,0,0,0
62301,4,1,1998,0,0,0,0,0,0,0,0,0,0
62301,5,1,1998,0,0,0,0,0,0,0,0,0,0
62301,6,1,1998,0,0,0,0,0,0,0,0,0,0
62302,1,1,1998,0,0,0,0,0,0,0,0,0,0
62302,2,1,1998,0,0,0,0,0,0,0,0,0,0
62302,3,1,1998,0,0,0,0,0,19,0,0,0,0
62303,1,1,1998,0,0,0,0,0,0,0,0,0,0
62303,2,1,1998,0,0,0,0,0,0,0,0,0,0
62303,3,1,1998,0,0,0,0,0,0,0,0,0,0
62304,1,1,1998,27,27,27,27,27,27,27,27,27,27
62304,2,1,1998,0,0,0,0,0,0,0,0,0,0
62305,0,1,1998,0,0,12,0,0,0,15,24,0,0
62305,1,1,1998,0,10,0,7,0,11,17,9,0,0
62306,0,1,1998,16,16,16,16,16,16,16,16,16,16
62306,1,1,1998,23,23,23,23,23,23,23,23,23,23
62307,0,1,1998,0,0,0,0,0,0,0,0,0,0
62307,1,1,1998,0,0,0,0,0,0,0,0,0,0
62308,1,1,1998,0,0,0,0,0,0,0,0,0,0
62308,2,1,1998,0,0,0,0,0,0,0,0,0,0
62309,1,1,1998,0,0,0,0,0,0,0,0,0,0
62309,2,1,1998,0,0,0,0,0,0,0,0,0,0
62310,1,1,1998,3,3,3,3,3,3,3,3,3,3
62310,2,1,1998,4,0,0,0,0,0,15,0,0,0
62310,3,1,1998,0,0,0,0,12,0,7,0,0,23
62310,4,1,1998,0,0,6,0,0,0,0,19,8,0
62311,1,1,1998,0,0,0,0,0,0,0,0,0,0
62311,2,1,1998,0,0,0,0,0,0,0,0,0,0
62312,1,1,1998,0,0,0,0,0,0,0,0,0,0
62312,2,1,1998,0,0,0,0,0,0,0,0,0,0
62313,1,1,1998,0,0,0,0,0,0,0,0,0,0
62313,2,1,1998,0,0,0,0,0,0,0,0,0,0
62314,1,1,1998,0,0,0,0,0,0,0,0,0,0
62314,2,1,1998,0,0,0,0,0,0,0,0,0,0
62314,3,1,1998,0,0,0,0,0,0,0,0,0,0
62315,1,1,1998,0,0,0,0,0,0,0,0,0,0
62315,2,1,1998,0,0,0,0,0,0,0,0,0,0
62316,1,1,1998,0,0,2,6,0,0,13,0,0,18
62316,2,1,1998,0,0,0,0,0,0,0,0,0,0
62317,0,1,1998,0,0,0,0,0,0,0,0,0,0
62317,1,1,1998,0,0,0,0,0,0,0,0,0,0
62318,1,1,1998,10,10,10,10,10,10,10,10,10,10
62318,2,1,1998,0,0,0,0,0,0,0,0,0,0
62319,0,1,1998,11,11,11,11,11,11,11,11,11,11
62319,1,1,1998,0,0,0,0,0,0,0,0,0,0
62319,2,1,1998,9,9,9,9,9,9,9,9,9,9
62320,1,1,1998,16,0,0,0,0,0,0,0,0,0
62320,2,1,1998,15,15,15,15,15,15,15,15,15,15
62321,1,1,1998,22,22,22,22,22,22,22,22,22,22
62321,2,1,1998,15,15,15,15,15,15,15,15,15,15
62322,1,1,1998,0,0,0,0,0,0,0,0,0,0
62322,2,1,1998,0,0,0,0,0,0,0,0,0,0
62323,1,1,1998,0,0,0,0,0,0,0,0,0,0
62323,2,1,1998,5,5,5,5,5,5,5,5,5,5
62324,1,1,1998,0,0,0,0,0,0,0,0,0,0
62324,2,1,1998,0,0,0,0,0,0,0,0,0,0
62325,1,1,1998,0,0,0,0,0,0,0,0,0,0
62325,2,1,1998,0,0,0,0,0,0,0,0,0,0
62326,1,1,1998,0,0,0,0,0,0,0,0,0,0
62326,2,1,1998,0,0,0,0,0,0,0,0,0,0
62327,1,1,1998,0,0,0,0,0,0,0,0,0,0
62327,2,1,1998,0,0,0,0,0,19,0,24,0,0
62328,1,1,1998,6,3,3,0,8,15,0,24,3,7
62328,2,1,1998,0,0,0,0,0,0,0,0,0,12
62329,1,1,1998,0,0,0,0,0,0,0,0,0,0
62329,2,1,1998,3,3,3,3,3,3,3,3,3,3
62330,1,1,1998,0,0,0,0,0,0,0,0,0,0
62330,2,1,1998,0,0,0,0,0,0,0,0,0,0
62331,1,1,1998,13,13,13,13,13,13,13,13,13,13
62331,2,1,1998,0,0,0,0,0,0,0,0,0,0
62332,1,1,1998,0,0,0,0,0,0,0,0,0,0
62332,2,1,1998,0,0,0,0,0,0,0,0,0,0
62333,1,1,1998,0,0,0,0,0,0,0,0,0,0
62333,2,1,1998,0,0,0,0,0,0,0,0,0,0
62334,1,1,1998,0,0,0,0,0,0,0,0,0,0
62334,2,1,1998,0,0,0,0,0,0,0,0,0,0
62334,3,1,1998,0,0,0,0,0,0,0,0,0,0
62335,1,1,1998,0,0,0,14,0,9,0,0,0,0
62336,1,1,1998,0,17,0,0,0,0,12,0,21,5
62336,2,1,1998,0,0,0,0,0,0,0,0,0,0
62337,1,1,1998,0,0,0,0,0,0,0,0,0,0
62337,2,1,1998,0,0,0,0,0,0,0,0,0,0
62338,0,1,1998,0,0,0,0,0,0,0,0,15,0
62338,1,1,1998,0,0,0,0,0,0,0,0,0,0
62339,1,1,1998,0,0,0,0,0,0,0,0,0,0
62339,2,1,1998,22,0,9,0,0,18,0,0,0,0
62340,0,1,1998,0,0,0,0,0,0,0,0,0,0
62340,1,1,1998,0,0,0,0,0,0,0,0,0,0
62341,1,1,1998,0,0,0,0,0,0,15,0,0,0
62341,2,1,1998,0,0,12,0,10,0,0,0,0,0
62342,1,1,1998,0,0,0,0,0,15,11,0,0,0
62342,2,1,1998,0,0,0,0,0,0,0,0,0,0
62343,1,1,1998,0,0,0,0,0,0,0,0,0,0
62343,2,1,1998,0,0,0,0,0,0,0,0,0,0
62344,1,1,1998,0,0,0,0,0,0,0,0,0,0
62344,2,1,1998,0,0,0,0,0,0,0,0,0,0
62345,1,1,1998,0,0,0,0,0,0,0,0,0,0
62345,2,1,1998,0,0,0,0,0,0,0,0,0,0
62346,1,1,1998,0,0,0,0,0,0,0,0,0,0
62346,2,1,1998,0,0,0,0,0,0,0,0,0,0
62347,1,1,1998,18,18,18,18,18,18,18,18,18,18
62347,2,1,1998,0,0,0,0,0,0,0,0,0,0
62348,1,1,1998,0,0,0,0,0,0,0,0,0,0
62348,2,1,1998,0,0,0,0,0,0,0,0,0,0
62349,1,1,1998,14,14,14,14,14,14,14,14,14,14
62350,0,1,1998,0,0,0,0,0,0,0,0,0,0
62350,1,1,1998,0,0,0,0,0,0,0,0,0,0
62351,1,1,1998,48,48,48,48,48,48,48,48,48,48
62351,2,1,1998,0,0,0,0,0,0,0,0,0,0
62352,0,1,1998,0,0,0,0,0,0,0,0,0,0
62352,1,1,1998,0,0,0,0,0,0,0,0,0,0
62353,0,1,1998,10,10,10,10,10,10,10,10,10,10
62353,1,1,1998,0,0,0,0,0,0,0,0,0,0
62354,1,1,1998,24,24,24,24,24,24,24,24,24,24
62355,1,1,1998,0,0,0,0,0,0,0,0,0,0
62356,0,1,1998,25,19,11,32,7,37,39,9,20,9
62356,1,1,1998,0,0,0,13,0,0,24,0,0,0
62357,0,1,1998,0,0,0,0,0,0,0,0,0,0
62357,1,1,1998,0,0,0,0,0,0,0,0,0,0
62358,1,1,1998,0,0,0,0,0,0,0,0,0,0
62359,1,1,1998,20,20,20,20,20,20,20,20,20,20
62360,0,1,1998,0,0,0,0,0,0,0,0,0,0
62360,1,1,1998,0,0,0,0,0,0,0,0,0,0
62361,1,1,1998,16,16,16,16,16,16,16,16,16,16
62362,0,1,1998,2,2,2,2,2,2,2,2,2,2
62362,1,1,1998,0,0,0,0,0,0,0,0,0,0
62363,1,1,1998,15,15,15,15,15,15,15,15,15,15
62364,1,1,1998,0,0,0,0,0,0,0,0,0,0
62365,1,1,1998,0,0,0,0,0,0,0,0,0,0
62366,1,1,1998,0,0,0,0,0,0,0,0,0,0
62367,0,1,1998,0,0,0,0,0,0,0,0,0,0
62367,1,1,1998,0,0,0,0,0,0,0,0,0,0
62368,0,1,1998,55,55,55,55,55,55,55,55,55,55
62368,1,1,1998,0,0,0,0,0,0,0,0,0,0
62369,1,1,1998,0,0,0,0,0,0,0,0,21,0
62370,1,1,1998,18,18,18,18,18,18,18,18,18,18
62371,0,1,1998,0,0,0,0,0,0,0,0,0,0
62371,1,1,1998,0,0,0,0,0,0,0,0,0,0
62372,0,1,1998,0,0,0,0,0,0,0,0,0,0
62372,1,1,1998,0,0,0,0,0,0,0,0,0,0
62373,1,1,1998,0,0,0,0,0,19,0,0,11,0
62374,1,1,1998,0,0,0,0,0,0,0,0,0,0
62375,1,1,1998,0,0,0,0,0,0,0,0,0,0
62376,1,1,1998,0,0,0,0,0,0,0,0,0,0
62377,0,1,1998,2,2,2,2,2,2,2,2,2,2
62377,1,1,1998,0,0,0,0,0,0,0,0,0,0
62378,1,1,1998,18,13,15,28,29,19,15,9,17,8
62378,2,1,1998,3,3,3,3,3,3,3,3,3,3
62379,1,1,1998,0,0,0,0,0,0,0,0,0,0
62379,2,1,1998,0,0,0,0,0,0,0,0,0,0
62380,0,1,1998,7,29,17,7,15,16,35,22,16,24
62380,1,1,1998,7,18,6,29,4,10,0,0,12,13
62381,1,1,1998,0,0,0,0,0,0,0,0,0,0
62382,1,1,1998,0,0,0,0,0,0,0,0,0,0
62383,1,1,1998,0,0,0,0,10,0,0,0,0,0
62384,1,1,1998,0,0,0,0,0,0,0,0,0,0
62385,0,1,1998,0,0,0,0,0,0,0,0,0,0
62385,1,1,1998,0,0,0,0,0,0,0,0,0,0
62386,0,1,1998,70,70,70,70,70,70,70,70,70,70
62386,1,1,1998,0,0,0,0,0,0,30,0,18,0
62387,1,1,1998,17,17,17,17,17,17,17,17,17,17
62388,1,1,1998,0,0,0,0,0,0,0,0,0,0
62388,2,1,1998,0,0,0,0,0,0,0,0,0,0
62389,0,1,1998,0,0,0,0,0,0,0,0,0,0
62389,1,1,1998,2,0,0,0,0,0,0,0,0,0
62390,1,1,1998,13,13,13,13,13,13,13,13,13,13
62391,1,1,1998,12,9,11,9,10,5,20,0,15,0
62392,1,1,1998,18,18,18,18,18,18,18,18,18,18
62393,1,1,1998,0,0,0,0,0,0,0,0,0,0
62394,0,1,1998,25,25,25,25,25,25,25,25,25,25
62394,1,1,1998,5,6,36,14,15,9,13,22,21,22
62395,0,1,1998,0,0,0,0,0,0,0,0,0,0
62395,1,1,1998,10,4,5,0,0,0,0,0,0,0
62396,0,1,1998,0,0,0,0,0,0,0,0,0,0
62396,0,2,1998,0,0,4,0,0,10,0,0,0,0
62396,1,1,1998,0,0,0,0,0,0,0,0,0,0
62397,1,1,1998,14,14,14,14,14,14,14,14,14,14
62398,1,1,1998,0,0,0,0,0,0,0,0,0,0
62399,0,1,1998,0,0,0,0,0,0,0,0,0,0
62399,1,1,1998,0,0,0,0,0,0,0,0,0,0
62400,1,1,1998,12,12,12,12,12,12,12,12,12,12
62401,1,1,1998,15,15,15,15,15,15,15,15,15,15
62402,1,1,1998,0,0,0,0,0,0,0,0,0,0
62403,1,1,1998,13,13,13,13,13,13,13,13,13,13
62404,1,2,1998,0,0,0,0,4,0,0,0,0,0
62405,0,1,1998,16,16,16,16,16,16,16,16,16,16
62405,1,1,1998,0,0,0,0,0,0,16,0,0,0
62406,1,1,1998,20,20,20,20,20,20,20,20,20,20
62407,0,1,1998,18,18,18,18,18,18,18,18,18,18
62407,1,1,1998,0,0,0,0,0,0,0,0,0,0
62408,1,1,1998,27,27,27,27,27,27,27,27,27,27
62409,1,1,1998,0,0,0,0,0,0,0,0,0,0
62410,1,1,1998,3,3,3,3,3,3,3,3,3,3
62411,1,1,1998,19,19,19,19,19,19,19,19,19,19
62412,1,1,1998,0,0,0,0,0,0,17,0,0,0
62413,0,1,1998,0,0,0,0,0,0,0,0,0,0
62413,1,1,1998,0,0,0,0,0,0,0,0,0,0
62414,1,1,1998,29,29,29,29,29,29,29,29,29,29
62415,1,1,1998,0,0,0,0,0,0,0,0,0,0
62416,1,1,1998,10,10,10,10,10,10,10,10,10,10
62417,1,1,1998,0,0,0,0,0,0,0,0,0,0
62418,0,1,1998,0,0,0,0,0,0,0,0,0,0
62418,1,1,1998,0,0,0,0,0,0,0,0,0,0
62419,1,1,1998,0,0,0,0,0,0,0,0,17,0
62420,0,1,1998,0,0,0,0,0,0,0,0,0,0
62420,1,1,1998,0,0,0,0,0,0,0,0,0,17
62421,1,1,1998,0,0,0,0,0,0,0,0,0,0
62422,0,1,1998,0,0,0,0,0,0,0,0,0,0
62422,1,1,1998,0,0,0,0,0,0,0,0,0,0
62423,1,1,1998,15,15,15,15,15,15,15,15,15,15
62424,0,1,1998,23,23,23,23,23,23,23,23,23,23
62424,1,1,1998,0,0,0,0,0,0,0,0,0,0
62425,1,1,1998,0,0,0,0,0,0,0,0,0,0
62426,1,1,1998,0,0,0,0,0,0,0,0,0,0
62427,1,1,1998,9,9,9,9,9,9,9,9,9,9
62428,1,1,1998,0,0,0,0,0,0,0,0,0,0
62429,0,1,1998,0,0,0,0,0,0,0,0,0,0
62429,1,1,1998,0,0,0,12,0,0,0,0,0,0
62430,1,1,1998,0,0,0,0,0,0,0,0,0,0
62431,1,1,1998,0,0,0,0,0,0,0,0,0,0