ST_CASE,VEH_NO,PER_NO,YEAR,P1,P2,P3,P4,P5,P6,P7,P8,P9,P10
62432,1,1,1998,5,0,0,0,0,0,0,0,0,0
62433,1,1,1998,6,6,6,6,6,6,6,6,6,6
62434,1,1,1998,21,13,18,15,0,11,0,23,3,17
62435,1,1,1998,0,0,0,0,0,0,0,0,0,0
62436,0,1,1998,3,3,3,3,3,3,3,3,3,3
62436,1,1,1998,0,0,0,0,0,23,0,0,0,0
62437,1,1,1998,3,3,3,3,3,3,3,3,3,3
62437,2,1,1998,0,0,0,0,0,0,0,0,0,0
62437,3,1,1998,0,0,0,0,0,0,0,0,0,0
62438,1,1,1998,0,0,0,0,7,0,0,0,0,0
62438,2,1,1998,0,17,0,0,0,0,0,0,17,16
62438,3,1,1998,0,0,0,0,0,0,0,0,0,0
62439,1,1,1998,0,0,0,0,0,0,0,0,0,0
62439,2,1,1998,0,0,0,0,0,0,0,0,0,0
62440,1,1,1998,23,23,23,23,23,23,23,23,23,23
62440,2,1,1998,0,0,0,0,0,0,0,0,0,0
62440,3,1,1998,0,0,0,0,0,0,0,0,0,0
62441,1,1,1998,0,0,0,0,0,0,0,0,0,0
62441,2,1,1998,0,0,0,0,0,0,0,0,0,0
62441,3,1,1998,0,0,0,0,0,0,0,0,0,0
62441,4,1,1998,0,8,0,0,0,0,0,0,0,0
62442,1,1,1998,0,0,0,0,0,0,0,0,0,0
62443,0,1,1998,0,0,0,0,0,0,0,0,0,0
62443,1,1,1998,0,6,0,0,0,16,0,0,0,0
62444,1,1,1998,8,8,8,8,8,8,8,8,8,8
62445,1,1,1998,23,23,23,23,23,23,23,23,23,23
62446,0,1,1998,0,0,0,0,0,0,0,0,0,0
62446,1,1,1998,0,0,0,0,0,0,0,0,0,0
62447,1,1,1998,0,0,0,0,0,0,0,0,0,0
62448,0,1,1998,0,0,0,23,0,0,10,10,6,14
62448,0,2,1998,0,0,0,4,0,0,0,0,0,15
62448,1,1,1998,0,0,0,0,0,0,0,0,0,0
62449,0,1,1998,0,0,0,0,0,0,0,0,0,0
62449,1,1,1998,9,0,14,8,12,10,8,20,13,19
62450,1,1,1998,0,0,0,0,0,0,0,0,0,0
62451,1,1,1998,0,19,0,0,0,0,0,0,0,0
62452,1,1,1998,0,0,0,0,0,0,0,0,0,0
62453,1,1,1998,19,19,19,19,19,19,19,19,19,19
62454,1,1,1998,0,0,0,0,0,0,0,0,0,0
62455,1,1,1998,0,0,0,0,0,0,0,0,0,0
62456,1,1,1998,7,7,7,7,7,7,7,7,7,7
62457,1,1,1998,0,0,0,0,0,0,0,0,0,0
62458,1,1,1998,16,16,16,16,16,16,16,16,16,16
62459,1,1,1998,0,0,0,0,0,0,0,0,0,0
62460,1,1,1998,0,0,0,0,0,0,0,0,0,0
62461,1,1,1998,14,18,19,19,10,12,30,0,13,10
62462,1,1,1998,0,0,0,0,0,0,0,0,0,0
62462,2,1,1998,0,0,0,0,0,0,0,0,0,0
62463,1,1,1998,0,0,0,0,0,0,0,0,0,0
62464,1,1,1998,0,0,0,0,0,0,0,0,0,0
62464,2,1,1998,0,0,0,0,0,0,0,0,0,0
62465,0,1,1998,0,0,0,9,0,0,21,0,0,0
62465,1,1,1998,26,26,26,26,26,26,26,26,26,26
62466,1,1,1998,0,0,0,0,0,0,0,0,0,0
62466,2,1,1998,0,0,0,0,0,0,0,0,0,0
62467,1,1,1998,0,0,0,0,0,0,0,0,0,0
62467,2,1,1998,0,0,6,0,0,0,16,11,0,0
62468,1,1,1998,26,26,26,26,26,26,26,26,26,26
62468,2,1,1998,0,0,0,0,0,0,0,0,0,0
62468,3,1,1998,0,0,0,0,0,0,0,0,0,0
62468,4,1,1998,0,0,4,0,0,8,0,12,0,0
62469,2,1,1998,0,0,0,0,0,0,0,0,0,0
62469,3,1,1998,0,0,0,0,0,0,0,0,0,0
62469,4,1,1998,0,0,28,0,0,0,0,0,0,0
62470,1,1,1998,0,0,0,0,0,0,0,0,0,0
62470,2,1,1998,0,0,0,0,0,0,0,0,0,0
62470,3,1,1998,0,0,0,0,0,0,0,0,0,0
62471,1,1,1998,0,0,0,0,0,0,0,0,0,0
62471,2,1,1998,0,0,0,0,0,0,0,0,0,0
62472,1,1,1998,0,0,0,0,0,0,0,0,0,0
62472,2,1,1998,0,0,0,0,0,0,0,0,0,0
62473,0,1,1998,32,32,32,32,32,32,32,32,32,32
62473,1,1,1998,13,13,13,13,13,13,13,13,13,13
62474,0,1,1998,0,0,0,0,0,0,0,0,0,0
62474,0,2,1998,0,0,0,0,0,0,0,0,0,0
62474,1,1,1998,0,0,0,0,0,0,0,0,0,0
62475,1,1,1998,12,12,12,12,12,12,12,12,12,12
62476,0,1,1998,0,0,0,0,0,0,0,0,0,0
62476,1,1,1998,0,0,0,0,0,0,0,0,0,0
62477,1,1,1998,25,25,25,25,25,25,25,25,25,25
62478,0,1,1998,30,30,30,30,30,30,30,30,30,30
62478,1,1,1998,0,0,0,0,0,0,0,0,0,0
62479,0,1,1998,0,0,0,0,0,0,0,0,0,0
62479,1,1,1998,0,0,0,0,0,0,0,0,0,0
62480,1,1,1998,18,18,18,18,18,18,18,18,18,18
62481,1,1,1998,0,0,0,0,0,0,0,0,0,0
62482,1,1,1998,0,0,0,0,0,0,0,0,0,0
62482,2,1,1998,0,0,0,0,0,0,0,0,0,0
62483,1,1,1998,0,0,0,0,0,0,0,0,0,0
62483,2,1,1998,0,0,0,0,0,0,0,0,0,0
62484,1,1,1998,0,0,0,0,0,0,0,0,0,0
62484,2,1,1998,0,0,0,0,0,0,0,0,0,0
62485,1,1,1998,0,0,0,0,0,0,0,0,0,0
62485,2,1,1998,0,0,0,0,0,0,0,0,0,0
62486,1,1,1998,0,0,0,18,0,0,0,0,0,0
62486,2,1,1998,0,0,0,0,0,0,0,0,6,0
62486,3,1,1998,0,0,0,0,0,0,0,0,0,0
62487,0,1,1998,25,15,22,3,14,0,11,55,27,7
62487,1,1,1998,14,0,0,14,25,0,11,15,0,22
62487,2,1,1998,0,0,0,0,0,0,0,0,0,0
62488,1,1,1998,0,0,0,0,0,0,0,0,0,0
62488,2,1,1998,0,0,0,0,0,0,0,0,0,0
62489,0,1,1998,13,13,13,13,13,13,13,13,13,13
62489,1,1,1998,0,0,0,0,0,0,0,0,0,0
62490,1,1,1998,7,7,7,7,7,7,7,7,7,7
62490,2,1,1998,7,7,7,7,7,7,7,7,7,7
62490,3,1,1998,0,0,0,0,0,0,0,0,0,0
62490,4,1,1998,0,0,0,0,0,0,0,0,0,0
62491,1,1,1998,0,0,0,0,0,0,0,0,0,0
62491,2,1,1998,0,0,0,0,0,0,0,0,0,0
62491,3,1,1998,0,0,0,0,0,4,0,0,0,0
62492,1,1,1998,0,0,0,0,0,0,0,0,0,0
62492,2,1,1998,0,0,0,0,0,0,0,0,0,0
62492,3,1,1998,0,0,0,0,0,0,0,0,0,0
62493,1,1,1998,0,0,0,0,0,0,0,0,0,0
62493,2,1,1998,0,0,0,0,0,0,0,0,0,0
62494,1,1,1998,0,24,0,0,0,0,0,0,0,0
62495,1,1,1998,18,18,18,18,18,18,18,18,18,18
62495,2,1,1998,0,0,0,0,0,0,0,0,0,0
62495,3,1,1998,0,0,0,0,0,0,0,0,0,0
62495,4,1,1998,0,0,7,0,0,0,0,0,0,0
62495,5,1,1998,0,0,0,0,0,0,0,0,0,0
62496,1,1,1998,0,0,0,0,0,0,0,0,0,0
62496,2,1,1998,0,0,0,0,0,0,0,0,0,0
62497,1,1,1998,0,0,0,0,0,0,0,0,0,0
62497,2,1,1998,0,0,0,0,0,0,0,0,0,0
62498,1,1,1998,3,3,3,3,3,3,3,3,3,3
62498,2,1,1998,0,0,0,0,0,0,0,0,0,0
62499,0,1,1998,2,2,2,2,2,2,2,2,2,2
62499,0,2,1998,0,17,15,0,0,0,0,0,0,16
62499,1,1,1998,0,0,0,0,0,0,0,0,0,0
62500,1,1,1998,0,0,0,0,0,0,0,0,0,0
62500,2,1,1998,0,0,0,0,0,0,0,0,0,0
62501,1,1,1998,0,0,0,0,0,0,0,0,0,0
62501,2,1,1998,0,0,0,0,0,0,0,0,0,0
62502,1,1,1998,14,14,14,14,14,14,14,14,14,14
62503,1,1,1998,12,12,12,12,12,12,12,12,12,12
62504,1,1,1998,22,22,22,22,22,22,22,22,22,22
62505,1,1,1998,0,0,0,0,0,0,0,0,0,0
62506,0,1,1998,22,22,22,22,22,22,22,22,22,22
62506,1,1,1998,0,0,0,0,0,0,0,0,0,0
62507,0,1,1998,0,0,0,0,0,0,0,0,0,0
62507,1,1,1998,0,8,0,0,0,0,7,13,0,10
62508,1,1,1998,0,0,0,0,0,0,2,13,0,0
62508,2,1,1998,0,0,0,0,0,0,0,0,0,0
62509,1,1,1998,0,0,0,0,0,0,0,0,0,0
62509,2,1,1998,0,0,0,0,0,0,0,0,0,0
62510,1,1,1998,0,0,0,0,0,0,0,0,0,0
62511,1,1,1998,0,0,0,0,0,0,0,0,0,0
62511,2,1,1998,0,0,0,0,0,0,1,0,0,0
62512,1,1,1998,0,0,0,0,0,0,0,0,0,0
62512,2,1,1998,0,0,0,0,0,0,0,0,0,0
62513,0,1,1998,21,21,21,21,21,21,21,21,21,21
62513,1,1,1998,0,0,0,0,0,0,0,0,0,0
62514,0,1,1998,0,0,0,0,0,0,0,0,0,0
62514,1,1,1998,0,0,0,0,0,0,0,0,0,0
62515,0,1,1998,0,0,0,0,0,0,0,0,0,0
62515,1,1,1998,0,0,0,0,0,0,0,0,0,0
62516,0,1,1998,16,16,16,16,16,16,16,16,16,16
62516,1,1,1998,0,0,0,0,0,0,0,0,0,0
62517,0,1,1998,0,0,0,0,0,0,0,0,0,0
62517,1,1,1998,32,0,0,0,0,14,0,0,0,18
62518,0,1,1998,2,2,2,2,2,2,2,2,2,2
62518,1,1,1998,0,0,0,0,0,0,10,0,0,0
62519,1,1,1998,0,0,0,0,0,0,0,0,0,0
62520,1,1,1998,13,13,13,13,13,13,13,13,13,13
62520,2,1,1998,0,0,3,0,0,4,0,0,0,0
62520,3,1,1998,16,0,0,0,0,0,0,0,0,0
62521,1,1,1998,0,0,0,0,0,0,0,0,0,0
62521,2,1,1998,0,0,0,0,0,0,0,0,0,0
62521,3,1,1998,0,0,0,0,0,0,0,0,0,0
62522,1,1,1998,0,0,0,0,0,0,0,0,0,0
62522,2,1,1998,0,0,0,0,0,0,0,0,0,0
62522,3,1,1998,0,0,0,0,0,0,0,0,0,0
62523,1,1,1998,0,0,0,0,0,0,0,0,0,0
62523,2,1,1998,0,0,0,0,0,0,0,0,0,0
62523,3,1,1998,0,0,0,0,0,0,0,0,0,0
62523,4,1,1998,0,0,0,0,0,0,0,0,0,0
62523,5,1,1998,0,0,0,0,0,0,0,0,0,0
62524,1,1,1998,0,0,0,0,0,0,0,0,0,0
62524,2,1,1998,0,0,0,0,0,0,0,0,0,0
62525,1,1,1998,0,0,0,0,0,0,0,0,0,0
62525,2,1,1998,0,0,0,0,0,0,0,0,0,0
62526,1,1,1998,0,0,0,0,0,0,0,0,0,0
62526,2,1,1998,0,0,0,0,0,0,0,0,0,7
62527,1,1,1998,0,0,0,0,0,0,0,0,0,0
62527,2,1,1998,0,14,25,11,24,9,7,0,0,9
62527,3,1,1998,0,0,0,0,6,10,0,0,0,11
62528,1,1,1998,0,0,0,0,0,0,0,0,0,0
62528,2,1,1998,0,0,0,0,0,0,0,0,0,0
62529,1,1,1998,0,0,0,0,0,0,0,0,0,0
62529,2,1,1998,0,0,0,0,0,0,0,0,0,0
62530,0,1,1998,0,0,0,0,0,0,0,0,0,0
62530,1,1,1998,17,0,12,0,0,0,0,0,0,0
62531,0,1,1998,0,0,0,0,0,0,0,0,0,0
62531,1,1,1998,0,0,0,0,0,0,0,0,0,0
62532,1,1,1998,0,0,0,0,0,0,0,0,0,0
62532,2,1,1998,0,0,0,0,0,0,0,0,8,0
62533,1,1,1998,0,0,0,0,0,0,0,0,0,0
62533,2,1,1998,0,0,0,0,0,0,0,0,0,0
62534,1,1,1998,0,0,0,0,0,0,0,0,0,0
62534,2,1,1998,0,0,0,0,0,0,0,0,0,0
62535,0,1,1998,30,30,30,30,30,30,30,30,30,30
62535,1,1,1998,0,0,0,0,0,0,0,0,0,0
62535,2,1,1998,0,0,0,0,0,0,0,0,0,0
62536,1,1,1998,0,0,0,0,0,0,0,0,0,0
62536,2,1,1998,0,0,0,0,0,0,0,0,0,0
62537,0,1,1998,15,44,16,0,27,11,19,0,21,0
62537,1,1,1998,3,3,3,3,3,3,3,3,3,3
62538,1,1,1998,0,0,0,0,0,0,0,0,0,0
62538,2,1,1998,0,0,0,0,0,0,0,0,0,0
62538,3,1,1998,0,0,0,0,12,0,10,0,0,0
62538,4,1,1998,0,0,0,0,0,0,0,0,0,0
62538,5,1,1998,0,0,0,0,0,0,0,0,0,0
62538,6,1,1998,0,0,0,0,0,0,0,0,0,0
62539,1,1,1998,0,0,0,0,0,0,0,0,0,0
62539,2,1,1998,0,0,0,0,0,0,0,0,0,0
62540,1,1,1998,0,0,0,0,0,0,0,0,0,0
62541,1,1,1998,15,15,15,15,15,15,15,15,15,15
62542,1,1,1998,0,0,0,0,0,0,0,0,0,0
62542,2,1,1998,0,0,0,0,0,0,0,0,0,0
62542,3,1,1998,0,0,0,0,0,0,0,0,0,0
62543,1,1,1998,18,18,18,18,18,18,18,18,18,18
62543,2,1,1998,0,0,0,0,0,0,0,0,0,0
62544,1,1,1998,0,0,0,0,7,0,9,0,0,0
62545,1,1,1998,0,0,0,0,0,0,0,0,0,0
62546,1,1,1998,0,0,0,0,0,0,0,0,0,0
62546,2,1,1998,0,0,0,0,0,0,0,0,0,0
62547,1,1,1998,12,12,12,12,12,12,12,12,12,12
62547,2,1,1998,0,0,0,0,0,0,0,0,0,0
62548,1,1,1998,0,0,0,0,0,0,0,0,0,0
62548,2,1,1998,2,2,2,2,2,2,2,2,2,2
62549,1,1,1998,19,19,19,19,19,19,19,19,19,19
62549,2,1,1998,0,0,0,0,0,0,0,0,0,0
62550,1,1,1998,0,0,0,0,0,0,0,0,0,0
62550,2,1,1998,0,0,0,0,6,0,0,0,0,0
62551,1,1,1998,0,0,0,0,0,0,0,0,0,0
62551,2,1,1998,0,0,0,0,0,0,0,0,0,0
62552,1,1,1998,0,0,0,0,0,0,0,0,0,0
62552,2,1,1998,0,17,0,9,0,0,0,0,0,6
62553,1,1,1998,0,0,7,0,0,0,0,0,0,0
62553,2,1,1998,0,0,23,0,0,20,0,0,0,14
62554,1,1,1998,0,0,0,0,0,0,0,0,0,0
62554,2,1,1998,0,0,25,0,0,0,0,0,0,0
62555,1,1,1998,0,0,0,0,0,0,0,0,0,0
62555,2,1,1998,0,0,0,0,0,0,0,0,0,0
62556,0,1,1998,17,17,17,17,17,17,17,17,17,17
62556,1,1,1998,0,0,0,0,0,0,0,0,0,0
62557,0,1,1998,0,0,0,0,0,0,0,17,0,22
62557,1,1,1998,0,6,0,0,0,0,0,0,0,0
62558,0,1,1998,0,11,31,0,9,32,6,0,15,0
62558,1,1,1998,14,14,14,14,14,14,14,14,14,14
62559,1,1,1998,14,0,0,12,0,0,0,5,13,19
62559,2,1,1998,0,0,18,12,8,0,16,0,11,0
62560,1,1,1998,0,0,0,0,0,0,0,0,0,0
62560,2,1,1998,0,0,0,0,0,0,0,0,7,0
62561,1,1,1998,0,0,0,0,0,0,0,0,0,0
62561,2,1,1998,0,0,0,0,0,0,0,0,0,0
62562,1,1,1998,0,0,0,0,0,0,0,0,0,0
62563,1,1,1998,0,0,0,0,0,0,0,0,0,0
62563,2,1,1998,0,0,0,0,0,0,0,0,0,0
62564,1,1,1998,6,27,26,28,16,15,36,0,26,0
62564,2,1,1998,0,0,0,0,0,0,0,0,0,0
62565,1,1,1998,0,0,0,0,0,0,0,0,0,0
62565,2,1,1998,0,0,0,0,0,0,0,0,0,0
62565,3,1,1998,0,0,0,0,0,0,0,0,0,0
62566,1,1,1998,0,0,0,0,0,0,0,0,0,0
62566,2,1,1998,0,0,0,0,0,0,0,0,0,0
62567,1,1,1998,13,9,17,17,21,29,12,28,25,0
62567,2,1,1998,0,0,0,0,0,0,0,0,0,0
62568,1,1,1998,0,0,0,0,0,0,0,0,0,0
62568,2,1,1998,0,0,18,4,0,0,0,0,15,4
62569,1,1,1998,14,14,14,14,14,14,14,14,14,14
62569,2,1,1998,0,0,0,0,0,0,0,0,0,0
62570,0,1,1998,0,0,0,0,0,0,0,0,0,0
62570,1,1,1998,27,0,10,0,0,0,11,25,0,0
62570,2,1,1998,0,0,0,0,0,28,12,0,0,0
62571,1,1,1998,0,0,0,0,0,0,0,0,0,0
62571,2,1,1998,8,0,0,0,0,0,0,0,0,0
62572,1,1,1998,0,0,0,0,0,0,0,0,0,0
62572,2,1,1998,0,0,0,7,0,0,0,0,0,0
62573,1,1,1998,0,0,0,0,0,0,0,0,0,0
62573,2,1,1998,0,0,0,0,0,14,0,0,0,0
62574,1,1,1998,0,0,0,0,0,0,0,0,0,0
62574,2,1,1998,0,0,0,0,0,0,0,0,0,0
62575,1,1,1998,13,13,13,13,13,13,13,13,13,13
62575,2,1,1998,0,0,0,0,0,0,0,0,0,0
62576,1,1,1998,0,0,0,0,0,0,0,0,0,0
62576,2,1,1998,0,0,0,0,0,0,0,0,0,0
62576,3,1,1998,0,0,24,0,0,0,0,0,0,0
62577,1,1,1998,0,0,0,0,0,0,0,0,0,0
62577,2,1,1998,0,0,0,0,0,0,0,0,0,0
62578,1,1,1998,33,33,33,33,33,33,33,33,33,33
62579,0,1,1998,40,40,40,40,40,40,40,40,40,40
62579,1,1,1998,0,0,0,0,0,0,0,0,0,0
62580,1,1,1998,6,6,6,6,6,6,6,6,6,6
62580,2,1,1998,0,0,0,0,0,0,0,0,0,8
62581,1,1,1998,0,0,0,0,16,0,15,0,0,0
62581,2,1,1998,0,0,0,0,0,0,0,0,0,0
62582,1,1,1998,8,8,8,8,8,8,8,8,8,8
62582,2,1,1998,0,0,0,0,0,0,0,0,0,0
62583,0,1,1998,0,0,0,0,0,0,0,0,0,0
62583,1,1,1998,0,0,0,0,0,0,0,0,0,0
62584,0,1,1998,0,0,0,0,0,0,0,0,0,0
62584,1,1,1998,0,0,0,0,0,0,0,0,0,0
62585,0,1,1998,7,7,7,7,7,7,7,7,7,7
62585,1,1,1998,0,0,0,0,0,0,0,0,0,0
62586,1,1,1998,0,0,0,0,0,0,0,0,0,0
62587,1,1,1998,0,9,0,37,0,26,7,9,32,19
62588,1,1,1998,0,0,0,0,0,0,0,0,0,0
62588,2,1,1998,0,0,0,0,0,0,0,0,0,0
62589,1,1,1998,0,0,0,0,0,0,0,0,0,0
62589,2,1,1998,0,0,0,0,0,0,0,0,0,0
62590,1,1,1998,0,0,0,0,0,0,0,0,0,0
62590,2,1,1998,0,1,0,0,0,0,0,0,0,0
62591,1,1,1998,0,0,0,0,22,0,0,0,0,0
62591,2,1,1998,0,0,0,0,0,0,0,0,0,0
62592,1,1,1998,0,0,0,0,0,0,0,0,0,0
62592,2,1,1998,0,0,0,0,0,0,0,0,0,0
62593,0,1,1998,0,0,0,0,0,0,0,0,0,0
62593,0,2,1998,0,0,0,0,0,0,0,0,0,0
62593,1,1,1998,0,0,0,0,0,0,0,0,0,0
62594,1,1,1998,0,0,0,0,0,0,0,0,0,0
62594,2,1,1998,0,0,0,0,0,0,0,0,0,0
62595,1,1,1998,0,0,0,0,0,0,0,0,0,0
62595,2,1,1998,0,0,0,0,0,0,0,0,0,0
62596,1,1,1998,0,5,18,14,10,4,19,22,10,20
62596,2,1,1998,0,0,0,0,0,0,0,0,0,0
62597,1,1,1998,0,0,0,0,0,0,0,0,0,0
62597,2,1,1998,0,0,0,0,0,0,0,0,0,0
62597,3,1,1998,0,0,0,0,0,0,0,0,0,0
62597,4,1,1998,0,0,0,0,0,0,0,0,0,0
62597,5,1,1998,0,0,0,0,0,0,0,0,0,0
62597,6,1,1998,0,0,0,0,0,0,0,0,0,0
62597,7,1,1998,0,0,0,0,0,0,0,0,0,0
62597,8,1,1998,0,0,0,0,0,0,0,0,0,0
62597,9,1,1998,0,0,0,0,0,0,0,0,0,0
62598,1,1,1998,0,0,0,0,0,0,0,0,0,0
62598,2,1,1998,0,0,0,0,0,0,0,0,0,0
62599,1,1,1998,0,0,0,0,0,0,0,0,0,0
62599,2,1,1998,0,0,0,0,0,0,0,0,0,0
62600,1,1,1998,0,0,0,0,0,0,2,0,0,0
62600,2,1,1998,11,0,9,0,0,0,12,0,0,0
62601,1,1,1998,0,0,0,0,0,0,0,0,0,0
62601,2,1,1998,1,1,1,1,1,1,1,1,1,1
62602,0,1,1998,0,0,0,0,0,0,0,0,0,0
62602,1,1,1998,0,0,0,0,0,0,0,0,0,0
62603,1,1,1998,0,0,0,0,0,0,0,0,0,0
62603,2,1,1998,0,0,0,0,0,0,0,0,0,0
62604,1,1,1998,0,0,0,0,0,0,0,0,0,0
62604,2,1,1998,0,0,0,0,0,0,0,0,0,0
62605,1,1,1998,0,0,0,0,0,0,0,0,0,0
62605,2,1,1998,0,0,0,0,0,0,0,0,0,0
62606,1,1,1998,23,23,23,23,23,23,23,23,23,23
62606,2,1,1998,0,0,0,0,0,0,0,0,0,0
62607,1,1,1998,0,0,0,0,0,0,0,0,0,0
62608,1,1,1998,0,0,0,0,0,0,0,0,0,0
62608,2,1,1998,0,0,0,0,0,0,0,0,0,0
62609,1,1,1998,0,0,0,0,0,0,0,0,0,0
62609,2,1,1998,0,0,0,0,0,0,0,0,0,0
62609,3,1,1998,0,0,0,0,0,0,9,0,0,0
62610,1,1,1998,24,24,24,24,24,24,24,24,24,24
62610,2,1,1998,5,5,5,5,5,5,5,5,5,5
62611,1,1,1998,0,0,0,0,0,0,0,0,0,0
62611,2,1,1998,0,0,0,0,0,0,0,0,0,0
62611,3,1,1998,0,0,0,0,0,0,0,0,0,0
62612,1,1,1998,0,0,0,0,0,0,0,0,0,0
62612,2,1,1998,0,0,0,0,8,0,0,0,0,0
62613,0,1,1998,0,0,0,0,0,0,0,0,0,0
62613,1,1,1998,0,0,0,0,0,0,0,0,0,0
62614,1,1,1998,0,0,0,0,0,0,0,0,0,0
62614,2,1,1998,0,0,0,0,0,0,0,0,0,0
62615,1,1,1998,0,0,0,0,0,0,0,0,0,0
62615,2,1,1998,0,0,0,0,0,0,0,0,0,0
62616,1,1,1998,0,0,0,0,0,0,0,0,0,0
62616,2,1,1998,0,0,0,0,0,0,0,0,0,0
62617,0,1,1998,0,0,0,0,0,0,0,0,0,0
62617,1,1,1998,0,0,0,0,0,0,0,0,0,0
62618,0,1,1998,23,23,23,23,23,23,23,23,23,23
62618,1,1,1998,0,22,37,0,10,10,16,11,22,0
62619,1,1,1998,5,5,5,5,5,5,5,5,5,5
62620,0,1,1998,0,0,0,0,0,0,0,0,0,0
62620,1,1,1998,0,0,0,15,26,25,0,0,0,0
62621,0,1,1998,0,0,0,0,0,0,0,0,0,0
62621,1,1,1998,0,0,0,0,0,0,0,0,0,0
62622,1,1,1998,10,10,10,10,10,10,10,10,10,10
62623,0,1,1998,0,0,0,0,0,0,0,0,0,0
62623,0,2,1998,0,0,0,0,0,0,0,0,0,0
62623,1,1,1998,0,0,0,0,0,0,0,0,0,0
62624,1,1,1998,5,5,5,5,5,5,5,5,5,5
62625,0,1,1998,0,0,0,0,0,0,0,0,0,0
62625,1,1,1998,0,0,0,0,0,0,0,0,0,14
62626,0,1,1998,0,0,0,0,0,0,0,0,0,0
62626,1,1,1998,0,0,0,0,0,0,0,0,0,0
62627,0,1,1998,21,21,21,21,21,21,21,21,21,21
62627,1,1,1998,0,0,0,0,0,0,0,0,0,0
62628,0,1,1998,0,0,0,0,0,0,0,0,0,0
62628,1,1,1998,0,0,0,0,0,0,0,0,0,0
62629,1,1,1998,0,0,0,0,0,0,0,0,0,0
62629,2,1,1998,0,0,0,0,0,0,0,0,0,0
62630,1,1,1998,0,0,0,0,0,0,0,0,0,0
62630,2,1,1998,0,0,0,0,0,0,0,0,0,0
62631,1,1,1998,0,0,0,0,0,0,0,0,0,0
62631,2,1,1998,0,0,0,0,0,0,0,0,0,0
62631,3,1,1998,0,0,0,0,0,0,0,0,0,0
62632,1,1,1998,0,0,0,0,0,0,0,0,0,0
62632,2,1,1998,0,0,0,0,0,7,0,0,0,0
62633,1,1,1998,0,0,0,0,0,0,0,0,0,0
62633,2,1,1998,3,3,3,3,3,3,3,3,3,3
62634,1,1,1998,0,0,0,0,0,0,0,0,0,0
62634,2,1,1998,0,0,0,0,0,0,0,0,0,0
62635,1,1,1998,4,4,4,4,4,4,4,4,4,4
62635,2,1,1998,0,0,0,0,0,0,0,0,0,0
62636,1,1,1998,0,0,0,0,0,0,0,0,0,0
62636,2,1,1998,0,0,17,0,0,0,0,0,0,0
62637,1,1,1998,15,15,15,15,15,15,15,15,15,15
62637,2,1,1998,0,0,0,0,0,0,0,0,0,0
62638,1,1,1998,0,0,0,0,0,0,0,0,0,0
62638,2,1,1998,0,0,0,0,0,0,0,0,0,0
62639,1,1,1998,0,0,0,0,0,0,0,0,0,0
62639,2,1,1998,0,0,0,0,0,0,0,0,0,0
62640,0,1,1998,0,0,0,0,0,0,0,0,0,0
62640,1,1,1998,0,0,0,0,0,0,0,0,0,0
62641,1,1,1998,8,8,8,8,8,8,8,8,8,8
62641,2,1,1998,0,0,0,0,0,0,0,0,0,0
62642,1,1,1998,0,0,0,0,0,0,0,0,0,0
62642,2,1,1998,0,0,0,0,0,0,0,0,0,0
62643,0,1,1998,0,0,0,0,0,0,0,0,0,0
62643,1,1,1998,0,0,0,0,0,0,0,0,0,0
62643,2,1,1998,0,0,0,0,0,0,0,0,0,0
62644,1,1,1998,0,0,0,0,0,0,0,0,0,0
62644,2,1,1998,11,0,0,0,0,0,0,0,0,0
62645,1,1,1998,0,0,0,0,0,0,0,0,0,0
62645,2,1,1998,1,1,1,1,1,1,1,1,1,1
62646,0,1,1998,20,20,20,20,20,20,20,20,20,20
62646,1,1,1998,0,0,0,0,0,0,0,0,0,0
62647,1,1,1998,0,0,0,0,0,0,0,0,0,0
62648,1,1,1998,17,17,17,17,17,17,17,17,17,17
62648,2,1,1998,0,0,0,0,0,0,0,0,0,0
62649,1,1,1998,18,18,18,18,18,18,18,18,18,18
62649,2,1,1998,0,0,0,0,0,0,0,0,0,0
62650,0,1,1998,0,0,0,0,0,0,0,0,0,0
62650,1,1,1998,0,0,0,0,0,0,0,0,0,0
62651,1,1,1998,0,0,0,0,0,0,0,0,0,0
62651,2,1,1998,0,0,0,0,0,0,0,0,0,0
62652,0,1,1998,0,0,0,0,0,0,0,0,0,0
62652,1,1,1998,0,0,0,0,0,0,0,0,0,0
62653,0,1,1998,0,0,0,0,0,0,0,0,0,0
62653,1,1,1998,0,0,0,0,0,0,0,0,0,0
62654,0,1,1998,0,0,0,0,0,0,0,0,0,0
62654,1,1,1998,0,0,0,0,12,0,0,0,0,0
62655,0,1,1998,17,0,0,0,0,0,0,28,0,0
62655,1,1,1998,0,0,0,0,0,0,0,0,0,0
62656,1,1,1998,0,0,0,0,0,0,0,0,0,0
62657,1,1,1998,0,0,0,0,0,0,0,0,0,0
62657,2,1,1998,0,0,0,0,0,0,0,0,0,0
62657,3,1,1998,0,0,0,0,0,0,7,0,0,0
62658,1,1,1998,0,0,0,0,0,0,0,0,0,0
62658,2,1,1998,0,0,0,0,0,0,0,0,0,0
62658,3,1,1998,0,0,0,0,0,0,0,0,0,0
62659,1,1,1998,0,0,0,0,0,0,0,0,0,0
62659,2,1,1998,0,0,0,0,0,0,0,0,0,0
62660,1,1,1998,0,0,21,0,0,0,0,0,0,0
62660,2,1,1998,0,0,0,0,0,0,0,0,0,0
62661,1,1,1998,0,0,0,0,0,0,0,0,0,0
62661,2,1,1998,0,0,0,0,0,0,0,0,0,0
62662,1,1,1998,0,0,0,0,0,0,0,0,0,0
62662,2,1,1998,0,0,0,0,0,0,0,0,0,0
62663,1,1,1998,4,4,4,4,4,4,4,4,4,4
62663,2,1,1998,0,0,0,0,0,0,0,0,0,0
62664,1,1,1998,0,0,0,0,0,0,0,0,0,0
62664,2,1,1998,0,0,0,0,0,0,0,0,0,0
62665,1,1,1998,0,0,0,0,0,0,0,0,0,0
62665,2,1,1998,0,0,0,0,0,0,0,0,0,0
62665,3,1,1998,0,0,0,0,0,0,0,0,0,0