ST_CASE,VEH_NO,PER_NO,YEAR,P1,P2,P3,P4,P5,P6,P7,P8,P9,P10
62665,4,1,1998,0,0,0,0,0,0,0,0,0,0
62666,1,1,1998,0,0,0,0,0,0,0,0,0,0
62666,2,1,1998,0,0,0,0,0,0,0,0,0,0
62667,0,1,1998,0,0,0,0,0,0,0,0,0,0
62667,1,1,1998,0,0,0,0,0,0,0,0,0,0
62667,2,1,1998,0,0,0,0,0,0,0,0,0,0
62668,1,1,1998,0,0,0,0,0,0,0,0,0,0
62668,2,1,1998,0,0,0,0,0,0,0,0,0,0
62668,3,1,1998,0,0,0,0,0,0,0,0,14,0
62668,4,1,1998,0,20,0,0,0,0,0,0,0,0
62668,5,1,1998,0,0,0,0,0,0,0,0,0,0
62669,1,1,1998,27,0,15,0,0,0,0,0,0,7
62669,2,1,1998,0,0,0,0,0,0,0,0,0,0
62670,1,1,1998,0,0,0,0,0,0,0,0,0,0
62670,2,1,1998,0,0,0,0,0,0,0,0,0,0
62671,0,1,1998,0,40,0,9,0,0,0,0,0,0
62671,0,2,1998,0,0,0,0,0,0,0,0,0,0
62671,1,1,1998,0,0,0,0,0,0,0,0,0,0
62672,1,1,1998,0,0,0,0,0,0,0,0,0,0
62672,2,1,1998,0,0,0,0,0,0,0,0,0,0
62673,0,1,1998,0,0,0,0,0,0,0,0,0,0
62673,1,1,1998,21,0,0,13,21,0,31,0,15,8
62674,1,1,1998,39,39,39,39,39,39,39,39,39,39
62675,0,1,1998,22,22,22,22,22,22,22,22,22,22
62675,1,1,1998,0,0,0,0,0,0,0,0,0,0
62676,1,1,1998,15,15,15,15,15,15,15,15,15,15
62677,1,1,1998,0,0,0,0,0,0,0,0,0,0
62678,1,1,1998,0,0,0,0,0,0,0,0,0,0
62678,2,1,1998,0,0,0,0,0,0,0,0,0,0
62679,0,1,1998,11,11,11,11,11,11,11,11,11,11
62679,1,1,1998,26,8,24,12,10,0,26,14,10,0
62680,0,1,1998,11,46,29,30,29,10,10,0,20,24
62680,0,2,1998,27,32,34,33,17,18,0,21,13,0
62680,1,1,1998,0,0,0,0,0,0,0,0,0,0
62681,1,1,1998,0,0,0,0,0,0,0,0,0,0
62681,2,1,1998,0,0,0,0,0,0,0,0,15,0
62682,1,1,1998,0,0,0,0,0,0,0,0,0,0
62682,2,1,1998,0,0,0,0,0,0,0,0,0,0
62683,1,1,1998,0,0,0,0,0,0,0,0,0,0
62683,2,1,1998,0,0,0,0,0,0,0,0,0,0
62684,1,1,1998,0,0,0,0,0,0,0,0,0,0
62684,2,1,1998,0,0,0,0,21,0,20,0,0,0
62685,1,1,1998,0,0,0,0,0,0,0,0,0,0
62686,1,1,1998,4,4,4,4,4,4,4,4,4,4
62686,2,1,1998,0,0,0,0,0,0,0,0,0,0
62686,3,1,1998,0,0,0,0,0,0,0,0,0,0
62687,1,1,1998,0,0,0,0,0,0,0,0,0,0
62687,2,1,1998,0,0,0,0,0,0,0,0,0,0
62688,1,1,1998,21,21,21,21,21,21,21,21,21,21
62688,2,1,1998,0,0,0,0,0,0,22,0,0,0
62689,1,1,1998,0,0,0,0,0,0,0,0,0,0
62689,2,1,1998,0,0,0,0,0,0,0,0,0,0
62689,3,1,1998,0,0,0,0,0,0,0,0,0,0
62690,1,1,1998,0,0,12,0,0,0,0,0,0,0
62690,2,1,1998,0,0,0,0,0,0,0,0,0,0
62691,0,1,1998,0,0,0,0,0,0,0,0,0,0
62691,1,1,1998,28,0,0,9,7,0,0,26,24,22
62692,1,1,1998,9,9,9,9,9,9,9,9,9,9
62692,2,1,1998,0,0,0,0,0,0,0,0,0,0
62693,1,1,1998,0,0,0,0,0,0,17,0,0,0
62693,2,1,1998,0,0,0,0,10,0,0,26,0,0
62694,0,1,1998,14,14,14,14,14,14,14,14,14,14
62694,1,1,1998,6,6,6,6,6,6,6,6,6,6
62695,1,1,1998,0,0,0,0,16,0,0,0,0,0
62696,1,1,1998,33,33,33,33,33,33,33,33,33,33
62697,1,1,1998,0,0,0,0,0,0,0,0,0,0
62698,1,1,1998,32,32,32,32,32,32,32,32,32,32
62699,0,1,1998,0,0,0,0,0,0,8,16,15,0
62700,1,1,1998,0,7,0,0,0,0,0,0,0,0
62700,2,1,1998,0,0,0,0,0,0,0,0,0,0
62700,3,1,1998,0,0,0,0,4,0,0,0,0,0
62701,1,1,1998,0,0,0,0,0,0,0,0,0,0
62701,2,1,1998,0,0,0,0,0,0,0,0,0,0
62702,1,1,1998,9,9,9,9,9,9,9,9,9,9
62702,2,1,1998,0,0,0,0,0,0,0,0,0,0
62703,0,1,1998,0,0,0,0,0,0,0,0,0,0
62703,1,1,1998,0,0,0,0,0,0,0,0,0,0
62704,1,1,1998,0,0,0,0,0,0,0,0,0,0
62704,2,1,1998,0,0,0,0,0,0,0,0,0,0
62705,1,1,1998,0,0,0,0,0,0,0,0,0,0
62705,2,1,1998,0,0,0,0,0,0,0,0,0,0
62705,3,1,1998,0,0,0,0,0,0,0,0,0,0
62706,1,1,1998,0,0,0,0,0,0,0,0,0,0
62706,2,1,1998,0,0,0,0,0,0,0,0,0,0
62707,1,1,1998,0,0,0,0,0,0,0,0,0,0
62707,2,1,1998,0,0,0,0,0,0,0,0,0,0
62708,1,1,1998,1,1,1,1,1,1,1,1,1,1
62709,0,1,1998,0,0,0,0,0,0,0,0,0,0
62709,1,1,1998,0,0,0,0,0,0,0,0,0,0
62710,1,1,1998,17,17,17,17,17,17,17,17,17,17
62711,1,1,1998,0,0,0,0,0,0,0,0,0,0
62711,2,1,1998,0,0,0,0,0,0,0,0,0,0
62711,3,1,1998,0,4,0,0,0,0,0,0,0,0
62712,1,1,1998,0,0,0,0,0,0,0,0,0,0
62712,2,1,1998,0,0,0,0,0,0,0,0,0,0
62713,1,1,1998,0,0,0,0,0,0,0,0,0,0
62713,2,1,1998,0,0,0,0,0,0,0,0,0,0
62713,3,1,1998,0,0,0,0,0,0,0,0,0,0
62714,1,1,1998,0,0,0,0,0,0,0,0,0,0
62714,2,1,1998,0,0,0,0,0,0,0,0,0,0
62714,3,1,1998,0,0,0,0,0,0,0,0,0,0
62714,4,1,1998,0,0,0,0,0,0,0,9,0,0
62715,1,1,1998,0,13,0,0,0,14,25,0,0,13
62715,2,1,1998,0,0,0,0,0,0,0,0,0,0
62716,0,1,1998,47,47,47,47,47,47,47,47,47,47
62716,1,1,1998,0,0,0,0,0,0,0,4,0,0
62716,2,1,1998,0,0,0,0,0,0,0,0,0,0
62717,1,1,1998,14,14,14,14,14,14,14,14,14,14
62717,2,1,1998,0,0,0,0,0,0,0,0,0,0
62718,1,1,1998,0,0,0,0,0,0,0,0,0,0
62718,2,1,1998,0,0,0,0,0,0,0,0,0,0
62719,1,1,1998,0,0,0,0,0,0,0,0,0,0
62719,2,1,1998,0,0,0,0,0,0,0,0,0,18
62720,1,1,1998,0,0,0,0,0,0,0,0,0,0
62720,2,1,1998,0,0,0,0,0,0,0,0,0,0
62720,3,1,1998,0,0,0,0,0,0,0,0,0,0
62721,1,1,1998,0,0,0,0,0,0,0,0,0,0
62721,2,1,1998,0,0,29,0,0,0,18,0,0,0
62722,0,1,1998,0,0,0,0,0,0,0,0,0,0
62722,1,1,1998,46,5,0,29,0,0,11,6,0,0
62723,1,1,1998,9,9,9,9,9,9,9,9,9,9
62724,0,1,1998,0,0,0,0,0,0,0,0,0,0
62724,1,1,1998,0,0,0,0,0,0,0,0,0,0
62725,1,1,1998,3,3,3,3,3,3,3,3,3,3
62725,2,1,1998,18,18,18,18,18,18,18,18,18,18
62726,1,1,1998,0,0,0,0,0,0,0,0,0,0
62726,2,1,1998,0,0,0,0,0,0,0,0,0,0
62726,3,1,1998,0,0,0,0,0,0,0,0,0,0
62727,1,1,1998,0,0,0,0,0,0,0,0,0,0
62727,2,1,1998,0,0,0,0,0,0,0,0,0,0
62728,1,1,1998,0,0,0,0,0,0,0,0,0,0
62728,2,1,1998,0,0,0,0,0,0,0,0,0,0
62729,1,1,1998,0,0,0,0,0,0,0,0,0,0
62729,2,1,1998,0,0,0,0,0,0,0,0,0,0
62730,1,1,1998,38,38,38,38,38,38,38,38,38,38
62731,1,1,1998,0,0,0,0,0,0,0,0,0,0
62732,1,1,1998,0,0,0,0,0,0,0,0,0,0
62733,1,1,1998,20,20,20,20,20,20,20,20,20,20
62734,1,1,1998,17,17,17,17,17,17,17,17,17,17
62735,1,1,1998,0,0,0,0,0,0,0,0,0,0
62736,1,1,1998,6,6,6,6,6,6,6,6,6,6
62737,1,1,1998,0,0,0,0,0,0,0,0,0,0
62738,0,1,1998,18,18,18,18,18,18,18,18,18,18
62738,1,1,1998,0,0,0,0,0,0,0,0,0,0
62739,1,1,1998,0,0,0,0,0,0,0,0,0,0
62740,1,1,1998,0,0,0,0,0,0,0,0,0,4
62741,0,1,1998,25,25,25,25,25,25,25,25,25,25
62741,1,1,1998,7,0,0,15,0,0,0,0,0,0
62742,1,1,1998,0,0,0,0,0,0,0,0,0,0
62743,1,1,1998,0,0,0,0,0,0,0,0,0,0
62744,1,1,1998,0,0,0,0,0,0,0,0,0,0
62745,1,1,1998,0,0,0,0,0,0,0,0,0,0
62746,1,1,1998,0,16,0,19,4,23,0,12,0,11
62747,1,1,1998,24,0,0,0,0,0,0,0,0,14
62748,0,1,1998,12,0,0,0,0,0,29,0,0,0
62748,1,1,1998,0,0,0,0,0,0,0,0,0,0
62749,0,1,1998,20,20,20,20,20,20,20,20,20,20
62749,1,1,1998,0,0,0,0,0,0,0,0,0,0
62750,1,1,1998,0,0,0,0,0,0,0,0,0,0
62750,2,1,1998,0,0,0,7,0,0,0,0,0,0
62750,3,1,1998,0,0,0,0,0,0,0,0,0,7
62751,1,1,1998,0,0,0,0,0,0,0,0,0,0
62751,2,1,1998,0,0,0,0,0,0,0,0,0,0
62751,3,1,1998,0,0,0,0,0,0,0,0,0,0
62752,1,1,1998,0,0,0,0,0,0,0,0,0,0
62752,2,1,1998,0,0,0,0,0,0,0,0,0,0
62753,1,1,1998,7,7,7,7,7,7,7,7,7,7
62753,2,1,1998,0,0,0,0,0,0,0,0,0,0
62753,3,1,1998,0,0,0,0,0,0,0,0,0,0
62754,1,1,1998,0,10,0,0,0,0,0,0,0,0
62754,2,1,1998,0,0,0,0,0,0,0,0,0,0
62755,1,1,1998,5,5,5,5,5,5,5,5,5,5
62755,2,1,1998,0,0,0,0,0,0,0,0,4,0
62756,1,1,1998,18,18,18,18,18,18,18,18,18,18
62757,1,1,1998,24,24,24,24,24,24,24,24,24,24
62757,2,1,1998,0,0,0,0,0,0,0,0,0,0
62757,3,1,1998,9,0,0,0,0,0,0,0,0,0
62758,0,1,1998,0,0,0,0,0,0,0,0,0,0
62758,1,1,1998,0,0,0,0,0,0,0,0,0,0
62759,1,1,1998,0,0,0,0,0,0,0,0,0,0
62759,2,1,1998,0,0,0,0,0,0,0,0,0,0
62760,1,1,1998,0,0,0,0,0,0,0,0,0,0
62760,2,1,1998,0,0,0,0,0,0,0,0,0,0
62760,3,1,1998,0,0,0,0,0,0,0,0,0,0
62760,4,1,1998,0,0,0,0,0,0,0,0,0,0
62761,1,1,1998,0,0,0,0,0,0,0,0,0,0
62761,2,1,1998,0,0,0,0,0,0,0,0,0,0
62762,1,1,1998,0,0,0,0,0,0,0,0,0,0
62762,2,1,1998,0,0,0,0,0,0,0,0,0,0
62763,1,1,1998,0,0,0,0,0,0,0,0,0,0
62763,2,1,1998,0,0,0,0,0,0,0,0,0,0
62763,3,1,1998,0,0,0,0,0,0,0,0,0,0
62764,1,1,1998,0,0,4,0,0,0,0,0,0,0
62764,2,1,1998,0,0,0,0,0,0,0,0,0,0
62764,3,1,1998,0,0,0,0,0,0,0,0,0,0
62764,4,1,1998,0,0,0,0,0,0,0,0,0,0
62765,1,1,1998,0,0,0,0,0,0,0,0,0,0
62765,2,1,1998,0,0,0,0,0,0,0,0,0,0
62766,1,1,1998,0,0,0,0,0,0,0,0,0,0
62766,2,1,1998,0,0,0,0,0,0,0,0,0,0
62767,1,1,1998,6,0,0,0,0,0,0,0,0,0
62767,2,1,1998,0,0,0,0,0,0,0,0,0,0
62768,1,1,1998,14,14,14,14,14,14,14,14,14,14
62768,2,1,1998,0,0,0,0,0,0,0,0,0,0
62769,0,1,1998,17,17,17,17,17,17,17,17,17,17
62769,1,1,1998,0,0,0,0,0,0,0,0,0,0
62769,2,1,1998,0,15,0,0,0,0,0,0,0,0
62770,1,1,1998,0,0,0,0,0,0,0,0,0,0
62770,2,1,1998,0,0,0,0,0,0,0,0,0,0
62771,0,1,1998,0,0,0,0,0,0,0,0,0,0
62771,1,1,1998,0,0,16,0,0,0,0,5,0,0
62772,1,1,1998,6,14,15,30,22,0,26,10,0,25
62772,2,1,1998,0,0,0,0,0,0,0,0,0,0
62772,3,1,1998,0,0,0,18,0,0,0,0,0,0
62772,4,1,1998,0,24,0,10,26,0,11,11,0,0
62773,1,1,1998,0,0,0,0,0,0,0,0,0,0
62773,2,1,1998,18,18,18,18,18,18,18,18,18,18
62774,1,1,1998,6,6,6,6,6,6,6,6,6,6
62774,2,1,1998,18,18,18,18,18,18,18,18,18,18
62775,1,1,1998,0,0,0,0,0,0,0,0,0,0
62775,2,1,1998,0,0,0,0,0,0,0,0,0,0
62776,1,1,1998,13,13,13,13,13,13,13,13,13,13
62776,2,1,1998,0,0,0,0,0,0,0,0,0,0
62777,1,1,1998,31,31,31,31,31,31,31,31,31,31
62777,2,1,1998,0,0,0,0,0,0,0,0,0,0
62777,3,1,1998,0,0,0,0,0,0,0,0,0,0
62777,4,1,1998,0,0,0,0,0,0,0,0,0,0
62777,5,1,1998,0,0,0,0,9,0,0,0,0,0
62778,1,1,1998,0,0,0,0,0,0,0,0,0,0
62778,2,1,1998,0,0,0,0,0,0,0,0,0,0
62779,1,1,1998,0,0,0,0,7,0,0,0,0,0
62779,2,1,1998,0,0,0,0,0,0,0,0,0,0
62780,1,1,1998,0,0,0,0,0,0,0,0,0,0
62780,2,1,1998,0,0,0,0,0,0,0,0,0,0
62781,1,1,1998,0,0,0,0,0,0,0,0,0,0
62781,2,1,1998,0,0,0,0,0,0,0,0,0,0
62782,1,1,1998,0,0,0,0,0,0,0,0,0,0
62782,2,1,1998,0,0,0,0,0,0,0,0,0,0
62782,3,1,1998,0,0,0,0,0,0,0,0,0,0
62783,0,1,1998,0,0,0,0,0,0,0,0,0,0
62783,1,1,1998,0,0,0,0,0,0,0,0,0,0
62784,1,1,1998,23,23,23,23,23,23,23,23,23,23
62784,2,1,1998,0,7,0,0,0,0,0,0,0,0
62785,1,1,1998,0,0,0,0,0,0,0,0,0,0
62785,2,1,1998,16,16,16,16,16,16,16,16,16,16
62786,0,1,1998,0,0,0,0,0,0,0,0,0,0
62786,1,1,1998,0,0,0,0,0,0,0,0,0,0
62787,1,1,1998,0,0,0,0,0,0,0,0,0,0
62787,2,1,1998,0,0,0,0,0,0,0,0,0,0
62787,3,1,1998,0,0,0,0,0,0,0,0,0,0
62788,0,1,1998,0,0,0,0,0,0,0,0,0,0
62788,1,1,1998,0,0,0,0,0,0,0,0,0,0
62788,2,1,1998,0,0,0,0,0,0,0,0,0,0
62789,1,1,1998,29,29,29,29,29,29,29,29,29,29
62789,2,1,1998,0,0,0,0,0,0,0,0,0,0
62790,1,1,1998,0,0,0,0,0,0,0,0,0,0
62790,2,1,1998,0,0,0,0,0,0,0,0,0,0
62791,1,1,1998,0,0,0,0,13,0,0,0,13,0
62792,0,1,1998,0,0,0,0,0,0,0,0,0,0
62792,1,1,1998,0,0,0,0,0,0,0,0,0,0
62793,0,1,1998,0,0,0,0,0,0,0,0,0,0
62793,1,1,1998,0,0,0,0,0,0,0,0,0,0
62794,1,1,1998,13,13,13,13,13,13,13,13,13,13
62795,1,1,1998,15,15,15,15,15,15,15,15,15,15
62796,0,1,1998,21,21,21,21,21,21,21,21,21,21
62796,1,1,1998,3,0,0,0,0,0,0,0,0,0
62797,1,1,1998,0,0,0,0,0,0,0,0,0,0
62797,2,1,1998,0,0,0,0,0,0,0,0,0,0
62797,3,1,1998,0,0,0,0,0,0,0,0,0,0
62797,4,1,1998,0,0,0,0,0,0,0,0,0,0
62798,1,1,1998,0,0,0,0,0,0,0,0,0,0
62798,2,1,1998,0,0,0,26,0,0,0,0,0,0
62799,0,1,1998,22,22,22,22,22,22,22,22,22,22
62799,1,1,1998,16,16,16,16,16,16,16,16,16,16
62800,1,1,1998,24,24,24,24,24,24,24,24,24,24
62800,2,1,1998,0,0,0,0,0,0,0,0,0,0
62801,1,1,1998,0,0,0,0,0,0,0,0,0,0
62801,2,1,1998,0,0,0,0,0,0,0,0,0,0
62802,1,1,1998,0,0,0,0,0,0,0,0,0,0
62802,2,1,1998,0,0,0,0,0,0,0,0,0,0
62803,1,1,1998,0,0,0,0,0,0,0,0,0,0
62803,2,1,1998,0,0,0,0,0,0,0,0,0,0
62804,1,1,1998,12,12,12,12,12,12,12,12,12,12
62804,2,1,1998,0,0,0,0,0,0,0,0,0,0
62805,1,1,1998,0,0,0,0,0,0,0,0,0,0
62805,2,1,1998,0,0,0,0,0,0,0,0,0,0
62806,1,1,1998,0,0,0,0,0,0,0,0,0,0
62806,2,1,1998,0,0,0,0,0,0,0,0,0,0
62807,1,1,1998,0,0,0,0,0,0,0,0,0,0
62807,2,1,1998,0,0,0,0,0,0,0,0,0,0
62808,1,1,1998,0,0,0,0,0,0,0,0,0,0
62808,2,1,1998,0,0,0,0,0,0,0,0,0,0
62809,1,1,1998,0,0,0,0,0,0,0,0,0,0
62809,2,1,1998,0,0,0,0,0,0,0,0,0,0
62810,1,1,1998,0,0,0,0,0,0,0,0,5,0
62810,2,1,1998,0,0,0,0,0,0,0,0,0,0
62811,1,1,1998,0,0,0,0,0,0,0,0,0,0
62811,2,1,1998,0,0,0,0,0,0,0,0,0,0
62812,1,1,1998,0,0,0,0,0,0,0,0,0,0
62812,2,1,1998,0,0,0,0,0,0,0,0,0,0
62812,3,1,1998,0,0,0,0,0,0,0,0,0,0
62813,1,1,1998,19,19,19,19,19,19,19,19,19,19
62813,2,1,1998,0,0,0,0,0,0,0,0,0,0
62814,1,1,1998,0,0,0,0,0,0,0,0,0,0
62814,2,1,1998,0,0,0,0,0,0,0,0,0,0
62815,0,1,1998,0,0,0,0,0,0,0,0,0,0
62815,0,2,1998,0,0,0,0,0,0,0,0,0,0
62815,1,1,1998,0,0,0,0,0,0,0,0,0,0
62816,1,1,1998,0,0,0,0,0,0,0,0,0,0
62816,2,1,1998,0,0,0,0,0,0,0,0,0,0
62816,3,1,1998,0,0,0,0,0,0,0,0,0,0
62817,1,1,1998,26,0,10,0,0,11,0,19,0,0
62818,0,1,1998,0,0,0,0,0,0,0,0,0,0
62818,0,2,1998,0,0,0,22,0,0,0,0,0,0
62818,1,1,1998,0,0,0,0,0,0,0,0,0,0
62819,0,1,1998,0,0,0,0,0,0,0,0,0,0
62819,1,1,1998,0,0,0,0,0,0,0,0,0,0
62820,1,1,1998,27,27,27,27,27,27,27,27,27,27
62821,0,1,1998,2,2,2,2,2,2,2,2,2,2
62821,1,1,1998,0,0,0,0,0,0,0,0,0,0
62822,0,1,1998,0,0,0,0,0,0,0,0,0,0
62822,1,1,1998,0,0,0,0,0,0,0,0,0,0
62823,1,1,1998,0,0,0,0,0,0,0,0,0,0
62824,1,1,1998,0,0,0,0,0,0,0,0,0,0
62825,0,1,1998,0,0,0,0,0,0,0,0,0,0
62825,1,1,1998,0,0,0,0,0,0,0,0,0,0
62826,1,1,1998,0,0,0,0,0,0,0,0,0,0
62827,1,1,1998,21,21,21,21,21,21,21,21,21,21
62828,1,1,1998,14,14,14,14,14,14,14,14,14,14
62829,1,1,1998,0,0,0,0,0,0,11,0,0,0
62830,1,1,1998,24,24,24,24,24,24,24,24,24,24
62831,0,1,1998,0,0,0,0,0,0,0,0,0,0
62831,1,1,1998,0,0,0,0,0,8,0,0,0,13
62832,1,1,1998,0,0,0,0,0,0,0,0,0,0
62833,1,1,1998,0,0,0,0,0,0,0,0,0,0
62834,0,1,1998,0,0,0,0,0,0,0,0,0,0
62834,1,1,1998,0,0,0,0,0,0,0,0,0,0
62835,1,1,1998,0,0,0,0,0,0,0,0,0,0
62836,1,1,1998,29,29,29,29,29,29,29,29,29,29
62837,1,1,1998,12,12,12,12,12,12,12,12,12,12
62838,1,1,1998,0,0,0,0,0,0,0,0,0,0
62839,1,1,1998,0,0,0,0,0,0,0,0,0,0
62840,1,1,1998,0,0,0,0,0,0,0,0,0,0
62841,0,1,1998,0,0,0,19,0,0,5,35,0,26
62841,1,1,1998,0,4,0,0,0,0,0,0,0,0
62842,0,1,1998,38,38,38,38,38,38,38,38,38,38
62842,1,1,1998,14,0,0,0,0,0,0,0,0,0
62843,1,1,1998,16,16,16,16,16,16,16,16,16,16
62844,1,1,1998,2,2,2,2,2,2,2,2,2,2
62845,0,1,1998,0,0,0,0,0,0,0,0,0,0
62845,1,1,1998,0,0,0,0,0,0,0,0,0,0
62846,0,1,1998,33,33,33,33,33,33,33,33,33,33
62846,1,1,1998,0,0,0,0,0,0,0,0,0,0
62847,0,1,1998,17,17,17,17,17,17,17,17,17,17
62847,1,1,1998,0,0,25,0,0,0,0,0,0,0
62848,0,1,1998,10,10,10,10,10,10,10,10,10,10
62848,0,2,1998,14,0,0,0,11,0,0,0,0,0
62848,0,3,1998,7,0,0,14,8,6,0,0,0,0
62848,1,1,1998,0,0,0,0,0,0,0,0,0,0
62848,2,1,1998,0,0,0,0,0,0,0,0,0,0
62849,1,1,1998,12,12,12,12,12,12,12,12,12,12
62849,2,1,1998,0,0,0,0,0,0,0,0,0,0
62850,1,1,1998,0,0,0,0,0,0,0,0,0,0
62850,2,1,1998,0,0,0,0,0,0,0,0,0,0
62851,1,1,1998,19,19,19,19,19,19,19,19,19,19
62851,2,1,1998,11,11,11,11,11,11,11,11,11,11
62852,1,1,1998,0,0,0,0,0,0,0,0,0,0
62852,2,1,1998,0,0,0,0,0,0,0,0,0,0
62853,1,1,1998,0,0,0,0,0,0,0,0,0,0
62853,2,1,1998,0,0,0,0,0,0,0,0,0,0
62854,0,1,1998,0,0,0,0,0,0,0,0,0,0
62854,1,1,1998,0,0,0,0,0,0,0,0,0,0
62855,1,1,1998,0,0,0,0,0,0,0,0,0,0
62856,0,1,1998,0,0,0,0,0,0,0,0,0,0
62856,1,1,1998,0,0,0,0,0,0,0,0,0,0
62857,0,1,1998,0,0,0,0,0,0,0,0,0,0
62857,1,1,1998,19,2,14,9,11,0,12,15,6,10
62858,1,1,1998,0,3,8,23,5,12,4,0,11,0
62859,1,1,1998,15,15,15,15,15,15,15,15,15,15
62860,1,1,1998,18,18,18,18,18,18,18,18,18,18
62861,0,1,1998,0,0,0,0,0,0,0,0,0,0
62861,1,1,1998,0,0,0,0,0,0,0,0,0,0
62862,1,1,1998,12,12,12,12,12,12,12,12,12,12
62863,0,1,1998,0,0,0,0,0,18,0,0,0,0
62863,1,1,1998,0,0,0,0,0,0,0,0,0,0
62864,1,1,1998,0,0,0,0,0,0,0,0,0,0
62865,1,1,1998,0,0,0,0,0,0,0,0,0,0
62865,2,1,1998,0,0,0,0,0,0,0,0,0,0
62866,1,1,1998,0,0,0,0,0,0,0,0,0,0
62867,1,1,1998,16,16,16,16,16,16,16,16,16,16
62868,1,1,1998,8,12,6,0,0,13,0,0,0,0
62868,2,1,1998,0,0,0,0,0,0,0,0,0,0
62868,3,1,1998,0,0,0,0,0,0,0,0,0,0
62868,4,1,1998,0,0,0,0,0,0,0,0,0,0
62868,5,1,1998,0,0,0,0,0,0,0,0,0,0
62869,1,1,1998,18,12,10,20,3,0,10,23,15,9
62870,0,1,1998,0,0,0,0,0,0,0,0,0,0
62870,1,1,1998,0,0,0,0,0,0,0,0,0,0
62871,1,1,1998,0,0,0,0,0,0,0,0,0,0
62871,2,1,1998,0,0,0,0,0,0,0,0,0,0
62871,3,1,1998,0,0,0,0,0,0,0,0,0,0
62871,4,1,1998,0,0,0,0,0,0,0,16,0,0
62871,5,1,1998,0,0,0,0,0,0,0,0,0,0
62871,6,1,1998,0,0,0,0,0,0,0,0,0,0
62871,7,1,1998,2,0,0,0,0,0,0,0,0,0
62872,0,1,1998,0,0,0,0,0,0,0,0,0,0
62872,1,1,1998,0,0,0,0,0,0,0,0,0,0
62873,1,1,1998,0,0,0,0,0,0,0,0,0,0
62873,2,1,1998,0,0,0,0,0,0,0,0,0,0
62874,1,1,1998,8,8,8,8,8,8,8,8,8,8
62874,2,1,1998,0,0,0,0,0,0,0,0,0,0
62874,3,1,1998,0,0,0,0,0,0,0,0,0,0
62875,1,1,1998,0,0,0,0,0,0,0,0,0,18
62875,2,1,1998,0,0,0,0,0,0,0,0,0,0
62876,1,1,1998,0,0,0,0,0,0,0,0,0,0
62876,2,1,1998,0,0,0,0,0,0,0,0,0,0
62877,1,1,1998,0,0,0,0,0,0,0,0,0,0
62877,2,1,1998,0,0,0,0,0,0,0,0,0,0
62878,1,1,1998,8,8,8,8,8,8,8,8,8,8
62878,2,1,1998,0,0,0,0,0,0,0,0,0,0
62878,3,1,1998,0,0,0,0,0,0,0,0,0,0
62878,4,1,1998,0,0,0,0,0,0,21,0,0,0
62879,1,1,1998,14,14,14,14,14,14,14,14,14,14
62879,2,1,1998,31,31,31,31,31,31,31,31,31,31
62880,1,1,1998,0,0,0,0,0,0,0,0,0,0
62880,2,1,1998,0,0,0,0,0,0,0,0,0,0
62881,1,1,1998,0,0,0,0,0,0,0,0,0,0
62882,1,1,1998,0,0,0,0,0,0,0,0,0,0
62882,2,1,1998,0,0,0,0,0,0,0,0,0,0
62883,1,1,1998,0,0,0,0,0,0,0,0,0,0
62883,2,1,1998,0,0,0,0,0,0,0,0,0,0
62884,1,1,1998,0,0,0,0,0,0,0,0,0,0
62884,2,1,1998,0,0,0,0,0,0,0,11,0,0
62885,1,1,1998,0,0,0,0,0,0,0,0,0,0
62886,1,1,1998,0,0,0,0,0,0,0,0,0,0
62886,2,1,1998,0,0,0,0,0,0,0,0,0,0
62887,1,1,1998,0,0,0,0,0,0,0,0,0,0
62887,2,1,1998,0,0,0,0,0,0,0,0,0,0
62888,1,1,1998,16,16,16,16,16,16,16,16,16,16
62889,1,1,1998,0,0,0,0,0,0,0,0,0,0
62889,2,1,1998,0,0,0,0,0,0,0,0,0,0
62890,0,1,1998,0,0,0,0,0,0,0,0,0,0
62890,1,1,1998,0,0,0,0,0,0,0,0,0,0
62891,1,1,1998,0,0,0,0,0,0,0,0,0,0
62891,2,1,1998,0,0,0,0,0,0,0,0,0,0
62891,3,1,1998,0,0,0,0,0,0,0,0,0,0
62891,4,1,1998,0,0,0,0,0,0,0,0,0,0
62892,0,1,1998,10,10,10,10,10,10,10,10,10,10
62892,1,1,1998,20,0,0,0,0,34,7,0,0,15
62892,2,1,1998,0,0,0,0,0,0,0,0,0,0
62893,1,1,1998,0,0,0,0,0,0,0,0,0,0
62893,2,1,1998,0,0,0,0,0,0,0,0,0,0
62894,1,1,1998,0,0,0,0,0,0,0,0,0,0
62894,2,1,1998,0,0,10,0,0,0,0,0,0,0
62895,1,1,1998,15,16,16,0,15,6,15,15,29,9
62895,2,1,1998,0,0,0,0,0,0,0,0,0,0
62896,1,1,1998,0,0,0,0,0,0,0,0,0,0
62896,2,1,1998,0,0,0,0,0,0,0,0,0,0
62896,3,1,1998,0,0,0,0,0,0,0,0,0,3
62897,1,1,1998,0,0,0,0,0,0,0,0,0,0
62897,2,1,1998,0,0,0,0,0,0,0,0,0,0
62898,0,1,1998,0,0,0,0,0,0,0,0,0,0
62898,1,1,1998,0,0,0,0,0,0,0,0,0,0
62899,1,1,1998,17,17,17,17,17,17,17,17,17,17
62899,2,1,1998,0,0,0,0,0,0,0,0,0,0
62900,1,1,1998,0,0,0,0,0,0,12,0,0,0
62900,2,1,1998,0,0,0,0,0,0,0,0,0,0
62901,1,1,1998,0,0,0,0,0,0,0,0,0,0
62902,1,1,1998,0,0,0,0,0,0,0,0,0,0
62902,2,1,1998,0,0,0,0,0,0,0,0,0,0